rule_number,fund_name,isin,fund_type,category,status,uk_name,uk_inn,uk_website,strategy_type,benchmark,benchmark_deviation,uk_fee_raw,uk_fee_value,uk_fee_exact,uk_fee_base,success_fee_raw,has_success_fee,infra_fee_raw,infra_fee_value,max_total_expense_raw,max_expense_value,income_right,payment_frequency,surcharges_raw,discounts_raw,return_1m,return_3m,return_6m,return_12m,units_total,holders_total,holders_individuals,unit_value,nav,currency_code
3915,БПИФ рыночных финансовых инструментов «Ликвидность»,RU000A1014L8,Биржевой,Фонд рыночных финансовых инструментов,Сформирован,АО ВИМ Инвестиции,7701140866,https://www.wealthim.ru,пассивная,Russian Secured Funding Average Rate (RUSFAR),"не более 1,5% по модулю — за 250 рабочих дней","не более 0,21% от среднегодовой СЧА",0.21,False,nav,не предусмотрено,False,"не более 0,00064% от среднегодовой СЧА",0.00064,"не более 0,083% от среднегодовой СЧА",0.083,не предусмотрено,не предусмотрено,не предусмотрено,не предусмотрено,0.0120352076588872,0.0356990236093645,0.0740222224516472,0.1658114108614832,351009611104.492,1155630.0,1154982.0,2.0493969,719358010951.87,643-RUB
3428,ОПИФ рыночных финансовых инструментов «Первая - Накопительный»,RU000A1002D0,Открытый,Фонд рыночных финансовых инструментов,Сформирован,АО УК «Первая»,7710183778,https://www.first-am.ru,активная,• 70% RUONIA • 30% RUFLCBTRAAA,не предусмотрено,1% от среднегодовой СЧА,1.0,True,nav,не предусмотрено,False,"не более 0,08% от среднегодовой СЧА",0.08,"0,25% от среднегодовой СЧА",0.25,не предусмотрено,не предусмотрено,не предусмотрено,"• 1% — при сроке владения до 180 дней • 0,5% — при сроке владения 181–365 дней • не взимается — при сроке владения более 365 дней • не взимается — для паев, приобретенных до 12.11.2023 включительно, в том числе после обмена • не взимается — при подаче заявки номинальным держателем • не взимается — начиная с 07.11.2024 года",0.0089203982887782,0.0321504847178891,0.0736398471241347,0.1653522068898552,223800538.19372,365117.0,365115.0,2160.26,483466435777.5,643-RUB
4607,БПИФ рыночных финансовых инструментов «Первая – Фонд Сберегательный»,RU000A103RF1,Биржевой,Фонд рыночных финансовых инструментов,Сформирован,АО УК «Первая»,7710183778,https://www.first-am.ru,пассивная,Ruble OverNight Index Average (RUONIA),не более 5% по модулю — за 250 рабочих дней,"0,2% от среднегодовой СЧА",0.2,True,nav,не предусмотрено,False,"не более 0,00065% от среднегодовой СЧА",0.00065,"0,09835% от среднегодовой СЧА",0.09835,не предусмотрено,не предусмотрено,"1,5% — при выдаче инвестиционных паев после завершения формирования фонда, но не более 1,5% от расчетной стоимости пая",не предусмотрено,0.0120390432492139,0.0359596860118722,0.07443239799514,0.166128183475909,17708900302.0,436175.0,435938.0,19.0571,337480450157.41,643-RUB
5012,БПИФ рыночных финансовых инструментов «Альфа-Капитал Денежный рынок»,RU000A104X08,Биржевой,Фонд рыночных финансовых инструментов,Сформирован,"ООО УК ""Альфа-Капитал""",7728142469,https://www.alfacapital.ru,активная,RUONIA (Ruble Overnight Index Average),не предусмотрено,"0,5% от среднегодовой СЧА",0.5,True,nav,не предусмотрено,False,"не более 0,05% от среднегодовой СЧА",0.05,"0,14% от среднегодовой СЧА",0.14,не предусмотрено,не предусмотрено,не предусмотрено,не предусмотрено,0.0116581441737974,0.0348519272225799,0.0722463208910472,0.1618869938447386,1873724750.43839,427912.0,427438.0,174.51538,326993792788.09,643-RUB
5229,БПИФ рыночных финансовых инструментов «Т-Капитал Денежный рынок»,RU000A106DL2,Биржевой,Фонд рыночных финансовых инструментов,Сформирован,ООО «Т-Капитал»,7743304530,https://t-capital-funds.ru/,активная,RUONIA (Ruble Overnight Index Average),не предусмотрено,1% от среднегодовой СЧА,1.0,True,nav,не предусмотрено,False,"не более 0,051% от среднегодовой СЧА",0.051,"0,148% от среднегодовой СЧА",0.148,не предусмотрено,не предусмотрено,не предусмотрено,не предусмотрено,0.0111224134867786,0.0334472966898621,0.0688509737790561,0.1547350364332494,1887161759.30438,1552601.0,1552582.0,161.6263,305014911627.48,643-RUB
0007,ОПИФ рыночных финансовых инструментов «Первая – Фонд Рублевые сбережения»,RU000A0EQ3Q5,Открытый,Фонд рыночных финансовых инструментов,Сформирован,АО УК «Первая»,7710183778,https://www.first-am.ru,активная,RUCBTRNS - «Индекс МосБиржи Корпоративных Облигаций»,не предусмотрено,"1,5% от среднегодовой СЧА",1.5,True,nav,не предусмотрено,False,"не более 0,15% от среднегодовой СЧА",0.15,"0,5% от среднегодовой СЧА",0.5,не предусмотрено,не предусмотрено,не предусмотрено,"• 2% — при подаче заявки УК, агенту ПАО Сбербанк или ООО СК «Сбербанк страхование жизни» и сроке владения до 180 дней • 1,5% — при подаче заявки УК, агенту ПАО Сбербанк или ООО СК «Сбербанк страхование жизни» и сроке владения 181–365 дней • 1% — при подаче заявки УК, агенту ПАО Сбербанк или ООО СК «Сбербанк страхование жизни» и сроке владения 366–547 дней • 0,5% — при подаче заявки УК, агенту ПАО Сбербанк или ООО СК «Сбербанк страхование жизни» и сроке владения 548–731 дней • не взимается — при подаче заявки УК, агенту ПАО Сбербанк или ООО СК «Сбербанк страхование жизни» и сроке владения 732 дней и более • не взимается — при погашении в связи с наступлением страхового случая по Договору ДСЖ • 2% — при подаче заявки номинальным держателем до 30.06.2026 включительно • 2% — при подаче заявки номинальным держателем с 01.07.2026 и сроке владения до 180 дней • 1,5% — при подаче заявки номинальным держателем с 01.07.2026 и сроке владения 181–365 дней • 1% — при подаче заявки номинальным держателем с 01.07.2026 и сроке владения 366–547 дней • 0,5% — при подаче заявки номинальным держателем с 01.07.2026 и сроке владения 548–731 дней • не взимается — при подаче заявки номинальным держателем с 01.07.2026 и сроке владения 732 дней и более",0.0212179265609958,-0.0033217825460093,0.0455710138728827,0.1112987497541802,4386863.2255231,261577.0,261562.0,66003.5,289548348590.84,643-RUB
5790,ЗПИФ недвижимости «Современный 8»,RU000A1078J7,Закрытый,Недвижимости,Сформирован,ООО «СФН»,7730257675,https://sfn-am.ru,активная,не предусмотрено,не предусмотрено,1% от среднегодовой СЧА,1.0,True,nav,"20% от дохода от ДУ, но не более 10% от дохода по инвестиционным паям",True,"• до 31.12.2023: 0,5% от среднегодовой СЧА • с 01.01.2024 по 31.12.2024: 0,3% от среднегодовой СЧА • с 01.01.2025: 0,2% от среднегодовой СЧА",0.2,• до 31.12.2023: 50% от среднегодовой СЧА • с 01.01.2024 по 31.12.2024: 25% от среднегодовой СЧА • с 01.01.2025: 15% от среднегодовой СЧА,15.0,предусмотрено,квартал,не предусмотрено,не предусмотрено,0.0098057354301572,0.0347563870225234,0.0694823887136248,0.1328148797964839,1274844172.101805,76258.0,76256.0,109.16,139160398869.28,643-RUB
4416,ЗПИФ недвижимости «Современный 7»,RU000A1034U7,Закрытый,Недвижимости,Сформирован,ООО «СФН»,7730257675,https://sfn-am.ru,активная,не предусмотрено,не предусмотрено,1% от среднегодовой СЧА,1.0,True,nav,"20% от дохода от ДУ, но не более 5% от дохода по инвестиционным паям",True,"не более 0,5% от среднегодовой СЧА",0.5,50% от среднегодовой СЧА,50.0,предусмотрено,квартал,не предусмотрено,не предусмотрено,0.0132362582798744,0.0422893692931194,0.0756868964992141,0.1733297701745039,900237.710879,73529.0,73519.0,129059.56,116184279440.74,643-RUB
4431,БПИФ рыночных финансовых инструментов «Первая – Фонд Консервативный»,RU000A1035N9,Биржевой,Фонд рыночных финансовых инструментов,Сформирован,АО УК «Первая»,7710183778,https://www.first-am.ru,активная,• 70% RUONIA • 30% RUFLCBTRAAA,не предусмотрено,1% от среднегодовой СЧА,1.0,True,nav,не предусмотрено,False,"не более 0,08% от среднегодовой СЧА",0.08,"0,25% от среднегодовой СЧА",0.25,не предусмотрено,не предусмотрено,"1,5% — при выдаче инвестиционных паев после завершения формирования фонда, но не более 1,5% от расчетной стоимости пая",не предусмотрено,0.0102440712786387,0.035778881816933,0.0757455965664215,0.1667956207203374,5963790853.0,308319.0,308309.0,18.0963,107922403777.76,643-RUB
3164,ЗПИФ недвижимости «ДОМ.РФ»,RU000A0JXP78,Закрытый,Недвижимости,Сформирован,"ООО ""ДОМ.РФ Управление активами""",7704366195,https://www.domrf-am.ru,активная,не предусмотрено,не предусмотрено,"• 50 000 руб. за период с даты завершения формирования Фонда до окончания месяца завершения формирования • 29 450 000 руб. за месяц, следующий за месяцем завершения формирования • 50 000 руб. за месяц, начиная с даты, следующей за окончанием указанного месяца, но не более 9,8% от среднегодовой СЧА • с 01.01.2017: 50 000 руб. в месяц • с 01.07.2017: 2 500 000 руб. в месяц • с 01.08.2017: 0,25% от среднегодовой СЧА в месяц • с 01.01.2021: 1% от среднегодовой СЧА в месяц • с 01.10.2023: 0,8% от среднегодовой СЧА в месяц",0.8,False,mixed,"10% от дохода от ДУ, начиная с 01.01.2021",True,"не более 0,2% от среднегодовой СЧА",0.2,15% от среднегодовой СЧА,15.0,предусмотрено,полгода,не предусмотрено,не предусмотрено,0.0041794329498821,0.0303072676330603,0.045614978348587,0.1056123201746399,52000000.0,398.0,396.0,1989.41,103449403631.52,643-RUB
5972,БПИФ рыночных финансовых инструментов «Первая – Фонд Облигации с переменным купоном»,RU000A107KW2,Биржевой,Фонд рыночных финансовых инструментов,Сформирован,АО УК «Первая»,7710183778,https://www.first-am.ru,активная,Индекс МосБиржи Облигаций с переменным купоном (RUFLBITR),не предусмотрено,"0,6% от среднегодовой СЧА",0.6,True,nav,не предусмотрено,False,"не более 0,12% от среднегодовой СЧА",0.12,"0,14% от среднегодовой СЧА",0.14,не предусмотрено,не предусмотрено,"1,5% — при выдаче инвестиционных паев после завершения формирования фонда, но не более 1,5% от расчетной стоимости пая",не предусмотрено,0.0102504182489312,0.0356768529231607,0.07798022158624,0.1714008590827213,5754760959.0,70770.0,70755.0,15.2172,87571223479.67,643-RUB
0806,"ЗПИФ смешанных инвестиций ""Стратегические активы""",RU000A0JRQT5,Закрытый,Смешанных инвестиций,Сформирован,"ООО ""УК ""АГАНА""",7706219982,https://www.agana.ru,активная,не предусмотрено,не предусмотрено,"• 0,2% от среднегодовой СЧА — до 01.01.2013 • 0,169% от среднегодовой СЧА — с 01.01.2013",0.169,True,nav,не предусмотрено,False,"не более 0,1% от среднегодовой СЧА",0.1,"0,5% от среднегодовой СЧА",0.5,не предусмотрено,не предусмотрено,не предусмотрено,не предусмотрено,0.0192243327774438,0.0253511537279664,0.0663302418495969,0.1506089633188154,560000.0,1.0,,154393.06,86460116331.52,643-RUB
6541,БПИФ рыночных финансовых инструментов «Альфа-Капитал Облигации с переменным купоном»,RU000A109T66,Биржевой,Фонд рыночных финансовых инструментов,Сформирован,"ООО УК ""Альфа-Капитал""",7728142469,https://www.alfacapital.ru,активная,ставка RUONIA (Ruble Overnight Index Average),не предусмотрено,"1,5% от среднегодовой СЧА",1.5,True,nav,не предусмотрено,False,"не более 0,09% от среднегодовой СЧА",0.09,"0,07% от среднегодовой СЧА",0.07,не предусмотрено,не предусмотрено,не предусмотрено,не предусмотрено,0.0128382316527584,0.0393597105846094,0.080041177071258,0.1767884051412451,500052861.36283,41396.0,41276.0,138.1334,69074002286.93,643-RUB
4138,ОПИФ рыночных финансовых инструментов «ВИМ - Денежный рынок. Рубли»,RU000A1056R6,Открытый,Фонд рыночных финансовых инструментов,Сформирован,АО ВИМ Инвестиции,7701140866,https://www.wealthim.ru,пассивная,Russian Secured Funding Average Rate (RUSFAR),не более 5% по модулю — за 250 рабочих дней,"не более 1,5% от среднегодовой СЧА",1.5,False,nav,не предусмотрено,False,"не более 0,11% от среднегодовой СЧА",0.11,"0,19% от среднегодовой СЧА",0.19,не предусмотрено,не предусмотрено,не предусмотрено,"• 2% — паи приобретены до 08.11.2024, срок владения до 180 дней • 1,5% — паи приобретены до 08.11.2024, срок владения 180–364 дня • 1% — паи приобретены до 08.11.2024, срок владения 365–729 дней • 0,5% — паи приобретены до 08.11.2024, срок владения 730–1094 дня • не взимается — паи приобретены до 08.11.2024, срок владения 1095 дней и более • 2,5% — паи приобретены после 08.11.2024, срок владения до 729 дней • 2% — паи приобретены после 08.11.2024, срок владения 730–1094 дня • 1,5% — паи приобретены после 08.11.2024, срок владения 1095–1459 дней • 0,5% — паи приобретены после 08.11.2024, срок владения 1460–1824 дня • не взимается — паи приобретены после 08.11.2024, срок владения 1825 дней и более • не устанавливается — при подаче заявки номинальным держателем • не устанавливается — при подаче заявки доверительным управляющим",0.0104181608572537,0.0310356978288564,0.0658663842140364,0.1498095641134153,35303444.54594,34217.0,34216.0,1901.9,67143602324.67,643-RUB
6991,ОПИФ рыночных финансовых инструментов «Альфа-Капитал Накопительный»,RU000A10BJE9,Открытый,Фонд рыночных финансовых инструментов,Сформирован,"ООО УК ""Альфа-Капитал""",7728142469,https://www.alfacapital.ru,активная,ставка RUONIA (Ruble Overnight Index Average),не предусмотрено,1% от среднегодовой СЧА,1.0,True,nav,не предусмотрено,False,"не более 0,14% от среднегодовой СЧА",0.14,"0,07% от среднегодовой СЧА",0.07,не предусмотрено,не предусмотрено,"• 1,4% — при подаче заявки УК при сумме менее 500 тыс. руб. • 0,9% — при подаче заявки УК при сумме от 500 тыс. руб. до 3 млн руб. • 0,5% — при подаче заявки УК при сумме от 3 млн руб. • не взимается — при подаче заявки УК номинальным держателем или доверительным управляющим • 1,4% — при подаче заявки агенту АО «АЛЬФА-БАНК» при сумме менее 500 тыс. руб. • 0,9% — при подаче заявки агенту АО «АЛЬФА-БАНК» при сумме от 500 тыс. руб. до 3 млн руб. • 0,5% — при подаче заявки агенту АО «АЛЬФА-БАНК» при сумме от 3 млн руб.","• 1% — при сроке владения до 183 дней (для паев, приобретенных по заявке на ИИС или через агента, или при подаче заявки УК для паев, не учитываемых на ИИС) • 0,5% — при сроке владения 184–365 дней (для паев, приобретенных по заявке на ИИС или через агента, или при подаче заявки УК для паев, не учитываемых на ИИС) • не взимается — при сроке владения 366 дней и более (для паев, приобретенных по заявке на ИИС или через агента, или при подаче заявки УК для паев, не учитываемых на ИИС) • не взимается — при подаче заявки номинальным держателем или доверительным управляющим • не взимается — при погашении паев в связи с особой жизненной ситуацией",0.012684463604709,0.0377198198963555,0.0789682890204046,0.1701312386243894,547181917.67927,18953.0,18923.0,122.15,66837510889.91,643-RUB
7259,ЗПИФ недвижимости «Современная коллекция»,RU000A10CQ02,Закрытый,Недвижимости,Сформирован,ООО «СФН»,7730257675,https://sfn-am.ru,активная,не предусмотрено,не предусмотрено,1% от среднегодовой СЧА,1.0,True,nav,"20% от дохода от ДУ, но не более 10% от начисленного за отчетный год дохода",True,"• до 31.12.2025: 0,5% от среднегодовой СЧА • с 01.01.2026 по 31.12.2026: 0,3% от среднегодовой СЧА • с 01.01.2027: 0,2% от среднегодовой СЧА",0.2,• до 31.12.2025: 50% от среднегодовой СЧА • с 01.01.2026: 25% от среднегодовой СЧА,25.0,предусмотрено,месяц,"• не более 1,5% — при подаче заявки на приобретение инвестиционных паев Управляющей компании номинальными держателями • не взимается — в иных случаях",не предусмотрено,0.16628889378726,0.1784109011134223,0.195138871107676,,505406.38,25584.0,25580.0,120424.32,60863221872.48,643-RUB
5936,БПИФ рыночных финансовых инструментов «АТОН – Накопительный в рублях»,RU000A107H96,Биржевой,Фонд рыночных финансовых инструментов,Сформирован,"ООО ""УК ""Атон-менеджмент""",7701253764,https://www.am-aton.ru,пассивная,Ruble Overnight Index Average,не более 5% по модулю — за каждый день определения расчетной стоимости инвестиционного пая,"0,105% от среднегодовой СЧА",0.105,True,nav,не предусмотрено,False,"не более 0,01% от среднегодовой СЧА",0.01,"0,18% от среднегодовой СЧА",0.18,не предусмотрено,не предусмотрено,не предусмотрено,не предусмотрено,0.01202049395691,0.0356254621227396,0.0737333612098403,0.1651667548967708,380712654.77686,16305.0,15990.0,154.0679,58655606102.55,643-RUB
0095,ОПИФ рыночных финансовых инструментов «Альфа-Капитал Облигации Плюс»,RU000A0ERNN6,Открытый,Фонд рыночных финансовых инструментов,Сформирован,"ООО УК ""Альфа-Капитал""",7728142469,https://www.alfacapital.ru,активная,IFX-Cbonds,не предусмотрено,"2,5% от среднегодовой СЧА",2.5,True,nav,не предусмотрено,False,"не более 0,09% от среднегодовой СЧА",0.09,"0,07% от среднегодовой СЧА",0.07,не предусмотрено,не предусмотрено,"• 1,4% — при подаче заявки агенту АО «АЛЬФА-БАНК» или УК при сумме менее 500 тыс. руб. • 0,9% — при подаче заявки агенту АО «АЛЬФА-БАНК» или УК при сумме от 500 тыс. руб. до 2,999 млн руб. • 0,5% — при подаче заявки агенту АО «АЛЬФА-БАНК» или УК при сумме 3 млн руб. и более • 1,4% — при подаче заявки агенту ПАО «БАНК УРАЛСИБ» при сумме менее 500 тыс. руб. • 0,9% — при подаче заявки агенту ПАО «БАНК УРАЛСИБ» при сумме от 500 тыс. руб. до 2,999 млн руб. • 0,5% — при подаче заявки агенту ПАО «БАНК УРАЛСИБ» при сумме 3 млн руб. и более • не взимается — при подаче заявки УК номинальным держателем или доверительным управляющим • не взимается — при подаче заявки в рамках договора долевого страхования жизни с ООО СК «БКС Страхование жизни»","• 1% — при сроке владения до 183 дней (для паев, приобретенных через ИИС или без указания на ИИС, при подаче заявки УК или агенту) • 0,5% — при сроке владения 184–365 дней (для паев, приобретенных через ИИС или без указания на ИИС, при подаче заявки УК или агенту) • не взимается — при сроке владения 366 дней и более (для паев, приобретенных через ИИС или без указания на ИИС, при подаче заявки УК или агенту) • не взимается — при подаче заявки номинальным держателем или доверительным управляющим • не взимается — при погашении в связи с особой жизненной ситуацией • не взимается — при подаче заявки страховой организацией ООО СК «БКС Страхование жизни» в рамках исполнения договора долевого страхования",0.0259100148787695,0.0041144666781527,0.0492001668819368,0.1151673363766414,7136114.8185,72889.0,72844.0,7343.31,52402667825.16,643-RUB
4978,ОПИФ рыночных финансовых инструментов «Первая - Фонд облигаций с выплатой дохода»,RU000A104XP6,Открытый,Фонд рыночных финансовых инструментов,Сформирован,АО УК «Первая»,7710183778,https://www.first-am.ru,активная,Индекс МосБиржи Корпоративных Облигаций,не предусмотрено,"1,5% от среднегодовой СЧА",1.5,True,nav,не предусмотрено,False,"не более 0,15% от среднегодовой СЧА",0.15,"0,5% от среднегодовой СЧА",0.5,предусмотрено,квартал,не предусмотрено,"• 3% — при сроке владения до 729 дней • 2,5% — при сроке владения 730–1094 дней • 1,5% — при сроке владения 1095–1459 дней • 0,5% — при сроке владения 1460–1825 дней • не взимается — при сроке владения 1826 дней и более • не взимается — при подаче заявки номинальным держателем",0.0156348811938644,0.0096973697626616,0.0572388507816364,0.1259782189759987,1019350.9852316,28753.0,28752.0,48742.4,49685613505.06,643-RUB
3785,БПИФ рыночных финансовых инструментов «Первая - Фонд Корпоративные облигации»,RU000A100P44,Биржевой,Фонд рыночных финансовых инструментов,Сформирован,АО УК «Первая»,7710183778,https://www.first-am.ru,активная,RUCBTRNS – «Индекс МосБиржи Корпоративных Облигаций»,не предусмотрено,"0,6% от среднегодовой СЧА",0.6,True,nav,не предусмотрено,False,"не более 0,06% от среднегодовой СЧА",0.06,"0,1% от среднегодовой СЧА",0.1,не предусмотрено,не предусмотрено,"1,5% — при выдаче инвестиционных паев после завершения формирования фонда, но не более 1,5% от расчетной стоимости пая",не предусмотрено,0.0069112174375333,0.0177324019344439,0.0706613906161673,0.1562881562881564,2424077116.0,137804.0,137767.0,18.94,45901571034.34,643-RUB
0089,ОПИФ рыночных финансовых инструментов «ВИМ - Казначейский»,RU000A0JR2C1,Открытый,Фонд рыночных финансовых инструментов,Сформирован,АО ВИМ Инвестиции,7701140866,https://www.wealthim.ru,активная,Индекс МосБиржи Корпоративных Облигаций (RUCBTRNS),не предусмотрено,"не более 1,5% от среднегодовой СЧА",1.5,False,nav,не предусмотрено,False,"не более 0,13% от среднегодовой СЧА",0.13,"0,13% от среднегодовой СЧА",0.13,не предусмотрено,не предусмотрено,не предусмотрено,"• 2% — паи приобретены до 08.11.2024, срок владения до 180 дней • 1,5% — паи приобретены до 08.11.2024, срок владения 181–365 дней • 1% — паи приобретены до 08.11.2024, срок владения 366–730 дней • 0,5% — паи приобретены до 08.11.2024, срок владения 731–1095 дней • не взимается — паи приобретены до 08.11.2024, срок владения 1095+ дней • 2,5% — паи приобретены после 08.11.2024, срок владения до 730 дней • 2% — паи приобретены после 08.11.2024, срок владения 731–1095 дней • 1,5% — паи приобретены после 08.11.2024, срок владения 1096–1460 дней • 0,5% — паи приобретены после 08.11.2024, срок владения 1461–1825 дней • не взимается — паи приобретены после 08.11.2024, срок владения 1825+ дней • не устанавливается — при подаче заявки номинальным держателем • не устанавливается — при подаче заявки доверительным управляющим • не устанавливается — при подаче заявки агентом-страховой организацией или при наступлении страхового случая по ДСЖ",0.0240371483201311,0.006803330051025,0.0599378003958156,0.1396291417570169,398719661.28451,63172.0,63163.0,112.47,44843420660.88,643-RUB
5425,ОПИФ рыночных финансовых инструментов «Альфа-Капитал Валютные облигации»,RU000A106DQ1,Открытый,Фонд рыночных финансовых инструментов,Сформирован,"ООО УК ""Альфа-Капитал""",7728142469,https://www.alfacapital.ru,активная,Индекс замещающих облигаций Cbonds,не предусмотрено,2% от среднегодовой СЧА,2.0,True,nav,не предусмотрено,False,"не более 0,09% от среднегодовой СЧА",0.09,"0,07% от среднегодовой СЧА",0.07,не предусмотрено,не предусмотрено,"• 1,4% — при подаче заявки УК или агентам АО «АЛЬФА-БАНК», ПАО «БАНК УРАЛСИБ» при сумме менее 500 тыс. руб. • 0,9% — при подаче заявки УК или агентам АО «АЛЬФА-БАНК», ПАО «БАНК УРАЛСИБ» при сумме от 500 тыс. руб. до 3 млн руб. • 0,5% — при подаче заявки УК или агентам АО «АЛЬФА-БАНК», ПАО «БАНК УРАЛСИБ» при сумме 3 млн руб. и более • не взимается — при подаче заявки УК номинальным держателем или доверительным управляющим","• 1% — при сроке владения до 183 дней (для паев, приобретенных через УК или агентов, не учитываемых на ИИС) • 0,5% — при сроке владения 184–365 дней (для паев, приобретенных через УК или агентов, не учитываемых на ИИС) • не взимается — при сроке владения 366+ дней (для паев, приобретенных через УК или агентов, не учитываемых на ИИС) • 1% — при сроке владения до 183 дней (для паев, учитываемых на ИИС, при подаче заявки УК) • 0,5% — при сроке владения 184–365 дней (для паев, учитываемых на ИИС, при подаче заявки УК) • не взимается — при сроке владения 366+ дней (для паев, учитываемых на ИИС, при подаче заявки УК) • не взимается — при погашении в случае особой жизненной ситуации • не взимается — при подаче заявки номинальным держателем • не взимается — при подаче заявки доверительным управляющим",-0.0047752761757436,0.0454742159694071,0.035089406724085,0.0123055610189927,37187242.21908,10947.0,10915.0,1183.78,44021533662.49,643-RUB
6330,БПИФ рыночных финансовых инструментов «БКС Денежный рынок»,RU000A108ZJ5,Биржевой,Фонд рыночных финансовых инструментов,Сформирован,"АО УК ""БКС""",5407191291,https://bcs.ru/am,пассивная,RUONIA (Ruble Over Night Index Average),не более 5% по модулю — за 250 рабочих дней,"0,35% от среднегодовой СЧА",0.35,True,nav,не предусмотрено,False,"• не более 0,05% от среднегодовой СЧА — при СЧА менее 20 млрд руб. • не более 0,035% от среднегодовой СЧА — при СЧА от 20 млрд до менее 30 млрд руб. • не более 0,028% от среднегодовой СЧА — при СЧА 30 млрд руб. и более",0.028,"0,12% от среднегодовой СЧА",0.12,не предусмотрено,не предусмотрено,не предусмотрено,не предусмотрено,0.0117892577051783,0.0351023776594847,0.0726675056792849,0.1633467874794069,3022131504.82608,56430.0,56237.0,14.12303,42681664667.5,643-RUB
4979,ОПИФ рыночных финансовых инструментов «Первая - Фонд смешанный с выплатой дохода»,RU000A104XQ4,Открытый,Фонд рыночных финансовых инструментов,Сформирован,АО УК «Первая»,7710183778,https://www.first-am.ru,активная,• 50% Сбер Расширенный Индекс Дивидендной Доходности (SBERDVRW) • 50% Индекс МосБиржи Корпоративных Облигаций (RUCBTRAAANS),не предусмотрено,"2,7% от среднегодовой СЧА",2.7,True,nav,не предусмотрено,False,"не более 0,15% от среднегодовой СЧА",0.15,"0,5% от среднегодовой СЧА",0.5,предусмотрено,квартал,не предусмотрено,"• 3% — при сроке владения до 729 дней • 2,5% — при сроке владения 730–1094 дней • 1,5% — при сроке владения 1095–1459 дней • 0,5% — при сроке владения 1460–1825 дней • не взимается — при сроке владения 1826 дней и более • не взимается — при подаче заявки номинальным держателем",-0.0269718421145168,-0.0975209771699416,-0.1226417351361414,-0.0920636594714558,898194.5984504,52548.0,52547.0,45934.11,41257767579.45,643-RUB
4039,БПИФ рыночных финансовых инструментов «Альфа-Капитал Управляемые облигации»,RU000A101PN3,Биржевой,Фонд рыночных финансовых инструментов,Сформирован,"ООО УК ""Альфа-Капитал""",7728142469,https://www.alfacapital.ru,активная,CBONDS IFX,не предусмотрено,"1,75% от среднегодовой СЧА",1.75,True,nav,не предусмотрено,False,"не более 0,09% от среднегодовой СЧА",0.09,"0,07% от среднегодовой СЧА",0.07,не предусмотрено,не предусмотрено,не предусмотрено,не предусмотрено,0.0195915987787853,0.0114962355662886,0.0630048465266559,0.1370384099917307,18194760349.84114,975080.0,974995.0,1.99374,36275653433.99,643-RUB
2260,ОПИФ рыночных финансовых инструментов «Райффайзен – Корпоративные облигации»,RU000A100SM1,Открытый,Фонд рыночных финансовых инструментов,Сформирован,ООО «УК Райффайзен»,7702358512,https://www.raiffeisen-capital.ru/,активная,• 50% RUGBITR3Y • 40% RUCBTR3YNS • 10% RUCBTR5YNS,не предусмотрено,"1,0% от среднегодовой СЧА",1.0,True,nav,не предусмотрено,False,"не более 0,2% от среднегодовой СЧА",0.2,"0,5% от среднегодовой СЧА",0.5,не предусмотрено,не предусмотрено,"• 1,0% — при подаче заявки УК или агенту • не взимается — при подаче заявки доверительным управляющим или номинальным держателем по поручению доверительного управляющего",• 3% — при сроке владения до 91 дня включительно • 2% — при сроке владения 92–365 дней включительно • не взимается — при сроке владения более 365 дней • не взимается — при подаче заявки номинальным держателем по поручению страховой организации • не взимается — при подаче заявки доверительным управляющим или номинальным держателем по поручению доверительного управляющего,0.020236252058633,0.003683910331567,0.0446323487311291,0.1027813386456725,1102400.83024,11574.0,11573.0,26272.42,28962738994.36,643-RUB
5473,ОПИФ рыночных финансовых инструментов «Альфа-Капитал Облигации с выплатой дохода»,RU000A106JW6,Открытый,Фонд рыночных финансовых инструментов,Сформирован,"ООО УК ""Альфа-Капитал""",7728142469,https://www.alfacapital.ru,активная,IFX-Cbonds,не предусмотрено,"2,6% от среднегодовой СЧА",2.6,True,nav,не предусмотрено,False,"не более 0,09% от среднегодовой СЧА",0.09,"0,07% от среднегодовой СЧА",0.07,предусмотрено,квартал,"• 1,4% — при подаче заявки УК или агентам АО «АЛЬФА-БАНК», ПАО «БАНК УРАЛСИБ» при сумме менее 500 тыс. руб. • 0,9% — при подаче заявки УК или агентам АО «АЛЬФА-БАНК», ПАО «БАНК УРАЛСИБ» при сумме от 500 тыс. руб. до 2,999 млн руб. • 0,5% — при подаче заявки УК или агентам АО «АЛЬФА-БАНК», ПАО «БАНК УРАЛСИБ» при сумме 3 млн руб. и более • не взимается — при подаче заявки УК номинальным держателем или доверительным управляющим","• 1% — при сроке владения до 183 дней • 0,5% — при сроке владения 184–365 дней • не взимается — при сроке владения 366 дней и более • не взимается — при подаче заявки доверительным управляющим • не взимается — при подаче заявки номинальным держателем",0.011,0.015,0.061,0.118,28542369.82396,22262.0,22255.0,1009.04,28800504992.88,643-RUB
2567,ОПИФ рыночных финансовых инструментов «РСХБ – Фонд Облигаций»,RU000A0ZZMD7,Открытый,Фонд рыночных финансовых инструментов,Сформирован,"ООО ""РСХБ Управление Активами""",7704814182,https://www.rshb-am.ru/,активная,Композитный Индекс МосБиржи Облигаций (MOEX Aggregate Bond Index),не предусмотрено,не более 2% от среднегодовой СЧА,2.0,False,nav,не предусмотрено,False,"не более 0,65% от среднегодовой СЧА",0.65,"0,7% от среднегодовой СЧА",0.7,не предусмотрено,не предусмотрено,"• 1,5% — при подаче заявки через пункты приема, Личный кабинет или Услуги дистанционного банковского обслуживания при сумме от 1 тыс. руб. до 10 млн руб. • 1% — при подаче заявки через пункты приема, Личный кабинет или Услуги дистанционного банковского обслуживания при сумме от 10 млн руб. до 20 млн руб. • 0,5% — при подаче заявки через пункты приема, Личный кабинет или Услуги дистанционного банковского обслуживания при сумме от 20 млн руб. • не взимается — при подаче заявки доверительным управляющим • до 1,5% — при подаче заявки номинальным держателем (минимальное из двух значений: разница между полученными средствами и произведением количества паев на расчетную стоимость, или 1,5% от полученных средств)","• 2% — при сроке владения до 365 дней • 1,5% — при сроке владения 366–730 дней • 1% — при сроке владения 731–1095 дней • не взимается — при сроке владения 1096 дней и более • не взимается — при подаче заявки номинальным держателем или доверительным управляющим",0.016848276223055,0.0070838288659165,0.0545284440697882,0.1111511118139272,8713745.8994,55067.0,55066.0,3302.53,28777425891.65,643-RUB
0202,ОПИФ рыночных финансовых инструментов «ВИМ - Накопительный резерв»,RU000A0JT4S1,Открытый,Фонд рыночных финансовых инструментов,Сформирован,ООО ВИМ Сбережения,7722270922,https://www.wimsavings.ru,активная,• 40% Индекс МосБиржи полной доходности «брутто» (MCFTR) • 60% Индекс МосБиржи Корпоративных Облигаций (RUCBTRNS),не предусмотрено,"не более 3,2% от среднегодовой СЧА",3.2,False,nav,не предусмотрено,False,"не более 0,12% от среднегодовой СЧА",0.12,"0,11% от среднегодовой СЧА",0.11,не предусмотрено,не предусмотрено,не предусмотрено,• 3% — при сроке владения до 365 дней • 2% — при сроке владения 366–730 дней • 1% — при сроке владения 731–1095 дней • не взимается — при сроке владения более 1095 дней • не устанавливается — при подаче заявки номинальным держателем • не устанавливается — при подаче заявки доверительным управляющим,0.0030361935411883,-0.0524152049865875,-0.0638237228677921,0.0078511555449339,8081293.44901,150653.0,150648.0,3415.92,27605073441.25,643-RUB
4508,ЗПИФ недвижимости «РД 2»,RU000A103HD7,Закрытый,Недвижимости,Сформирован,ООО ВИМ Сбережения,7722270922,https://www.wimsavings.ru,активная,не предусмотрено,не предусмотрено,"• 0,1% от среднегодовой СЧА — первые 3 месяца после завершения формирования • 1,5% от среднегодовой СЧА — после 3 месяцев",1.5,True,nav,не предусмотрено,False,"не более 0,5% от среднегодовой СЧА",0.5,• 95% от среднегодовой СЧА — первые 6 месяцев после завершения формирования • 15% от среднегодовой СЧА — после 6 месяцев,15.0,предусмотрено,квартал,"1,5% — после завершения формирования фонда",не предусмотрено,0.0099586291120709,0.0261346399373179,0.0784677022821339,0.169822500123889,197485.75124,10995.0,10993.0,127660.15,25211061114.41,643-RUB
4980,ОПИФ рыночных финансовых инструментов «Первая - Фонд акций с выплатой дохода»,RU000A104XN1,Открытый,Фонд рыночных финансовых инструментов,Сформирован,АО УК «Первая»,7710183778,https://www.first-am.ru,активная,Сбер Расширенный Индекс Дивидендной Доходности – Sber Wide Dividend Yield Index (SBERDVRW),не предусмотрено,"2,7% от среднегодовой СЧА",2.7,True,nav,не предусмотрено,False,"не более 0,15% от среднегодовой СЧА",0.15,"0,5% от среднегодовой СЧА",0.5,предусмотрено,квартал,не предусмотрено,"• 3% — при сроке владения до 729 дней • 2,5% — при сроке владения 730–1094 дней • 1,5% — при сроке владения 1095–1459 дней • 0,5% — при сроке владения 1460–1825 дней • не взимается — при сроке владения 1826 дней и более • не взимается — при подаче заявки номинальным держателем",-0.0432252201915208,-0.1403666658355028,-0.1867058532276964,-0.1612901655608373,523900.8767318,32733.0,32732.0,44727.25,23432646671.41,643-RUB
6763,БПИФ рыночных финансовых инструментов «АТОН – Флоатеры»,RU000A10AFG4,Биржевой,Фонд рыночных финансовых инструментов,Сформирован,"ООО ""УК ""Атон-менеджмент""",7701253764,https://www.am-aton.ru,пассивная,АТОН – Флоатеры (AAMFL),не более 5% по модулю — за 250 рабочих дней,"0,5% от среднегодовой СЧА",0.5,True,nav,не предусмотрено,False,"не более 0,05% от среднегодовой СЧА",0.05,"0,1% от среднегодовой СЧА",0.1,не предусмотрено,не предусмотрено,не предусмотрено,не предусмотрено,0.0137006482027108,0.0424967805469283,0.0867024636765635,0.1897639837468661,164134795.48247,6550.0,6417.0,137.6215,22588477589.2,643-RUB
6287,БПИФ рыночных финансовых инструментов «Т-Капитал Пассивный Доход»,RU000A108WX3,Биржевой,Фонд рыночных финансовых инструментов,Сформирован,ООО «Т-Капитал»,7743304530,https://t-capital-funds.ru/,активная,RUONIA (Ruble Overnight Index Average),не предусмотрено,"0,9% от среднегодовой СЧА",0.9,True,nav,не предусмотрено,False,"не более 0,059% от среднегодовой СЧА",0.059,"0,04% от среднегодовой СЧА",0.04,предусмотрено,месяц,не предусмотрено,не предусмотрено,0.0138619937257369,0.0412053825138286,0.0835476378127325,0.1706655940508725,219710610.16079,1358174.0,1358141.0,101.2788,22252022269.41,643-RUB
0335,ОПИФ рыночных финансовых инструментов «Просто. Облигации»,RU000A103BF5,Открытый,Фонд рыночных финансовых инструментов,Сформирован,"ООО ""УК ПРОМСВЯЗЬ""",7718218817,https://www.upravlyaem.ru,активная,• 80% Индекс Корпоративных облигаций Московской Биржи (RUCBTRNS) • 15% Индекс Государственных облигаций Московской биржи (RGBITR) • 5% Индекс облигаций с переменным купоном Московской Биржи (RUFLBITR),не предусмотрено,"1,5% от среднегодовой СЧА",1.5,True,nav,не предусмотрено,False,"0,29% от среднегодовой СЧА",0.29,"0,8% от среднегодовой СЧА",0.8,не предусмотрено,не предусмотрено,"• 1,5% — при подаче заявки управляющей компании или агенту • 0,5% — при подаче заявки управляющей компании на сумму 10 млн руб. и выше • не взимается — при подаче заявки управляющей компании юридическим лицом, являющимся профессиональным участником рынка ценных бумаг","• 2% — при сроке владения до 180 дней • 1,5% — при сроке владения 181–365 дней • 1% — при сроке владения более 365 дней • не взимается — при сроке владения до 30 дней • не взимается — при подаче заявки юридическим лицом, являющимся профессиональным участником рынка ценных бумаг",0.0131642768143176,0.0189291816973608,0.0682992709783222,0.1124982260201779,2982083.96526,35871.0,35869.0,6976.71,20805136392.09,643-RUB
4038,БПИФ рыночных финансовых инструментов «Золото. Биржевой»,RU000A101NZ2,Биржевой,Фонд рыночных финансовых инструментов,Сформирован,АО ВИМ Инвестиции,7701140866,https://www.wealthim.ru,пассивная,GLDRUB_TOM,не более 5% по модулю — за 250 рабочих дней,"не более 0,22% от среднегодовой СЧА",0.22,False,nav,не предусмотрено,False,"не более 0,09% от среднегодовой СЧА",0.09,"не более 0,35% от среднегодовой СЧА",0.35,не предусмотрено,не предусмотрено,не предусмотрено,не предусмотрено,0.0141479070473692,-0.0599581734519825,-0.1403838722779217,0.2267260771678576,7822510385.18349,521014.0,520930.0,2.6127813,20438508875.69,643-RUB
7909,ИПИФ рыночных финансовых инструментов «Т-Капитал Денежный рынок 2»,RU000A10FH75,Интервальный,Фонд рыночных финансовых инструментов,Сформирован,ООО «Т-Капитал»,7743304530,https://t-capital-funds.ru/,активная,RUONIA (Ruble Overnight Index Average),не предусмотрено,"0,01% от среднегодовой СЧА",0.01,True,nav,не предусмотрено,False,"не более 0,01% от среднегодовой СЧА",0.01,"0,179% от среднегодовой СЧА",0.179,не предусмотрено,не предусмотрено,не предусмотрено,не предусмотрено,,,,,2015927621.70284,1806.0,1804.0,10.1098,20380630203.87,643-RUB
6589,БПИФ рыночных финансовых инструментов «Ежедневный процент»,RU000A109X11,Биржевой,Фонд рыночных финансовых инструментов,Сформирован,АО «ААА Управление Капиталом»,7722515837,https://aaacapital.ru,пассивная,Ruble OverNight Index Average (RUONIA),не более 5% по модулю — за 250 рабочих дней,"0,2% от среднегодовой СЧА",0.2,True,nav,не предусмотрено,False,"не более 0,15% от среднегодовой СЧА",0.15,"0,2% от среднегодовой СЧА",0.2,не предусмотрено,не предусмотрено,не предусмотрено,не предусмотрено,0.0118675169965706,0.0351444090538398,0.0726352294016821,0.1626355584359472,1490283425.27161,25400.0,25371.0,13.4546,20051236317.72,643-RUB
5427,ИПИФ рыночных финансовых инструментов «Контрада – Высокодоходные облигации»,RU000A106DY5,Интервальный,Фонд рыночных финансовых инструментов,Сформирован,АО «Контрада Капитал»,9703206844,https://www.contrada-capital.ru,активная,не предусмотрено,не предусмотрено,"1,3% от среднегодовой СЧА",1.3,True,nav,не предусмотрено,False,"не более 0,1% от среднегодовой СЧА",0.1,"0,5% от среднегодовой СЧА",0.5,не предусмотрено,не предусмотрено,не предусмотрено,не предусмотрено,0.0220071294187544,0.0506492597611641,0.1020721412125864,0.2176310977408129,12088200.5606241,510.0,504.0,1651.4,19962500085.71,643-RUB
1649,"ЗПИФ рентный ""Михайловский - Рентный""",RU000A0JWLH1,Закрытый,Рентный,Сформирован,"ООО ""УК ""Михайловский""",7710684439,https://www.ukmik.ru,активная,не предусмотрено,не предусмотрено,"не более 0,3% от среднегодовой СЧА",0.3,False,nav,не предусмотрено,False,"не более 0,1% от среднегодовой СЧА",0.1,"3,0% от среднегодовой СЧА",3.0,предусмотрено,месяц,не предусмотрено,не предусмотрено,-0.005396582089316,-0.1258829490249064,-0.105926011734556,-0.1927297416324134,4345184.0510467,3.0,,4399.3,19115763506.98,643-RUB
3555,БПИФ рыночных финансовых инструментов «Первая – Фонд Топ Российских акций»,RU000A0ZZH92,Биржевой,Фонд рыночных финансовых инструментов,Сформирован,АО УК «Первая»,7710183778,https://www.first-am.ru,пассивная,Индекс МосБиржи полной доходности «брутто» (MCFTR),"• не более 0,5% по модулю — за 20 рабочих дней • не более 3% по модулю — за 250 рабочих дней","0,8% от среднегодовой СЧА",0.8,True,nav,не предусмотрено,False,"• не более 0,15% от среднегодовой СЧА — при СЧА менее 2,5 млрд руб. • не более 0,05% от среднегодовой СЧА — при СЧА 2,5 млрд руб. и более",0.05,"• 0,11% от среднегодовой СЧА — при СЧА менее 2,5 млрд руб. • 0,1% от среднегодовой СЧА — при СЧА 2,5 млрд руб. и более",0.1,не предусмотрено,не предусмотрено,"1,5% — при выдаче инвестиционных паев после завершения формирования фонда, но не более 1,5% от расчетной стоимости пая",не предусмотрено,-0.0161190328580285,-0.1207756232686981,-0.1589825119236885,-0.1241721854304637,1176455679.0,174754.0,174692.0,15.87,18675628628.83,643-RUB
1504,ЗПИФ рентный «АК БАРС – Горизонт»,RU000A0JT6R8,Закрытый,Рентный,Сформирован,ООО УК «АК БАРС КАПИТАЛ»,1435126890,https://www.akbars-capital.ru,активная,не предусмотрено,не предусмотрено,"1 250 000 руб. в месяц, но не более 0,15% от среднегодовой СЧА",0.15,False,mixed,не предусмотрено,False,"не более 0,035% от среднегодовой СЧА",0.035,20% от среднегодовой СЧА,20.0,предусмотрено,год,не предусмотрено,не предусмотрено,-0.0058299970373166,-0.0650974105023481,-0.1479239364213691,-0.1799364249629705,604585.32792,4.0,,30334.99,18340091232.61,643-RUB
3900,БПИФ рыночных финансовых инструментов «Т-Капитал – Стратегия вечного портфеля в рублях»,RU000A1011U5,Биржевой,Фонд рыночных финансовых инструментов,Сформирован,ООО «Т-Капитал»,7743304530,https://t-capital-funds.ru/,активная,не предусмотрено,не предусмотрено,2% от среднегодовой СЧА,2.0,True,nav,не предусмотрено,False,"не более 0,059% от среднегодовой СЧА",0.059,"0,089% от среднегодовой СЧА",0.089,не предусмотрено,не предусмотрено,не предусмотрено,не предусмотрено,0.0106944022143704,-0.0450920761968916,-0.0611626751852898,0.0648425331669004,1831593395.68155,2479287.0,2479269.0,9.6397,17655946239.07,643-RUB
4713,БПИФ рыночных финансовых инструментов «Альфа-Капитал Золото»,RU000A1045N8,Биржевой,Фонд рыночных финансовых инструментов,Сформирован,"ООО УК ""Альфа-Капитал""",7728142469,https://www.alfacapital.ru,пассивная,GLDRUB_TOM,"• не более 10% по модулю — за период с даты истечения одного месяца с даты завершения формирования фонда до каждой даты определения расчетной стоимости пая • не более 10% по модулю — за 250 рабочих дней, предшествующих каждой дате определения расчетной стоимости пая",1% от среднегодовой СЧА,1.0,True,nav,не предусмотрено,False,"не более 0,1% от среднегодовой СЧА",0.1,"0,4% от среднегодовой СЧА",0.4,не предусмотрено,не предусмотрено,не предусмотрено,не предусмотрено,0.0136851510671468,-0.0754050280384378,-0.1703385736099608,0.1935164216969516,76736180.38828,101802.0,101774.0,228.94069,17568033702.38,643-RUB
0387,ОПИФ рыночных финансовых инструментов «Альфа-Капитал Ликвидные акции»,RU000A0HNST4,Открытый,Фонд рыночных финансовых инструментов,Сформирован,"ООО УК ""Альфа-Капитал""",7728142469,https://www.alfacapital.ru,активная,Индекс МосБиржи (IMOEX),не предусмотрено,4% от среднегодовой СЧА,4.0,True,nav,не предусмотрено,False,"не более 0,09% от среднегодовой СЧА",0.09,"0,07% от среднегодовой СЧА",0.07,не предусмотрено,не предусмотрено,"• 1,4% — при подаче заявки УК или агентам АО «АЛЬФА-БАНК», ПАО «БАНК УРАЛСИБ» при сумме менее 500 тыс. руб. • 0,9% — при подаче заявки УК или агентам АО «АЛЬФА-БАНК», ПАО «БАНК УРАЛСИБ» при сумме от 500 тыс. руб. до 2,999 млн руб. • 0,5% — при подаче заявки УК или агентам АО «АЛЬФА-БАНК», ПАО «БАНК УРАЛСИБ» при сумме 3 млн руб. и более • не взимается — при подаче заявки в рамках договора долевого страхования жизни с ООО «АльфаСтрахование-Жизнь» или ООО СК «БКС Страхование жизни» • не взимается — при подаче заявки УК номинальным держателем или доверительным управляющим","• 1,5% — при сроке владения до 365 дней (для паев, приобретенных по заявке на ИИС или без указания на ИИС, при подаче заявки УК или агенту) • 1% — при сроке владения 366–730 дней (для паев, приобретенных по заявке на ИИС или без указания на ИИС, при подаче заявки УК или агенту) • не взимается — при сроке владения 731 день и более (для паев, приобретенных по заявке на ИИС или без указания на ИИС, при подаче заявки УК или агенту) • не взимается — при подаче заявки номинальным держателем или доверительным управляющим • не взимается — при подаче заявки страховой организацией (ООО «АльфаСтрахование-Жизнь» или ООО СК «БКС Страхование жизни») в исполнение договора долевого страхования жизни • не взимается — при погашении паев, учитываемых на ИИС, в случае возникновения особой жизненной ситуации",-0.0069633112457063,-0.1150791461798622,-0.1914656505820198,-0.154909115599432,2332603.22779,99204.0,99182.0,7218.91,16838849523.71,643-RUB
6412,ЗПИФ недвижимости «Современный 9»,RU000A1099U0,Закрытый,Недвижимости,Сформирован,ООО «СФН»,7730257675,https://sfn-am.ru,активная,не предусмотрено,не предусмотрено,"0,5% от среднегодовой СЧА",0.5,True,nav,не предусмотрено,False,"• до 31 декабря 2024 года: 0,3% от среднегодовой СЧА • с 01 января 2025 года: 0,2% от среднегодовой СЧА",0.2,25% от среднегодовой СЧА,25.0,не предусмотрено,не предусмотрено,"• не более 1,5% — при подаче заявки на приобретение инвестиционных паев Управляющей компании номинальными держателями • не взимается — в иных случаях",не предусмотрено,0.013235294117647,0.042360060514372,0.079937304075235,0.1941074523396881,2308162553.0,16589.0,16575.0,6.89,15902619186.77,643-RUB
0500,ОПИФ рыночных финансовых инструментов «Альфа-Капитал Баланс»,RU000A0JRXP9,Открытый,Фонд рыночных финансовых инструментов,Сформирован,"ООО УК ""Альфа-Капитал""",7728142469,https://www.alfacapital.ru,активная,не предусмотрено,не предусмотрено,3% от среднегодовой СЧА,3.0,True,nav,не предусмотрено,False,"не более 0,09% от среднегодовой СЧА",0.09,"0,07% от среднегодовой СЧА",0.07,не предусмотрено,не предусмотрено,"• 1,4% — при подаче заявки агенту АО «АЛЬФА-БАНК» или УК при сумме менее 500 тыс. руб. • 0,9% — при подаче заявки агенту АО «АЛЬФА-БАНК» или УК при сумме от 500 тыс. руб. до 2,999 млн руб. • 0,5% — при подаче заявки агенту АО «АЛЬФА-БАНК» или УК при сумме от 3 млн руб. • 1,4% — при подаче заявки агенту ПАО «БАНК УРАЛСИБ» при сумме менее 500 тыс. руб. • 0,9% — при подаче заявки агенту ПАО «БАНК УРАЛСИБ» при сумме от 500 тыс. руб. до 2,999 млн руб. • 0,5% — при подаче заявки агенту ПАО «БАНК УРАЛСИБ» при сумме от 3 млн руб. • не взимается — при подаче заявки УК номинальным держателем или доверительным управляющим • не взимается — при подаче заявки в рамках исполнения договора долевого страхования жизни с ООО «АльфаСтрахование-Жизнь» или ООО СК «БКС Страхование жизни»","• 1% — при сроке владения до 365 дней (для паев, приобретенных по заявке на ИИС или без указания на ИИС, при подаче заявки УК или агентам, за исключением страховых организаций и номинальных держателей) • 0,5% — при сроке владения 366–730 дней (для паев, приобретенных по заявке на ИИС или без указания на ИИС, при подаче заявки УК или агентам, за исключением страховых организаций и номинальных держателей) • не взимается — при сроке владения 731 день и более (для паев, приобретенных по заявке на ИИС или без указания на ИИС, при подаче заявки УК или агентам, за исключением страховых организаций и номинальных держателей) • не взимается — при подаче заявки номинальным держателем или доверительным управляющим • не взимается — при подаче заявки страховой организацией (ООО «АльфаСтрахование-Жизнь» или ООО СК «БКС Страхование жизни») в исполнение договора долевого страхования жизни • не взимается — при погашении паев в случае возникновения особой жизненной ситуации",-0.0023034947917501,-0.0888764700283817,-0.133806313308246,-0.0854774548803668,4123946.72211,67301.0,67287.0,3733.52,15396822070.39,643-RUB
6183,ОПИФ рыночных финансовых инструментов «Альфа-Капитал Высокодоходные облигации»,RU000A108JL5,Открытый,Фонд рыночных финансовых инструментов,Сформирован,"ООО УК ""Альфа-Капитал""",7728142469,https://www.alfacapital.ru,активная,Cbonds CBI HY (от B - до BBB) Index,не предусмотрено,"2,5% от среднегодовой СЧА",2.5,True,nav,не предусмотрено,False,"не более 0,09% от среднегодовой СЧА",0.09,"0,07% от среднегодовой СЧА",0.07,не предусмотрено,не предусмотрено,"• 1,4% — при подаче заявки УК при сумме менее 500 тыс. руб. • 0,9% — при подаче заявки УК при сумме от 500 тыс. руб. до 3 млн руб. • 0,5% — при подаче заявки УК при сумме от 3 млн руб. • не взимается — при подаче заявки УК номинальным держателем или доверительным управляющим • 1,4% — при подаче заявки агенту АО «АЛЬФА-БАНК» при сумме менее 500 тыс. руб. • 0,9% — при подаче заявки агенту АО «АЛЬФА-БАНК» при сумме от 500 тыс. руб. до 3 млн руб. • 0,5% — при подаче заявки агенту АО «АЛЬФА-БАНК» при сумме от 3 млн руб. • не взимается — при подаче заявки в рамках договора долевого страхования жизни с ООО СК «БКС Страхование жизни»","• 1% — при сроке владения до 183 дней (для паев, приобретенных на ИИС или без указания на ИИС, при подаче заявки УК или агенту, за исключением страховой организации) • 0,5% — при сроке владения 184–365 дней (для паев, приобретенных на ИИС или без указания на ИИС, при подаче заявки УК или агенту, за исключением страховой организации) • не взимается — при сроке владения 366 дней и более (для паев, приобретенных на ИИС или без указания на ИИС, при подаче заявки УК или агенту, за исключением страховой организации) • не взимается — при подаче заявки номинальным держателем или доверительным управляющим • не взимается — при погашении в связи с наступлением особой жизненной ситуации • не взимается — при подаче заявки страховой организацией ООО СК «БКС Страхование жизни»",0.0137485251115785,0.035067962182123,0.0864557275201364,0.1904575439019248,9597099.95847,7594.0,7572.0,1580.88,15171871838.24,643-RUB
6848,БПИФ рыночных финансовых инструментов «Альфа-Капитал Денежный рынок Плюс»,RU000A10AU81,Биржевой,Фонд рыночных финансовых инструментов,Сформирован,"ООО УК ""Альфа-Капитал""",7728142469,https://www.alfacapital.ru,активная,RUONIA (Ruble Overnight Index Average),не предусмотрено,"1,5% от среднегодовой СЧА",1.5,True,nav,не предусмотрено,False,"не более 0,05% от среднегодовой СЧА",0.05,"0,14% от среднегодовой СЧА",0.14,не предусмотрено,не предусмотрено,не предусмотрено,не предусмотрено,0.0106983124589073,0.031966384325946,0.0660622094367245,0.1493409392999556,11869633074.75295,1272791.0,1272783.0,1.24515,14779515904.04,643-RUB
7499,ИПИФ рыночных финансовых инструментов «Контрада Облигации»,RU000A10DTK1,Интервальный,Фонд рыночных финансовых инструментов,Сформирован,АО «Контрада Капитал»,9703206844,https://www.contrada-capital.ru,активная,не предусмотрено,не предусмотрено,"0,3% от среднегодовой СЧА в год",0.3,True,nav,не предусмотрено,False,"не более 0,1% от среднегодовой СЧА в год",0.1,"0,5% от среднегодовой СЧА",0.5,не предусмотрено,не предусмотрено,не предусмотрено,не предусмотрено,0.015779469409657,0.0435107585652756,0.0931905605528205,,13132878.0,1.0,,1116.88,14667887815.54,643-RUB
2204,ОПИФ рыночных финансовых инструментов «Доверительная - фонд Резервный»,RU000A0ZYHN9,Открытый,Фонд рыночных финансовых инструментов,Сформирован,АО УК «Доверительная»,9725182361,https://entrustment.ru/,активная,не предусмотрено,не предусмотрено,"1,9% от среднегодовой СЧА",1.9,True,nav,не предусмотрено,False,"не более 0,2% от среднегодовой СЧА",0.2,"0,3% от среднегодовой СЧА",0.3,не предусмотрено,не предусмотрено,не предусмотрено,не предусмотрено,0.0098631698973773,0.0137354775940022,0.0575556749656695,0.1270679562229575,81452578.44751,3.0,1.0,177.13,14427951420.99,643-RUB
1820,ЗПИФ недвижимости «РВМ Мегаполис»,RU000A0JQYE3,Закрытый,Недвижимости,Сформирован,ООО «УК Финрешения»,5024245898,https://www.finsol-am.ru,активная,не предусмотрено,не предусмотрено,"• 140 млн руб. в год — до 30 июня 2026 года • 0,5% от среднегодовой СЧА, но не более 140 млн руб. в год — с 1 июля 2026 года",0.5,False,mixed,не предусмотрено,False,"не более 0,42% от среднегодовой СЧА",0.42,20% от среднегодовой СЧА,20.0,предусмотрено,квартал,не предусмотрено,не предусмотрено,0.0114066026222897,0.0322934159512012,0.0938723231079319,0.1798307311601668,33432.53699,1.0,,429658.4,14364570242.54,643-RUB
5728,БПИФ рыночных финансовых инструментов «Т-Капитал Локальные валютные облигации»,RU000A107597,Биржевой,Фонд рыночных финансовых инструментов,Сформирован,ООО «Т-Капитал»,7743304530,https://t-capital-funds.ru/,активная,Cbonds Индекс замещающих облигаций,не предусмотрено,"1,5% от среднегодовой СЧА",1.5,True,nav,не предусмотрено,False,"не более 0,059% от среднегодовой СЧА",0.059,"0,04% от среднегодовой СЧА",0.04,не предусмотрено,не предусмотрено,не предусмотрено,не предусмотрено,0.0130270628584604,0.0669101726126637,0.0654548393941537,0.05447,1357248222.6756,162127.0,162087.0,10.5447,14311751280.58,643-RUB
4213,БПИФ рыночных финансовых инструментов «Альфа-Капитал Управляемые акции»,RU000A102E78,Биржевой,Фонд рыночных финансовых инструментов,Сформирован,"ООО УК ""Альфа-Капитал""",7728142469,https://www.alfacapital.ru,активная,Индекс МосБиржи (IMOEX),не предусмотрено,"2,25% от среднегодовой СЧА",2.25,True,nav,не предусмотрено,False,"не более 0,09% от среднегодовой СЧА",0.09,"0,07% от среднегодовой СЧА",0.07,не предусмотрено,не предусмотрено,не предусмотрено,не предусмотрено,0.0092787038159935,-0.0965267541436791,-0.1683053811034028,-0.1152437814029254,82349363.04796,96561.0,96514.0,167.27977,13775382754.44,643-RUB
2569,ОПИФ рыночных финансовых инструментов «Первая – Валютные сбережения»,RU000A0JU054,Открытый,Фонд рыночных финансовых инструментов,Сформирован,АО УК «Первая»,7710183778,https://www.first-am.ru,активная,"• 95% Индекс МосБиржи российских облигаций, номинированных в иностранной валюте (RUEU10) • 5% Индекс МосБиржи государственных облигаций (RUGBITR1Y)",не предусмотрено,"1,0% от среднегодовой СЧА",1.0,True,nav,не предусмотрено,False,"не более 0,15% от среднегодовой СЧА",0.15,"0,5% от среднегодовой СЧА",0.5,не предусмотрено,не предусмотрено,не предусмотрено,"• 2% — при сроке владения до 180 дней • 1,5% — при сроке владения 181–365 дней • 1% — при сроке владения 366–547 дней • 0,5% — при сроке владения 548–731 дней • не взимается — при сроке владения 732 дня и более • не взимается — при подаче заявки номинальным держателем или доверительным управляющим",0.0111521638019785,0.057866738107084,0.0547814520437421,0.0334353485341323,7095061.3680062,17058.0,17056.0,1934.87,13728002616.88,643-RUB
2004,ОПИФ рыночных финансовых инструментов «Оборонный»,RU000A104G33,Открытый,Фонд рыночных финансовых инструментов,Сформирован,"ООО ""УК ПРОМСВЯЗЬ""",7718218817,https://www.upravlyaem.ru,активная,• 95% Индекс МосБиржи активов пенсионных накоплений консервативный (RUPCI) • 5% Индекс МосБиржи Облигаций с переменным купоном (RUFLBITR),не предусмотрено,"1,5% от среднегодовой СЧА",1.5,True,nav,не предусмотрено,False,"0,29% от среднегодовой СЧА",0.29,1% от среднегодовой СЧА,1.0,не предусмотрено,не предусмотрено,не предусмотрено,"• 2% — при сроке владения до 180 дней • 1,5% — при сроке владения 181–365 дней • 1% — при сроке владения более 365 дней • не взимается — при сроке владения до 30 дней • не взимается — при подаче заявки юридическим лицом, являющимся профессиональным участником рынка ценных бумаг",0.0118649055541577,0.0262560287215867,0.0668996033780319,0.1264385824977212,5765371.98537,42328.0,42328.0,2372.55,13678621341.44,643-RUB
0242,ОПИФ рыночных финансовых инструментов «Райффайзен – Облигации»,-,Открытый,Фонд рыночных финансовых инструментов,Сформирован,ООО «УК Райффайзен»,7702358512,https://www.raiffeisen-capital.ru/,активная,"• 50% Индекс государственных облигаций, номинированных в рублях (RGBITR) • 40% Индекс корпоративных облигаций, номинированных в рублях со сроком дюрации 3 года (RUCBTR3YNS) • 10% Индекс корпоративных облигаций, номинированных в рублях со сроком дюрации 5 лет (RUCBTR5YNS)",не предусмотрено,"1,8% от среднегодовой СЧА",1.8,True,nav,не предусмотрено,False,"не более 0,21% от среднегодовой СЧА",0.21,"0,5% от среднегодовой СЧА",0.5,не предусмотрено,не предусмотрено,не предусмотрено,"• 3% — при сроке владения до 91 дня включительно • 2% — при сроке владения 92–365 дней включительно • не взимается — при сроке владения более 365 дней • не взимается — при подаче заявки доверительным управляющим или номинальным держателем по поручению доверительного управляющего • не взимается — при подаче заявки страховой организацией, действующей от имени физического лица по Договору ДСЖ и являющейся агентом",0.0203852183588852,-0.0144839951866506,0.028128528812896,0.0609351954435873,368498.04119,9329.0,9329.0,37001.77,13635080746.87,643-RUB
1148,ОПИФ рыночных финансовых инструментов «Мой сейф»,-,Открытый,Фонд рыночных финансовых инструментов,Сформирован,"АО УК ""Ингосстрах - Инвестиции""",7705136973,https://www.ingosinvest-am.ru,активная,Индекс МосБиржи Государственных Облигаций RUGBITR1Y (RUGBITR1Y),не предусмотрено,"0,4% от среднегодовой СЧА",0.4,True,nav,не предусмотрено,False,"не более 0,5% от среднегодовой СЧА",0.5,"0,2% от среднегодовой СЧА",0.2,не предусмотрено,не предусмотрено,"• 1,5% — при подаче заявки агентам или УК • не взимается — при зачислении паев на лицевой счет номинального держателя или доверительного управляющего",не предусмотрено,0.0111380834935493,0.0268520527232685,0.0661099037905012,0.1511741711819538,850331.9285291,231.0,229.0,15619.96,13282148782.27,643-RUB
7429,ЗПИФ недвижимости «ВИМ РД 3»,RU000A10DPG7,Закрытый,Недвижимости,Сформирован,ООО ВИМ Сбережения,7722270922,https://www.wimsavings.ru,активная,не предусмотрено,не предусмотрено,"• 0% от среднегодовой СЧА — первые 3 месяца после завершения формирования • 1,5% от среднегодовой СЧА — после 3 месяцев",1.5,True,nav,не предусмотрено,False,"не более 0,5% от среднегодовой СЧА",0.5,• 95% от среднегодовой СЧА — первые 6 месяцев после завершения формирования • 15% от среднегодовой СЧА — после 6 месяцев,15.0,предусмотрено,месяц,"1,5% — после завершения формирования фонда",не предусмотрено,0.010264547777448,0.0302490473728764,0.0634262011795864,,13084211.21532,7694.0,7693.0,1011.18,13230527074.26,643-RUB
4100,БПИФ рыночных финансовых инструментов «Т-Капитал Индекс МосБиржи»,RU000A101X76,Биржевой,Фонд рыночных финансовых инструментов,Сформирован,ООО «Т-Капитал»,7743304530,https://t-capital-funds.ru/,пассивная,Индекс МосБиржи полной доходности «брутто» (MCFTR),"• не более 0,5% по модулю — за 20 рабочих дней • не более 3% по модулю — за 250 рабочих дней","0,7% от среднегодовой СЧА",0.7,True,nav,не предусмотрено,False,"не более 0,059% от среднегодовой СЧА",0.059,"0,04% от среднегодовой СЧА",0.04,не предусмотрено,не предусмотрено,не предусмотрено,не предусмотрено,-0.0161304664852656,-0.1184447454386106,-0.1571008486584493,-0.123570229080194,2335841854.00435,2049176.0,2049130.0,5.5322,12922380390.4,643-RUB
3965,БПИФ рыночных финансовых инструментов «Индекс МосБиржи»,RU000A101EJ5,Биржевой,Фонд рыночных финансовых инструментов,Сформирован,АО ВИМ Инвестиции,7701140866,https://www.wealthim.ru,пассивная,Индекс МосБиржи полной доходности 2 (MCF2TR),"• не более 0,5% по модулю — за 20 рабочих дней • не более 3% по модулю — за 250 рабочих дней","не более 0,5% от среднегодовой СЧА",0.5,False,nav,не предусмотрено,False,"не более 0,07% от среднегодовой СЧА",0.07,"0,1% от среднегодовой СЧА",0.1,не предусмотрено,не предусмотрено,не предусмотрено,не предусмотрено,-0.0135691785800824,-0.1197203402046995,-0.1525811823480434,-0.1200374666762735,104062381.61731,155985.0,155932.0,122.13,12708962812.23,643-RUB
5496,ОПИФ рыночных финансовых инструментов «ВИМ - Облигации. Рантье»,RU000A1079N7,Открытый,Фонд рыночных финансовых инструментов,Сформирован,АО ВИМ Инвестиции,7701140866,https://www.wealthim.ru,активная,Индекс МосБиржи Корпоративных Облигаций (RUCBTRNS),не предусмотрено,"1,5% от среднегодовой СЧА",1.5,True,nav,не предусмотрено,False,"не более 0,11% от среднегодовой СЧА",0.11,"0,23% от среднегодовой СЧА",0.23,предусмотрено,квартал,не предусмотрено,"• 2% — паи приобретены до 08.11.2024, срок владения до 180 дней • 1,5% — паи приобретены до 08.11.2024, срок владения 180–364 дня • 1% — паи приобретены до 08.11.2024, срок владения 365–729 дней • 0,5% — паи приобретены до 08.11.2024, срок владения 730–1094 дня • не взимается — паи приобретены до 08.11.2024, срок владения 1095 дней и более • 2,5% — паи приобретены после 08.11.2024, срок владения до 730 дней • 2% — паи приобретены после 08.11.2024, срок владения 730–1094 дня • 1,5% — паи приобретены после 08.11.2024, срок владения 1095–1459 дней • 0,5% — паи приобретены после 08.11.2024, срок владения 1460–1824 дня • не взимается — паи приобретены после 08.11.2024, срок владения 1825 дней и более • не устанавливается — при подаче заявки номинальным держателем • не устанавливается — при подаче заявки доверительным управляющим",0.0169733937355761,0.0130074047803513,0.0620855993963896,0.1221,229607.28178,8840.0,8839.0,55206.36,12675781690.38,643-RUB
0011,ОПИФ рыночных финансовых инструментов «Первая – Фонд российских акций»,RU000A0EQ3R3,Открытый,Фонд рыночных финансовых инструментов,Сформирован,АО УК «Первая»,7710183778,https://www.first-am.ru,активная,MCFWTR – «Индекс МосБиржи – активное управление»,не предусмотрено,"3,2% от среднегодовой СЧА",3.2,True,nav,не предусмотрено,False,"не более 0,15% от среднегодовой СЧА",0.15,"0,5% от среднегодовой СЧА",0.5,не предусмотрено,не предусмотрено,не предусмотрено,"• 2% — при сроке владения до 180 дней • 1,5% — при сроке владения 181–365 дней • 1% — при сроке владения 366–547 дней • 0,5% — при сроке владения 548–731 дней • не взимается — при сроке владения 732 дня и более • не взимается — при погашении в связи с наступлением страхового случая по Договору ДСЖ • 2% — при подаче заявки номинальным держателем до 30.06.2026 включительно • 2% — при сроке владения до 180 дней (для номинального держателя с 01.07.2026) • 1,5% — при сроке владения 181–365 дней (для номинального держателя с 01.07.2026) • 1% — при сроке владения 366–547 дней (для номинального держателя с 01.07.2026) • 0,5% — при сроке владения 548–731 дней (для номинального держателя с 01.07.2026) • не взимается — при сроке владения 732 дня и более (для номинального держателя с 01.07.2026)",-0.0154207749775617,-0.1189335268649325,-0.1790959119750802,-0.1374271387712247,794290.4958679,80085.0,80051.0,15248.08,12112373044.12,643-RUB
0465,"ЗПИФ Недвижимости ""ФРИР""",-,Закрытый,Недвижимости,Сформирован,"ООО УК ""ДД Калита""",7710684453,https://www.ukkalita.com,активная,не предусмотрено,не предусмотрено,"1,02% от среднегодовой СЧА (до 01.01.2013); 0,86% от среднегодовой СЧА (с 01.01.2013)",0.86,True,nav,не предусмотрено,False,"не более 2,5% от среднегодовой СЧА",2.5,30% от среднегодовой СЧА (без учета налогов и обязательных платежей),30.0,предусмотрено,месяц,не предусмотрено,не предусмотрено,0.0014265335235379,0.0133718320026057,0.019094297237964,0.1053725193259259,10000000.0,7.0,7.0,1099.16,10991646424.48,643-RUB
2547,ОПИФ рыночных финансовых инструментов «Газпромбанк - Облигации плюс»,-,Открытый,Фонд рыночных финансовых инструментов,Сформирован,АО «ААА Управление Капиталом»,7722515837,https://aaacapital.ru,активная,не предусмотрено,не предусмотрено,2% от среднегодовой СЧА,2.0,True,nav,не предусмотрено,False,"не более 0,15% от среднегодовой СЧА",0.15,"0,2% от среднегодовой СЧА",0.2,не предусмотрено,не предусмотрено,"• 1% — при подаче заявки агентам, через Цифровые каналы (кроме оплаты картой не ГПБ), или в бумажной форме при сумме менее 5 млн руб. • 1,5% — при подаче заявки через Цифровые каналы с оплатой картой не ГПБ • не взимается — при подаче заявки в бумажной форме при сумме от 5 млн руб., от доверительного управляющего, от номинального держателя",• 2% — при сроке владения до 182 дней • 1% — при сроке владения 183–1096 дней • не взимается — при сроке владения более 1096 дней • не взимается — при подаче заявки номинальным держателем или доверительным управляющим,0.010453325272938,0.0136997675190967,0.0586064291396021,0.1226576898935342,3790811.17418,16659.0,16658.0,2808.07,10644861019.17,643-RUB
0051,"ОПИФ рыночных финансовых инструментов ""Первая - Сбалансированный""",RU000A0EQ3P7,Открытый,Фонд рыночных финансовых инструментов,Сформирован,АО УК «Первая»,7710183778,https://www.first-am.ru,активная,• 50% Индекс МосБиржи Корпоративных Облигаций (RUCBTRAAANS) • 50% Индекс МосБиржи полной доходности «брутто» (MCFTR),не предусмотрено,"3,1% от среднегодовой СЧА",3.1,True,nav,не предусмотрено,False,"не более 0,15% от среднегодовой СЧА",0.15,"0,5% от среднегодовой СЧА",0.5,не предусмотрено,не предусмотрено,не предусмотрено,"• 2% — при подаче заявки УК, агенту ПАО Сбербанк или агенту ООО СК «Сбербанк страхование жизни» и сроке владения до 180 дней • 1,5% — при подаче заявки УК, агенту ПАО Сбербанк или агенту ООО СК «Сбербанк страхование жизни» и сроке владения 181–365 дней • 1% — при подаче заявки УК, агенту ПАО Сбербанк или агенту ООО СК «Сбербанк страхование жизни» и сроке владения 366–547 дней • 0,5% — при подаче заявки УК, агенту ПАО Сбербанк или агенту ООО СК «Сбербанк страхование жизни» и сроке владения 548–731 дней • не взимается — при подаче заявки УК, агенту ПАО Сбербанк или агенту ООО СК «Сбербанк страхование жизни» и сроке владения 732 дня и более • 2% — при подаче заявки номинальным держателем до 30.06.2026 включительно • 2% — при подаче заявки номинальным держателем с 01.07.2026 и сроке владения до 180 дней • 1,5% — при подаче заявки номинальным держателем с 01.07.2026 и сроке владения 181–365 дней • 1% — при подаче заявки номинальным держателем с 01.07.2026 и сроке владения 366–547 дней • 0,5% — при подаче заявки номинальным держателем с 01.07.2026 и сроке владения 548–731 дней • не взимается — при подаче заявки номинальным держателем с 01.07.2026 и сроке владения 732 дня и более • не взимается — при погашении в связи с наступлением страхового случая по Договору ДСЖ",-0.0052358305779794,-0.0834636867965848,-0.1197733442859605,-0.05838640473809,83248.5794289,45905.0,45897.0,127193.72,10588696097.69,643-RUB
0968,ОПИФ рыночных финансовых инструментов «ВИМ - Акции»,RU000A0JR282,Открытый,Фонд рыночных финансовых инструментов,Сформирован,АО ВИМ Инвестиции,7701140866,https://www.wealthim.ru,активная,Индекс МосБиржи полной доходности «брутто» (MCFTR),не предусмотрено,"3,2% от среднегодовой СЧА",3.2,True,nav,не предусмотрено,False,"не более 0,13% от среднегодовой СЧА",0.13,"0,09% от среднегодовой СЧА",0.09,не предусмотрено,не предусмотрено,не предусмотрено,"• 2% — при сроке владения до 180 дней, паи приобретены до 08.11.2024 • 1,5% — при сроке владения 181–365 дней, паи приобретены до 08.11.2024 • 1% — при сроке владения 366–730 дней, паи приобретены до 08.11.2024 • 0,5% — при сроке владения 731–1095 дней, паи приобретены до 08.11.2024 • не взимается — при сроке владения 1095+ дней, паи приобретены до 08.11.2024 • 2,5% — при сроке владения до 730 дней, паи приобретены после 08.11.2024 • 2% — при сроке владения 731–1095 дней, паи приобретены после 08.11.2024 • 1,5% — при сроке владения 1096–1460 дней, паи приобретены после 08.11.2024 • 0,5% — при сроке владения 1461–1825 дней, паи приобретены после 08.11.2024 • не взимается — при сроке владения 1825+ дней, паи приобретены после 08.11.2024 • не устанавливается — при подаче заявки номинальным держателем • не устанавливается — при подаче заявки доверительным управляющим • не устанавливается — при подаче заявки агентом-страховой организацией или при наступлении страхового случая по ДСЖ",-0.0272266779231743,-0.1085106382978723,-0.1686507936507936,-0.1129715165511932,227908651.95893,28136.0,28125.0,46.09,10503323549.31,643-RUB
3647,БПИФ рыночных финансовых инструментов «Российские облигации»,RU000A1002S8,Биржевой,Фонд рыночных финансовых инструментов,Сформирован,АО ВИМ Инвестиции,7701140866,https://www.wealthim.ru,пассивная,Индекс МосБиржи Корпоративных Облигаций (RUCBTRNS),не более 5% по модулю — за 250 рабочих дней,"не более 0,52% от среднегодовой СЧА",0.52,False,nav,не предусмотрено,False,"не более 0,09% от среднегодовой СЧА",0.09,"не более 0,1% от среднегодовой СЧА",0.1,не предусмотрено,не предусмотрено,не предусмотрено,не предусмотрено,0.0128742806983321,0.02842146959794,0.0828423961211615,0.1639766868415153,48907820.59365,113815.0,113783.0,207.7,10158121725.57,643-RUB
0241,ОПИФ рыночных финансовых инструментов «Райффайзен – Акции»,RU000A103331,Открытый,Фонд рыночных финансовых инструментов,Сформирован,ООО «УК Райффайзен»,7702358512,https://www.raiffeisen-capital.ru/,активная,Индекс МосБиржи полной доходности (MCFTR),не предусмотрено,"3,9% от среднегодовой СЧА",3.9,True,nav,не предусмотрено,False,"не более 0,62% от среднегодовой СЧА",0.62,"0,6% от среднегодовой СЧА",0.6,не предусмотрено,не предусмотрено,не предусмотрено,"• 3% — при сроке владения до 730 дней включительно • 1% — при сроке владения 731–1095 дней включительно • не взимается — при сроке владения более 1095 дней • не взимается — при подаче заявки доверительным управляющим • не взимается — при подаче заявки номинальным держателем по поручению доверительного управляющего • не взимается — при подаче заявки страховой организацией, действующей от имени физического лица по Договору ДСЖ и являющейся агентом УК • не взимается — при подаче заявки лицом, осуществляющим функции маркет-мейкера фонда • не взимается — при подаче заявки номинальным держателем по поручению страховой организации (юридического лица с лицензией на страхование)",-0.0132415642735779,-0.1125583969016151,-0.1841026790866493,-0.1734702322547303,219811.38415,12292.0,12290.0,45740.24,10054226520.22,643-RUB
0962,ОПИФ рыночных финансовых инструментов «ВИМ - Сбалансированные инвестиции»,RU000A0JR2A5,Открытый,Фонд рыночных финансовых инструментов,Сформирован,АО ВИМ Инвестиции,7701140866,https://www.wealthim.ru,активная,• 50% Индекс МосБиржи полной доходности «брутто» (MCFTR) • 50% Индекс МосБиржи корпоративных облигаций (RUCBTRNS),не предусмотрено,3% от среднегодовой СЧА,3.0,True,nav,не предусмотрено,False,"не более 0,13% от среднегодовой СЧА",0.13,"0,12% от среднегодовой СЧА",0.12,не предусмотрено,не предусмотрено,не предусмотрено,"• 2% — паи приобретены до 08.11.2024, срок владения до 180 дней • 1,5% — паи приобретены до 08.11.2024, срок владения 181–365 дней • 1% — паи приобретены до 08.11.2024, срок владения 366–730 дней • 0,5% — паи приобретены до 08.11.2024, срок владения 731–1095 дней • не взимается — паи приобретены до 08.11.2024, срок владения 1095+ дней • 2,5% — паи приобретены после 08.11.2024, срок владения до 730 дней • 2% — паи приобретены после 08.11.2024, срок владения 731–1095 дней • 1,5% — паи приобретены после 08.11.2024, срок владения 1096–1465 дней • 0,5% — паи приобретены после 08.11.2024, срок владения 1466–1825 дней • не взимается — паи приобретены после 08.11.2024, срок владения 1825+ дней • не устанавливается — при подаче заявки номинальным держателем • не устанавливается — при подаче заявки доверительным управляющим",-0.0058934961060829,-0.0291880781089414,-0.0600995024875622,0.0276327241079198,206425482.97004,24535.0,24535.0,47.23,9748736664.25,643-RUB
4458,БПИФ рыночных финансовых инструментов «Т-Капитал Облигации»,RU000A1039N1,Биржевой,Фонд рыночных финансовых инструментов,Сформирован,ООО «Т-Капитал»,7743304530,https://t-capital-funds.ru/,активная,не предусмотрено,не предусмотрено,"1,5% от среднегодовой СЧА",1.5,True,nav,не предусмотрено,False,"не более 0,059% от среднегодовой СЧА",0.059,"0,04% от среднегодовой СЧА",0.04,не предусмотрено,не предусмотрено,не предусмотрено,не предусмотрено,0.018226135040745,0.0189798915088042,0.0767760964349832,0.1642840305606011,1160491529.7203,447398.0,447368.0,8.3967,9744289835.37,643-RUB
6170,БПИФ рыночных финансовых инструментов «ПСБ – Денежный рынок»,RU000A108G96,Биржевой,Фонд рыночных финансовых инструментов,Сформирован,"ООО ""УК ПРОМСВЯЗЬ""",7718218817,https://www.upravlyaem.ru,активная,индикатор стоимости обеспеченных денег RUSFAR (Russian Secured Funding Average Rate) (RUSFAR),не предусмотрено,"0,3% от среднегодовой СЧА",0.3,True,nav,не предусмотрено,False,"не более 0,28% от среднегодовой СЧА",0.28,"0,18% от среднегодовой СЧА",0.18,не предусмотрено,не предусмотрено,не предусмотрено,не предусмотрено,0.0117617318886884,0.0350262193807916,0.0721083373637411,0.1615717003643868,669568518.10043,10576.0,10568.0,14.4086,9647532027.32,643-RUB
3891,ЗПИФ недвижимости «РД»,RU000A102N77,Закрытый,Недвижимости,Сформирован,ООО ВИМ Сбережения,7722270922,https://www.wimsavings.ru,активная,не предусмотрено,не предусмотрено,"• 2,5% от среднегодовой СЧА — до 01 ноября 2020 года • 1,5% от среднегодовой СЧА — с 01 ноября 2020 года по 31 октября 2023 года • 2% от среднегодовой СЧА — с 01 ноября 2023 года",2.0,True,nav,не предусмотрено,False,"не более 0,5% от среднегодовой СЧА",0.5,30% от среднегодовой СЧА,30.0,предусмотрено,квартал,не предусмотрено,не предусмотрено,0.0218178544322918,0.0369112061096458,0.1196893273527106,0.181991137540704,63049.3263,4280.0,4270.0,152311.73,9603151980.56,643-RUB
2356,ОПИФ рыночных финансовых инструментов «Райффайзен –Мультивалютные облигации»,-,Открытый,Фонд рыночных финансовых инструментов,Сформирован,ООО «УК Райффайзен»,7702358512,https://www.raiffeisen-capital.ru/,активная,"• 50% Индекс МосБиржи российских облигаций, номинированных в иностранной валюте (в долларах) (RUEU10) • 40% Индекс МосБиржи государственных облигаций в рублях (RGBITR) • 10% Индекс МосБиржи облигаций, номинированных в китайских юанях (RUCNYTR)",не предусмотрено,"1,6% от среднегодовой СЧА",1.6,True,nav,не предусмотрено,False,"не более 0,4% от среднегодовой СЧА",0.4,"0,5% от среднегодовой СЧА",0.5,не предусмотрено,не предусмотрено,не предусмотрено,"• 3% — при сроке владения до 91 дня включительно • 2% — при сроке владения 92–365 дней включительно • не взимается — при сроке владения более 365 дней • не взимается — при подаче заявки доверительным управляющим или номинальным держателем по его поручению • не взимается — при подаче заявки лицом, осуществляющим функции маркет-мейкера фонда • не взимается — при подаче заявки номинальным держателем по поручению страховой организации",-0.0095013993784584,0.0279696468763666,0.0336187697452012,-0.0018257409724116,451924.18225,3058.0,3057.0,21223.78,9591538207.56,643-RUB
6930,ОПИФ рыночных финансовых инструментов «Первый долевой»,-,Открытый,Фонд рыночных финансовых инструментов,Сформирован,ООО СК «Сбербанк страхование жизни»,7744002123,https://sberbank-insurance.ru/,активная,• 40% RUSFARIND • 50% RUFLBITR • 10% RUCBTRNS,не предусмотрено,"0,9% от среднегодовой СЧА",0.9,True,nav,не предусмотрено,False,"не более 0,08% от среднегодовой СЧА",0.08,"0,25% от среднегодовой СЧА",0.25,не предусмотрено,не предусмотрено,не предусмотрено,не предусмотрено,0.0123354595770236,0.0352978280174953,0.0777684657986366,0.1672312154954618,7487131.62853,5086.0,5086.0,1247.42,9339598499.8,643-RUB
3636,БПИФ рыночных финансовых инструментов «Первая – Фонд Валютных Облигаций»,RU000A1000Q6,Биржевой,Фонд рыночных финансовых инструментов,Сформирован,АО УК «Первая»,7710183778,https://www.first-am.ru,активная,"Индекс МосБиржи российских облигаций, номинированных в иностранной валюте (RUEU10)",не предусмотрено,"0,6% от среднегодовой СЧА",0.6,True,nav,не предусмотрено,False,"не более 0,1% от среднегодовой СЧА",0.1,"0,2% от среднегодовой СЧА",0.2,не предусмотрено,не предусмотрено,"1,5% — при выдаче инвестиционных паев после завершения формирования фонда, но не более 1,5% от расчетной стоимости пая",не предусмотрено,0.0076021816222356,0.0542142514303999,0.0462037471080129,0.0009186522575698,6648376.0,25578.0,25537.0,1383.73,9199574859.77,643-RUB
7272,ОПИФ рыночных финансовых инструментов «Пульс рынка»,-,Открытый,Фонд рыночных финансовых инструментов,Сформирован,ООО СК «Сбербанк страхование жизни»,7744002123,https://sberbank-insurance.ru/,активная,• 30% Индекс МосБиржи Корпоративных Облигаций (RUCBTRNS) • 30% Индекс МосБиржи полной доходности «брутто» (MCFTR) • 30% Индекс МосБиржи аффинированного золота (RUGOLD) • 10% Индекс накопленной доходности RUSFAR (RUSFARIND),не предусмотрено,2% от среднегодовой СЧА,2.0,True,nav,не предусмотрено,False,"не более 0,08% от среднегодовой СЧА",0.08,"0,25% от среднегодовой СЧА",0.25,не предусмотрено,не предусмотрено,не предусмотрено,"• 2% — при сроке владения до 180 дней • 1,5% — при сроке владения 181–365 дней • 1% — при сроке владения 366–547 дней • 0,5% — при сроке владения 548–731 дней • не взимается — при сроке владения 732 дня и более",0.0073195032207786,-0.0554003552134981,-0.0886657742079429,,8780050.82438,8385.0,8385.0,1021.15,8965777610.87,643-RUB
0243,ОПИФ рыночных финансовых инструментов «Райффайзен - Компании роста»,RU000A100SN9,Открытый,Фонд рыночных финансовых инструментов,Сформирован,ООО «УК Райффайзен»,7702358512,https://www.raiffeisen-capital.ru/,активная,Индекс МосБиржи полной доходности «брутто» (MCFTR),не предусмотрено,"3,9% от среднегодовой СЧА",3.9,True,nav,не предусмотрено,False,"не более 0,62% от среднегодовой СЧА",0.62,"0,6% от среднегодовой СЧА",0.6,не предусмотрено,не предусмотрено,не предусмотрено,• 3% — при сроке владения до 730 дней включительно • 1% — при сроке владения 731–1095 дней включительно • не взимается — при сроке владения более 1095 дней • не взимается — при подаче заявки доверительным управляющим или номинальным держателем по поручению доверительного управляющего,0.0072042245737913,-0.0911292121581179,-0.1759214176341816,-0.132655693392361,272153.47819,11635.0,11632.0,32716.34,8903866025.25,643-RUB
0092,ОПИФ рыночных финансовых инструментов «ВИМ - Сбалансированный»,RU000A0JNWK1,Открытый,Фонд рыночных финансовых инструментов,Сформирован,АО ВИМ Инвестиции,7701140866,https://www.wealthim.ru,активная,• 50% Индекс МосБиржи полной доходности «брутто» (MCFTR) • 50% Индекс МосБиржи Корпоративных Облигаций (RUCBTRNS),не предусмотрено,3% от среднегодовой СЧА,3.0,True,nav,не предусмотрено,False,"не более 0,13% от среднегодовой СЧА",0.13,"0,09% от среднегодовой СЧА",0.09,не предусмотрено,не предусмотрено,не предусмотрено,"• 2% — паи приобретены до 08.11.2024, срок владения до 180 дней • 1,5% — паи приобретены до 08.11.2024, срок владения 181–365 дней • 1% — паи приобретены до 08.11.2024, срок владения 366–730 дней • 0,5% — паи приобретены до 08.11.2024, срок владения 731–1095 дней • не взимается — паи приобретены до 08.11.2024, срок владения 1095+ дней • 2,5% — паи приобретены после 08.11.2024, срок владения до 730 дней • 2% — паи приобретены после 08.11.2024, срок владения 731–1095 дней • 1,5% — паи приобретены после 08.11.2024, срок владения 1096–1460 дней • 0,5% — паи приобретены после 08.11.2024, срок владения 1461–1825 дней • не взимается — паи приобретены после 08.11.2024, срок владения 1825+ дней • не устанавливается — при подаче заявки номинальным держателем или доверительным управляющим • не устанавливается — при подаче заявки агентом-страховой организацией или при наступлении страхового случая по ДСЖ",-0.0114458214943096,-0.0497589636237412,-0.0692289792672811,0.0127160393472365,445516.08749,10110.0,10106.0,19559.79,8714201059.19,643-RUB
0258,"ОПИФ рыночных финансовых инструментов ""Финансовая подушка""",RU000A0JPR84,Открытый,Фонд рыночных финансовых инструментов,Сформирован,"ООО ""УК ПРОМСВЯЗЬ""",7718218817,https://www.upravlyaem.ru,активная,Индекс государственных облигаций (≤ 1 года) — совокупный доход (RUGBITR1Y),не предусмотрено,1% от среднегодовой СЧА,1.0,True,nav,не предусмотрено,False,"0,29% от среднегодовой СЧА",0.29,"0,6% от среднегодовой СЧА",0.6,не предусмотрено,не предусмотрено,не предусмотрено,не предусмотрено,0.0112898701222002,0.0320161819896263,0.0741898553527833,0.1425783286278468,1015537.23005,23456.0,23456.0,8219.4,8347103982.06,643-RUB
4929,ОПИФ рыночных финансовых инструментов «Альфа - Капитал Сбалансированный с выплатой дохода»,RU000A106C76,Открытый,Фонд рыночных финансовых инструментов,Сформирован,"ООО УК ""Альфа-Капитал""",7728142469,https://www.alfacapital.ru,активная,не предусмотрено,не предусмотрено,"3,1% от среднегодовой СЧА",3.1,True,nav,не предусмотрено,False,"не более 0,09% от среднегодовой СЧА",0.09,"0,07% от среднегодовой СЧА",0.07,предусмотрено,квартал,"• 1,4% — при подаче заявки УК или агентам АО «АЛЬФА-БАНК», ПАО «БАНК УРАЛСИБ» при сумме менее 500 тыс. руб. • 0,9% — при подаче заявки УК или агентам АО «АЛЬФА-БАНК», ПАО «БАНК УРАЛСИБ» при сумме от 500 тыс. руб. до 2,999 млн руб. • 0,5% — при подаче заявки УК или агентам АО «АЛЬФА-БАНК», ПАО «БАНК УРАЛСИБ» при сумме 3 млн руб. и более • не взимается — при подаче заявки УК номинальным держателем или доверительным управляющим","• 1% — при сроке владения до 365 дней • 0,5% — при сроке владения 366–730 дней • не взимается — при сроке владения 731 день и более, при подаче заявки номинальным держателем, при подаче заявки доверительным управляющим",0.011,-0.062,-0.098,-0.047,6612126.80684,5210.0,5207.0,1217.61,8050961106.46,643-RUB
2241,ОПИФ рыночных финансовых инструментов «Райффайзен – Золото»,RU000A0JURA7,Открытый,Фонд рыночных финансовых инструментов,Сформирован,ООО «УК Райффайзен»,7702358512,https://www.raiffeisen-capital.ru/,активная,показатель цен на аффинированное золото (GLDRUB_TOM),не предусмотрено,"2,4% от среднегодовой СЧА",2.4,True,nav,не предусмотрено,False,"не более 0,42% от среднегодовой СЧА",0.42,"0,6% от среднегодовой СЧА",0.6,не предусмотрено,не предусмотрено,не предусмотрено,• 3% — при сроке владения до 730 дней включительно • 1% — при сроке владения 731–1095 дней включительно • не взимается — при сроке владения более 1095 дней • не взимается — при подаче заявки номинальным держателем по поручению страховой организации • не взимается — при подаче заявки доверительным управляющим или номинальным держателем по поручению доверительного управляющего,0.0125184905046172,-0.0786230939147576,-0.1729630050582728,0.1887541984595532,252691.39464,11557.0,11556.0,31725.9,8016861429.19,643-RUB
5061,БПИФ рыночных финансовых инструментов «Первая – Фонд Доступное золото»,RU000A105385,Биржевой,Фонд рыночных финансовых инструментов,Сформирован,АО УК «Первая»,7710183778,https://www.first-am.ru,пассивная,GLDRUB_TOM,не более 5% по модулю — за 250 рабочих дней,"0,35% от среднегодовой СЧА",0.35,True,nav,не предусмотрено,False,"не более 0,05% от среднегодовой СЧА",0.05,"0,9% от среднегодовой СЧА",0.9,не предусмотрено,не предусмотрено,"1,5% — при выдаче инвестиционных паев после завершения формирования фонда, но не более 1,5% от расчетной стоимости пая",не предусмотрено,0.0134302438631899,-0.0742440993351321,-0.1598863870067645,0.215594651653765,261267900.0,119750.0,119727.0,30.2288,7897805142.01,643-RUB
0853,ЗПИФ рентный «Казанский земельный инвестиционный фонд»,RU000A109LB0,Закрытый,Рентный,Сформирован,"ООО ""УК ""Капитал-Траст-Инвест""",1660108972,https://www.uk-capitalinvest.ru,активная,не предусмотрено,не предусмотрено,"7 млн руб. в месяц, но не более 9% от среднегодовой СЧА",9.0,False,mixed,не предусмотрено,False,не более 1% от среднегодовой СЧА,1.0,25% от среднегодовой СЧА,25.0,не предусмотрено,не предусмотрено,не предусмотрено,не предусмотрено,0.0044092794392228,-0.0023526769262506,0.0962150110803837,0.5632266762286722,92400.30005,4.0,1.0,84924.04,7847006410.94,643-RUB
1451,ЗПИФ Недвижимости «Ай Пи Ти - Недвижимость»,-,Закрытый,Недвижимости,Сформирован,"ООО УК ""ДД Калита""",7710684453,https://www.ukkalita.com,активная,не предусмотрено,не предусмотрено,"0,59% от среднегодовой СЧА",0.59,True,nav,не предусмотрено,False,"не более 2,5% от среднегодовой СЧА",2.5,30% от среднегодовой СЧА,30.0,предусмотрено,месяц,не предусмотрено,не предусмотрено,0.0135038418274549,0.078898043725665,0.1312381016883271,0.242926294333593,1100000.0,5.0,5.0,6883.29,7571617612.34,643-RUB
7052,ЗПИФ недвижимости «ПИИ-рентный»,-,Закрытый,Недвижимости,Сформирован,"АО УК ""Прогрессивные инвестиционные идеи""",7723594775,https://www.progressinvest.ru,активная,не предусмотрено,не предусмотрено,"0,584647% от среднегодовой СЧА",0.584647,True,nav,не предусмотрено,False,не более 1% от среднегодовой СЧА,1.0,50% от среднегодовой СЧА,50.0,не предусмотрено,не предусмотрено,не предусмотрено,не предусмотрено,0.0103836402571158,0.0291729778398863,0.0560292469564073,,655.325,1.0,,11102891.48,7276002358.39,643-RUB
6459,БПИФ рыночных финансовых инструментов «Финам – Денежный рынок»,RU000A109LD6,Биржевой,Фонд рыночных финансовых инструментов,Сформирован,"ООО ""УК ""Финам Менеджмент""",7744002606,https://www.fdu.ru,пассивная,Индекс накопленной доходности RUSFARIND (RUSFARIND),не более 5% по модулю — за 250 рабочих дней,"0,2% от среднегодовой СЧА",0.2,True,nav,не предусмотрено,False,"не более 0,2% от среднегодовой СЧА",0.2,"не более 0,15% от среднегодовой СЧА",0.15,не предусмотрено,не предусмотрено,не предусмотрено,не предусмотрено,0.0115515844402982,0.0348365019011406,0.0715039370078741,0.1620922288642186,522062659.18546,17699.0,17646.0,13.6081,7104276653.16,643-RUB
0907,ЗПИФ рыночных финансовых инструментов «Альфа-Капитал Глобальный баланс»,RU000A0JRXK0,Закрытый,Фонд рыночных финансовых инструментов,Сформирован,"ООО УК ""Альфа-Капитал""",7728142469,https://www.alfacapital.ru,активная,не предусмотрено,не предусмотрено,"не более 2,5% от среднегодовой СЧА",2.5,False,nav,не предусмотрено,False,"не более 0,14% от среднегодовой СЧА",0.14,"0,4% от среднегодовой СЧА",0.4,не предусмотрено,не предусмотрено,не предусмотрено,не предусмотрено,,,,,6605013.00206,31002.0,30983.0,1061.96,7014233357.58,643-RUB
1405,ЗПИФ недвижимости «Казанский гастроном»,-,Закрытый,Недвижимости,Сформирован,"ООО ""УК ""ЭнергоИнвестКапитал""",7716580524,https://www.energoinvestcapital.ru,активная,не предусмотрено,не предусмотрено,"0,18% от среднегодовой СЧА",0.18,True,nav,не предусмотрено,False,не более 1% от среднегодовой СЧА,1.0,20% от среднегодовой СЧА,20.0,не предусмотрено,не предусмотрено,не предусмотрено,не предусмотрено,-0.0005069533746073,0.0111928607756834,0.00901238982775,0.014850546887367,365000.0,1.0,,18848.19,6879589516.57,643-RUB
5097,ОПИФ рыночных финансовых инструментов «Райффайзен –Накопительный»,RU000A107TG6,Открытый,Фонд рыночных финансовых инструментов,Сформирован,ООО «УК Райффайзен»,7702358512,https://www.raiffeisen-capital.ru/,активная,• 10% RUSFAR • 80% RUFLGBITR • 10% FRG100,не предусмотрено,"1,5% от среднегодовой СЧА",1.5,True,nav,не предусмотрено,False,"не более 0,2% от среднегодовой СЧА",0.2,"0,5% от среднегодовой СЧА",0.5,не предусмотрено,не предусмотрено,не предусмотрено,не предусмотрено,0.0104781484183302,0.0294574690899264,0.0640363128491621,0.14297502062861,44801572.08802,20098.0,20098.0,152.37,6826569725.21,643-RUB
7137,БПИФ рыночных финансовых инструментов «Первая – Фонд Ежемесячный доход»,RU000A10BXL5,Биржевой,Фонд рыночных финансовых инструментов,Сформирован,АО УК «Первая»,7710183778,https://www.first-am.ru,пассивная,Ruble OverNight Index Average (RUONIA),не более 5% по модулю — за 250 рабочих дней,1% от среднегодовой СЧА,1.0,True,nav,не предусмотрено,False,"не более 0,1% от среднегодовой СЧА",0.1,"• 0,3% от среднегодовой СЧА — если СЧА менее 1 млрд руб. • 0,2% от среднегодовой СЧА — если СЧА равна или превышает 1 млрд руб.",0.2,предусмотрено,месяц,"1,5% — при выдаче инвестиционных паев после завершения формирования фонда, но не более 1,5% от расчетной стоимости пая",не предусмотрено,0.0111711674625972,0.0331453575650858,0.0674448698038818,0.1448770649523315,6636629.0,34769.0,34760.0,1012.6,6720237711.64,643-RUB
2271,"ЗПИФ недвижимости ""Сельскохозяйственный""",-,Закрытый,Недвижимости,Сформирован,"ООО УК ""РЭМ""",7718784153,https://www.reserv-am.ru,активная,не предусмотрено,не предусмотрено,не более 12 млн руб. в год,12.0,True,fixed,не предусмотрено,False,"• не более 2,34 млн руб. в год • не более 600 тыс. руб. в год • не более 12 млн руб. в год • совокупно не более 10% от среднегодовой СЧА",10.0,85% от среднегодовой СЧА,85.0,предусмотрено,месяц,не предусмотрено,не предусмотрено,0.0303597476770372,0.0052283024328553,0.0739005135048431,0.0926172651409121,100.0,1.0,1.0,67005089.89,6700508988.56,643-RUB
2321,ЗПИФ смешанных инвестиций «Коммерческие Инвестиции»,RU000A0JS991,Закрытый,Смешанных инвестиций,Сформирован,"АО ""УК ""Регионфинансресурс""",7705619057,https://www.yk-rfr.ru,активная,не предусмотрено,не предусмотрено,"0,50% от среднегодовой СЧА",0.5,True,nav,не предусмотрено,False,"0,25% от среднегодовой СЧА",0.25,25% от среднегодовой СЧА,25.0,не предусмотрено,не предусмотрено,не предусмотрено,не предусмотрено,-0.0069464477343272,0.0100997059876409,-0.064905008447919,0.0700976704570181,1938867.06911,2.0,,3442.44,6674426009.99,643-RUB
0699,ЗПИФ рыночных финансовых инструментов «Альфа-Капитал Технологии»,RU000A0JRXG8,Закрытый,Фонд рыночных финансовых инструментов,Сформирован,"ООО УК ""Альфа-Капитал""",7728142469,https://www.alfacapital.ru,активная,не предусмотрено,не предусмотрено,"не более 3,5% от среднегодовой СЧА",3.5,False,nav,не предусмотрено,False,"не более 0,14% от среднегодовой СЧА",0.14,"0,1% от среднегодовой СЧА",0.1,не предусмотрено,не предусмотрено,не предусмотрено,не предусмотрено,,,,,1968691.13852,102974.0,102961.0,3379.42,6653026175.44,643-RUB
4429,БПИФ рыночных финансовых инструментов «Первая – Фонд Вечный портфель»,RU000A1035S8,Биржевой,Фонд рыночных финансовых инструментов,Сформирован,АО УК «Первая»,7710183778,https://www.first-am.ru,активная,"• 35% Индекс МосБиржи полной доходности «брутто» (MCFTR) • 20% Индекс корпоративных облигаций (≤ 1 года, рейтинг ≥ В) - совокупный доход (RUCBITR1Y) • 10% Индекс МосБиржи российских облигаций, номинированных в иностранной валюте (RUEU10) • 25% Финансовый инструмент, привязанный к стоимости золота в рублях (GLDRUB_TOM) • 10% Финансовый инструмент, привязанный к стоимости серебра в рублях (SLVRUB_TOM)",не предусмотрено,"1,5% от среднегодовой СЧА",1.5,True,nav,не предусмотрено,False,"не более 0,2% от среднегодовой СЧА",0.2,"• 1% от среднегодовой СЧА — если СЧА менее 300 млн руб. • 0,5% от среднегодовой СЧА — если СЧА равна или превышает 300 млн руб.",0.5,не предусмотрено,не предусмотрено,"1,5% — при выдаче инвестиционных паев после завершения формирования фонда, но не более 1,5% от расчетной стоимости пая",не предусмотрено,-0.0063511734180156,-0.0828785893006077,-0.133331832102324,-0.013128541757481,1647059307.0,85014.0,85010.0,3.8487,6338972138.95,643-RUB
0009,ОПИФ рыночных финансовых инструментов «Атон - Петр Столыпин»,RU000A0JSA15,Открытый,Фонд рыночных финансовых инструментов,Сформирован,"ООО ""УК ""Атон-менеджмент""",7701253764,https://www.am-aton.ru,активная,Индекс Мосбиржи,не предусмотрено,"4,2% от среднегодовой СЧА",4.2,True,nav,не предусмотрено,False,"не более 0,2% от среднегодовой СЧА",0.2,1% от среднегодовой СЧА,1.0,не предусмотрено,не предусмотрено,не предусмотрено,• 2% — при сроке владения до 365 дней • 1% — при сроке владения 366–730 дней • не взимается — при сроке владения более 730 дней • не взимается — при подаче заявки доверительным управляющим • не взимается — при подаче заявки номинальным держателем,-0.0347095773221424,-0.1336240867618546,-0.1782575297233465,-0.1330770700837252,1765223.93197,8431.0,8385.0,3583.66,6325956272.35,643-RUB
6267,ОПИФ рыночных финансовых инструментов «Альфа-Капитал Валютные облигации с выплатой дохода»,RU000A108W05,Открытый,Фонд рыночных финансовых инструментов,Сформирован,"ООО УК ""Альфа-Капитал""",7728142469,https://www.alfacapital.ru,активная,Индекс замещающих облигаций Cbonds,не предусмотрено,"2,1% от среднегодовой СЧА",2.1,True,nav,не предусмотрено,False,"не более 0,09% от среднегодовой СЧА",0.09,"0,07% от среднегодовой СЧА",0.07,предусмотрено,квартал,"• 1,4% — при подаче заявки УК, сумма менее 500 тыс. руб. • 0,9% — при подаче заявки УК, сумма от 500 тыс. руб. до 2,999 млн руб. • 0,5% — при подаче заявки УК, сумма 3 млн руб. и более • не взимается — при подаче заявки УК номинальным держателем или доверительным управляющим • 1,4% — при подаче заявки агенту АО «АЛЬФА-БАНК», сумма менее 500 тыс. руб. • 0,9% — при подаче заявки агенту АО «АЛЬФА-БАНК», сумма от 500 тыс. руб. до 2,999 млн руб. • 0,5% — при подаче заявки агенту АО «АЛЬФА-БАНК», сумма 3 млн руб. и более","• 1% — при сроке владения до 183 дней • 0,5% — при сроке владения 184–365 дней • не взимается — при сроке владения 366 дней и более • не взимается — при подаче заявки доверительным управляющим или номинальным держателем",-0.001,0.048,0.03,0.005,6296227.1876,1082.0,1073.0,1003.86,6320546481.56,643-RUB
7385,ЗПИФ недвижимости «Акцент 5»,RU000A10DQF7,Закрытый,Недвижимости,Сформирован,ООО «АКЦЕНТ УПРАВЛЕНИЕ АКТИВАМИ»,7704387090,https://www.accent-am.ru,активная,не предусмотрено,не предусмотрено,1% от среднегодовой СЧА,1.0,True,nav,"20% от дохода от ДУ, но не более 10% от дохода по инвестиционным паям",True,не более 1% от среднегодовой СЧА,1.0,25% от среднегодовой СЧА,25.0,не предусмотрено,не предусмотрено,не предусмотрено,не предусмотрено,0.0087632477929347,0.0427364768009398,0.0902710827523581,,5657606.416,4938.0,4926.0,1066.45,6033542023.52,643-RUB
5585,ОПИФ рыночных финансовых инструментов «РСХБ – Денежный поток»,-,Открытый,Фонд рыночных финансовых инструментов,Сформирован,"ООО ""РСХБ Управление Активами""",7704814182,https://www.rshb-am.ru/,активная,не предусмотрено,не предусмотрено,"не более 3,5% от среднегодовой СЧА",3.5,False,nav,не предусмотрено,False,"не более 0,65% от среднегодовой СЧА",0.65,"0,7% от среднегодовой СЧА",0.7,предусмотрено,квартал,"• 1,5% — при подаче заявки УК, агенту, через Личный кабинет или Услуги дистанционного банковского обслуживания АО «Россельхозбанк» при сумме от 1 тыс. руб. до 10 млн руб. • 1% — при подаче заявки УК, агенту, через Личный кабинет или Услуги дистанционного банковского обслуживания АО «Россельхозбанк» при сумме от 10 млн руб. до 20 млн руб. • 0,5% — при подаче заявки УК, агенту, через Личный кабинет или Услуги дистанционного банковского обслуживания АО «Россельхозбанк» при сумме от 20 млн руб. • не взимается — при подаче заявки номинальным держателем или доверительным управляющим","• 2% — при сроке владения до 365 дней • 1,5% — при сроке владения 366–730 дней • 1% — при сроке владения 731–1095 дней • не взимается — при сроке владения 1096 дней и более • не взимается — при подаче заявки номинальным держателем или доверительным управляющим",0.0063798984123868,-0.0054987416161966,0.0039450331624757,0.0629546053655689,7350109.66436,14515.0,14515.0,820.26,6029031841.82,643-RUB
6635,БПИФ рыночных финансовых инструментов «Т-Капитал ОФЗ»,RU000A10A1L8,Биржевой,Фонд рыночных финансовых инструментов,Сформирован,ООО «Т-Капитал»,7743304530,https://t-capital-funds.ru/,активная,Cbonds-GBI RU — Индекс полной доходности российского рынка государственных облигаций,не предусмотрено,"1,5% от среднегодовой СЧА",1.5,True,nav,не предусмотрено,False,"не более 0,059% от среднегодовой СЧА",0.059,"0,04% от среднегодовой СЧА",0.04,не предусмотрено,не предусмотрено,не предусмотрено,не предусмотрено,0.030649343018516,-0.0115729490240826,0.0361974243856332,0.0779796427885538,402246985.26986,212437.0,212421.0,14.0326,5644561618.12,643-RUB
2161,ЗПИФ рыночных финансовых инструментов «Первая – Глобальный Интернет»,RU000A0JV8N9,Закрытый,Фонд рыночных финансовых инструментов,Сформирован,АО УК «Первая»,7710183778,https://www.first-am.ru,активная,не предусмотрено,не предусмотрено,не более 1% от среднегодовой СЧА,1.0,False,nav,не предусмотрено,False,"не более 0,15% от среднегодовой СЧА",0.15,"0,5% от среднегодовой СЧА",0.5,не предусмотрено,не предусмотрено,не предусмотрено,не предусмотрено,,,,,1980724.70098,39450.0,39447.0,2811.74,5569826352.03,643-RUB
6996,БПИФ рыночных финансовых инструментов «Альфа-Капитал Управляемые валютные облигации»,RU000A10BJF6,Биржевой,Фонд рыночных финансовых инструментов,Сформирован,"ООО УК ""Альфа-Капитал""",7728142469,https://www.alfacapital.ru,активная,Индекс замещающих облигаций Cbonds,не предусмотрено,"1,5% от среднегодовой СЧА",1.5,True,nav,не предусмотрено,False,"не более 0,13% от среднегодовой СЧА",0.13,"0,07% от среднегодовой СЧА",0.07,не предусмотрено,не предусмотрено,не предусмотрено,не предусмотрено,-0.0016506979581582,0.0527690008135772,0.0480100954928145,0.1127287271272873,4987089992.45014,13232.0,13219.0,1.11284,5549826051.95,643-RUB
2671,ОПИФ рыночных финансовых инструментов «Доверительная - фонд Резервный. Валютный»,RU000A0ZYHQ2,Открытый,Фонд рыночных финансовых инструментов,Сформирован,АО УК «Доверительная»,9725182361,https://entrustment.ru/,активная,не предусмотрено,не предусмотрено,"1,75% от среднегодовой СЧА",1.75,True,nav,не предусмотрено,False,"не более 0,2% от среднегодовой СЧА",0.2,"0,3% от среднегодовой СЧА",0.3,не предусмотрено,не предусмотрено,не предусмотрено,не предусмотрено,-0.0117201751185698,0.0533197239233984,0.0524500995580594,0.0254092930822371,25406907.50298,1.0,,216.71,5505851477.3,643-RUB
6079,БПИФ рыночных финансовых инструментов «Первая – Фонд Долгосрочные гособлигации»,RU000A108355,Биржевой,Фонд рыночных финансовых инструментов,Сформирован,АО УК «Первая»,7710183778,https://www.first-am.ru,пассивная,Индекс МосБиржи Государственных Облигаций RUGBITR 5+ (RUGBITR5+),не более 3% по модулю — за 250 рабочих дней,"0,6% от среднегодовой СЧА",0.6,True,nav,не предусмотрено,False,"не более 0,1% от среднегодовой СЧА",0.1,"0,2% от среднегодовой СЧА",0.2,не предусмотрено,не предусмотрено,"1,5% — при выдаче инвестиционных паев после завершения формирования фонда, но не более 1,5% от расчетной стоимости пая",не предусмотрено,0.029085529143386,-0.017944187660709,0.0273278600602334,0.0599136793537017,436365775.0,45304.0,45293.0,12.4507,5433050147.19,643-RUB
0626,ОПИФ рыночных финансовых инструментов «ТФГ – Рублевые облигации»,RU000A0JT7G9,Открытый,Фонд рыночных финансовых инструментов,В стадии прекращения,АО «УК ТФГ»,7708168370,https://www.tfg.ru,активная,Индекс МосБиржи Корпоративных Облигаций,не предусмотрено,"0,5% от среднегодовой СЧА",0.5,True,nav,не предусмотрено,False,"не более 0,25% от среднегодовой СЧА",0.25,"0,25% от среднегодовой СЧА",0.25,не предусмотрено,не предусмотрено,"1,5% — при сумме переданных денежных средств не более 10 млн руб. после завершения формирования фонда",• 3% — при сроке владения до 365 дней • не взимается — при сроке владения 366 дней и более • не взимается — при подаче заявки номинальным держателем,,,,,8513202.27022,16.0,15.0,611.01,5201643904.01,643-RUB
7324,ОПИФ рыночных финансовых инструментов «ВИМ – Ключевой+»,RU000A10EX43,Открытый,Фонд рыночных финансовых инструментов,Сформирован,АО ВИМ Инвестиции,7701140866,https://www.wealthim.ru,активная,не предусмотрено,не предусмотрено,"1,5% от среднегодовой СЧА",1.5,True,nav,не предусмотрено,False,"не более 0,11% от среднегодовой СЧА",0.11,1% от среднегодовой СЧА,1.0,не предусмотрено,не предусмотрено,не предусмотрено,"• 2,5% — при сроке владения менее 730 дней • 2% — при сроке владения 730–1094 дней • 1,5% — при сроке владения 1095–1459 дней • 0,5% — при сроке владения 1460–1824 дней • не взимается — при сроке владения 1825 дней и более • не устанавливается — при подаче заявки номинальным держателем • не устанавливается — при подаче заявки доверительным управляющим",0.0136474514177933,0.0357473777843667,0.0782794910627295,,4599184.67114,3943.0,3943.0,1117.82,5141068904.95,643-RUB
7338,ОПИФ рыночных финансовых инструментов «Яндекс Пэй. Фонд денежного рынка. Рубли»,RU000A10D343,Открытый,Фонд рыночных финансовых инструментов,Сформирован,АО ВИМ Инвестиции,7701140866,https://www.wealthim.ru,пассивная,Russian Secured Funding Average Rate (RUSFAR),не более 5% по модулю — за 250 рабочих дней,"• не более 2% от среднегодовой СЧА — до 01 ноября 2025 года • 0,5% от среднегодовой СЧА — с 01 ноября 2025 года • 1% от среднегодовой СЧА — с 01 октября 2026 года",1.0,False,nav,не предусмотрено,False,"не более 0,055% от среднегодовой СЧА",0.055,"0,2% от среднегодовой СЧА",0.2,не предусмотрено,не предусмотрено,не предусмотрено,не предусмотрено,0.0114691425450574,0.0335782717886708,0.0684615384615385,,46051498.08341,25451.0,25451.0,111.12,5117227440.43,643-RUB
5325,ОПИФ рыночных финансовых инструментов «Первая - Фонд взвешенный с выплатой дохода»,RU000A1061H7,Открытый,Фонд рыночных финансовых инструментов,Сформирован,АО УК «Первая»,7710183778,https://www.first-am.ru,активная,• 75% Индекс МосБиржи Корпоративных Облигаций (RUCBTRNS) • 25% Индекс Мосбиржи полной доходности (MCFTR),не предусмотрено,"2,5% от среднегодовой СЧА",2.5,True,nav,не предусмотрено,False,"не более 0,15% от среднегодовой СЧА",0.15,"0,5% от среднегодовой СЧА",0.5,предусмотрено,квартал,не предусмотрено,"• 3% — при сроке владения до 729 дней • 2,5% — при сроке владения 730–1094 дней • 1,5% — при сроке владения 1095–1459 дней • 0,5% — при сроке владения 1460–1825 дней • не взимается — при сроке владения 1826 дней и более • не взимается — при подаче заявки номинальным держателем",0.0048831454656401,-0.0265078314329094,-0.0216116755569868,0.0446276666898759,104188.5473796,4201.0,4200.0,48069.56,5008297272.61,643-RUB
6226,ОПИФ рыночных финансовых инструментов «ВИМ - Сбалансированный. Рантье»,RU000A10AV80,Открытый,Фонд рыночных финансовых инструментов,Сформирован,АО ВИМ Инвестиции,7701140866,https://www.wealthim.ru,активная,• 50% Индекс МосБиржи (IMOEX) • 50% Индекс МосБиржи корпоративных облигаций (RUCBTRNS),не предусмотрено,3% от среднегодовой СЧА,3.0,True,nav,не предусмотрено,False,"не более 0,12% от среднегодовой СЧА",0.12,"0,12% от среднегодовой СЧА",0.12,предусмотрено,квартал,не предусмотрено,"• 2% — при сроке владения до 180 дней, паи приобретены до 08.11.2024 • 1,5% — при сроке владения 181–365 дней, паи приобретены до 08.11.2024 • 1% — при сроке владения 366–730 дней, паи приобретены до 08.11.2024 • 0,5% — при сроке владения 731–1095 дней, паи приобретены до 08.11.2024 • не взимается — при сроке владения 1095+ дней, паи приобретены до 08.11.2024 • 2,5% — при сроке владения до 730 дней, паи приобретены после 08.11.2024 • 2% — при сроке владения 731–1095 дней, паи приобретены после 08.11.2024 • 1,5% — при сроке владения 1096–1460 дней, паи приобретены после 08.11.2024 • 0,5% — при сроке владения 1461–1825 дней, паи приобретены после 08.11.2024 • не взимается — при сроке владения 1825+ дней, паи приобретены после 08.11.2024 • не устанавливается — при подаче заявки номинальным держателем • не устанавливается — при подаче заявки доверительным управляющим • не устанавливается — при подаче заявки агентом-страховой организацией или при наступлении страхового случая по ДСЖ",-0.0071,-0.0432,-0.0335,0.0156,100418.00317,6986.0,6986.0,47849.12,4804913034.48,643-RUB
3629,БПИФ рыночных финансовых инструментов «Первая - Фонд Государственные облигации»,RU000A1000F9,Биржевой,Фонд рыночных финансовых инструментов,Сформирован,АО УК «Первая»,7710183778,https://www.first-am.ru,пассивная,Индекс МосБиржи государственных облигаций (RGBITR),не более 5% по модулю — за 250 рабочих дней,"0,6% от среднегодовой СЧА",0.6,True,nav,не предусмотрено,False,"не более 0,05% от среднегодовой СЧА",0.05,"0,15% от среднегодовой СЧА",0.15,не предусмотрено,не предусмотрено,"1,5% — при выдаче инвестиционных паев после завершения формирования фонда, но не более 1,5% от расчетной стоимости пая",не предусмотрено,0.0198019801980197,-0.012148337595908,0.039004707464694,0.0796645702306078,309919973.0,65149.0,65127.0,15.45,4789586675.22,643-RUB
3691,ЗПИФ рыночных финансовых инструментов «Альфа - Капитал Эс энд Пи 500 (S&P 500®)»,RU000A1006V3,Закрытый,Фонд рыночных финансовых инструментов,Сформирован,"ООО УК ""Альфа-Капитал""",7728142469,https://www.alfacapital.ru,активная,не предусмотрено,не предусмотрено,"не более 0,69% от среднегодовой СЧА",0.69,False,nav,не предусмотрено,False,"не более 0,13% от среднегодовой СЧА",0.13,"не более 0,1% от среднегодовой СЧА",0.1,не предусмотрено,не предусмотрено,не предусмотрено,не предусмотрено,,,,,11716669.03784,27780.0,27753.0,404.72,4741993174.35,643-RUB
5732,ОПИФ рыночных финансовых инструментов «Альфа-Капитал Акции компаний роста»,RU000A1074U3,Открытый,Фонд рыночных финансовых инструментов,Сформирован,"ООО УК ""Альфа-Капитал""",7728142469,https://www.alfacapital.ru,активная,Индекс Мосбиржи Акций средней и малой капитализации (MCXSM),не предусмотрено,4% от среднегодовой СЧА,4.0,True,nav,не предусмотрено,False,"не более 0,09% от среднегодовой СЧА",0.09,"0,07% от среднегодовой СЧА",0.07,не предусмотрено,не предусмотрено,"• 1,4% — при подаче заявки УК или агентам АО «АЛЬФА-БАНК», ПАО «БАНК УРАЛСИБ» при сумме менее 500 тыс. руб. • 0,9% — при подаче заявки УК или агентам АО «АЛЬФА-БАНК», ПАО «БАНК УРАЛСИБ» при сумме от 500 тыс. руб. до 3 млн руб. • 0,5% — при подаче заявки УК или агентам АО «АЛЬФА-БАНК», ПАО «БАНК УРАЛСИБ» при сумме от 3 млн руб. • не взимается — при подаче заявки УК номинальным держателем или доверительным управляющим","• 1,5% — при сроке владения до 365 дней (для паев, приобретенных без указания на ИИС или по заявке на ИИС, при подаче заявки УК или агенту) • 1% — при сроке владения 366–730 дней (для паев, приобретенных без указания на ИИС или по заявке на ИИС, при подаче заявки УК или агенту) • не взимается — при сроке владения 731 день и более (для паев, приобретенных без указания на ИИС или по заявке на ИИС, при подаче заявки УК или агенту) • не взимается — при подаче заявки номинальным держателем или доверительным управляющим • не взимается — при погашении в случае особой жизненной ситуации",0.0138278078484439,-0.0769971126082771,-0.1593323749079561,-0.1511997380136834,4792305.46252,7482.0,7466.0,959.0,4595827361.72,643-RUB
5866,БПИФ рыночных финансовых инструментов «Ликвидность. Юань»,RU000A107D41,Биржевой,Фонд рыночных финансовых инструментов,Сформирован,АО ВИМ Инвестиции,7701140866,https://www.wealthim.ru,пассивная,Russian Secured Funding Average Rate CNY (RUSFAR CNY),не более 5% по модулю — за 250 рабочих дней,"не более 0,2% от среднегодовой СЧА",0.2,False,nav,не предусмотрено,False,"не более 0,051% от среднегодовой СЧА",0.051,"не более 0,22% от среднегодовой СЧА",0.22,не предусмотрено,не предусмотрено,не предусмотрено,не предусмотрено,0.0130405230680191,0.0736936976730217,0.0894739936814162,0.0759780845493975,34277167.99255,17951.0,17913.0,133.5136495,4576469792.52,643-RUB
2566,"ОПИФ рыночных финансовых инструментов ""РСХБ - Фонд Сбалансированный""",RU000A0ZZML0,Открытый,Фонд рыночных финансовых инструментов,Сформирован,"ООО ""РСХБ Управление Активами""",7704814182,https://www.rshb-am.ru/,активная,не предусмотрено,не предусмотрено,"не более 3,5% от среднегодовой СЧА",3.5,False,nav,не предусмотрено,False,"не более 0,65% от среднегодовой СЧА",0.65,"0,7% от среднегодовой СЧА",0.7,не предусмотрено,не предусмотрено,"• 1,5% — при подаче заявки через пункты приема, Личный кабинет или Услуги дистанционного банковского обслуживания при сумме от 1 тыс. руб. до 10 млн руб. • 1% — при подаче заявки через пункты приема, Личный кабинет или Услуги дистанционного банковского обслуживания при сумме от 10 млн руб. до 20 млн руб. • 0,5% — при подаче заявки через пункты приема, Личный кабинет или Услуги дистанционного банковского обслуживания при сумме от 20 млн руб. • не взимается — при подаче заявки доверительным управляющим • до 1,5% — при подаче заявки номинальным держателем (минимальное из двух значений: разница между полученными средствами и произведением количества паев на расчетную стоимость, или 1,5% от полученных средств)","• 2% — при сроке владения до 365 дней • 1,5% — при сроке владения 366–730 дней • 1% — при сроке владения 731–1095 дней • не взимается — при сроке владения 1096 дней и более • не взимается — при подаче заявки номинальным держателем или доверительным управляющим",0.008036174120345,-0.0467453464473108,-0.0687270518318137,-0.0142005049209199,1388632.00226,18726.0,18725.0,3112.1,4321561214.42,643-RUB
0597,ОПИФ рыночных финансовых инструментов «Первая – Природные ресурсы»,RU000A0JP4R7,Открытый,Фонд рыночных финансовых инструментов,Сформирован,АО УК «Первая»,7710183778,https://www.first-am.ru,активная,• 50% Индекс МосБиржи нефти и газа полной доходности «брутто» (MEOGTR) • 50% Индекс МосБиржи металлов и добычи полной доходности «брутто» (MEMMTR),не предусмотрено,"3,2% от среднегодовой СЧА",3.2,True,nav,не предусмотрено,False,"не более 0,15% от среднегодовой СЧА",0.15,"0,5% от среднегодовой СЧА",0.5,не предусмотрено,не предусмотрено,не предусмотрено,"• 2% — при сроке владения до 180 дней • 1,5% — при сроке владения 181–365 дней • 1% — при сроке владения 366–547 дней • 0,5% — при сроке владения 548–731 дней • не взимается — при сроке владения 732 дня и более • не взимается — при подаче заявки номинальным держателем",-0.0360716979412911,-0.1552847656267328,-0.2173982730773499,-0.1406038451123748,2171676.4768806,56362.0,56361.0,1904.25,4135467986.54,643-RUB
6736,ОПИФ рыночных финансовых инструментов «Бережный подход»,-,Открытый,Фонд рыночных финансовых инструментов,Сформирован,АО «ААА Управление Капиталом»,7722515837,https://aaacapital.ru,пассивная,RUONIA (Ruble OverNight Index Average),не более 5% по модулю — за 250 рабочих дней,1% от среднегодовой СЧА,1.0,True,nav,не предусмотрено,False,"не более 0,3% от среднегодовой СЧА",0.3,"0,3% от среднегодовой СЧА",0.3,не предусмотрено,не предусмотрено,"• 1% — при подаче заявки агентам, через Цифровые каналы (кроме оплаты картой не Банка ГПБ), или в бумажной форме при сумме менее 5 млн руб. • 1,5% — при подаче заявки через Цифровые каналы с оплатой картой не Банка ГПБ • не взимается — при подаче заявки в бумажной форме при сумме от 5 млн руб., от доверительного управляющего, от номинального держателя (включая через Финансовую платформу)","• 2% — при сроке владения до 182 дней • 1% — при сроке владения 183–1095 дней • не взимается — при сроке владения более 1095 дней, а также при подаче заявки номинальным держателем, доверительным управляющим или через Финансовую платформу",0.0110174631066601,0.0328199588559082,0.0679024005650319,0.1540974003496968,3146385.15626,5570.0,5570.0,1300.31,4091275101.49,643-RUB
7136,БПИФ рыночных финансовых инструментов «АТОН – Накопительный в золоте»,RU000A10BXM3,Биржевой,Фонд рыночных финансовых инструментов,Сформирован,"ООО ""УК ""Атон-менеджмент""",7701253764,https://www.am-aton.ru,пассивная,Биржевые котировки (цены) финансового инструмента «GLDRUB_TOM»,не более 5% по модулю — за 250 рабочих дней,"0,5% от среднегодовой СЧА",0.5,True,nav,не предусмотрено,False,"не более 0,04% от среднегодовой СЧА",0.04,"0,75% от среднегодовой СЧА",0.75,не предусмотрено,не предусмотрено,не предусмотрено,не предусмотрено,0.014120774150677,-0.0750056822486552,-0.1690035393411379,0.2077356810762687,32411845.22766,2416.0,2392.0,122.0931,3957261379.04,643-RUB
7313,ОПИФ рыночных финансовых инструментов «Первая - Фонд драгоценных металлов»,RU000A10CWC4,Открытый,Фонд рыночных финансовых инструментов,Сформирован,АО УК «Первая»,7710183778,https://www.first-am.ru,активная,• 60% GLDRUB_TOM • 20% SLVRUB_TOM • 10% PLTRUB_TOM • 10% PLDRUB_TOM,не предусмотрено,2% от среднегодовой СЧА,2.0,True,nav,не предусмотрено,False,"не более 0,08% от среднегодовой СЧА",0.08,3% от среднегодовой СЧА,3.0,не предусмотрено,не предусмотрено,не предусмотрено,"• 3% — при сроке владения до 729 дней • 2,5% — при сроке владения 730–1094 дней • 1,5% — при сроке владения 1095–1459 дней • 0,5% — при сроке владения 1460–1825 дней • не взимается — при сроке владения 1826 дней и более • не взимается — при подаче заявки номинальным держателем",0.0082453334392974,-0.1050315685513739,-0.227391066045492,,3857804.2525909,9240.0,9240.0,1014.93,3915408115.6,643-RUB
6487,ЗПИФ недвижимости «Инвестиции в недвижимость»,RU000A10A117,Закрытый,Недвижимости,Сформирован,АО «Контрада Капитал»,9703206844,https://www.contrada-capital.ru,активная,не предусмотрено,не предусмотрено,"• 0,5% от среднегодовой СЧА в год, но не менее 12 млн руб. в год и не более 7% от среднегодовой СЧА в год — при СЧА до 5 млрд руб. • 0,5% от среднегодовой СЧА в год, но не более 25 млн руб. в год — при СЧА свыше 5 млрд руб. до 10 млрд руб. • 0,5% от среднегодовой СЧА в год, но не более 38 млн руб. в год — при СЧА свыше 10 млрд руб. до 15 млрд руб. • 0,5% от среднегодовой СЧА в год, но не более 50 млн руб. в год — при СЧА свыше 15 млрд руб.",0.5,False,mixed,не предусмотрено,False,"• не более 3% от среднегодовой СЧА в год — по 30 ноября 2025 года • не более 0,6% от среднегодовой СЧА в год — с 01 декабря 2025 года",0.6,30% от среднегодовой СЧА (без НДС и обязательных платежей),30.0,предусмотрено,квартал,не предусмотрено,не предусмотрено,0.0021539875807746,0.0075295610021292,0.0245282911808509,0.10258251435386,3499727.80943,1397.0,1386.0,1111.96,3891570875.14,643-RUB
1091,"ЗПИФ рентный ""Михайловский - Рентный II""",RU000A0JPY69,Закрытый,Рентный,Сформирован,"ООО ""УК ""Михайловский""",7710684439,https://www.ukmik.ru,активная,не предусмотрено,не предусмотрено,"не более 0,58% от среднегодовой СЧА",0.58,False,nav,не предусмотрено,False,"не более 0,5% от среднегодовой СЧА",0.5,20% от среднегодовой СЧА,20.0,предусмотрено,год,не предусмотрено,не предусмотрено,-0.0004532449505678,-0.0249799662880984,-0.0901472370490703,-0.1030301489653769,11022727.44622,28.0,23.0,352.85,3889405422.61,643-RUB
0967,ЗПИФ рыночных финансовых инструментов «РСХБ – Фонд Технологий будущего»,RU000A0JS9S1,Закрытый,Фонд рыночных финансовых инструментов,Сформирован,"ООО ""РСХБ Управление Активами""",7704814182,https://www.rshb-am.ru/,активная,не предусмотрено,не предусмотрено,"не более 2,5% от среднегодовой СЧА",2.5,False,nav,не предусмотрено,False,"не более 0,16% от среднегодовой СЧА",0.16,5% от среднегодовой СЧА,5.0,не предусмотрено,не предусмотрено,не предусмотрено,не предусмотрено,,,,,212286408.00591,12073.0,12073.0,18.32,3888385098.77,643-RUB
0140,ОПИФ рыночных финансовых инструментов «БКС Российские облигации»,RU000A0JP799,Открытый,Фонд рыночных финансовых инструментов,Сформирован,"АО УК ""БКС""",5407191291,https://bcs.ru/am,активная,Индекс МосБиржи Корпоративных Облигаций (RUCBTRNS),не предусмотрено,"1,5% от среднегодовой СЧА",1.5,True,nav,не предусмотрено,False,"не более 0,2% от среднегодовой СЧА",0.2,1% от среднегодовой СЧА,1.0,не предусмотрено,не предусмотрено,"• 1% — при сумме менее 500 тыс. руб., подаче заявки в филиале УК (Москва, проспект Мира, д. 69) или агентом, кроме заявок от доверительного управляющего и через Личный кабинет • 0,5% — при сумме от 500 тыс. руб. до 1,5 млн руб., подаче заявки в филиале УК (Москва, проспект Мира, д. 69) или агентом, кроме заявок от доверительного управляющего и через Личный кабинет • не взимается — при сумме от 1,5 млн руб., подаче заявки в филиале УК (Москва, проспект Мира, д. 69) или агентом, кроме заявок от доверительного управляющего и через Личный кабинет • не взимается — при подаче заявки УК (кроме филиала в Москве, проспект Мира, д. 69) или через Личный кабинет • не взимается — при подаче заявки доверительным управляющим в филиале УК (Москва, проспект Мира, д. 69) или агентом • не взимается — при подаче заявки СК «БКС Страхование жизни» или СК «Согласие-Вита» в рамках договора долевого страхования жизни","• 3% — при сроке владения до 181 дня, при подаче заявки в филиале УК (Москва, проспект Мира, д. 69) или через Личный кабинет • 2% — при сроке владения 182–365 дней, при подаче заявки в филиале УК (Москва, проспект Мира, д. 69) или через Личный кабинет • 1% — при сроке владения 366–548 дней, при подаче заявки в филиале УК (Москва, проспект Мира, д. 69) или через Личный кабинет • 0,5% — при сроке владения 549–1095 дней, при подаче заявки в филиале УК (Москва, проспект Мира, д. 69) или через Личный кабинет • не взимается — при сроке владения 1096+ дней, при подаче заявки в филиале УК (Москва, проспект Мира, д. 69) или через Личный кабинет • 3% — при сроке владения до 181 дня, при подаче заявки УК/агенту (не в филиале/Личном кабинете) и погашении менее 2000 паев • 2% — при сроке владения 182–365 дней, при подаче заявки УК/агенту (не в филиале/Личном кабинете) и погашении менее 2000 паев • 1% — при сроке владения 366–548 дней, при подаче заявки УК/агенту (не в филиале/Личном кабинете) и погашении менее 2000 паев • 0,5% — при сроке владения 549–1095 дней, при подаче заявки УК/агенту (не в филиале/Личном кабинете) и погашении менее 2000 паев • не взимается — при сроке владения 1096+ дней, при подаче заявки УК/агенту (не в филиале/Личном кабинете) и погашении менее 2000 паев • не взимается — при погашении 2000+ паев по одной заявке, поданной УК/агенту (не в филиале/Личном кабинете) • не взимается — при погашении по лицевому счету доверительного управляющего • не взимается — при погашении по лицевому счету номинального держателя • не взимается — при погашении по заявке страховой организации (БКС Страхование жизни, Согласие-Вита) в рамках договора долевого страхования жизни",0.0140845070422536,0.0164705882352941,0.0640394088669952,0.142857142857143,871448281.76543,37441.0,37423.0,4.32,3768109011.54,643-RUB
1282,ЗПИФ недвижимости «Шаляпин»,-,Закрытый,Недвижимости,Сформирован,"ООО ""УК ""ЭнергоИнвестКапитал""",7716580524,https://www.energoinvestcapital.ru,активная,не предусмотрено,не предусмотрено,"0,18% от среднегодовой СЧА",0.18,True,nav,не предусмотрено,False,не более 1% от среднегодовой СЧА,1.0,20% от среднегодовой СЧА,20.0,не предусмотрено,не предусмотрено,не предусмотрено,не предусмотрено,0.0021570675047931,0.0096244557561378,0.0656736838412486,0.0365574209399016,470000.0,1.0,,7898.07,3712092726.31,643-RUB
1866,"ЗПИФ акций ""Альтернативные инвестиции""",RU000A0JR316,Закрытый,Акций,Сформирован,ТКБ Инвестмент Партнерс (АО),7825489723,https://www.tkbip.ru,активная,не предусмотрено,не предусмотрено,1% от среднегодовой СЧА,1.0,True,nav,не предусмотрено,False,"не более 0,2% от среднегодовой СЧА",0.2,10% от среднегодовой СЧА,10.0,не предусмотрено,не предусмотрено,не предусмотрено,не предусмотрено,-0.0009700046546509,0.0186246550616705,0.0161600511966198,-0.0343778353522497,9675.0,2.0,,381720.32,3693144089.13,643-RUB
5324,ОПИФ рыночных финансовых инструментов «Первая - Фонд консервативный с выплатой дохода»,RU000A1061G9,Открытый,Фонд рыночных финансовых инструментов,Сформирован,АО УК «Первая»,7710183778,https://www.first-am.ru,активная,• 70% RUONIA • 30% RUFLCBTRAAA,не предусмотрено,1% от среднегодовой СЧА,1.0,True,nav,не предусмотрено,False,"не более 0,15% от среднегодовой СЧА",0.15,"0,5% от среднегодовой СЧА",0.5,предусмотрено,квартал,не предусмотрено,не предусмотрено,0.0111460561912721,0.0347687785412693,0.0767427515759053,0.161754712628209,69301.0538375,3868.0,3867.0,51742.73,3585825726.59,643-RUB
0987,ОПИФ рыночных финансовых инструментов «Райффайзен – Сырьевой сектор»,-,Открытый,Фонд рыночных финансовых инструментов,Сформирован,ООО «УК Райффайзен»,7702358512,https://www.raiffeisen-capital.ru/,активная,• 60% Индекс нефти и газа полной доходности (MEOGTR) • 40% Индекс металлов и добычи полной доходности (MEMMTR),не предусмотрено,"3,9% от среднегодовой СЧА",3.9,True,nav,не предусмотрено,False,"не более 0,62% от среднегодовой СЧА",0.62,"0,6% от среднегодовой СЧА",0.6,не предусмотрено,не предусмотрено,не предусмотрено,• 3% — при сроке владения до 730 дней включительно • 1% — при сроке владения 731–1095 дней включительно • не взимается — при сроке владения более 1095 дней • не взимается — при подаче заявки доверительным управляющим или номинальным держателем по поручению доверительного управляющего,-0.0022349240182097,-0.1319913273231321,-0.212509984197179,-0.1753826469388244,63107.76101,7224.0,7224.0,54974.93,3469344965.69,643-RUB
6002,ЗПИФ недвижимости «Альфа коллекция»,RU000A107RE5,Закрытый,Недвижимости,Сформирован,"ООО УК ""Альфа-Капитал""",7728142469,https://www.alfacapital.ru,активная,не предусмотрено,не предусмотрено,"• 0,1% от среднегодовой СЧА — первые 6 месяцев после завершения формирования • 1% от среднегодовой СЧА — после 6 месяцев",1.0,True,nav,• 10% от дохода по инвестиционным паям • 10% от прироста стоимости имущества • общий лимит: не более 20% дохода от ДУ,True,"не более 0,5% от среднегодовой СЧА",0.5,20% от среднегодовой СЧА,20.0,предусмотрено,квартал,не предусмотрено,не предусмотрено,0.0117405733777382,0.0174449454544586,0.154276326580882,0.281092593677623,27484.22152,1503.0,1503.0,125654.8,3458424893.3,643-RUB
5096,"ОПИФ рыночных финансовых инструментов ""Фонд Золота""",RU000A109QR5,Открытый,Фонд рыночных финансовых инструментов,Сформирован,АО «ААА Управление Капиталом»,7722515837,https://aaacapital.ru,пассивная,GLDRUB_TOM,не более 20% по модулю — за 250 рабочих дней,"2,5% от среднегодовой СЧА",2.5,True,nav,не предусмотрено,False,"не более 0,15% от среднегодовой СЧА",0.15,"1,25% от среднегодовой СЧА",1.25,не предусмотрено,не предусмотрено,"• 1,5% — при подаче заявки агентам, через Цифровые каналы или в бумажной форме при сумме менее 5 млн руб. • не взимается — при подаче заявки в бумажной форме при сумме от 5 млн руб., от доверительного управляющего или номинального держателя",• 2% — при сроке владения до 182 дней • 1% — при сроке владения 183–1096 дней • не взимается — при сроке владения более 1096 дней • не взимается — при подаче заявки номинальным держателем или доверительным управляющим,0.011967841792973,-0.0805252086584787,-0.1767189787895911,0.1790405172001234,1272952.18221,6631.0,6630.0,2710.06,3449771485.62,643-RUB
1177,"ЗПИФ рентный ""Казанский рентный инвестиционный фонд""",-,Закрытый,Рентный,Сформирован,"ООО ""УК ""Капитал-Траст-Инвест""",1660108972,https://www.uk-capitalinvest.ru,активная,не предусмотрено,не предусмотрено,"2 500 000 руб. в месяц, но не более 9% от среднегодовой СЧА",9.0,False,mixed,не предусмотрено,False,не более 1% от среднегодовой СЧА,1.0,25% от среднегодовой СЧА,25.0,не предусмотрено,не предусмотрено,не предусмотрено,не предусмотрено,0.175577685391086,0.1776271186440678,0.1748961252294909,0.2842205323193916,28273517.55063,2.0,1.0,121.59,3437840036.99,643-RUB
4483,БПИФ рыночных финансовых инструментов «Ингосстрах – корпоративные облигации»,RU000A103CA4,Биржевой,Фонд рыночных финансовых инструментов,Сформирован,"АО УК ""Ингосстрах - Инвестиции""",7705136973,https://www.ingosinvest-am.ru,активная,Индекс МосБиржи Корпоративных Облигаций RUCBTR2A3A3Y (RUCBTR2A3A3Y),не предусмотрено,"не более 0,15% от среднегодовой СЧА",0.15,False,nav,не предусмотрено,False,"не более 0,15% от среднегодовой СЧА",0.15,"0,2% от среднегодовой СЧА",0.2,не предусмотрено,не предусмотрено,не предусмотрено,не предусмотрено,0.0139452021132818,0.0287976064327121,0.0793225215799112,0.1604443506995713,20751014.07465,9925.0,9918.0,165.05,3424880788.91,643-RUB
4665,ОПИФ рыночных финансовых инструментов «ВИМ – Облигации. Российские эмитенты»,RU000A104R48,Открытый,Фонд рыночных финансовых инструментов,Сформирован,АО ВИМ Инвестиции,7701140866,https://www.wealthim.ru,активная,Индекс МосБиржи Корпоративных Облигаций (RUCBTRNS),не предусмотрено,не более 1% от среднегодовой СЧА,1.0,False,nav,не предусмотрено,False,"не более 0,11% от среднегодовой СЧА",0.11,"не более 0,18% от среднегодовой СЧА",0.18,не предусмотрено,не предусмотрено,не предусмотрено,"• 2% — паи приобретены до 08.11.2024, срок владения до 180 дней • 1,5% — паи приобретены до 08.11.2024, срок владения 181–365 дней • 1% — паи приобретены до 08.11.2024, срок владения 366–730 дней • 0,5% — паи приобретены до 08.11.2024, срок владения 731–1095 дней • не взимается — паи приобретены до 08.11.2024, срок владения не менее 1095 дней • 2,5% — паи приобретены после 08.11.2024, срок владения до 730 дней • 2% — паи приобретены после 08.11.2024, срок владения 731–1095 дней • 1,5% — паи приобретены после 08.11.2024, срок владения 1096–1460 дней • 0,5% — паи приобретены после 08.11.2024, срок владения 1461–1825 дней • не взимается — паи приобретены после 08.11.2024, срок владения не менее 1825 дней • не устанавливается — при подаче заявки номинальным держателем • не устанавливается — при подаче заявки доверительным управляющим",0.0192926246622066,0.0046037955049653,0.0536180692828672,0.1144565098168257,2094098.39635,5623.0,5623.0,1625.68,3404332708.26,643-RUB
0716,ЗПИФ рыночных финансовых инструментов «Первая – Глобальный»,RU000A0JP4S5,Закрытый,Фонд рыночных финансовых инструментов,Сформирован,АО УК «Первая»,7710183778,https://www.first-am.ru,активная,не предусмотрено,не предусмотрено,не более 1% от среднегодовой СЧА,1.0,False,nav,не предусмотрено,False,"не более 0,15% от среднегодовой СЧА",0.15,"0,5% от среднегодовой СЧА",0.5,не предусмотрено,не предусмотрено,не предусмотрено,не предусмотрено,,,,,1647093.3391327,43620.0,43616.0,2059.14,3391898073.51,643-RUB
6450,ОПИФ рыночных финансовых инструментов «Рублевые перспективы»,RU000A109SR1,Открытый,Фонд рыночных финансовых инструментов,Сформирован,ООО УК «ГЕРОИ»,9725134382,https://ih-capital.ru,активная,Индекс МосБиржи Корпоративных Облигаций RUCBTRNS,не предусмотрено,"1,5% от среднегодовой СЧА",1.5,True,nav,не предусмотрено,False,"не более 0,5% от среднегодовой СЧА",0.5,"0,65% от среднегодовой СЧА",0.65,не предусмотрено,не предусмотрено,"• не взимается — для владельцев паев • не взимается — при подаче заявки через финансовую платформу • не взимается — при подаче заявки номинальным держателем или доверительным управляющим • 1% — для лиц, не являющихся владельцами паев, при сумме менее 500 тыс. руб. • не взимается — для лиц, не являющихся владельцами паев, при сумме от 500 тыс. руб. • 0,4% — при подаче заявки через Личный кабинет на СБП-счет при сумме до 400 тыс. руб. • 0,38% — при подаче заявки через Личный кабинет на СБП-счет при сумме от 400 тыс. до 500 тыс. руб. • 0,3% — при подаче заявки через Личный кабинет на СБП-счет при сумме от 500 тыс. до 600 тыс. руб. • 0,25% — при подаче заявки через Личный кабинет на СБП-счет при сумме от 600 тыс. до 700 тыс. руб. • 0,215% — при подаче заявки через Личный кабинет на СБП-счет при сумме от 700 тыс. до 800 тыс. руб. • 0,19% — при подаче заявки через Личный кабинет на СБП-счет при сумме от 800 тыс. до 900 тыс. руб. • 0,17% — при подаче заявки через Личный кабинет на СБП-счет при сумме от 900 тыс. до 1 млн руб.",не предусмотрено,0.0178600441687077,0.0239849382820682,0.0800720265118863,0.1818270742358079,2002114.56835,5954.0,5954.0,1691.49,3386562469.64,643-RUB
0337,ОПИФ рыночных финансовых инструментов «Просто. Баланс»,RU000A103BD0,Открытый,Фонд рыночных финансовых инструментов,Сформирован,"ООО ""УК ПРОМСВЯЗЬ""",7718218817,https://www.upravlyaem.ru,активная,• 50% Индекс акций Московской биржи (IMOEX) • 40% Индекс Корпоративных облигаций Московской Биржи (RUCBTRNS) • 10% Индекс Государственных облигаций Московской биржи (RGBITR),не предусмотрено,"2,95% от среднегодовой СЧА",2.95,True,nav,не предусмотрено,False,"0,29% от среднегодовой СЧА",0.29,1% от среднегодовой СЧА,1.0,не предусмотрено,не предусмотрено,"• 1,5% — при подаче заявки управляющей компании или агенту • 0,5% — при подаче заявки управляющей компании на сумму 10 млн руб. и выше • не взимается — при подаче заявки управляющей компании юридическим лицом, являющимся профессиональным участником рынка ценных бумаг","• 2% — при сроке владения до 180 дней • 1,5% — при сроке владения 181–365 дней • 1% — при сроке владения более 365 дней • не взимается — при сроке владения до 30 дней • не взимается — при подаче заявки юридическим лицом, являющимся профессиональным участником рынка ценных бумаг",-0.0047428292274407,-0.0660000340564209,-0.0891332451062046,-0.0374113247791133,473292.39149,16078.0,16077.0,7130.52,3374820455.09,643-RUB
1024,"ЗПИФ смешанных инвестиций ""РВМ Русский Транзит""",RU000A0JPM71,Закрытый,Смешанных инвестиций,Сформирован,ООО «УК Финрешения»,5024245898,https://www.finsol-am.ru,активная,не предусмотрено,не предусмотрено,не более 1% от среднегодовой СЧА,1.0,False,nav,не предусмотрено,False,"не более 0,5% от среднегодовой СЧА",0.5,не более 20% от среднегодовой СЧА,20.0,предусмотрено,квартал,не предусмотрено,не предусмотрено,0.0035920453580027,0.0024197095824831,0.0085653910065668,0.0430725154301455,40035.200436,1.0,,84225.79,3371996555.14,643-RUB
5778,ОПИФ рыночных финансовых инструментов «Райффайзен — Облигации с выплатой дохода»,-,Открытый,Фонд рыночных финансовых инструментов,Сформирован,ООО «УК Райффайзен»,7702358512,https://www.raiffeisen-capital.ru/,активная,RUCBTR 3 YNS,не предусмотрено,"1,0% от среднегодовой СЧА",1.0,True,nav,не предусмотрено,False,"не более 0,2% от среднегодовой СЧА",0.2,"0,5% от среднегодовой СЧА",0.5,предусмотрено,квартал,"1,0% — при подаче заявки УК или агенту; не взимается — при подаче заявки доверительным управляющим или номинальным держателем по поручению доверительного управляющего",• 3% — при сроке владения до 91 дня включительно • 2% — при сроке владения 92–365 дней включительно • не взимается — при сроке владения более 365 дней • не взимается — при подаче заявки номинальным держателем от имени страховой организации • не взимается — при подаче заявки доверительным управляющим или номинальным держателем от имени доверительного управляющего,0.0095010803808478,0.027915261073036,0.0675711913373408,0.1432233197798706,62646.04639,1423.0,1423.0,51190.76,3206898517.68,643-RUB
0698,ОПИФ рыночных финансовых инструментов «Альфа-Капитал Ресурсы»,RU000A0JRXH6,Открытый,Фонд рыночных финансовых инструментов,Сформирован,"ООО УК ""Альфа-Капитал""",7728142469,https://www.alfacapital.ru,активная,не предусмотрено,не предусмотрено,4% от среднегодовой СЧА,4.0,True,nav,не предусмотрено,False,"не более 0,09% от среднегодовой СЧА",0.09,"0,07% от среднегодовой СЧА",0.07,не предусмотрено,не предусмотрено,"• 1,4% — при подаче заявки агенту АО «АЛЬФА-БАНК» или УК при сумме менее 500 тыс. руб. • 0,9% — при подаче заявки агенту АО «АЛЬФА-БАНК» или УК при сумме от 500 тыс. руб. до 3 млн руб. • 0,5% — при подаче заявки агенту АО «АЛЬФА-БАНК» или УК при сумме 3 млн руб. и более • не взимается — при подаче заявки УК номинальным держателем или доверительным управляющим","• 1,5% — при сроке владения до 365 дней (для паев, приобретенных через УК или агента, не учитываемых на ИИС или приобретенных по Заявке на ИИС) • 1% — при сроке владения 366–730 дней (для паев, приобретенных через УК или агента, не учитываемых на ИИС или приобретенных по Заявке на ИИС) • не взимается — при сроке владения 731 день и более (для паев, приобретенных через УК или агента, не учитываемых на ИИС или приобретенных по Заявке на ИИС) • не взимается — при погашении в случае особой жизненной ситуации • не взимается — при подаче заявки номинальным держателем или доверительным управляющим",-0.0197928433424073,-0.13131492716123,-0.2083331256075978,-0.1361281039280381,1003261.35217,66628.0,66615.0,3175.93,3186282827.91,643-RUB
0029,ОПИФ рыночных финансовых инструментов «Фонд Первый»,RU0005418747,Открытый,Фонд рыночных финансовых инструментов,Сформирован,АО «БКС Управление благосостоянием»,7702172846,https://www.bcswm.ru,активная,Индекс Мосбиржи широкого рынка (MOEXBMI),не предусмотрено,"3,9% от среднегодовой СЧА",3.9,True,nav,не предусмотрено,False,"не более 0,2% от среднегодовой СЧА",0.2,2% от среднегодовой СЧА,2.0,не предусмотрено,не предусмотрено,"• не взимается — при подаче заявки в Управляющую компанию физическим или юридическим лицом • 0,5% — при подаче заявки агенту физическим или юридическим лицом (за исключением доверительного управляющего) • не взимается — при подаче заявки через Личный кабинет или Личный кабинет BCS физическим лицом • не взимается — при подаче заявки доверительным управляющим в Управляющую компанию или агенту","• 3% — при подаче заявки физическим или юридическим лицом в УК или агентам, а также через Личный кабинет или Личный кабинет BCS • не взимается — при погашении не менее 1000 паев по одной заявке, поданной в УК (кроме через Личный кабинет/BCS) • не взимается — при погашении по лицевому счету доверительного управляющего • не взимается — при погашении по лицевому счету номинального держателя",-0.0049821661099473,-0.0809976992261033,-0.1304240265202118,-0.0915434715186602,17970189.30786,13746.0,13738.0,175.75,3159079129.89,643-RUB
0966,ОПИФ рыночных финансовых инструментов «ВИМ – Сбалансированный. Консервативный»,RU000A0JS9T9,Открытый,Фонд рыночных финансовых инструментов,Сформирован,АО ВИМ Инвестиции,7701140866,https://www.wealthim.ru,активная,• 20% Индекс МосБиржи полной доходности «брутто» (MCFTR) • 80% Индекс МосБиржи Корпоративных Облигаций (RUCBTRNS),не предусмотрено,3% от среднегодовой СЧА,3.0,True,nav,не предусмотрено,False,"не более 0,14% от среднегодовой СЧА",0.14,"0,1% от среднегодовой СЧА",0.1,не предусмотрено,не предусмотрено,не предусмотрено,"• 2% — паи приобретены до 08.11.2024, срок владения до 180 дней • 1,5% — паи приобретены до 08.11.2024, срок владения 180–364 дня • 1% — паи приобретены до 08.11.2024, срок владения 365–729 дней • 0,5% — паи приобретены до 08.11.2024, срок владения 730–1094 дня • не взимается — паи приобретены до 08.11.2024, срок владения 1095 дней и более • 2,5% — паи приобретены после 08.11.2024, срок владения до 730 дней • 2% — паи приобретены после 08.11.2024, срок владения 730–1094 дня • 1,5% — паи приобретены после 08.11.2024, срок владения 1095–1459 дней • 0,5% — паи приобретены после 08.11.2024, срок владения 1460–1824 дня • не взимается — паи приобретены после 08.11.2024, срок владения 1825 дней и более • не устанавливается — при подаче заявки номинальным держателем • не устанавливается — при подаче заявки доверительным управляющим",0.0130008904719502,-0.0131852879944482,0.021551724137931,0.0898639586127611,55463368.10292,17230.0,17230.0,56.88,3154550557.1,643-RUB
5007,ОПИФ рыночных финансовых инструментов «Финансовый поток»,RU000A106MZ3,Открытый,Фонд рыночных финансовых инструментов,Сформирован,"ООО ""УК ПРОМСВЯЗЬ""",7718218817,https://www.upravlyaem.ru,активная,• 95% Индекс Московской Биржи Корпоративных облигаций ценовой в рублях (RUCB CP NS) • 5% Индекс облигаций с переменным купоном Московской Биржи (RUFLBITR),не предусмотрено,"1,5% от среднегодовой СЧА",1.5,True,nav,не предусмотрено,False,"0,29% от среднегодовой СЧА",0.29,1% от среднегодовой СЧА,1.0,предусмотрено,квартал,"• 1,5% — при подаче заявки управляющей компании или агенту • 0,5% — при подаче заявки управляющей компании на сумму 10 млн руб. и выше • не взимается — при подаче заявки управляющей компании юридическим лицом, являющимся профессиональным участником рынка ценных бумаг","• 2% — при сроке владения до 180 дней • 1,5% — при сроке владения 181–365 дней • 1% — при сроке владения более 365 дней • не взимается — при сроке владения до 30 дней • не взимается — при подаче заявки юридическим лицом, являющимся профессиональным участником рынка ценных бумаг",0.0109574030954663,-0.0016011249478097,0.0268746021325636,0.0660460781641582,3030933.96448,10983.0,10983.0,1033.34,3131978550.21,643-RUB
0568,ОПИФ рыночных финансовых инструментов «Атон - Фонд Еврооблигаций»,RU000A0JS9Z6,Открытый,Фонд рыночных финансовых инструментов,Сформирован,"ООО ""УК ""Атон-менеджмент""",7701253764,https://www.am-aton.ru,активная,Cbonds Индекс замещающих облигаций,не предусмотрено,"1,8% от среднегодовой СЧА",1.8,True,nav,не предусмотрено,False,"не более 0,5% от среднегодовой СЧА",0.5,1% от среднегодовой СЧА,1.0,не предусмотрено,не предусмотрено,не предусмотрено,• 2% — при сроке владения до 365 дней • 1% — при сроке владения 366–730 дней • не взимается — при сроке владения более 730 дней • не взимается — при подаче заявки доверительным управляющим • не взимается — при подаче заявки номинальным держателем,-0.0264740199860737,0.0402692661542097,0.0320506745804134,-0.0016308097597692,1482398.14196,1102.0,1084.0,2069.21,3067391315.59,643-RUB
4998,ОПИФ рыночных финансовых инструментов «Т-Капитал Золотой стандарт»,RU000A109K57,Открытый,Фонд рыночных финансовых инструментов,Сформирован,ООО «Т-Капитал»,7743304530,https://t-capital-funds.ru/,активная,Процентное изменение публикуемой Банком России учетной цены 1 грамма аффинированного золота,не предусмотрено,2% от среднегодовой СЧА,2.0,True,nav,не предусмотрено,False,"не более 0,4% от среднегодовой СЧА",0.4,1% от среднегодовой СЧА,1.0,не предусмотрено,не предусмотрено,"• 1,5% — при сумме инвестирования до 5 млн руб. при подаче заявки УК или агенту • 1% — при сумме инвестирования от 5 млн руб. и выше при подаче заявки УК или агенту • не взимается — при подаче заявки номинальным держателем или доверительным управляющим","• 2% — при сроке владения до 365 дней • 1% — при сроке владения 366–730 дней • не взимается — при сроке владения 731 день и более, а также при подаче заявки номинальным держателем или доверительным управляющим",0.0129203391497934,-0.0782348338152206,-0.1759267219019105,0.1864546389596642,1094100.4869,1967.0,1965.0,2779.97,3041564354.35,643-RUB
2154,"ЗПИФ акций ""Системные инвестиции""",RU000A0JRNZ9,Закрытый,Акций,Сформирован,ТКБ Инвестмент Партнерс (АО),7825489723,https://www.tkbip.ru,активная,не предусмотрено,не предусмотрено,1% от среднегодовой СЧА,1.0,True,nav,не предусмотрено,False,"не более 0,2% от среднегодовой СЧА",0.2,10% от среднегодовой СЧА,10.0,не предусмотрено,не предусмотрено,не предусмотрено,не предусмотрено,-0.0010588073699253,0.0349271948091628,0.0321504547122196,-0.0518504370658089,9880.0,2.0,,307633.63,3039420246.77,643-RUB
0278,ОПИФ рыночных финансовых инструментов «БКС Российские Акции»,RU000A0JP773,Открытый,Фонд рыночных финансовых инструментов,Сформирован,"АО УК ""БКС""",5407191291,https://bcs.ru/am,активная,Индекс Мосбиржи широкого рынка (MOEXBMI),не предусмотрено,"3,9% от среднегодовой СЧА",3.9,True,nav,не предусмотрено,False,"не более 0,2% от среднегодовой СЧА",0.2,3% от среднегодовой СЧА,3.0,не предусмотрено,не предусмотрено,"• 1% — при сумме менее 500 тыс. руб., подаче заявки в филиале УК (Москва, проспект Мира, д. 69, стр. 1) или агентом, кроме заявок от доверительного управляющего и через Личный кабинет • 0,5% — при сумме от 500 тыс. руб. до 1,5 млн руб., подаче заявки в филиале УК (Москва, проспект Мира, д. 69, стр. 1) или агентом, кроме заявок от доверительного управляющего и через Личный кабинет • не взимается — при сумме 1,5 млн руб. и более, подаче заявки в филиале УК (Москва, проспект Мира, д. 69, стр. 1) или агентом, кроме заявок от доверительного управляющего и через Личный кабинет • не взимается — при подаче заявки УК (кроме указанного филиала) или через Личный кабинет • не взимается — при подаче заявки доверительным управляющим в филиале УК (Москва, проспект Мира, д. 69, стр. 1) или агентом • не взимается — при подаче заявки СК «БКС Страхование жизни» или СК «Согласие-Вита» в рамках договора долевого страхования жизни","• 3% — при сроке владения до 181 дня, при подаче заявки в филиале УК в Москве или через Личный кабинет • 2% — при сроке владения 182–365 дней, при подаче заявки в филиале УК в Москве или через Личный кабинет • 1% — при сроке владения 366–548 дней, при подаче заявки в филиале УК в Москве или через Личный кабинет • 0,5% — при сроке владения 549–1095 дней, при подаче заявки в филиале УК в Москве или через Личный кабинет • не взимается — при сроке владения 1096+ дней, при подаче заявки в филиале УК в Москве или через Личный кабинет • 3% — при сроке владения до 181 дня, при подаче заявки УК или агенту, если погашается менее 1000 паев • 2% — при сроке владения 182–365 дней, при подаче заявки УК или агенту, если погашается менее 1000 паев • 1% — при сроке владения 366–548 дней, при подаче заявки УК или агенту, если погашается менее 1000 паев • 0,5% — при сроке владения 549–1095 дней, при подаче заявки УК или агенту, если погашается менее 1000 паев • не взимается — при сроке владения 1096+ дней, при подаче заявки УК или агенту, если погашается менее 1000 паев • не взимается — при погашении 1000+ паев по одной заявке, поданной УК или агенту • не взимается — при погашении по лицевому счету доверительного управляющего • не взимается — при погашении по лицевому счету номинального держателя • не взимается — при погашении по заявке страховой компании «БКС Страхование жизни» или «Согласие-Вита» в рамках страхового случая",-0.0112612612612614,-0.0948453608247422,-0.1306930693069307,-0.0699152542372881,691904898.14655,39947.0,39932.0,4.39,3035747270.06,643-RUB
3692,ЗПИФ рыночных финансовых инструментов «Первая – Фонд Американские акции»,RU000A1006W1,Закрытый,Фонд рыночных финансовых инструментов,Сформирован,АО УК «Первая»,7710183778,https://www.first-am.ru,активная,не предусмотрено,не предусмотрено,"не более 0,8% от среднегодовой СЧА",0.8,False,nav,не предусмотрено,False,"не более 0,15% от среднегодовой СЧА",0.15,"0,07% от среднегодовой СЧА",0.07,не предусмотрено,не предусмотрено,не предусмотрено,не предусмотрено,,,,,3374497.44895,101974.0,101945.0,897.64,3029089722.0,643-RUB
2950,ЗПИФ недвижимости «Т-Капитал Квадратные метры»,RU000A0JVEC9,Закрытый,Недвижимости,Сформирован,ООО «Т-Капитал»,7743304530,https://t-capital-funds.ru/,активная,Индекс потребительских цен,не предусмотрено,"2,9% от среднегодовой СЧА",2.9,True,nav,не предусмотрено,False,0% от среднегодовой СЧА,0.0,0% от среднегодовой СЧА,0.0,не предусмотрено,не предусмотрено,не предусмотрено,не предусмотрено,0.0050393924338135,0.0132089242526152,0.0813617827195943,0.1783306981775818,425990285.69248,52387.0,52384.0,7.08,3016023648.06,643-RUB
4171,ЗПИФ недвижимости «Современный 6»,RU000A102AH5,Закрытый,Недвижимости,Сформирован,АО УК «Первая»,7710183778,https://www.first-am.ru,активная,не предусмотрено,не предусмотрено,1% от среднегодовой СЧА,1.0,True,nav,"20% от дохода от ДУ, но не более 5% от дохода по инвестиционным паям",True,"не более 0,5% от среднегодовой СЧА",0.5,50% от среднегодовой СЧА,50.0,предусмотрено,квартал,не предусмотрено,не предусмотрено,0.0090824948200116,0.0214468653795257,0.048741040648293,0.1014566345304374,6813.186667,1048.0,1048.0,430716.54,2934552176.99,643-RUB
5183,ЗПИФ недвижимости «Т-Капитал Лужники Коллекшн»,RU000A105M34,Закрытый,Недвижимости,Сформирован,ООО «Т-Капитал»,7743304530,https://t-capital-funds.ru/,активная,"Индекс потребительских цен, рассчитываемый Росстатом",не предусмотрено,"2,9% от среднегодовой СЧА",2.9,True,nav,не предусмотрено,False,0% от среднегодовой СЧА,0.0,0% от среднегодовой СЧА,0.0,не предусмотрено,не предусмотрено,не предусмотрено,не предусмотрено,0.0064550020876732,0.0217837690341207,0.0395962131690475,0.0714910908249379,1547620.384,6030.0,6028.0,1876.7924,2904562223.53,643-RUB
0034,ИПИФ рыночных финансовых инструментов «Альфа-Капитал»,RU000A0ERNJ4,Интервальный,Фонд рыночных финансовых инструментов,Сформирован,"ООО УК ""Альфа-Капитал""",7728142469,https://www.alfacapital.ru,активная,не предусмотрено,не предусмотрено,не более 4% от среднегодовой СЧА,4.0,False,nav,не предусмотрено,False,"не более 1,1% от среднегодовой СЧА",1.1,"0,1% от среднегодовой СЧА",0.1,не предусмотрено,не предусмотрено,"• 1,4% — при подаче заявки УК или агенту АО «Альфа-Банк» и сумме менее 500 тыс. руб. • 0,9% — при подаче заявки УК или агенту АО «Альфа-Банк» и сумме от 500 тыс. руб. до 3 млн руб. • 0,5% — при подаче заявки УК или агенту АО «Альфа-Банк» и сумме 3 млн руб. и более • не взимается — при подаче заявки УК номинальным держателем или доверительным управляющим","• 1,5% — при сроке владения до 365 дней включительно • 1% — при сроке владения 366–730 дней включительно • не взимается — при сроке владения 731 день и более • не взимается — при подаче заявки доверительным управляющим или номинальным держателем",0.0052431228901818,-0.0697241608507808,-0.118195564516129,-0.0731125827814569,20214378.0789,1042336.0,1042174.0,139.96,2829178138.66,643-RUB
5497,ОПИФ рыночных финансовых инструментов «ВИМ - Новые валютные облигации»,RU000A1079M9,Открытый,Фонд рыночных финансовых инструментов,Сформирован,АО ВИМ Инвестиции,7701140866,https://www.wealthim.ru,активная,не предусмотрено,не предусмотрено,"1,5% от среднегодовой СЧА",1.5,True,nav,не предусмотрено,False,"не более 0,11% от среднегодовой СЧА",0.11,"0,22% от среднегодовой СЧА",0.22,не предусмотрено,не предусмотрено,не предусмотрено,"• 2% — паи приобретены до 08.11.2024, срок владения до 180 дней • 1,5% — паи приобретены до 08.11.2024, срок владения 180–364 дня • 1% — паи приобретены до 08.11.2024, срок владения 365–729 дней • 0,5% — паи приобретены до 08.11.2024, срок владения 730–1094 дня • не взимается — паи приобретены до 08.11.2024, срок владения 1095 дней и более • 2,5% — паи приобретены после 08.11.2024, срок владения до 730 дней • 2% — паи приобретены после 08.11.2024, срок владения 730–1094 дня • 1,5% — паи приобретены после 08.11.2024, срок владения 1095–1459 дней • 0,5% — паи приобретены после 08.11.2024, срок владения 1460–1824 дня • не взимается — паи приобретены после 08.11.2024, срок владения 1825 дней и более • не устанавливается — при подаче заявки номинальным держателем • не устанавливается — при подаче заявки доверительным управляющим",-0.0009475588395754,0.051422815411735,0.0517724350577376,0.0228620145619174,2695354.62072,3535.0,3534.0,1043.8,2813422728.12,643-RUB
3591,ЗПИФ рыночных финансовых инструментов «ТЕХНОЛОГИИ 100»,RU000A0ZZTQ4,Закрытый,Фонд рыночных финансовых инструментов,Сформирован,"ООО УК ""Альфа-Капитал""",7728142469,https://www.alfacapital.ru,активная,не предусмотрено,не предусмотрено,"не более 0,69% от среднегодовой СЧА",0.69,False,nav,не предусмотрено,False,"не более 0,13% от среднегодовой СЧА",0.13,"не более 0,1% от среднегодовой СЧА",0.1,не предусмотрено,не предусмотрено,не предусмотрено,не предусмотрено,,,,,4362731.0,19513.0,19492.0,643.4,2807002858.96,643-RUB
6461,ЗПИФ недвижимости «Альфа-Капитал Складская коллекция 2»,RU000A109GQ8,Закрытый,Недвижимости,Сформирован,"ООО УК ""Альфа-Капитал""",7728142469,https://www.alfacapital.ru,активная,не предусмотрено,не предусмотрено,"• 0,1% от среднегодовой СЧА — первые 6 месяцев после завершения формирования • 1% от среднегодовой СЧА — после 6 месяцев",1.0,True,nav,• 10% от дохода по инвестиционным паям • 10% от прироста стоимости имущества • общий лимит: не более 20% от общего дохода от ДУ,True,"не более 0,5% от среднегодовой СЧА",0.5,50% от среднегодовой СЧА,50.0,предусмотрено,квартал,не предусмотрено,не предусмотрено,0.0068733560432926,0.0255354572652521,0.0815259228729651,0.1295172989138463,2326742.30011,2776.0,2772.0,1167.52,2716527946.91,643-RUB
0754,ЗПИФ недвижимости «Саввинские палаты»,RU000A102H18,Закрытый,Недвижимости,Сформирован,ООО ВИМ Сбережения,7722270922,https://www.wimsavings.ru,активная,не предусмотрено,не предусмотрено,"0,8% от среднегодовой СЧА",0.8,True,nav,не предусмотрено,False,"не более 0,5% от среднегодовой СЧА",0.5,7% от среднегодовой СЧА,7.0,предусмотрено,квартал,не предусмотрено,не предусмотрено,0.0048818267713225,0.008503755533504,0.0662522689746801,0.1289691038046062,101092.58706,1.0,,26779.96,2707255921.75,643-RUB
0729,"ОПИФ рыночных финансовых инструментов ""Атон-Фонд облигаций""",RU000A0JQWQ1,Открытый,Фонд рыночных финансовых инструментов,Сформирован,"ООО ""УК ""Атон-менеджмент""",7701253764,https://www.am-aton.ru,активная,• 50% Индекс Мосбиржи Корпоративных Облигаций • 50% Индекс Мосбиржи государственных облигаций,не предусмотрено,2% от среднегодовой СЧА,2.0,True,nav,не предусмотрено,False,"не более 0,5% от среднегодовой СЧА",0.5,1% от среднегодовой СЧА,1.0,не предусмотрено,не предусмотрено,не предусмотрено,• 2% — при сроке владения до 365 дней • 1% — при сроке владения 366–730 дней • не взимается — при сроке владения более 730 дней • не взимается — при подаче заявки доверительным управляющим • не взимается — при подаче заявки номинальным держателем,0.0317609877706456,-0.0108515388107767,0.0320572765182474,0.0848419645874773,638322.95032,2527.0,2499.0,4204.88,2684070543.01,643-RUB
7322,ОПИФ рыночных финансовых инструментов «ВИМ - Сбережения»,RU000A10FCA3,Открытый,Фонд рыночных финансовых инструментов,Сформирован,АО ВИМ Инвестиции,7701140866,https://www.wealthim.ru,активная,не предусмотрено,не предусмотрено,"1,5% от среднегодовой СЧА",1.5,True,nav,не предусмотрено,False,"не более 0,12% от среднегодовой СЧА",0.12,1% от среднегодовой СЧА,1.0,не предусмотрено,не предусмотрено,не предусмотрено,"• 2,5% — при сроке владения менее 730 дней • 2% — при сроке владения 730–1094 дней • не взимается — при сроке владения 1095 дней и более • не устанавливается — при подаче заявки номинальным держателем • не устанавливается — при подаче заявки доверительным управляющим",0.0203971892345129,0.0044769424008613,0.0614239666287447,,2351858.50897,2474.0,2474.0,1119.59,2633107309.5,643-RUB
0622,ОПИФ рыночных финансовых инструментов «Газпромбанк – Сбалансированный»,-,Открытый,Фонд рыночных финансовых инструментов,Сформирован,АО «ААА Управление Капиталом»,7722515837,https://aaacapital.ru,активная,не предусмотрено,не предусмотрено,"2,75% от среднегодовой СЧА",2.75,True,nav,не предусмотрено,False,"не более 0,15% от среднегодовой СЧА",0.15,"0,2% от среднегодовой СЧА",0.2,не предусмотрено,не предусмотрено,"• 1,5% — при подаче заявки агентам, через Цифровые каналы с оплатой картой не Банка ГПБ (АО), или в бумажной форме при сумме менее 5 млн руб. • не взимается — при подаче заявки в бумажной форме при сумме от 5 млн руб., через Цифровые каналы любым способом, кроме карты не Банка ГПБ (АО), от доверительного управляющего, от номинального держателя по распоряжению владельца паев","• 1% — при подаче заявки УК или агенту, если срок владения до 730 дней • не взимается — при подаче заявки УК или агенту, если срок владения более 730 дней • 2% — при подаче заявки через Цифровые каналы, если срок владения до 182 дней • 1% — при подаче заявки через Цифровые каналы, если срок владения 183–1096 дней • не взимается — при подаче заявки через Цифровые каналы, если срок владения более 1096 дней • не взимается — при подаче заявки номинальным держателем или доверительным управляющим",0.0030614591385248,-0.0504286976979628,-0.0529077691363934,-0.0019489953163465,710078.21334,3860.0,3860.0,3620.44,2570795463.75,643-RUB
1008,ОПИФ рыночных финансовых инструментов «Атон – Эшелон 2.0»,RU000A0JS9Y9,Открытый,Фонд рыночных финансовых инструментов,Сформирован,"ООО ""УК ""Атон-менеджмент""",7701253764,https://www.am-aton.ru,активная,Индекс Мосбиржи акций малой и средней капитализации,не предусмотрено,"4,2% от среднегодовой СЧА",4.2,True,nav,не предусмотрено,False,"не более 0,5% от среднегодовой СЧА",0.5,2% от среднегодовой СЧА,2.0,не предусмотрено,не предусмотрено,не предусмотрено,• 2% — при сроке владения до 365 дней • 1% — при сроке владения 366–730 дней • не взимается — при сроке владения более 730 дней • не взимается — при подаче заявки доверительным управляющим • не взимается — при подаче заявки номинальным держателем,-0.014337735870595,-0.1116312567518905,-0.1809157010524917,-0.1434537626728567,1478456.60876,1662.0,1656.0,1726.9,2553148641.83,643-RUB
1899,"ЗПИФ Недвижимости ""АТРИУМ""",RU000A0JRHC0,Закрытый,Недвижимости,Сформирован,"ООО ""ВЕЛЕС ТРАСТ""",7703603950,https://www.veles-trust.ru,активная,не предусмотрено,не предусмотрено,1% от среднегодовой СЧА,1.0,True,nav,не предусмотрено,False,"не более 1,5% от среднегодовой СЧА",1.5,10% от среднегодовой СЧА,10.0,предусмотрено,месяц,не предусмотрено,не предусмотрено,0.0079964032088416,0.0229872421075876,0.105273800125241,0.258992119577859,1280002.0,1001.0,994.0,1934.34,2475952053.34,643-RUB
4212,ОПИФ рыночных финансовых инструментов «Т-Капитал Консервативные облигации»,RU000A109KE6,Открытый,Фонд рыночных финансовых инструментов,Сформирован,ООО «Т-Капитал»,7743304530,https://t-capital-funds.ru/,активная,не предусмотрено,не предусмотрено,"1,5% от среднегодовой СЧА",1.5,True,nav,не предусмотрено,False,"не более 0,4% от среднегодовой СЧА",0.4,"0,2% от среднегодовой СЧА",0.2,не предусмотрено,не предусмотрено,"• 1,0% — при подаче заявки Управляющей компании или агентам • не взимается — при подаче заявки номинальным держателем или доверительным управляющим",• 1% — при сроке владения до 365 дней включительно • не взимается — при сроке владения более 365 дней • не взимается — при подаче заявки номинальным держателем или доверительным управляющим,0.0170058188422858,0.0172316346166784,0.0702842377260981,0.1471246576070048,1636909.60997,2166.0,2165.0,1511.83,2474729953.42,643-RUB
0257,ОПИФ рыночных финансовых инструментов «Перспективные вложения»,RU000A0JPR92,Открытый,Фонд рыночных финансовых инструментов,Сформирован,"ООО ""УК ПРОМСВЯЗЬ""",7718218817,https://www.upravlyaem.ru,активная,Индекс МосБиржи (IMOEX),не предусмотрено,"3,2% от среднегодовой СЧА",3.2,True,nav,не предусмотрено,False,"0,29% от среднегодовой СЧА",0.29,"0,6% от среднегодовой СЧА",0.6,не предусмотрено,не предусмотрено,"• 1,5% — при подаче заявки УК или агенту • 0,5% — при подаче заявки УК на сумму 10 млн руб. и выше • не взимается — при подаче заявки УК профессиональным участником рынка ценных бумаг","• 2% — при сроке владения до 180 дней • 1,5% — при сроке владения 181–365 дней • 1% — при сроке владения более 365 дней • не взимается — при сроке владения до 30 дней • не взимается — при подаче заявки юридическим лицом, являющимся профессиональным участником рынка ценных бумаг",-0.0133372721366798,-0.1072216559066712,-0.1589604935478983,-0.1132568125646157,311648.53417,21486.0,21486.0,7882.34,2456521203.65,643-RUB
3219,ЗПИФ недвижимости «Современный Арендный бизнес 2»,RU000A0ZYC64,Закрытый,Недвижимости,Сформирован,АО УК «Первая»,7710183778,https://www.first-am.ru,активная,не предусмотрено,не предусмотрено,"• не более 2% от среднегодовой СЧА — до 31 декабря 2019 года • не более 1,75% от среднегодовой СЧА — с 01 января 2020 года",1.75,False,nav,"• 20% от дохода от ДУ, но не более 10% от дохода по инвестиционным паям — до 31 декабря 2019 года • 20% от дохода от ДУ, но не более 7,5% от дохода по инвестиционным паям — с 01 января 2020 года",True,"не более 0,4% от среднегодовой СЧА",0.4,50% от среднегодовой СЧА,50.0,предусмотрено,квартал,не предусмотрено,не предусмотрено,0.0073881741147011,0.0349687871847781,0.0500898193905562,0.0918190772338043,9545.543985,940.0,940.0,255267.62,2436668335.67,643-RUB
0363,ОПИФ рыночных финансовых инструментов «Арсагера – ФА»,RU000A0HGNG6,Открытый,Фонд рыночных финансовых инструментов,Сформирован,"ПАО ""УК ""Арсагера""",7840303927,https://www.arsagera.ru,активная,МосБиржи полной доходности «брутто» (MCFTR),не предусмотрено,"не более 1,7% от среднегодовой СЧА",1.7,False,nav,не предусмотрено,False,"не более 0,01% от среднегодовой СЧА",0.01,"0,01% от среднегодовой СЧА",0.01,не предусмотрено,не предусмотрено,не предусмотрено,не предусмотрено,0.0108749138473107,-0.1360836074639623,-0.1813596955707502,-0.1474562555604499,190692.3324834,3193.0,3191.0,12716.21,2424883311.84,643-RUB
7057,ОПИФ рыночных финансовых инструментов «БКС ОФЗ с выплатой дохода»,RU000A10BQP0,Открытый,Фонд рыночных финансовых инструментов,Сформирован,"АО УК ""БКС""",5407191291,https://bcs.ru/am,активная,Индекс МосБиржи Государственных Облигаций (RGBI),не предусмотрено,2% от среднегодовой СЧА,2.0,True,nav,не предусмотрено,False,"не более 0,5% от среднегодовой СЧА",0.5,2% от среднегодовой СЧА,2.0,предусмотрено,квартал,"• 1% — при сумме менее 500 тыс. руб., подаче заявки в филиале УК (Москва, проспект Мира, д. 69) или агенту, кроме заявок от доверительного управляющего и через Личный кабинет • 0,5% — при сумме от 500 тыс. руб. до 1,5 млн руб., подаче заявки в филиале УК (Москва, проспект Мира, д. 69) или агенту, кроме заявок от доверительного управляющего и через Личный кабинет • не взимается — при сумме 1,5 млн руб. и более, подаче заявки в филиале УК (Москва, проспект Мира, д. 69) или агенту, кроме заявок от доверительного управляющего и через Личный кабинет • не взимается — при подаче заявки УК (кроме филиала в Москве, проспект Мира, д. 69) или через Личный кабинет • не взимается — при подаче заявки доверительным управляющим в филиале УК (Москва, проспект Мира, д. 69) или агенту • не взимается — при подаче заявки СК «БКС Страхование жизни» в рамках договора долевого страхования жизни","• 3% — при сроке владения до 181 дня, при подаче заявки в филиале УК в Москве или через Личный кабинет • 2% — при сроке владения 182–365 дней, при подаче заявки в филиале УК в Москве или через Личный кабинет • 1% — при сроке владения 366–548 дней, при подаче заявки в филиале УК в Москве или через Личный кабинет • 0,5% — при сроке владения 549–1095 дней, при подаче заявки в филиале УК в Москве или через Личный кабинет • не взимается — при сроке владения 1096+ дней, при подаче заявки в филиале УК в Москве или через Личный кабинет • 3% — при сроке владения до 181 дня, при подаче заявки УК (кроме филиала в Москве и Личного кабинета) и погашении менее 100 тыс. паев • 2% — при сроке владения 182–365 дней, при подаче заявки УК (кроме филиала в Москве и Личного кабинета) и погашении менее 100 тыс. паев • 1% — при сроке владения 366–548 дней, при подаче заявки УК (кроме филиала в Москве и Личного кабинета) и погашении менее 100 тыс. паев • 0,5% — при сроке владения 549–1095 дней, при подаче заявки УК (кроме филиала в Москве и Личного кабинета) и погашении менее 100 тыс. паев • не взимается — при сроке владения 1096+ дней, при подаче заявки УК (кроме филиала в Москве и Личного кабинета) и погашении менее 100 тыс. паев • не взимается — при погашении 100 тыс. паев и более по одной заявке, поданной УК (кроме филиала в Москве и Личного кабинета) • не взимается — при погашении по лицевому счету доверительного управляющего • не взимается — при погашении по лицевому счету номинального держателя • не взимается — при погашении по заявке страховой компании «БКС Страхование жизни» в рамках договора долевого страхования",0.0235402017731581,-0.0073736959292281,0.0360874098923872,0.0700053536436451,23926239.50173,16140.0,16129.0,100.44,2403177883.08,643-RUB
7307,БПИФ рыночных финансовых инструментов «Сила Ликвидности»,RU000A10CW79,Биржевой,Фонд рыночных финансовых инструментов,Сформирован,АО «Контрада Капитал»,9703206844,https://www.contrada-capital.ru,пассивная,Russian Secured Funding Average Rate (RUSFAR),не более 5% по модулю — за 1 рабочий день,"0,3% от среднегодовой СЧА в год",0.3,True,nav,не предусмотрено,False,"не более 0,7% от среднегодовой СЧА в год",0.7,1% от среднегодовой СЧА,1.0,не предусмотрено,не предусмотрено,не предусмотрено,не предусмотрено,0.0105215004574566,0.0321465283618353,0.0648862321635172,,21100215.4727,1091.0,1086.0,110.45,2330597351.8,643-RUB
4677,ОПИФ рыночных финансовых инструментов «Т-Капитал Баланс»,RU000A109KH9,Открытый,Фонд рыночных финансовых инструментов,Сформирован,ООО «Т-Капитал»,7743304530,https://t-capital-funds.ru/,активная,не предусмотрено,не предусмотрено,"2,75% от среднегодовой СЧА",2.75,True,nav,не предусмотрено,False,"не более 0,4% от среднегодовой СЧА",0.4,"0,4% от среднегодовой СЧА",0.4,не предусмотрено,не предусмотрено,"• 1,5% — при сумме инвестирования до 5 млн руб. • 1% — при сумме инвестирования от 5 млн руб. • не взимается — при подаче заявки номинальным держателем или доверительным управляющим",• 2% — при сроке владения до 365 дней • 1% — при сроке владения 366–730 дней • не взимается — при сроке владения 731 день и более • не взимается — при подаче заявки номинальным держателем или доверительным управляющим,0.008123627114725,-0.0212878991948759,-0.0177674313821199,0.1133345817302782,1779845.41716,2812.0,2810.0,1307.99,2326715414.42,643-RUB
0053,ОПИФ рыночных финансовых инструментов «БКС Акции роста»,RU0006922044,Открытый,Фонд рыночных финансовых инструментов,Сформирован,"АО УК ""БКС""",5407191291,https://bcs.ru/am,активная,• 33% Индекс Мосбиржи Информационных технологий (MOEXIT) • 33% Индекс Мосбиржи Потребительского сектора (MOEXCN) • 34% Индекс Мосбиржи Финансов (MOEXFN),не предусмотрено,"3,9% от среднегодовой СЧА",3.9,True,nav,не предусмотрено,False,"не более 0,2% от среднегодовой СЧА",0.2,не более 2% от среднегодовой СЧА,2.0,не предусмотрено,не предусмотрено,"• не взимается — при подаче заявки в УК физическими или юридическими лицами • 0,5% — при подаче заявки агенту физическими или юридическими лицами (за исключением доверительного управляющего) • не взимается — при подаче заявки через Личный кабинет BCS или Fins • не взимается — при подаче заявки доверительным управляющим • не взимается — при подаче заявки страховыми компаниями «БКС Страхование жизни» и «Согласие-Вита» в рамках договора долевого страхования жизни","• 3% — при сроке владения до 365 дней • 2% — при сроке владения 366–731 день • 1% — при сроке владения 732–1095 дней • не взимается — при сроке владения 1096 дней и более • не взимается — при погашении не менее 1000 паев по одной заявке (кроме заявок, принятых в филиале по адресу: Москва, проспект Мира, д. 69, стр. 1, и заявок через Личный кабинет BCS/Fins) • не взимается — при погашении по лицевому счету доверительного управляющего • не взимается — при погашении по лицевому счету номинального держателя • не взимается — при погашении по заявке страховой компании «БКС Страхование жизни» или «Согласие-Вита» в рамках договора долевого страхования жизни",0.0180073698115829,-0.0688120071228696,-0.1201778632375917,-0.091010677924013,15719953.5024,37866.0,37840.0,146.42,2302962102.57,643-RUB
5203,ОПИФ рыночных финансовых инструментов «Перспективные облигации»,-,Открытый,Фонд рыночных финансовых инструментов,Сформирован,АО «ААА Управление Капиталом»,7722515837,https://aaacapital.ru,активная,не предусмотрено,не предусмотрено,2% от среднегодовой СЧА,2.0,True,nav,не предусмотрено,False,"не более 0,15% от среднегодовой СЧА",0.15,"0,2% от среднегодовой СЧА",0.2,предусмотрено,квартал,"• 1% — при подаче заявки агентам, через Цифровые каналы (кроме оплаты картой не ГПБ), или в бумажной форме при сумме менее 5 млн руб. • 1,5% — при подаче заявки через Цифровые каналы с оплатой картой не ГПБ • не взимается — при подаче заявки в бумажной форме при сумме от 5 млн руб., от доверительного управляющего, от номинального держателя",• 2% — при сроке владения до 182 дней • 1% — при сроке владения 183–1096 дней • не взимается — при сроке владения более 1096 дней • не взимается — при подаче заявки номинальным держателем или доверительным управляющим,0.0104102427215743,0.0157540915501082,0.0633282178253082,0.1247827844697871,2011404.20027,3201.0,3201.0,1097.74,2208002046.46,643-RUB
3757,ЗПИФ недвижимости «Енисей»,RU000A100ZQ7,Закрытый,Недвижимости,Сформирован,АО «УК ТФГ»,7708168370,https://www.tfg.ru,активная,Индекс потребительских цен,не предусмотрено,"1% от среднегодовой СЧА, но не более 6 млн руб. в год",1.0,False,mixed,не предусмотрено,False,"не более 0,2% от среднегодовой СЧА",0.2,20% от среднегодовой СЧА,20.0,предусмотрено,квартал,не предусмотрено,не предусмотрено,0.0101059343326962,0.0391250334642717,0.0700624853857655,0.1373699589284898,6746.66666,1.0,,321514.83,2169153353.3,643-RUB
0056,ОПИФ рыночных финансовых инструментов «Фонд Консервативный»,RU0006922010,Открытый,Фонд рыночных финансовых инструментов,Сформирован,"АО УК ""БКС""",5407191291,https://bcs.ru/am,активная,RUONIA (Ruble Over Night Index Average),не предусмотрено,"0,9% от среднегодовой СЧА",0.9,True,nav,не предусмотрено,False,"не более 0,2% от среднегодовой СЧА",0.2,не более 2% от среднегодовой СЧА,2.0,не предусмотрено,не предусмотрено,"• не взимается — при подаче заявки в УК • 0,5% — при подаче заявки агенту • не взимается — при подаче заявки через Личный кабинет BCS или Fins • не взимается — при подаче заявки доверительным управляющим • не взимается — при подаче заявки страховыми компаниями «БКС Страхование жизни» и «Согласие-Вита» в рамках договора долевого страхования жизни","• 3% — при сроке владения до 365 дней • 2% — при сроке владения 366–731 день • 1% — при сроке владения 732–1095 дней • не взимается — при сроке владения 1096 дней и более • не взимается — при погашении не менее 1000 паев по одной заявке (кроме заявок, принятых в филиале по адресу: Москва, проспект Мира, д. 69, стр. 1, и через Личный кабинет BCS/Fins) • не взимается — при погашении по лицевому счету доверительного управляющего • не взимается — при погашении по лицевому счету номинального держателя • не взимается — при погашении по заявке страховой компании «БКС Страхование жизни» или «Согласие-Вита» в рамках договора долевого страхования жизни",0.0132511042586882,0.038612677259525,0.0804229983115613,0.1741187831965234,17422089.49769,8817.0,8807.0,121.58,2118125027.1,643-RUB
2729,ЗПИФ недвижимости «РВМ Капитальный»,RU000A0JUKK1,Закрытый,Недвижимости,Сформирован,"АО УК ""РВМ Капитал""",7722563196,https://www.rwminvest.ru,активная,не предусмотрено,не предусмотрено,500 тыс. руб. в месяц,500.0,True,fixed,"не более 10% от дохода от ДУ, но не более 2% от среднегодовой СЧА",True,"не более 0,3% от среднегодовой СЧА",0.3,20% от среднегодовой СЧА,20.0,предусмотрено,квартал,не предусмотрено,не предусмотрено,0.139133311286164,0.1767688566376846,0.2264503014816998,0.2953463675818746,1522.103447,1.0,,1386631.53,2110596627.5,643-RUB
5763,ЗПИФ рыночных финансовых инструментов «Заблокированные активы паевого инвестиционного фонда «Первая – Золото»»,-,Закрытый,Фонд рыночных финансовых инструментов,Сформирован,АО УК «Первая»,7710183778,https://www.first-am.ru,активная,не предусмотрено,не предусмотрено,не более 1% от среднегодовой СЧА,1.0,False,nav,не предусмотрено,False,"не более 0,15% от среднегодовой СЧА",0.15,"0,5% от среднегодовой СЧА",0.5,не предусмотрено,не предусмотрено,не предусмотрено,не предусмотрено,,,,,2475435.0789417,30664.0,30663.0,845.51,2092999930.29,643-RUB
0960,ОПИФ рыночных финансовых инструментов «ВИМ - Нефтегазовый сектор»,RU000A0JS9Q5,Открытый,Фонд рыночных финансовых инструментов,Сформирован,АО ВИМ Инвестиции,7701140866,https://www.wealthim.ru,активная,Индекс МосБиржи нефти и газа (MOEXOG),не предусмотрено,не более 3% от среднегодовой СЧА,3.0,False,nav,не предусмотрено,False,"не более 0,12% от среднегодовой СЧА",0.12,"не более 0,05% от среднегодовой СЧА",0.05,не предусмотрено,не предусмотрено,не предусмотрено,"• 2% — паи приобретены до 08.11.2024, срок владения до 180 дней • 1,5% — паи приобретены до 08.11.2024, срок владения 180–364 дня • 1% — паи приобретены до 08.11.2024, срок владения 365–729 дней • 0,5% — паи приобретены до 08.11.2024, срок владения 730–1094 дня • не взимается — паи приобретены до 08.11.2024, срок владения 1095 дней и более • 2,5% — паи приобретены после 08.11.2024, срок владения до 729 дней • 2% — паи приобретены после 08.11.2024, срок владения 730–1094 дня • 1,5% — паи приобретены после 08.11.2024, срок владения 1095–1459 дней • 0,5% — паи приобретены после 08.11.2024, срок владения 1460–1824 дня • не взимается — паи приобретены после 08.11.2024, срок владения 1825 дней и более • не устанавливается — при подаче заявки номинальным держателем • не устанавливается — при подаче заявки доверительным управляющим",0.0438152011922505,-0.0894435777431096,-0.1054916985951468,-0.1127438560932353,59700807.8388,8820.0,8820.0,35.02,2090653856.38,643-RUB
0642,ЗПИФ недвижимости «АТЛАНТ»,RU000A0JQ797,Закрытый,Недвижимости,Сформирован,"ООО ""УК ""Мегаполис-Инвест""",3445109706,https://www.megainv.ru,активная,не предусмотрено,не предусмотрено,"6% от среднегодовой СЧА, но не более 1 475 000 руб. в месяц",6.0,False,mixed,не предусмотрено,False,"не более 0,9% от среднегодовой СЧА",0.9,15% от среднегодовой СЧА,15.0,предусмотрено,месяц,не предусмотрено,не предусмотрено,0.0039672292539514,0.0102238402939976,0.0108669297474994,0.1144210144997092,173.0,1.0,,11880098.51,2055257042.79,643-RUB
0450,ОПИФ рыночных финансовых инструментов «А-Капитал Облигации»,RU000A0JUAR7,Открытый,Фонд рыночных финансовых инструментов,Сформирован,ООО «УК «А-Капитал»,7707583543,https://www.acapital-am.ru,активная,не предусмотрено,не предусмотрено,"не более 1,5% от среднегодовой СЧА",1.5,False,nav,не предусмотрено,False,"не более 0,35% от среднегодовой СЧА",0.35,"0,45% от среднегодовой СЧА",0.45,не предусмотрено,не предусмотрено,"• 1,25% — при сумме менее 1 млн руб. • 1% — при сумме от 1 млн руб. до 5 млн руб. • 0,75% — при сумме от 5 млн руб. • не взимается — при подаче заявки агенту, указанному в п. 47(3) ПДУ","• 1,5% — при сроке владения до 365 дней • 0,75% — при сроке владения 366–730 дней • не взимается — при сроке владения более 730 дней • не взимается — при подаче заявки агенту, являющемуся страховой организацией (п. 67(3))",0.0157455573787662,0.0189829083776968,0.0735397217814841,0.1573713103667754,3450938.240123,518.0,518.0,581.88,2008031340.61,643-RUB
3805,ЗПИФ рыночных финансовых инструментов «ЕВРОПА 600»,RU000A100Q43,Закрытый,Фонд рыночных финансовых инструментов,Сформирован,"ООО УК ""Альфа-Капитал""",7728142469,https://www.alfacapital.ru,активная,не предусмотрено,не предусмотрено,"не более 0,69% от среднегодовой СЧА",0.69,False,nav,не предусмотрено,False,"не более 0,13% от среднегодовой СЧА",0.13,"не более 0,1% от среднегодовой СЧА",0.1,не предусмотрено,не предусмотрено,не предусмотрено,не предусмотрено,,,,,5950973.63268,24341.0,24328.0,331.78,2000524143.88,643-RUB
0336,ОПИФ рыночных финансовых инструментов «Просто. Акции»,RU000A0JXQS5,Открытый,Фонд рыночных финансовых инструментов,Сформирован,"ООО ""УК ПРОМСВЯЗЬ""",7718218817,https://www.upravlyaem.ru,активная,Индекс МосБиржи (IMOEX),не предусмотрено,"3,2% от среднегодовой СЧА",3.2,True,nav,не предусмотрено,False,"0,29% от среднегодовой СЧА",0.29,1% от среднегодовой СЧА,1.0,не предусмотрено,не предусмотрено,"• 1,5% — при подаче заявки управляющей компании или агенту • 0,5% — при подаче заявки управляющей компании на сумму 10 млн руб. и выше • не взимается — при подаче заявки управляющей компании юридическим лицом, являющимся профессиональным участником рынка ценных бумаг","• 2% — при сроке владения до 180 дней • 1,5% — при сроке владения 181–365 дней • 1% — при сроке владения более 365 дней • не взимается — при сроке владения до 30 дней • не взимается — при подаче заявки юридическим лицом, являющимся профессиональным участником рынка ценных бумаг",-0.0076996994666374,-0.1043040863656307,-0.1617757550297216,-0.1074460707544354,203166.18045,11102.0,11100.0,9717.19,1974204284.72,643-RUB
7323,ОПИФ рыночных финансовых инструментов «ВИМ - Сбережения. Рантье»,-,Открытый,Фонд рыночных финансовых инструментов,Сформирован,АО ВИМ Инвестиции,7701140866,https://www.wealthim.ru,активная,не предусмотрено,не предусмотрено,"1,5% от среднегодовой СЧА",1.5,True,nav,не предусмотрено,False,"не более 0,12% от среднегодовой СЧА",0.12,1% от среднегодовой СЧА,1.0,предусмотрено,квартал,не предусмотрено,"• 2,5% — при сроке владения менее 730 дней • 2% — при сроке владения 730–1094 дней • не взимается — при сроке владения 1095 дней и более • не устанавливается — при подаче заявки номинальным держателем • не устанавливается — при подаче заявки доверительным управляющим",0.0196129985223332,0.0042,0.0606,,36566.28843,1729.0,1729.0,53593.5,1959715416.78,643-RUB
6992,ОПИФ рыночных финансовых инструментов «Первая - Левитан»,-,Открытый,Фонд рыночных финансовых инструментов,Сформирован,АО УК «Первая»,7710183778,https://www.first-am.ru,активная,RUCBTRNS - «Индекс МосБиржи Корпоративных Облигаций»,не предусмотрено,2% от среднегодовой СЧА,2.0,True,nav,не предусмотрено,False,"не более 0,15% от среднегодовой СЧА",0.15,"0,5% от среднегодовой СЧА",0.5,не предусмотрено,не предусмотрено,не предусмотрено,"• 3% — при сроке владения до 729 дней (для паев, учтенных на ИИС или приобретенных без указания на ИИС) • 2,5% — при сроке владения 730–1094 дней (для паев, учтенных на ИИС или приобретенных без указания на ИИС) • 1,5% — при сроке владения 1095–1459 дней (для паев, учтенных на ИИС или приобретенных без указания на ИИС) • 0,5% — при сроке владения 1460–1825 дней (для паев, учтенных на ИИС или приобретенных без указания на ИИС) • не взимается — при сроке владения 1826 дней и более (для паев, учтенных на ИИС или приобретенных без указания на ИИС) • не взимается — при погашении в связи с особой жизненной ситуацией • не взимается — для юридических лиц, приобретших паи при формировании Фонда",0.0124228746531948,0.0114428025351228,0.0632866250902417,0.1334934352051035,1602972.9144046,2884.0,2884.0,1222.45,1959554575.16,643-RUB
1900,ЗПИФ Недвижимости «Торговая недвижимость»,RU000A0ZYBE1,Закрытый,Недвижимости,Сформирован,АО «АБ Капитал»,9703163301,https://abcapital.ru,активная,не предусмотрено,не предусмотрено,"0,5% от среднегодовой СЧА",0.5,True,nav,не предусмотрено,False,"не более 1,5% от среднегодовой СЧА",1.5,10% от среднегодовой СЧА,10.0,предусмотрено,месяц,не предусмотрено,не предусмотрено,0.0064147077785175,0.0181483237833386,0.0717915181586576,0.1652919571062539,244000.0,5.0,5.0,7788.69,1900440751.55,643-RUB
0177,ОПИФ рыночных финансовых инструментов «ВИМ - Индекс МосБиржи»,RU000A0JR290,Открытый,Фонд рыночных финансовых инструментов,Сформирован,АО ВИМ Инвестиции,7701140866,https://www.wealthim.ru,пассивная,Индекс МосБиржи полной доходности 2 (MCF2TR),"• не более 0,5% по модулю — за 20 рабочих дней • не более 3% по модулю — за 250 рабочих дней",не более 1% от среднегодовой СЧА,1.0,False,nav,не предусмотрено,False,"не более 0,12% от среднегодовой СЧА",0.12,"0,17% от среднегодовой СЧА",0.17,не предусмотрено,не предусмотрено,не предусмотрено,"• 2% — паи приобретены до 08.11.2024, срок владения менее 180 дней • 1,5% — паи приобретены до 08.11.2024, срок владения 180–364 дня • 1% — паи приобретены до 08.11.2024, срок владения 365–729 дней • 0,5% — паи приобретены до 08.11.2024, срок владения 730–1094 дня • не взимается — паи приобретены до 08.11.2024, срок владения 1095 дней и более • 2,5% — паи приобретены после 08.11.2024, срок владения менее 730 дней • 2% — паи приобретены после 08.11.2024, срок владения 730–1094 дня • 1,5% — паи приобретены после 08.11.2024, срок владения 1095–1459 дней • 0,5% — паи приобретены после 08.11.2024, срок владения 1460–1824 дня • не взимается — паи приобретены после 08.11.2024, срок владения 1825 дней и более • не устанавливается — при подаче заявки номинальным держателем • не устанавливается — при подаче заявки доверительным управляющим",-0.0142505883988661,-0.1210792180828667,-0.1549015059749319,-0.1240366335267116,238697.537034,7401.0,7396.0,7869.76,1880124817.04,643-RUB
5270,ОПИФ рыночных финансовых инструментов «БКС Капитал»,RU000A105TU1,Открытый,Фонд рыночных финансовых инструментов,Сформирован,"АО УК ""БКС""",5407191291,https://bcs.ru/am,активная,Индекс МосБиржи активов пенсионных накоплений агрессивный (RUPAI),не предусмотрено,"2,5% от среднегодовой СЧА",2.5,True,nav,не предусмотрено,False,"не более 0,18% от среднегодовой СЧА",0.18,"2,5% от среднегодовой СЧА",2.5,предусмотрено,квартал,"• 1% — при сумме менее 500 тыс. руб., подаче заявки в филиале УК (Москва, проспект Мира, д. 69) или агенту, кроме заявок от доверительного управляющего и через Личный кабинет • 0,5% — при сумме от 500 тыс. руб. до 1,5 млн руб., подаче заявки в филиале УК (Москва, проспект Мира, д. 69) или агенту, кроме заявок от доверительного управляющего и через Личный кабинет • не взимается — при сумме 1,5 млн руб. и более, подаче заявки в филиале УК (Москва, проспект Мира, д. 69) или агенту, кроме заявок от доверительного управляющего и через Личный кабинет • не взимается — при подаче заявки УК (кроме филиала в Москве, проспект Мира, д. 69) или через Личный кабинет • не взимается — при подаче заявки доверительным управляющим в филиале УК (Москва, проспект Мира, д. 69) или агенту • не взимается — при подаче заявки СК «БКС Страхование жизни» в рамках договора долевого страхования жизни","• 3% — при сроке владения до 181 дня, при подаче заявки в филиале УК в Москве или через Личный кабинет • 2% — при сроке владения 182–365 дней, при подаче заявки в филиале УК в Москве или через Личный кабинет • 1% — при сроке владения 366–548 дней, при подаче заявки в филиале УК в Москве или через Личный кабинет • 0,5% — при сроке владения 549–1095 дней, при подаче заявки в филиале УК в Москве или через Личный кабинет • не взимается — при сроке владения 1096+ дней, при подаче заявки в филиале УК в Москве или через Личный кабинет • 3% — при сроке владения до 181 дня, при подаче заявки УК (кроме филиала в Москве и Личного кабинета) и погашении менее 2000 паев • 2% — при сроке владения 182–365 дней, при подаче заявки УК (кроме филиала в Москве и Личного кабинета) и погашении менее 2000 паев • 1% — при сроке владения 366–548 дней, при подаче заявки УК (кроме филиала в Москве и Личного кабинета) и погашении менее 2000 паев • 0,5% — при сроке владения 549–1095 дней, при подаче заявки УК (кроме филиала в Москве и Личного кабинета) и погашении менее 2000 паев • не взимается — при сроке владения 1096+ дней, при подаче заявки УК (кроме филиала в Москве и Личного кабинета) и погашении менее 2000 паев • не взимается — при погашении 2000+ паев по одной заявке, поданной УК (кроме филиала в Москве и Личного кабинета) • не взимается — при погашении по лицевому счету доверительного управляющего • не взимается — при погашении по лицевому счету номинального держателя • не взимается — при погашении по заявке страховой компании «БКС Страхование жизни» в рамках договора долевого страхования",0.0190321754715371,0.0015245987566603,0.0056465209534322,0.0534877170784777,3928014.26328,14293.0,14288.0,477.6,1876019755.64,643-RUB
1407,ЗПИФ рыночных финансовых инструментов «РСХБ – Фонд Золото»,RU000A0JR2N8,Закрытый,Фонд рыночных финансовых инструментов,Сформирован,"ООО ""РСХБ Управление Активами""",7704814182,https://www.rshb-am.ru/,активная,не предусмотрено,не предусмотрено,не более 1% от среднегодовой СЧА,1.0,False,nav,не предусмотрено,False,"не более 0,16% от среднегодовой СЧА",0.16,5% от среднегодовой СЧА,5.0,не предусмотрено,не предусмотрено,не предусмотрено,не предусмотрено,,,,,809735.56422,4173.0,4173.0,2292.03,1855941123.78,643-RUB
2568,ОПИФ рыночных финансовых инструментов «РСХБ – Фонд Акций»,RU000A0ZZMN6,Открытый,Фонд рыночных финансовых инструментов,Сформирован,"ООО ""РСХБ Управление Активами""",7704814182,https://www.rshb-am.ru/,активная,Индекс МосБиржи,не предусмотрено,"не более 3,5% от среднегодовой СЧА",3.5,False,nav,не предусмотрено,False,"не более 0,65% от среднегодовой СЧА",0.65,"0,7% от среднегодовой СЧА",0.7,не предусмотрено,не предусмотрено,"• 1,5% — при подаче заявки через пункты приема, Личный кабинет или Услуги дистанционного банковского обслуживания при сумме от 1 тыс. руб. до 10 млн руб. • 1% — при подаче заявки через пункты приема, Личный кабинет или Услуги дистанционного банковского обслуживания при сумме от 10 млн руб. до 20 млн руб. • 0,5% — при подаче заявки через пункты приема, Личный кабинет или Услуги дистанционного банковского обслуживания при сумме от 20 млн руб. • не взимается — при подаче заявки доверительным управляющим • до 1,5% — при подаче заявки номинальным держателем (минимальное из двух значений: разница между полученными средствами и произведением количества паев на расчетную стоимость, или 1,5% от полученных средств)","• 2% — при сроке владения до 365 дней • 1,5% — при сроке владения 366–730 дней • 1% — при сроке владения 731–1095 дней • не взимается — при сроке владения 1096 дней и более • не взимается — при подаче заявки номинальным держателем или доверительным управляющим",-0.0081672287125136,-0.0974250896777537,-0.1623724611423667,-0.1126014991682513,467312.75114,4738.0,4736.0,3952.89,1847237864.85,643-RUB
6764,БПИФ рыночных финансовых инструментов «АТОН – Длинные ОФЗ»,RU000A10AFH2,Биржевой,Фонд рыночных финансовых инструментов,Сформирован,"ООО ""УК ""Атон-менеджмент""",7701253764,https://www.am-aton.ru,пассивная,АТОН – Длинные ОФЗ (AAMGB),не более 5% по модулю — за 250 рабочих дней,"0,6% от среднегодовой СЧА",0.6,True,nav,не предусмотрено,False,"не более 0,05% от среднегодовой СЧА",0.05,"0,1% от среднегодовой СЧА",0.1,не предусмотрено,не предусмотрено,не предусмотрено,не предусмотрено,0.0341307814992026,-0.0206917384080953,0.0286348853811375,0.064696223316913,13492312.0,2393.0,2370.0,129.6771,1749643960.97,643-RUB
3059,ЗПИФ рыночных финансовых инструментов «Валютный сбалансированный»,RU000A102Q09,Закрытый,Фонд рыночных финансовых инструментов,Сформирован,ООО «Менеджмент-консалтинг»,7702203678,https://www.mconsulting.ru,активная,не предусмотрено,не предусмотрено,"не более 2,9% от среднегодовой СЧА",2.9,False,nav,не предусмотрено,False,"не более 0,3% от среднегодовой СЧА",0.3,"1,5% от среднегодовой СЧА",1.5,не предусмотрено,не предусмотрено,не предусмотрено,не предусмотрено,,,,,1829054.66463,5609.0,5608.0,942.55,1723981693.44,643-RUB
2940,ОПИФ рыночных финансовых инструментов «Рублевые облигации».,RU000A0JX1H4,Открытый,Фонд рыночных финансовых инструментов,Сформирован,АО УК «Первая»,7710183778,https://www.first-am.ru,активная,• 50% Индекс государственных облигаций (≤ 1 года) - совокупный доход (RUGBITR1Y) • 50% Индекс МосБиржи Корпоративных Облигаций (RUCBTR3YNS),не предусмотрено,"1,5% от среднегодовой СЧА",1.5,True,nav,не предусмотрено,False,"не более 0,15% от среднегодовой СЧА",0.15,"0,5% от среднегодовой СЧА",0.5,не предусмотрено,не предусмотрено,"• 1,5% — при подаче заявки после завершения формирования фонда • не взимается — для лиц, приобретавших паи при формировании фонда",не предусмотрено,0.0093252879868348,0.0267077402590541,0.0717178296817862,0.1561226614318432,542300.23872,1038.0,1037.0,3109.6,1686336495.09,643-RUB
4920,"БПИФ рыночных финансовых инструментов ""ДОХОДЪ Сбондс Корпоративные облигации РФ""",RU000A104Z22,Биржевой,Фонд рыночных финансовых инструментов,Сформирован,ООО «УК «ДОХОДЪ»,7826685368,https://www.dohod.ru,пассивная,Cbonds CBI RU Middle Market Investable,не более 10% по модулю — за 250 рабочих дней,"0,5% от среднегодовой СЧА",0.5,True,nav,не предусмотрено,False,"не более 0,08% от среднегодовой СЧА",0.08,"0,2% от среднегодовой СЧА",0.2,не предусмотрено,не предусмотрено,не предусмотрено,не предусмотрено,0.020374849214113,0.0404053384245405,0.1004588967061702,0.1919407191379878,984455.45247,6069.0,6059.0,1700.22,1673789616.59,643-RUB
3735,ЗПИФ рыночных финансовых инструментов «РСХБ – Фонд Акций американских компаний»,RU000A100E21,Закрытый,Фонд рыночных финансовых инструментов,Сформирован,"ООО ""РСХБ Управление Активами""",7704814182,https://www.rshb-am.ru/,активная,не предусмотрено,не предусмотрено,"не более 0,62% от среднегодовой СЧА",0.62,False,nav,не предусмотрено,False,"не более 0,09% от среднегодовой СЧА",0.09,5% от среднегодовой СЧА,5.0,не предусмотрено,не предусмотрено,не предусмотрено,не предусмотрено,,,,,33258790.75499,90187.0,90176.0,50.02,1663503517.36,643-RUB
0221,ЗПИФ недвижимости «Строительные инвестиции»,RU000A0JP633,Закрытый,Недвижимости,В стадии прекращения,"ООО ""УК ""БФА""",7825481139,https://www.ambfa.ru,активная,не предусмотрено,не предусмотрено,"3,0% от среднегодовой СЧА",3.0,True,nav,не предусмотрено,False,"не более 0,5% от среднегодовой СЧА",0.5,30% от среднегодовой СЧА,30.0,не предусмотрено,не предусмотрено,не предусмотрено,не предусмотрено,,,,,32000.0,15.0,14.0,51568.27,1650184497.96,643-RUB
0426,"ЗПИФ недвижимости ""ТФГ - Ангара""",RU000A0JNUW0,Закрытый,Недвижимости,Сформирован,АО «УК ТФГ»,7708168370,https://www.tfg.ru,активная,Индекс потребительских цен,не предусмотрено,• не более 1% от среднегодовой СЧА — с 01.01.2014 • не более 500 тыс. руб. в месяц — с 01.07.2018,1.0,False,mixed,"• не более 10% от дохода от ДУ — с 01.01.2018, но не более 2% от среднегодовой СЧА",True,"не более 0,5% от среднегодовой СЧА",0.5,25% от среднегодовой СЧА,25.0,предусмотрено,квартал,не предусмотрено,не предусмотрено,0.0128063664025144,0.02703931557535,0.0513374972217483,0.0990783781524212,5444659.0,1.0,,302.9,1649197326.86,643-RUB
4073,ОПИФ рыночных финансовых инструментов «МКБ Денежный рынок»,RU000A101UY0,Открытый,Фонд рыночных финансовых инструментов,Сформирован,"АО ""УК МКБ Инвестиции""",7710186602,https://mkb-am.ru,активная,Индикатор стоимости обеспеченных денег RUSFAR (Russian Secured Funding Average Rate),не предусмотрено,"не более 0,75% от среднегодовой СЧА",0.75,False,nav,не предусмотрено,False,"не более 0,3% от среднегодовой СЧА",0.3,"0,5% от среднегодовой СЧА",0.5,не предусмотрено,не предусмотрено,"• не взимается — при подаче заявки управляющей компании • 0,5% — при подаче заявки агенту • не взимается — при подаче заявки номинальным держателем или доверительным управляющим","• не взимается — при сроке владения до 30 дней • 1% — при сроке владения более 30, но менее 181 дня • не взимается — при сроке владения 181 день и более • не взимается — при стоимости погашения 6 млн руб. и более по одной заявке • не взимается — при подаче заявки номинальным держателем или доверительным управляющим",0.0111037270864484,0.0333361632283441,0.0685649069413553,0.1569567111568774,1117132.48534,3212.0,3212.0,1460.6,1631686472.28,643-RUB
5223,ОПИФ рыночных финансовых инструментов «Курс на Восток»,RU000A106LV4,Открытый,Фонд рыночных финансовых инструментов,Сформирован,"ООО ""УК ПРОМСВЯЗЬ""",7718218817,https://www.upravlyaem.ru,активная,не предусмотрено,не предусмотрено,1% от среднегодовой СЧА,1.0,True,nav,не предусмотрено,False,"0,29% от среднегодовой СЧА",0.29,1% от среднегодовой СЧА,1.0,не предусмотрено,не предусмотрено,"• 1,5% — при подаче заявки управляющей компании или агенту • 0,5% — при подаче заявки управляющей компании на сумму 10 млн руб. и выше • не взимается — при подаче заявки управляющей компании юридическим лицом, являющимся профессиональным участником рынка ценных бумаг","• 2% — при сроке владения до 180 дней • 1,5% — при сроке владения 181–365 дней • 1% — при сроке владения более 365 дней • не взимается — при сроке владения до 30 дней • не взимается — при подаче заявки юридическим лицом, являющимся профессиональным участником рынка ценных бумаг",0.0078727978593414,0.0485055714228247,0.0393989663752951,0.0034958034958034,1207051.94343,8314.0,8314.0,1303.24,1573080005.16,643-RUB
5443,ЗПИФ недвижимости «АКТИВО ДЕВЯТНАДЦАТЬ»,-,Закрытый,Недвижимости,Сформирован,"ООО УК ""Альфа-Капитал""",7728142469,https://www.alfacapital.ru,активная,не предусмотрено,не предусмотрено,"0,5% от среднегодовой СЧА, но не менее 5 млн руб. в год",0.5,True,mixed,не предусмотрено,False,"не более 0,41% от среднегодовой СЧА",0.41,50% от среднегодовой СЧА,50.0,предусмотрено,месяц,не предусмотрено,не предусмотрено,0.0079312914721634,0.0219947541479477,0.050968495951221,0.1236983638271251,5211.0,937.0,935.0,297797.13,1551820836.0,643-RUB
2565,"ОПИФ рыночных финансовых инструментов ""Арикапитал - Чистые деньги""",RU000A0JUH71,Открытый,Фонд рыночных финансовых инструментов,Сформирован,"ООО УК ""Арикапитал""",7705525627,https://www.aricapital.ru,активная,не предусмотрено,не предусмотрено,"1,5% от среднегодовой СЧА",1.5,True,nav,не предусмотрено,False,"не более 0,2% от среднегодовой СЧА",0.2,"0,7% от среднегодовой СЧА",0.7,не предусмотрено,не предусмотрено,"• не взимается — для владельцев паев • не взимается — при подаче заявки через сервис «Личный кабинет» (кроме заявок от номинальных держателей и доверительных управляющих) • не взимается — при подаче заявки через финансовую платформу • 1% — для лиц, не являющихся владельцами паев, при сумме менее 500 тыс. руб. • не взимается — для лиц, не являющихся владельцами паев, при сумме 500 тыс. руб. и более",• 1% — при сроке владения менее 365 дней • не взимается — при сроке владения 365 дней и более • не взимается — при подаче заявки номинальным держателем или доверительным управляющим,0.0061056954267219,0.0618396405440811,0.1075543901618829,0.1233000906618313,593056.37086,60.0,59.0,2601.9,1543072396.34,643-RUB
3665,"ОПИФ рыночных финансовых инструментов ""БКС Российские Еврооблигации""",RU000A100EQ2,Открытый,Фонд рыночных финансовых инструментов,Сформирован,"АО УК ""БКС""",5407191291,https://bcs.ru/am,активная,не предусмотрено,не предусмотрено,"1,5% от среднегодовой СЧА",1.5,True,nav,не предусмотрено,False,"не более 0,22% от среднегодовой СЧА",0.22,"1,5% от среднегодовой СЧА",1.5,не предусмотрено,не предусмотрено,"• 1% — при сумме менее 500 тыс. руб., подаче заявки в филиале УК (Москва, проспект Мира, д. 69) или агентом, кроме заявок от доверительного управляющего и через Личный кабинет • 0,5% — при сумме от 500 тыс. руб. до 1,5 млн руб., подаче заявки в филиале УК (Москва, проспект Мира, д. 69) или агентом, кроме заявок от доверительного управляющего и через Личный кабинет • не взимается — при сумме 1,5 млн руб. и более, подаче заявки в филиале УК (Москва, проспект Мира, д. 69) или агентом, кроме заявок от доверительного управляющего и через Личный кабинет • не взимается — при подаче заявки УК (кроме филиала в Москве, проспект Мира, д. 69) или через Личный кабинет • не взимается — при подаче заявки доверительным управляющим в филиале УК (Москва, проспект Мира, д. 69) или агентом • не взимается — при подаче заявки СК «БКС Страхование жизни» в рамках договора долевого страхования жизни","• 3% — при подаче заявки в филиале УК (Москва, проспект Мира, д. 69) или через Личный кабинет, срок владения до 181 дня • 2% — при подаче заявки в филиале УК (Москва, проспект Мира, д. 69) или через Личный кабинет, срок владения 182–365 дней • 1% — при подаче заявки в филиале УК (Москва, проспект Мира, д. 69) или через Личный кабинет, срок владения 366–548 дней • 0,5% — при подаче заявки в филиале УК (Москва, проспект Мира, д. 69) или через Личный кабинет, срок владения 549–1095 дней • не взимается — при подаче заявки в филиале УК (Москва, проспект Мира, д. 69) или через Личный кабинет, срок владения 1096+ дней • не взимается — при подаче заявки УК (кроме филиала и Личного кабинета), погашение 1000+ паев • 3% — при подаче заявки УК (кроме филиала и Личного кабинета), погашение менее 1000 паев, срок владения до 181 дня • 2% — при подаче заявки УК (кроме филиала и Личного кабинета), погашение менее 1000 паев, срок владения 182–365 дней • 1% — при подаче заявки УК (кроме филиала и Личного кабинета), погашение менее 1000 паев, срок владения 366–548 дней • 0,5% — при подаче заявки УК (кроме филиала и Личного кабинета), погашение менее 1000 паев, срок владения 549–1095 дней • не взимается — при подаче заявки УК (кроме филиала и Личного кабинета), погашение менее 1000 паев, срок владения 1096+ дней • не взимается — при погашении по лицевому счету доверительного управляющего • не взимается — при погашении по лицевому счету номинального держателя • не взимается — при погашении по заявке страховой компании «БКС Страхование жизни» в рамках страхового случая",-0.029552715654952,0.0305343511450382,0.0167364016736402,-0.0169902912621358,126889847.12576,14626.0,14616.0,12.15,1541561669.75,643-RUB
7411,ЗПИФ недвижимости «АКТИВО ДВАДЦАТЬ ДВА»,RU000A10E3R7,Закрытый,Недвижимости,Сформирован,"ООО УК ""Альфа-Капитал""",7728142469,https://www.alfacapital.ru,активная,не предусмотрено,не предусмотрено,"0,6% от среднегодовой СЧА в год, но не менее 1,5 млн руб. в год",0.6,True,mixed,не предусмотрено,False,"не более 0,41% от среднегодовой СЧА",0.41,50% от среднегодовой СЧА,50.0,предусмотрено,месяц,не предусмотрено,не предусмотрено,0.0092341390627683,0.0815791777441796,0.1002425835527655,,12732.0,570.0,566.0,120451.74,1533591535.12,643-RUB
5626,ОПИФ рыночных финансовых инструментов «Альфа-Капитал Акции с выплатой дохода»,RU000A106XW7,Открытый,Фонд рыночных финансовых инструментов,Сформирован,"ООО УК ""Альфа-Капитал""",7728142469,https://www.alfacapital.ru,активная,Индекс Мосбиржи широкого рынка (MOEXBMI),не предусмотрено,"4,1% от среднегодовой СЧА",4.1,True,nav,не предусмотрено,False,"не более 0,09% от среднегодовой СЧА",0.09,"0,07% от среднегодовой СЧА",0.07,предусмотрено,квартал,"• 1,4% — при подаче заявки УК или агентам АО «АЛЬФА-БАНК», ПАО «БАНК УРАЛСИБ» при сумме менее 500 тыс. руб. • 0,9% — при подаче заявки УК или агентам АО «АЛЬФА-БАНК», ПАО «БАНК УРАЛСИБ» при сумме от 500 тыс. руб. до 2,999 млн руб. • 0,5% — при подаче заявки УК или агентам АО «АЛЬФА-БАНК», ПАО «БАНК УРАЛСИБ» при сумме 3 млн руб. и более • не взимается — при подаче заявки УК номинальным держателем или доверительным управляющим","• 1,5% — при сроке владения до 365 дней, при подаче заявки УК или агентам • 1% — при сроке владения 366–730 дней, при подаче заявки УК или агентам • не взимается — при сроке владения 731 день и более, при подаче заявки УК или агентам • не взимается — при подаче заявки номинальным держателем • не взимается — при подаче заявки доверительным управляющим",0.008,-0.095,-0.172,-0.126,1849469.90477,1131.0,1126.0,821.86,1520005909.45,643-RUB
1507,ЗПИФ недвижимости «Азимут»,-,Закрытый,Недвижимости,Сформирован,"ООО УК ""Альфа-Капитал""",7728142469,https://www.alfacapital.ru,активная,не предусмотрено,не предусмотрено,"• 0,35% от среднегодовой СЧА — до 30 июля 2017 года • 1 096 000 руб. в месяц — с 01 августа 2017 по 30 сентября 2017 • 1 325 000 руб. в месяц — с 01 октября 2017 по 31 декабря 2017 • 14 350 000 руб. в год — с 01 января 2018 по 31 декабря 2018 • 14 350 000 руб. в год — с 01.01.2019 по дату вступления в силу Изменений и дополнений • 13 000 000 руб. в год — с даты вступления в силу Изменений и дополнений по 31.12.2019 • 13 000 000 руб. в год — с 01.01.2020",0.35,True,mixed,не предусмотрено,False,не более 1% от среднегодовой СЧА,1.0,20% от среднегодовой СЧА,20.0,предусмотрено,квартал,не предусмотрено,не предусмотрено,0.0026277875854792,0.0049116313124123,0.1282739250565159,0.1857606964263752,362862.4353,1.0,,3952.84,1434335873.94,643-RUB
5991,ОПИФ рыночных финансовых инструментов «Т-Капитал Компании второго эшелона»,RU000A109KS6,Открытый,Фонд рыночных финансовых инструментов,Сформирован,ООО «Т-Капитал»,7743304530,https://t-capital-funds.ru/,активная,не предусмотрено,не предусмотрено,4% от среднегодовой СЧА,4.0,True,nav,не предусмотрено,False,"не более 0,4% от среднегодовой СЧА",0.4,"0,4% от среднегодовой СЧА",0.4,не предусмотрено,не предусмотрено,"• 1,5% — при сумме инвестирования до 5 млн руб. • 1% — при сумме инвестирования от 5 млн руб. и выше • не взимается — при подаче заявки номинальным держателем или доверительным управляющим",• 2% — при сроке владения до 365 дней • 1% — при сроке владения 366–730 дней • не взимается — при сроке владения 731 день и более • не взимается — при подаче заявки номинальным держателем или доверительным управляющим,0.0319672575906734,-0.0277938029896959,-0.0424365788924772,0.0682270436819976,1058465.85416,2138.0,2135.0,1331.31,1409151159.42,643-RUB
2586,ЗПИФ рыночных финансовых инструментов «Валютные акции»,RU000A102PZ5,Закрытый,Фонд рыночных финансовых инструментов,Сформирован,ООО «Менеджмент-консалтинг»,7702203678,https://www.mconsulting.ru,активная,не предусмотрено,не предусмотрено,"не более 3,9% от среднегодовой СЧА",3.9,False,nav,не предусмотрено,False,"не более 0,3% от среднегодовой СЧА",0.3,"1,5% от среднегодовой СЧА",1.5,не предусмотрено,не предусмотрено,не предусмотрено,не предусмотрено,,,,,544658.95812,5752.0,5752.0,2575.62,1402835255.72,643-RUB
4275,ОПИФ рыночных финансовых инструментов «Российские доходные облигации»,RU000A102S07,Открытый,Фонд рыночных финансовых инструментов,Сформирован,"АО ""Управляющая Компания ТРИНФИКО""",7701155020,https://www.trinfico-am.ru,активная,Индекс МосБиржи Корпоративных Облигаций RUCBTRNS в рублях,не предусмотрено,не более 2% от среднегодовой СЧА,2.0,False,nav,не предусмотрено,False,не более 1% от среднегодовой СЧА,1.0,"0,50% от среднегодовой СЧА",0.5,не предусмотрено,не предусмотрено,• 1% — при подаче заявки управляющей компании или агенту • не взимается — при подаче заявки через финансовую платформу «Финуслуги»,• 3% — при сроке владения до 181 дня включительно • 2% — при сроке владения 182–365 дней включительно • 1% — при сроке владения более 365 дней,0.0116333824346188,0.0260600679668125,0.0673448069402158,0.1402490473598259,827709.33341,497.0,495.0,1675.71,1386998607.24,643-RUB
0386,ЗПИФ рыночных финансовых инструментов «Альфа-Капитал Еврооблигации»,RU000A0HNSU2,Закрытый,Фонд рыночных финансовых инструментов,Сформирован,"ООО УК ""Альфа-Капитал""",7728142469,https://www.alfacapital.ru,активная,не предусмотрено,не предусмотрено,"не более 1,5% от среднегодовой СЧА",1.5,False,nav,не предусмотрено,False,"не более 0,14% от среднегодовой СЧА",0.14,"0,1% от среднегодовой СЧА",0.1,не предусмотрено,не предусмотрено,не предусмотрено,не предусмотрено,,,,,1161702.91417,23820.0,23808.0,1188.05,1380163998.34,643-RUB
2831,"ЗПИФ недвижимости ""Жилой дом""",RU000A0ZZLZ2,Закрытый,Недвижимости,Сформирован,"ООО ""УК ""Евро Фин Траст""",7701853842,https://euro-fin-trust.ru,активная,не предусмотрено,не предусмотрено,"150 тыс. руб. в месяц, но не более 0,8% от среднегодовой СЧА",0.8,False,mixed,не предусмотрено,False,"не более 1,5% от среднегодовой СЧА",1.5,10% от среднегодовой СЧА,10.0,предусмотрено,квартал,не предусмотрено,не предусмотрено,0.002950813782481,0.003844364137257,0.009970894389747,-0.0474564712352935,464272.22591,1.0,,2939.28,1364628185.35,643-RUB
1214,ЗПИФ рентный «Третий Земельный»,RU000A0JRST1,Закрытый,Рентный,Сформирован,"АО УК ""Виктори Эссет Менеджмент""",7702602471,https://www.victory-am.ru,активная,не предусмотрено,не предусмотрено,не более 9% от среднегодовой СЧА,9.0,False,nav,не предусмотрено,False,не более 1% от среднегодовой СЧА,1.0,50% от среднегодовой СЧА,50.0,не предусмотрено,не предусмотрено,не предусмотрено,не предусмотрено,0.0042716595042812,-0.0575431256008562,-0.0731779829824175,0.0055155241038078,290000.0,6.0,1.0,4676.16,1356085883.76,643-RUB
0439,ОПИФ рыночных финансовых инструментов «Арсагера – А 6.4»,RU000A0JPMD2,Открытый,Фонд рыночных финансовых инструментов,Сформирован,"ПАО ""УК ""Арсагера""",7840303927,https://www.arsagera.ru,активная,Индекс МосБиржи полной доходности «брутто» (MCFTR),не предусмотрено,"не более 1,7% от среднегодовой СЧА",1.7,False,nav,не предусмотрено,False,"не более 0,01% от среднегодовой СЧА",0.01,"0,01% от среднегодовой СЧА",0.01,не предусмотрено,не предусмотрено,не предусмотрено,не предусмотрено,0.0203459841680828,-0.1262022444123624,-0.1850166678874719,-0.140488797466846,128589.8951047,1652.0,1651.0,10458.73,1344887209.27,643-RUB
1247,ЗПИФ недвижимости «ИАРТ Девелопмент»,-,Закрытый,Недвижимости,Сформирован,"АО ""УК ""АКТИВиСТ""",7715640298,https://aktiv-st.ru/,активная,не предусмотрено,не предусмотрено,"1,2% от среднегодовой СЧА",1.2,True,nav,не предусмотрено,False,не более 3% от среднегодовой СЧА,3.0,10% от среднегодовой СЧА,10.0,предусмотрено,месяц,не предусмотрено,не предусмотрено,-7.04297729913517e-05,0.00869481026821,0.0085961320700536,0.0556743577796629,7000.0,3.0,3.0,188259.39,1317815761.1,643-RUB
2795,ОПИФ рыночных финансовых инструментов «РСХБ – Валютные облигации»,RU000A0ZZMH8,Открытый,Фонд рыночных финансовых инструментов,Сформирован,"ООО ""РСХБ Управление Активами""",7704814182,https://www.rshb-am.ru/,активная,Cbonds Индекс замещающих облигаций,не предусмотрено,не более 2% от среднегодовой СЧА,2.0,False,nav,не предусмотрено,False,"не более 0,65% от среднегодовой СЧА",0.65,"0,7% от среднегодовой СЧА",0.7,не предусмотрено,не предусмотрено,"• 1% — при подаче заявки УК или агенту АО «Россельхозбанк» через пункты приема, Личный кабинет или Услуги дистанционного банковского обслуживания, при сумме от 1 тыс. руб. до 20 млн руб. • 0,5% — при подаче заявки УК или агенту АО «Россельхозбанк» через пункты приема, Личный кабинет или Услуги дистанционного банковского обслуживания, при сумме от 20 млн руб. • не взимается — при подаче заявки номинальным держателем или доверительным управляющим","• 2% — при сроке владения до 365 дней • 1,5% — при сроке владения 366–730 дней • 1% — при сроке владения 731–1095 дней • не взимается — при сроке владения 1096 дней и более • не взимается — при подаче заявки номинальным держателем или доверительным управляющим",0.0008406223059436,0.0496134207198771,0.0411017922794117,-0.0091153743347993,401994.82813,2298.0,2297.0,3262.23,1311399061.77,643-RUB
5900,ОПИФ рыночных финансовых инструментов «Маркет Пауэр - Акции»,RU000A107G30,Открытый,Фонд рыночных финансовых инструментов,Сформирован,АО «Контрада Капитал»,9703206844,https://www.contrada-capital.ru,активная,Индекс МосБиржи полной доходности «нетто» (по налоговым ставкам российских организаций) (MCFTRR),не предусмотрено,"2,5% от среднегодовой СЧА в год",2.5,True,nav,не предусмотрено,False,не более 2% от среднегодовой СЧА в год,2.0,1% от среднегодовой СЧА,1.0,не предусмотрено,не предусмотрено,не предусмотрено,не предусмотрено,0.0161267201834862,-0.0385867353858673,-0.0574429891629545,0.0391409514036502,9162388.1961267,1906.0,1904.0,141.77,1298951767.26,643-RUB
6211,ЗПИФ недвижимости «АКТИВО ДВАДЦАТЬ»,RU000A1092L4,Закрытый,Недвижимости,Сформирован,"ООО УК ""Альфа-Капитал""",7728142469,https://www.alfacapital.ru,активная,не предусмотрено,не предусмотрено,"0,6% от среднегодовой СЧА в год, но не менее 5 млн руб. в год",0.6,True,mixed,не предусмотрено,False,"не более 0,41% от среднегодовой СЧА",0.41,50% от среднегодовой СЧА,50.0,предусмотрено,месяц,не предусмотрено,не предусмотрено,0.0150922738239131,0.0293791028523354,0.0497318576336541,0.0564058905833754,12921.0,1000.0,998.0,99266.29,1282619698.86,643-RUB
4666,ОПИФ рыночных финансовых инструментов «ВИМ – Акции. Российские эмитенты»,RU000A104R55,Открытый,Фонд рыночных финансовых инструментов,Сформирован,АО ВИМ Инвестиции,7701140866,https://www.wealthim.ru,активная,Индекс МосБиржи полной доходности «брутто» (MCFTR),не предусмотрено,"не более 2,5% от среднегодовой СЧА",2.5,False,nav,не предусмотрено,False,"не более 0,11% от среднегодовой СЧА",0.11,"0,17% от среднегодовой СЧА",0.17,не предусмотрено,не предусмотрено,не предусмотрено,"• 2% — паи приобретены до 08.11.2024, срок владения до 180 дней • 1,5% — паи приобретены до 08.11.2024, срок владения 181–365 дней • 1% — паи приобретены до 08.11.2024, срок владения 366–730 дней • 0,5% — паи приобретены до 08.11.2024, срок владения 731–1095 дней • не взимается — паи приобретены до 08.11.2024, срок владения 1095+ дней • 2,5% — паи приобретены после 08.11.2024, срок владения до 730 дней • 2% — паи приобретены после 08.11.2024, срок владения 731–1095 дней • 1,5% — паи приобретены после 08.11.2024, срок владения 1096–1460 дней • 0,5% — паи приобретены после 08.11.2024, срок владения 1461–1825 дней • не взимается — паи приобретены после 08.11.2024, срок владения 1825+ дней • не устанавливается — при подаче заявки номинальным держателем • не устанавливается — при подаче заявки доверительным управляющим • не устанавливается — при подаче заявки агентом-страховой организацией • не устанавливается — при наступлении страхового случая по ДСЖ",-0.0229922279792747,-0.1029715311647694,-0.1466042918921859,-0.0803878122838486,809585.62107,5755.0,5755.0,1568.84,1270113339.43,643-RUB
5132,ОПИФ рыночных финансовых инструментов «Недра России»,RU000A106MT6,Открытый,Фонд рыночных финансовых инструментов,Сформирован,"ООО ""УК ПРОМСВЯЗЬ""",7718218817,https://www.upravlyaem.ru,активная,Индекс Мосбиржи широкого рынка (MOEXBMI),не предусмотрено,"3,2% от среднегодовой СЧА",3.2,True,nav,не предусмотрено,False,"0,29% от среднегодовой СЧА",0.29,1% от среднегодовой СЧА,1.0,не предусмотрено,не предусмотрено,"• 1,5% — при подаче заявки управляющей компании или агенту • 0,5% — при подаче заявки управляющей компании на сумму 10 млн руб. и выше • не взимается — при подаче заявки управляющей компании юридическим лицом, являющимся профессиональным участником рынка ценных бумаг","• 2% — при сроке владения до 180 дней • 1,5% — при сроке владения 181–365 дней • 1% — при сроке владения более 365 дней • не взимается — при сроке владения до 30 дней • не взимается — при подаче заявки юридическим лицом, являющимся профессиональным участником рынка ценных бумаг",-0.0116043026140792,-0.1354387062977503,-0.1931416308467883,-0.1320848785351829,998667.43577,17642.0,17642.0,1270.81,1269118444.37,643-RUB
2539,ЗПИФ рентный «Перспектива» под управлением ООО «УК «Прагма Капитал»,RU000A0JU0G1,Закрытый,Рентный,Сформирован,"ООО ""УК ""Прагма Капитал""",7718581523,https://www.pragmacapital.ru,активная,не предусмотрено,не предусмотрено,не более 2% от среднегодовой СЧА,2.0,False,nav,не предусмотрено,False,не более 5% от среднегодовой СЧА,5.0,40% от среднегодовой СЧА,40.0,предусмотрено,месяц,не предусмотрено,не предусмотрено,-0.0015661730733856,-0.0333323096855582,0.1145117144444172,0.5277259983888541,668657.0128,1.0,,1861.36,1244614548.35,643-RUB
6266,ОПИФ рыночных финансовых инструментов «БКС Дивидендные акции с выплатой дохода»,RU000A108TT7,Открытый,Фонд рыночных финансовых инструментов,Сформирован,"АО УК ""БКС""",5407191291,https://bcs.ru/am,активная,Индекс Мосбиржи широкого рынка (MOEXBMI),не предусмотрено,"2,5% от среднегодовой СЧА",2.5,True,nav,не предусмотрено,False,"не более 0,18% от среднегодовой СЧА",0.18,"2,5% от среднегодовой СЧА",2.5,предусмотрено,квартал,"• 1% — при сумме менее 500 тыс. руб., подаче заявки в филиале УК (Москва, проспект Мира, д. 69) или агентом, кроме заявок от доверительного управляющего и через Личный кабинет • 0,5% — при сумме от 500 тыс. руб. до 1,5 млн руб., подаче заявки в филиале УК (Москва, проспект Мира, д. 69) или агентом, кроме заявок от доверительного управляющего и через Личный кабинет • не взимается — при сумме 1,5 млн руб. и более, подаче заявки в филиале УК (Москва, проспект Мира, д. 69) или агентом, кроме заявок от доверительного управляющего и через Личный кабинет • не взимается — при подаче заявки УК (кроме филиала в Москве, проспект Мира, д. 69) или через Личный кабинет • не взимается — при подаче заявки доверительным управляющим в филиале УК (Москва, проспект Мира, д. 69) или агентом • не взимается — при подаче заявки СК «БКС Страхование жизни» в рамках договора долевого страхования жизни","• 3% — при сроке владения до 181 дня, при подаче заявки в филиале УК (Москва, проспект Мира, д. 69) или через Личный кабинет • 2% — при сроке владения 182–365 дней, при подаче заявки в филиале УК (Москва, проспект Мира, д. 69) или через Личный кабинет • 1% — при сроке владения 366–548 дней, при подаче заявки в филиале УК (Москва, проспект Мира, д. 69) или через Личный кабинет • 0,5% — при сроке владения 549–1095 дней, при подаче заявки в филиале УК (Москва, проспект Мира, д. 69) или через Личный кабинет • не взимается — при сроке владения 1096+ дней, при подаче заявки в филиале УК (Москва, проспект Мира, д. 69) или через Личный кабинет • 3% — при сроке владения до 181 дня, при подаче заявки УК (не в филиале и не через Личный кабинет) и погашении менее 100 тыс. паев • 2% — при сроке владения 182–365 дней, при подаче заявки УК (не в филиале и не через Личный кабинет) и погашении менее 100 тыс. паев • 1% — при сроке владения 366–548 дней, при подаче заявки УК (не в филиале и не через Личный кабинет) и погашении менее 100 тыс. паев • 0,5% — при сроке владения 549–1095 дней, при подаче заявки УК (не в филиале и не через Личный кабинет) и погашении менее 100 тыс. паев • не взимается — при сроке владения 1096+ дней, при подаче заявки УК (не в филиале и не через Личный кабинет) и погашении менее 100 тыс. паев • не взимается — при погашении 100 тыс. паев и более по одной заявке, поданной УК (не в филиале и не через Личный кабинет) • не взимается — при погашении по лицевому счету доверительного управляющего • не взимается — при погашении по лицевому счету номинального держателя • не взимается — при погашении по заявке страховой компании «БКС Страхование жизни» в рамках договора долевого страхования жизни",0.002463768115942,-0.0730743063455947,-0.1193110280533527,-0.0493108778721125,17718885.98505,14410.0,14401.0,69.17,1225537894.26,643-RUB
2423,"Рентный ЗПИФ ""ТРЦ Перловский""",RU000A0JWCE7,Закрытый,Рентный,Сформирован,"ООО ""ВЕЛЕС ТРАСТ""",7703603950,https://www.veles-trust.ru,активная,не предусмотрено,не предусмотрено,"1% от среднегодовой СЧА, но не менее 1,5 млн руб. в месяц; предельный размер — не более 9,5% от среднегодовой СЧА",9.5,False,mixed,не предусмотрено,False,"не более 0,5% от среднегодовой СЧА",0.5,20% от среднегодовой СЧА (за исключением налогов и обязательных платежей),20.0,предусмотрено,месяц,не предусмотрено,не предусмотрено,0.0097302193436557,-0.0849151217629704,-0.0698388988491178,-0.0579531389103843,799928.0,291.0,287.0,1507.89,1206308888.08,643-RUB
4426,БПИФ рыночных финансовых инструментов «Первая – Фонд Осторожный смарт»,RU000A1035Q2,Биржевой,Фонд рыночных финансовых инструментов,Сформирован,АО УК «Первая»,7710183778,https://www.first-am.ru,активная,• 5% Индекс МосБиржи полной доходности акций российского рынка (EPSITR) • 30% Индекс МосБиржи государственных облигаций (RGBITR) • 30% Индекс МосБиржи корпоративных облигаций (RUCBTRNS) • 35% Индикатор стоимости обеспеченных денег RUSFAR (RUSFAR),не предусмотрено,"0,95% от среднегодовой СЧА",0.95,True,nav,не предусмотрено,False,"не более 0,15% от среднегодовой СЧА",0.15,"0,45% от среднегодовой СЧА",0.45,не предусмотрено,не предусмотрено,"1,5% — при выдаче инвестиционных паев после завершения формирования фонда, но не более 1,5% от расчетной стоимости пая",не предусмотрено,0.0171463651419108,-0.0060131703778112,0.0266293932014352,0.0966843174681361,84473204.0,10108.0,10104.0,14.249,1203659258.03,643-RUB
7853,ОПИФ рыночных финансовых инструментов «ВИМ – Умный капитал»,RU000A10FT89,Открытый,Фонд рыночных финансовых инструментов,Сформирован,АО ВИМ Инвестиции,7701140866,https://www.wealthim.ru,активная,не предусмотрено,не предусмотрено,"3,5% от среднегодовой СЧА",3.5,True,nav,не предусмотрено,False,"не более 0,14% от среднегодовой СЧА",0.14,1% от среднегодовой СЧА,1.0,не предусмотрено,не предусмотрено,"• 1,5% — при подаче заявки на приобретение инвестиционных паев управляющей компании или агенту • не взимается — при подаче заявки номинальным держателем или доверительным управляющим","• 2,5% — при сроке владения менее 730 дней • 2% — при сроке владения 730–1094 дней • не взимается — при сроке владения 1095 дней и более • не устанавливается — при подаче заявки номинальным держателем • не устанавливается — при подаче заявки доверительным управляющим",0.0159123868580287,,,,1158537.63538,1994.0,1994.0,1015.76,1176794635.67,643-RUB
4860,ОПИФ рыночных финансовых инструментов «Первая – Локальный»,RU000A105QR3,Открытый,Фонд рыночных финансовых инструментов,Сформирован,АО УК «Первая»,7710183778,https://www.first-am.ru,активная,• 30% EPSITR • 70% RUCBTRNS,не предусмотрено,"3,1% от среднегодовой СЧА",3.1,True,nav,не предусмотрено,False,"не более 0,15% от среднегодовой СЧА",0.15,"0,5% от среднегодовой СЧА",0.5,не предусмотрено,не предусмотрено,не предусмотрено,"• 2% — при сроке владения до 180 дней • 1,5% — при сроке владения 181–365 дней • 1% — при сроке владения 366–547 дней • 0,5% — при сроке владения 548–731 дней • не взимается — при сроке владения 732 дня и более • не взимается — при подаче заявки номинальным держателем",0.003129125957222,-0.0345077358070972,-0.024284686906046,0.0465800221776831,770114.3461983,31257.0,31257.0,1519.54,1170216990.98,643-RUB
1879,"ЗПИФ недвижимости ""Москва-Ритейл""",RU000A10E4A1,Закрытый,Недвижимости,Сформирован,"ООО ""УК ""Финам Менеджмент""",7744002606,https://www.fdu.ru,активная,не предусмотрено,не предусмотрено,"950 000 руб. в месяц, за август 2026 г. — 2 700 000 руб.",950.0,True,fixed,не предусмотрено,False,"не более 0,5% от среднегодовой СЧА",0.5,10% от среднегодовой СЧА,10.0,предусмотрено,месяц,не предусмотрено,не предусмотрено,0.0101314615980142,0.0272768571428953,0.0672519926026278,0.180431110292366,477.23378,1.0,1.0,2397571.51,1144202116.88,643-RUB
4321,ЗПИФ недвижимости «АКТИВО ШЕСТНАДЦАТЬ»,-,Закрытый,Недвижимости,Сформирован,"ООО УК ""Альфа-Капитал""",7728142469,https://www.alfacapital.ru,активная,не предусмотрено,не предусмотрено,"0,5% от среднегодовой СЧА, но не менее 1 500 000 руб. в год",0.5,True,mixed,не предусмотрено,False,"не более 0,41% от среднегодовой СЧА",0.41,50% от среднегодовой СЧА,50.0,предусмотрено,месяц,не предусмотрено,не предусмотрено,0.0269441217195814,0.0298289785137306,0.079140745022882,0.163563707501139,2887.0,471.0,468.0,392993.59,1134572486.43,643-RUB
3444,ЗПИФ недвижимости «Солид Рентный - 2»,RU000A0ZZX84,Закрытый,Недвижимости,Сформирован,АО «СОЛИД Менеджмент»,7706150949,https://solid-mn.ru/,активная,не предусмотрено,не предусмотрено,30 000 руб. в месяц,30.0,True,fixed,не предусмотрено,False,"не более 0,66% от среднегодовой СЧА",0.66,5% от среднегодовой СЧА,5.0,предусмотрено,месяц,не предусмотрено,не предусмотрено,0.0057403736444834,0.0421344111116081,0.0558949242151482,0.1037626595524621,213.416147,10.0,9.0,5296618.38,1130383887.54,643-RUB
4919,ЗПИФ недвижимости «Т-Капитал Репаблик РЕДС»,RU000A104UC0,Закрытый,Недвижимости,Сформирован,ООО «Т-Капитал»,7743304530,https://t-capital-funds.ru/,активная,индекс потребительских цен,не предусмотрено,"2,8% от среднегодовой СЧА",2.8,True,nav,не предусмотрено,False,"не более 0,1% от среднегодовой СЧА",0.1,0% от среднегодовой СЧА,0.0,не предусмотрено,не предусмотрено,не предусмотрено,не предусмотрено,0.0069422985508276,0.0280357327264968,0.0436397329086007,0.0692848273514803,851003.9,3770.0,3767.0,1322.0227,1125046447.13,643-RUB
2334,ЗПИФ недвижимости «Печора»,RU000A0JS9A9,Закрытый,Недвижимости,Сформирован,АО «УК ТФГ»,7708168370,https://www.tfg.ru,активная,Индекс потребительских цен,не предусмотрено,• не более 1% от среднегодовой СЧА • с 01.07.2018 — не более 500 тыс. руб. в месяц,1.0,False,mixed,"• не более 10% от дохода от ДУ, но не более 2% от среднегодовой СЧА",True,"не более 0,85% от среднегодовой СЧА",0.85,20% от среднегодовой СЧА,20.0,предусмотрено,квартал,не предусмотрено,не предусмотрено,0.0125586080580716,0.0347335096020975,0.0672244648423736,0.160549651618494,5397.0,1.0,,207412.08,1119402970.36,643-RUB
3755,ЗПИФ рыночных финансовых инструментов «РСХБ – Фонд развивающихся стран»,RU000A100HQ5,Закрытый,Фонд рыночных финансовых инструментов,Сформирован,"ООО ""РСХБ Управление Активами""",7704814182,https://www.rshb-am.ru/,активная,не предусмотрено,не предусмотрено,"не более 0,52% от среднегодовой СЧА",0.52,False,nav,не предусмотрено,False,"не более 0,09% от среднегодовой СЧА",0.09,5% от среднегодовой СЧА,5.0,не предусмотрено,не предусмотрено,не предусмотрено,не предусмотрено,,,,,32180755.88819,121723.0,121703.0,34.69,1116369049.6,643-RUB
7681,БПИФ рыночных финансовых инструментов «РенКап – Высокодоходные облигации»,RU000A10EQZ3,Биржевой,Фонд рыночных финансовых инструментов,Сформирован,ООО «УК РЕНКАП»,9703186884,https://www.rencapwealth.ru,активная,Индекс МосБиржи Высокодоходных Облигаций Повышенного Инвестиционного Риска (RUCBHYTR),не предусмотрено,"0,8% от среднегодовой СЧА",0.8,True,nav,не предусмотрено,False,"не более 0,15% от среднегодовой СЧА",0.15,"0,15% от среднегодовой СЧА",0.15,не предусмотрено,не предусмотрено,не предусмотрено,не предусмотрено,0.017025644998838,0.0446036009151498,,,1061656.0,3604.0,3592.0,1050.14,1114883890.3,643-RUB
6626,БПИФ рыночных финансовых инструментов «ПСБ – Рублевые облигации»,RU000A10A0X5,Биржевой,Фонд рыночных финансовых инструментов,Сформирован,"ООО ""УК ПРОМСВЯЗЬ""",7718218817,https://www.upravlyaem.ru,активная,не предусмотрено,не предусмотрено,"1,5% от среднегодовой СЧА",1.5,True,nav,не предусмотрено,False,"не более 0,28% от среднегодовой СЧА",0.28,"0,2% от среднегодовой СЧА",0.2,не предусмотрено,не предусмотрено,не предусмотрено,не предусмотрено,0.0092863043606537,0.0225913968851822,0.0715348472983555,0.106864362906879,80559549.93125,3581.0,3576.0,13.6835,1102337034.08,643-RUB
6361,ЗПИФ рыночных финансовых инструментов «Акции роста (заблокированные активы)2.0»,RU000A1094Z0,Закрытый,Фонд рыночных финансовых инструментов,Сформирован,"АО УК ""БКС""",5407191291,https://bcs.ru/am,активная,не предусмотрено,не предусмотрено,не более 4% от среднегодовой СЧА,4.0,False,nav,не предусмотрено,False,"не более 0,2% от среднегодовой СЧА",0.2,не более 2% от среднегодовой СЧА,2.0,не предусмотрено,не предусмотрено,не предусмотрено,не предусмотрено,,,,,15633306.00129,30311.0,30290.0,68.94,1078558008.83,643-RUB
4222,ЗПИФ рыночных финансовых инструментов «Альфа-Капитал Китайские акции»,RU000A102FK8,Закрытый,Фонд рыночных финансовых инструментов,Сформирован,"ООО УК ""Альфа-Капитал""",7728142469,https://www.alfacapital.ru,активная,не предусмотрено,не предусмотрено,"не более 1,2% от среднегодовой СЧА",1.2,False,nav,не предусмотрено,False,"не более 0,13% от среднегодовой СЧА",0.13,"не более 0,1% от среднегодовой СЧА",0.1,не предусмотрено,не предусмотрено,не предусмотрено,не предусмотрено,,,,,70672988.7166,40559.0,40540.0,15.06,1064186312.27,643-RUB
0814,ЗПИФ недвижимости «АНТЕЙ ВОСТОК»,RU000A0JQYQ7,Закрытый,Недвижимости,Сформирован,ООО «УПРАВЛЯЮЩАЯ КОМПАНИЯ Д8»,7707500642,https://d8am.ru,активная,не предусмотрено,не предусмотрено,1% от среднегодовой СЧА,1.0,True,nav,не предусмотрено,False,"не более 0,9% от среднегодовой СЧА",0.9,15% от среднегодовой СЧА,15.0,предусмотрено,месяц,не предусмотрено,не предусмотрено,0.0072959748671626,0.0346602269582849,0.0625025080561029,0.1622851961972693,51.0,4.0,4.0,20799522.51,1060775648.12,643-RUB
7199,ОПИФ рыночных финансовых инструментов «Сила Валюты»,RU000A10CBB0,Открытый,Фонд рыночных финансовых инструментов,Сформирован,АО «Контрада Капитал»,9703206844,https://www.contrada-capital.ru,активная,не предусмотрено,не предусмотрено,"1,3% от среднегодовой СЧА",1.3,True,nav,не предусмотрено,False,не более 1% от среднегодовой СЧА,1.0,3% от среднегодовой СЧА,3.0,не предусмотрено,не предусмотрено,не предусмотрено,не предусмотрено,-0.0029295888473582,0.05,0.0424588086185043,,10687655.82299,283.0,281.0,98.7,1054856325.69,643-RUB
0254,ОПИФ рыночных финансовых инструментов «МКБ Облигации»,RU000A0DNSP1,Открытый,Фонд рыночных финансовых инструментов,Сформирован,"АО ""УК МКБ Инвестиции""",7710186602,https://mkb-am.ru,активная,не предусмотрено,не предусмотрено,"не более 1,5% от среднегодовой СЧА",1.5,False,nav,не предусмотрено,False,"не более 0,5% от среднегодовой СЧА",0.5,"0,6% от среднегодовой СЧА",0.6,не предусмотрено,не предусмотрено,"• не взимается — при подаче заявки управляющей компании • 1,5% — при подаче заявки агенту • не взимается — при подаче заявки номинальным держателем или доверительным управляющим","• не взимается — при сроке владения до 30 дней • 2% — при сроке владения более 30 дней, но менее 180 дней • 1% — при сроке владения 180–359 дней • 0,5% — при сроке владения 360–719 дней • не взимается — при сроке владения 720 дней и более • не взимается — при стоимости погашения 6 млн руб. и более по одной заявке • не взимается — при подаче заявки номинальным держателем или доверительным управляющим",0.0149094737062622,0.0179728982940089,0.07147090892604,0.1594373026329174,107779.51248,2198.0,2198.0,9689.29,1044307228.94,643-RUB
3343,ОПИФ рыночных финансовых инструментов «Алёнка – Капитал»,RU000A104M43,Открытый,Фонд рыночных финансовых инструментов,Сформирован,"ООО ""УК ""РЕКОРД КАПИТАЛ""",7718919844,https://www.recordcap.ru,активная,Индекс полной доходности Московской Биржи «брутто» (MCFTR),не предусмотрено,3% от среднегодовой СЧА,3.0,True,nav,не предусмотрено,False,"не более 1,5% от среднегодовой СЧА",1.5,5% от среднегодовой СЧА,5.0,не предусмотрено,не предусмотрено,не предусмотрено,• 2% — при сроке владения до 182 дней • 1% — при сроке владения 183–365 дней • не взимается — при сроке владения более 365 дней,0.0457115232582083,-0.1434862480313017,-0.2334869242602479,-0.1695197280261463,48565.04313,1660.0,1650.0,21176.84,1028454053.91,643-RUB
7826,ЗПИФ недвижимости «АКТИВО ДВАДЦАТЬ ТРИ»,-,Закрытый,Недвижимости,Сформирован,ООО УК «АКТИВО-КАПИТАЛ»,9704253526,https://aktivo.capital,активная,не предусмотрено,не предусмотрено,"0,6% от среднегодовой СЧА в год, но не менее 1,5 млн руб. в год",0.6,True,mixed,не предусмотрено,False,"не более 0,41% от среднегодовой СЧА",0.41,50% от среднегодовой СЧА,50.0,предусмотрено,месяц,не предусмотрено,не предусмотрено,0.174,,,,8679.0,1.0,,117567.6,1020369211.79,643-RUB
4025,"ЗПИФ рыночных финансовых инструментов ""Фонд ВДО развивающихся российских компаний""",RU000A1027E5,Закрытый,Фонд рыночных финансовых инструментов,Сформирован,"ООО ""Управляющая компания ""Восток-Запад""",6454074653,https://www.ew-mc.ru,активная,не предусмотрено,не предусмотрено,1% от среднегодовой СЧА,1.0,True,nav,не предусмотрено,False,не более 2% от среднегодовой СЧА,2.0,5% от среднегодовой СЧА,5.0,предусмотрено,квартал,не предусмотрено,не предусмотрено,0.0186152069901574,0.0408922113365318,0.0937605400474782,0.184,55396.83113,867.0,858.0,18375.92,1017967536.32,643-RUB
5210,ОПИФ рыночных финансовых инструментов «Дивидендные акции»,RU000A106LT8,Открытый,Фонд рыночных финансовых инструментов,Сформирован,"ООО ""УК ПРОМСВЯЗЬ""",7718218817,https://www.upravlyaem.ru,активная,Индекс Мосбиржи широкого рынка (MOEXBMI),не предусмотрено,"3,2% от среднегодовой СЧА",3.2,True,nav,не предусмотрено,False,"0,29% от среднегодовой СЧА",0.29,1% от среднегодовой СЧА,1.0,предусмотрено,квартал,"• 1,5% — при подаче заявки управляющей компании или агенту • 0,5% — при подаче заявки управляющей компании на сумму 10 млн руб. и выше • не взимается — при подаче заявки управляющей компании юридическим лицом, являющимся профессиональным участником рынка ценных бумаг","• 2% — при сроке владения до 180 дней • 1,5% — при сроке владения 181–365 дней • 1% — при сроке владения более 365 дней • не взимается — при сроке владения до 30 дней • не взимается — при подаче заявки юридическим лицом, являющимся профессиональным участником рынка ценных бумаг",-0.0092701503487951,-0.0963852277771777,-0.1281901697478403,-0.1038732655437073,1169246.4444,19350.0,19350.0,850.71,994689063.68,643-RUB
5707,БПИФ рыночных финансовых инструментов «Т-Капитал Дивидендные акции»,RU000A107563,Биржевой,Фонд рыночных финансовых инструментов,Сформирован,ООО «Т-Капитал»,7743304530,https://t-capital-funds.ru/,активная,не предусмотрено,не предусмотрено,2% от среднегодовой СЧА,2.0,True,nav,не предусмотрено,False,"не более 0,059% от среднегодовой СЧА",0.059,"0,04% от среднегодовой СЧА",0.04,не предусмотрено,не предусмотрено,не предусмотрено,не предусмотрено,0.0010567648491001,-0.0583654933146221,-0.087791016030664,-0.0390551964196916,102684214.56828,194235.0,194220.0,9.6623,992168933.64,643-RUB
7004,ЗПИФ недвижимости «АКТИВО ДВАДЦАТЬ ОДИН»,RU000A10CLY1,Закрытый,Недвижимости,Сформирован,"ООО УК ""Альфа-Капитал""",7728142469,https://www.alfacapital.ru,активная,не предусмотрено,не предусмотрено,"0,6% от среднегодовой СЧА в год, но не менее 1,5 млн руб. в год",0.6,True,mixed,не предусмотрено,False,"не более 0,41% от среднегодовой СЧА",0.41,50% от среднегодовой СЧА,50.0,предусмотрено,месяц,не предусмотрено,не предусмотрено,0.0085054507986584,0.0499138139297468,0.0833031010392754,0.1932141382605307,9510.0,414.0,412.0,104103.97,990028733.7,643-RUB
4017,ЗПИФ недвижимости «РИФ Складской Федеральный 1»,RU000A102E29,Закрытый,Недвижимости,В стадии прекращения,"ООО УК ""Гамма Групп""",5410071220,https://www.am-gamma.ru,активная,не предусмотрено,не предусмотрено,"0,5% от среднегодовой СЧА",0.5,True,nav,не предусмотрено,False,"не более 0,3% от среднегодовой СЧА",0.3,50% от среднегодовой СЧА,50.0,предусмотрено,квартал,не предусмотрено,не предусмотрено,,,,,1480.33333,88.0,82.0,647437.92,958423925.41,643-RUB
4242,"БПИФ рыночных финансовых инструментов ""ДОХОДЪ Индекс дивидендных акций""",RU000A102N02,Биржевой,Фонд рыночных финансовых инструментов,Сформирован,ООО «УК «ДОХОДЪ»,7826685368,https://www.dohod.ru,пассивная,ДОХОДЪ Индекс дивидендных акций РФ (полной доходности) (IRDIVTR),не более 5% по модулю — за 250 рабочих дней,"0,7% от среднегодовой СЧА",0.7,True,nav,не предусмотрено,False,"не более 0,4% от среднегодовой СЧА",0.4,"0,2% от среднегодовой СЧА",0.2,не предусмотрено,не предусмотрено,не предусмотрено,не предусмотрено,0.0291126503258077,-0.0749905603217392,-0.0957233114720324,-0.0746005112752891,901670.61278,17247.0,17232.0,1053.41,949829943.65,643-RUB
6268,БПИФ рыночных финансовых инструментов «Ликвидный»,RU000A108VV9,Биржевой,Фонд рыночных финансовых инструментов,Сформирован,АО УК «Доверительная»,9725182361,https://entrustment.ru/,пассивная,RUSFAR,"не более 15% по модулю — за период, определяемый в зависимости от срока существования фонда или вступления в силу новой редакции Правил","0,19% от среднегодовой СЧА",0.19,True,nav,не предусмотрено,False,"не более 0,18% от среднегодовой СЧА",0.18,"0,45% от среднегодовой СЧА",0.45,не предусмотрено,не предусмотрено,не предусмотрено,не предусмотрено,0.0118175174891582,0.0350002952220473,0.0721226241993904,0.1618850328947369,134308990.4337,6503.0,6498.0,7.064261,948793729.6,643-RUB
1448,"ЗПИФ рентный ""Первый Рентный""",RU000A0JS546,Закрытый,Рентный,В стадии прекращения,"ООО ""УК ПРОМСВЯЗЬ""",7718218817,https://www.upravlyaem.ru,активная,не предусмотрено,не предусмотрено,"1,5% от среднегодовой СЧА",1.5,True,nav,не предусмотрено,False,не более 1% от среднегодовой СЧА,1.0,50% от среднегодовой СЧА,50.0,не предусмотрено,не предусмотрено,не предусмотрено,не предусмотрено,,,,,1606594.0831106,1.0,,589.21,946628978.06,643-RUB
0211,ОПИФ рыночных финансовых инструментов «А-Капитал Валютные облигации»,RU000A0JU8B5,Открытый,Фонд рыночных финансовых инструментов,Сформирован,ООО «УК «А-Капитал»,7707583543,https://www.acapital-am.ru,активная,Индекс замещающих облигаций Cbonds,не предусмотрено,"не более 1,5% от среднегодовой СЧА",1.5,False,nav,не предусмотрено,False,"не более 0,35% от среднегодовой СЧА",0.35,1% от среднегодовой СЧА,1.0,не предусмотрено,не предусмотрено,"• 1,25% — при сумме менее 1 млн руб. • 1% — при сумме от 1 млн руб. до 5 млн руб. • 0,75% — при сумме от 5 млн руб. • не взимается — при подаче заявки агенту, указанному в п. 47(3) ПДУ","• 1,5% — при сроке владения до 365 дней • 0,75% — при сроке владения 366–730 дней • не взимается — при сроке владения более 730 дней • не взимается — при подаче заявки агенту, являющемуся страховой организацией (п. 68(3))",-0.0034250840702454,0.0441051738761661,0.0344537815126051,0.018326439707286,5914478.932008,239.0,239.0,160.03,946506303.55,643-RUB
4093,ЗПИФ недвижимости «Альфа-Капитал Арендный поток-2»,RU000A101YY2,Закрытый,Недвижимости,В стадии прекращения,"ООО УК ""Альфа-Капитал""",7728142469,https://www.alfacapital.ru,активная,не предусмотрено,не предусмотрено,"1,8% от среднегодовой СЧА",1.8,True,nav,не предусмотрено,False,"не более 0,5% от среднегодовой СЧА",0.5,10% от среднегодовой СЧА,10.0,предусмотрено,квартал,"0,5% — при выдаче инвестиционных паев после завершения формирования фонда; не взимается — при подаче заявки номинальным держателем или доверительным управляющим",не предусмотрено,,,,,3314.7267,769.0,766.0,279620.78,944202951.32,643-RUB
7760,ОПИФ рыночных финансовых инструментов «ВИМ – Сбережения. Весна 2029»,-,Открытый,Фонд рыночных финансовых инструментов,Сформирован,АО ВИМ Инвестиции,7701140866,https://www.wealthim.ru,активная,не предусмотрено,не предусмотрено,"1,5% от среднегодовой СЧА",1.5,True,nav,не предусмотрено,False,"не более 0,14% от среднегодовой СЧА",0.14,1% от среднегодовой СЧА,1.0,не предусмотрено,не предусмотрено,не предусмотрено,"• 2,5% — при сроке владения менее 730 дней • 2% — при сроке владения 730–1094 дней • не взимается — при сроке владения 1095 дней и более • не устанавливается — при подаче заявки номинальным держателем • не устанавливается — при подаче заявки доверительным управляющим",0.0201856430627052,,,,914751.72445,1005.0,1005.0,1006.76,920936495.12,643-RUB
3193,ОПИФ рыночных финансовых инструментов «Доверительная - фонд Валютные накопления»,RU000A0ZYHM1,Открытый,Фонд рыночных финансовых инструментов,Сформирован,АО УК «Доверительная»,9725182361,https://entrustment.ru/,активная,не предусмотрено,не предусмотрено,"0,75% от среднегодовой СЧА",0.75,True,nav,не предусмотрено,False,"не более 0,2% от среднегодовой СЧА",0.2,"0,36% от среднегодовой СЧА",0.36,не предусмотрено,не предусмотрено,"• 0,3% — при подаче заявки УК на сумму менее 500 тыс. руб. • 0,2% — при подаче заявки УК на сумму от 500 тыс. руб. до 1 млн руб. • не взимается — при подаче заявки УК на сумму от 1 млн руб. • не взимается — при подаче заявки УК, действующей как доверительный управляющий • 1% — при подаче заявки агентам",не предусмотрено,-0.0200186702624208,0.0494279684549594,0.0511793502447709,0.0357377768033326,9460067.65854,1141.0,1139.0,94.48,893757907.82,643-RUB
6221,БПИФ рыночных финансовых инструментов «АТОН – Накопительный в юанях»,RU000A108P04,Биржевой,Фонд рыночных финансовых инструментов,Сформирован,"ООО ""УК ""Атон-менеджмент""",7701253764,https://www.am-aton.ru,активная,RUSFAR CNY,не предусмотрено,"0,1% от среднегодовой СЧА",0.1,True,nav,не предусмотрено,False,"не более 0,05% от среднегодовой СЧА",0.05,"0,25% от среднегодовой СЧА",0.25,не предусмотрено,не предусмотрено,не предусмотрено,не предусмотрено,0.0015922075489369,0.0021553743791585,0.0163467021478806,0.0201278260040064,7866570.54889,1079.0,1030.0,106.9399,841249976.51,156-CNY
0908,ЗПИФ рыночных финансовых инструментов «Альфа-Капитал Золото»,RU000A0JRYH4,Закрытый,Фонд рыночных финансовых инструментов,Сформирован,"ООО УК ""Альфа-Капитал""",7728142469,https://www.alfacapital.ru,активная,не предусмотрено,не предусмотрено,"не более 2,2% от среднегодовой СЧА",2.2,False,nav,не предусмотрено,False,"не более 0,14% от среднегодовой СЧА",0.14,"0,1% от среднегодовой СЧА",0.1,не предусмотрено,не предусмотрено,не предусмотрено,не предусмотрено,,,,,1020400.07887,33006.0,33005.0,818.27,834961331.9,643-RUB
5770,ЗПИФ рыночных финансовых инструментов «Заблокированные активы паевого инвестиционного фонда «Альфа-Капитал Ресурсы»»,RU000A107944,Закрытый,Фонд рыночных финансовых инструментов,Сформирован,"ООО УК ""Альфа-Капитал""",7728142469,https://www.alfacapital.ru,активная,не предусмотрено,не предусмотрено,"не более 3,5% от среднегодовой СЧА",3.5,False,nav,не предусмотрено,False,"не более 0,14% от среднегодовой СЧА",0.14,"0,1% от среднегодовой СЧА",0.1,не предусмотрено,не предусмотрено,не предусмотрено,не предусмотрено,,,,,2544385.00681,89007.0,88995.0,326.78,831450719.75,643-RUB
0255,ОПИФ рыночных финансовых инструментов «МКБ Сбалансированный»,RU000A0DNSN6,Открытый,Фонд рыночных финансовых инструментов,Сформирован,"АО ""УК МКБ Инвестиции""",7710186602,https://mkb-am.ru,активная,не предусмотрено,не предусмотрено,не более 2% от среднегодовой СЧА,2.0,False,nav,не предусмотрено,False,"не более 0,55% от среднегодовой СЧА",0.55,"0,5% от среднегодовой СЧА",0.5,не предусмотрено,не предусмотрено,"• не взимается — при подаче заявки управляющей компании • 1,5% — при подаче заявки агенту • не взимается — при подаче заявки номинальным держателем или доверительным управляющим","• не взимается — при сроке владения до 30 дней • 2% — при сроке владения более 30 дней, но менее 180 дней • 1% — при сроке владения 180–359 дней • 0,5% — при сроке владения 360–719 дней • не взимается — при сроке владения 720 дней и более • не взимается — при стоимости погашения 6 млн руб. и более по одной заявке • не взимается — при подаче заявки номинальным держателем или доверительным управляющим",0.0043194556680633,-0.0270341803309517,-0.0181949547796898,0.0385526977074764,117573.20822,1958.0,1958.0,6984.62,821204446.99,643-RUB
0081,ОПИФ рыночных финансовых инструментов «ТКБ Инвестмент Партнерс – Фонд облигаций»,RU000A0JRUP5,Открытый,Фонд рыночных финансовых инструментов,Сформирован,ТКБ Инвестмент Партнерс (АО),7825489723,https://www.tkbip.ru,активная,Индекс МосБиржи Корпоративных Облигаций RUCBTR3YNS,не предусмотрено,"1,5% от среднегодовой СЧА",1.5,True,nav,не предусмотрено,False,"не более 0,6% от среднегодовой СЧА",0.6,"1,0% от среднегодовой СЧА",1.0,не предусмотрено,не предусмотрено,"• 1,5% — при подаче заявки УК, сумма менее 100 тыс. руб. • 1,0% — при подаче заявки УК, сумма от 100 тыс. руб. до 300 тыс. руб. • 0,5% — при подаче заявки УК, сумма от 300 тыс. руб. до 1 млн руб. • не взимается — при подаче заявки УК, сумма 1 млн руб. и более • 1,5% — при подаче заявки агентам (кроме АО «БАНК СГБ», «Азиатско-Тихоокеанский Банк» (АО) и агентам по п.46.7), сумма менее 50 тыс. руб. • 1,0% — при подаче заявки агентам (кроме АО «БАНК СГБ», «Азиатско-Тихоокеанский Банк» (АО) и агентам по п.46.7), сумма от 50 тыс. руб. до 300 тыс. руб. • 0,5% — при подаче заявки агентам (кроме АО «БАНК СГБ», «Азиатско-Тихоокеанский Банк» (АО) и агентам по п.46.7), сумма 300 тыс. руб. и более • 1,5% — при подаче заявки АО «БАНК СГБ», сумма менее 50 тыс. руб. • 1,25% — при подаче заявки АО «БАНК СГБ», сумма от 50 тыс. руб. до 1 млн руб. • 0,75% — при подаче заявки АО «БАНК СГБ», сумма 1 млн руб. и более • 1,5% — при подаче заявки «Азиатско-Тихоокеанский Банк» (АО), сумма менее 500 тыс. руб. • 1,0% — при подаче заявки «Азиатско-Тихоокеанский Банк» (АО), сумма от 500 тыс. руб. до 1,5 млн руб. • 0,5% — при подаче заявки «Азиатско-Тихоокеанский Банк» (АО), сумма 1,5 млн руб. и более • 1,0% — при подаче заявки УК номинальным держателем КИТ Финанс (АО), сумма менее 300 тыс. руб. • 0,5% — при подаче заявки УК номинальным держателем КИТ Финанс (АО), сумма 300 тыс. руб. и более • 1,0% — при подаче заявки УК номинальным держателем ООО «АЛОР +» • не взимается — при подаче заявки УК лицом, действующим в качестве доверительного управляющего • не взимается — при подаче заявки УК номинальным держателем (кроме КИТ Финанс (АО) и ООО «АЛОР +») • не взимается — при подаче заявки УК через личный кабинет (п.46.4) • не взимается — при подаче заявки агенту по п.46.7","• 3% — при подаче заявки УК, срок владения до 365 дней • 2,5% — при подаче заявки УК, срок владения 366–730 дней • 1,5% — при подаче заявки УК, срок владения 731–1095 дней • 2% — при подаче заявки агенту, срок владения до 180 дней • 1% — при подаче заявки агенту, срок владения 181–365 дней • 1% — при подаче заявки УК номинальным держателем КИТ Финанс (АО) или ООО «АЛОР +» • не взимается — при подаче заявки УК, срок владения более 1095 дней (кроме КИТ Финанс и АЛОР+) • не взимается — при подаче заявки номинальным держателем (кроме КИТ Финанс и АЛОР+) • не взимается — при подаче заявки доверительным управляющим • не взимается — при подаче заявки агенту, срок владения более 365 дней • не взимается — при подаче заявки агенту по п.65.4 (страховая организация)",0.0178907141553555,-0.0034518835207274,0.0363520358192248,0.1242932570407144,88505.111494,1293.0,1290.0,9258.51,819425168.98,643-RUB
3167,ЗПИФ недвижимости «УФА ЭКСПО»,RU000A0JXAU5,Закрытый,Недвижимости,Сформирован,"ООО ""УК ""ФОРТИС-Инвест""",7707757447,https://www.fortisinvest.ru,активная,не предусмотрено,не предусмотрено,"• 400 тыс. руб. в месяц — с января по июнь 2023 г. • 1,7 млн руб. в месяц — с июля по декабрь 2023 г. • 1,5 млн руб. в месяц — в 2024 г., но не менее 18 млн руб. за год",400.0,True,fixed,не предусмотрено,False,"не более 0,45% от среднегодовой СЧА",0.45,90% от среднегодовой СЧА,90.0,предусмотрено,месяц,не предусмотрено,не предусмотрено,0.0236641390777718,0.0240445831686148,0.0282424973298775,0.0366592195180152,5894.12256,1.0,,138844.88,818368744.75,643-RUB
4742,БПИФ рыночных финансовых инструментов «Ингосстрах Инфляционный»,RU000A1047H6,Биржевой,Фонд рыночных финансовых инструментов,Сформирован,"АО УК ""Ингосстрах - Инвестиции""",7705136973,https://www.ingosinvest-am.ru,пассивная,Индекс МосБиржи Государственных Облигаций (RUGBINFTR),не более 5% по модулю — за 250 рабочих дней,"не более 0,15% от среднегодовой СЧА",0.15,False,nav,не предусмотрено,False,"не более 0,15% от среднегодовой СЧА",0.15,"0,1% от среднегодовой СЧА",0.1,не предусмотрено,не предусмотрено,не предусмотрено,не предусмотрено,0.0109659844939584,0.0309116809116809,0.113813005001924,0.1954079947142386,5651520.33136,2602.0,2596.0,144.74,818017854.3,643-RUB
7428,ОПИФ рыночных финансовых инструментов «ДОХОДЪ. Биржевая копилка»,RU000A10DJ26,Открытый,Фонд рыночных финансовых инструментов,Сформирован,ООО «УК «ДОХОДЪ»,7826685368,https://www.dohod.ru,активная,ставка RUONIA (Ruble Overnight Index Average),не предусмотрено,"0,7% от среднегодовой СЧА",0.7,True,nav,не предусмотрено,False,"не более 0,1% от среднегодовой СЧА",0.1,"не более 0,2% от среднегодовой СЧА",0.2,не предусмотрено,не предусмотрено,"• 1,5% — при подаче заявки после завершения формирования фонда • не взимается — при подаче заявки через финансовую платформу ПАО «Московская биржа ММВБ-РТС»","• 3% — при сроке владения до 1825 дней, для всех лиц, кроме лицензированных профучастников и УК ПИФ/НПФ • 1,5% — при сроке владения до 10 дней, для лицензированных профучастников и УК ПИФ/НПФ • не устанавливается — при сроке владения более 1825 дней (для всех, кроме лицензированных профучастников и УК ПИФ/НПФ) • не устанавливается — при сроке владения более 10 дней (для лицензированных профучастников и УК ПИФ/НПФ) • не устанавливается — при подаче заявки УК как доверительным управляющим • не устанавливается — при подаче заявки через Финансовую платформу ПАО «Московская биржа ММВБ-РТС»",0.0120703952824104,0.0332047784780359,0.0706696559118822,,7413402.78842,18293.0,18293.0,109.84,814281391.66,643-RUB
4693,ОПИФ рыночных финансовых инструментов «Сила Баланса»,RU000A1041A4,Открытый,Фонд рыночных финансовых инструментов,Сформирован,АО «Контрада Капитал»,9703206844,https://www.contrada-capital.ru,активная,не предусмотрено,не предусмотрено,"1,8% от среднегодовой СЧА",1.8,True,nav,не предусмотрено,False,не более 1% от среднегодовой СЧА,1.0,1% от среднегодовой СЧА,1.0,не предусмотрено,не предусмотрено,не предусмотрено,не предусмотрено,0.0133983663395428,-0.0015632237146827,0.0177043375627028,0.0780146277427017,4679793.00498,5176.0,5174.0,172.45,807039424.82,643-RUB
4009,ЗПИФ рыночных финансовых инструментов «РСХБ - Драгметаллы»,RU000A101P19,Закрытый,Фонд рыночных финансовых инструментов,Сформирован,"ООО ""РСХБ Управление Активами""",7704814182,https://www.rshb-am.ru/,активная,не предусмотрено,не предусмотрено,"не более 1,5% от среднегодовой СЧА",1.5,False,nav,не предусмотрено,False,"не более 0,18% от среднегодовой СЧА",0.18,5% от среднегодовой СЧА,5.0,не предусмотрено,не предусмотрено,не предусмотрено,не предусмотрено,,,,,1138486.27777,14788.0,14787.0,708.33,806420694.59,643-RUB
2515,ОПИФ рыночных финансовых инструментов «БКС Драгоценные Металлы»,RU000A0JVJ29,Открытый,Фонд рыночных финансовых инструментов,Сформирован,"АО УК ""БКС""",5407191291,https://bcs.ru/am,активная,не предусмотрено,не предусмотрено,"2,5% от среднегодовой СЧА",2.5,True,nav,не предусмотрено,False,"не более 0,18% от среднегодовой СЧА",0.18,3% от среднегодовой СЧА,3.0,не предусмотрено,не предусмотрено,"• 1% — при сумме менее 500 тыс. руб., подаче заявки в филиале УК (Москва, проспект Мира, д. 69, стр. 1) или агентом, кроме заявок от доверительного управляющего и через Личный кабинет • 0,5% — при сумме от 500 тыс. руб. до 1,5 млн руб., подаче заявки в филиале УК (Москва, проспект Мира, д. 69, стр. 1) или агентом, кроме заявок от доверительного управляющего и через Личный кабинет • не взимается — при сумме 1,5 млн руб. и более, подаче заявки в филиале УК (Москва, проспект Мира, д. 69, стр. 1) или агентом, кроме заявок от доверительного управляющего и через Личный кабинет • не взимается — при подаче заявки УК (кроме указанного филиала) или через Личный кабинет • не взимается — при подаче заявки доверительным управляющим в филиале УК (Москва, проспект Мира, д. 69, стр. 1) или агентом • не взимается — при подаче заявки СК «БКС Страхование жизни» или СК «Согласие-Вита» в рамках договора долевого страхования жизни","• 3% — при сроке владения до 181 дня, при подаче заявки в филиале УК в Москве или через Личный кабинет • 2% — при сроке владения 182–365 дней, при подаче заявки в филиале УК в Москве или через Личный кабинет • 1% — при сроке владения 366–548 дней, при подаче заявки в филиале УК в Москве или через Личный кабинет • 0,5% — при сроке владения 549–1095 дней, при подаче заявки в филиале УК в Москве или через Личный кабинет • не взимается — при сроке владения 1096+ дней, при подаче заявки в филиале УК в Москве или через Личный кабинет • 3% — при сроке владения до 181 дня, при подаче заявки УК (не в филиале в Москве и не через Личный кабинет) и погашении менее 1000 паев • 2% — при сроке владения 182–365 дней, при подаче заявки УК (не в филиале в Москве и не через Личный кабинет) и погашении менее 1000 паев • 1% — при сроке владения 366–548 дней, при подаче заявки УК (не в филиале в Москве и не через Личный кабинет) и погашении менее 1000 паев • 0,5% — при сроке владения 549–1095 дней, при подаче заявки УК (не в филиале в Москве и не через Личный кабинет) и погашении менее 1000 паев • не взимается — при сроке владения 1096+ дней, при подаче заявки УК (не в филиале в Москве и не через Личный кабинет) и погашении менее 1000 паев • не взимается — при погашении 1000+ паев по одной заявке, поданной УК (не в филиале в Москве и не через Личный кабинет) • не взимается — при погашении по лицевому счету доверительного управляющего • не взимается — при погашении по лицевому счету номинального держателя • не взимается — при погашении по заявке страховой организации (БКС Страхование жизни, Согласие-Вита) в рамках договора долевого страхования жизни",0.0133831423182939,-0.0791615858682397,-0.1767773489290239,0.1809382924767541,2881907.79224,7068.0,7060.0,279.41,805241018.84,643-RUB
6838,БПИФ рыночных финансовых инструментов «Альфа-Капитал Платина - Палладий»,RU000A10AUA6,Биржевой,Фонд рыночных финансовых инструментов,Сформирован,"ООО УК ""Альфа-Капитал""",7728142469,https://www.alfacapital.ru,пассивная,Альфа-Капитал Платина - Палладий,"• не более 10% — за период с даты истечения 1 месяца с даты завершения формирования фонда до каждой даты определения расчетной стоимости пая • не более 10% — за 250 рабочих дней, предшествующих каждой дате определения расчетной стоимости пая (если с даты завершения формирования фонда прошло не менее 13 месяцев)",1% от среднегодовой СЧА,1.0,True,nav,не предусмотрено,False,"не более 0,2% от среднегодовой СЧА",0.2,"0,4% от среднегодовой СЧА",0.4,не предусмотрено,не предусмотрено,не предусмотрено,не предусмотрено,0.0521460572666376,-0.1044011964514057,-0.3287915547132207,0.1002068941244019,6164966.63223,12826.0,12816.0,129.726,799756459.62,643-RUB
2317,"ЗПИФ недвижимости ""Берег""",RU000A0JURN0,Закрытый,Недвижимости,Сформирован,"ООО ""УК ""Евро Фин Траст""",7701853842,https://euro-fin-trust.ru,активная,не предусмотрено,не предусмотрено,"200 000 руб. в месяц, но не более 2% от среднегодовой СЧА",2.0,False,mixed,не предусмотрено,False,"не более 0,5% от среднегодовой СЧА",0.5,не более 10% от среднегодовой СЧА,10.0,предусмотрено,квартал,не предусмотрено,не предусмотрено,0.0256917135078475,-0.0533577462228196,-0.0909776733108466,-0.1671127233258594,273013.60551,1.0,,2915.98,796102845.5,643-RUB
2699,"ЗПИФ недвижимости ""Касимово""",RU000A0JUKY2,Закрытый,Недвижимости,Сформирован,"ООО ""УК РИГОРА""",7701894373,https://www.uk-rigora.ru,активная,не предусмотрено,не предусмотрено,"1 млн руб. в квартал, но не более 8,5% от среднегодовой СЧА",8.5,False,mixed,не предусмотрено,False,"не более 1,5% от среднегодовой СЧА",1.5,90% от среднегодовой СЧА,90.0,не предусмотрено,не предусмотрено,не предусмотрено,не предусмотрено,0.0012573328565232,-0.0510155514770839,-0.0743690669136374,-0.1988405205937728,49627.0,1.0,1.0,15791.31,783675098.58,643-RUB
0493,"ЗПИФ недвижимости ""Краснопресненский""",-,Закрытый,Недвижимости,Сформирован,"ООО ""УК ""Реальные инвестиции""",7703551413,https://www.mcri.ru,активная,не предусмотрено,не предусмотрено,1% от среднегодовой СЧА,1.0,True,nav,не предусмотрено,False,"не более 0,5% от среднегодовой СЧА",0.5,12% от среднегодовой СЧА,12.0,предусмотрено,квартал,"1,5% — при выдаче инвестиционных паев после завершения формирования фонда","не более 3% — во всех случаях, кроме погашения паев при продлении срока действия договора доверительного управления фондом или без заявления владельца",0.0058044970139685,0.0129940208628319,0.0164133567837524,-0.0252268733576682,2650.0,1.0,,293458.71,777665582.48,643-RUB
4140,ОПИФ рыночных финансовых инструментов «РСХБ – Долговой рынок»,RU000A105RJ8,Открытый,Фонд рыночных финансовых инструментов,Сформирован,"ООО ""РСХБ Управление Активами""",7704814182,https://www.rshb-am.ru/,активная,Cbo nds Индекс замещающих облигаций,не предусмотрено,не более 1% от среднегодовой СЧА,1.0,False,nav,не предусмотрено,False,"не более 0,2% от среднегодовой СЧА",0.2,"0,7% от среднегодовой СЧА",0.7,не предусмотрено,не предусмотрено,"• 1% — при подаче заявки УК, агенту, через Личный кабинет или Услуги дистанционного банковского обслуживания при сумме от 1 тыс. руб. до 10 млн руб. • 0,5% — при подаче заявки УК, агенту, через Личный кабинет или Услуги дистанционного банковского обслуживания при сумме от 10 млн руб. до 20 млн руб. • 0,25% — при подаче заявки УК, агенту, через Личный кабинет или Услуги дистанционного банковского обслуживания при сумме от 20 млн руб. • не взимается — при подаче заявки доверительным управляющим • до 1,5% — при подаче заявки номинальным держателем (минимальное из: разницы между полученными средствами и произведением количества паев на расчетную стоимость, или 1,5% от суммы средств)","• 1% — при сроке владения до 365 дней • 0,5% — при сроке владения 366–730 дней • не взимается — при сроке владения более 730 дней • не взимается — при подаче заявки номинальным держателем или доверительным управляющим",0.0097543901359802,0.05900524321741,0.0564880010502967,0.0218340027668433,502938.55196,825.0,824.0,1528.96,768974851.86,643-RUB
2416,"ЗПИФ недвижимости ""СТРОЙПРОЕКТ""",RU000A101UK9,Закрытый,Недвижимости,Сформирован,"ООО ""УК ""ОРЕОЛ""",7704750193,https://www.oreol-2010.ru,активная,не предусмотрено,не предусмотрено,"1,03% от среднегодовой СЧА",1.03,True,nav,не предусмотрено,False,"не более 1,5% от среднегодовой СЧА",1.5,10% от среднегодовой СЧА,10.0,не предусмотрено,не предусмотрено,не предусмотрено,не предусмотрено,0.0101291213079919,0.0369518925580864,0.0327642590091952,0.0966140400716427,84321.386,28.0,27.0,8994.22,758405120.82,643-RUB
0813,ЗПИФ недвижимости «АНТЕЙ СЕВЕР»,RU000A0JQYR5,Закрытый,Недвижимости,Сформирован,ООО «УПРАВЛЯЮЩАЯ КОМПАНИЯ Д8»,7707500642,https://d8am.ru,активная,не предусмотрено,не предусмотрено,1% от среднегодовой СЧА,1.0,True,nav,не предусмотрено,False,"не более 0,9% от среднегодовой СЧА",0.9,15% от среднегодовой СЧА,15.0,предусмотрено,месяц,не предусмотрено,не предусмотрено,0.0131875932064627,0.0403655343167675,0.0818086637188477,0.1890725197380335,51.0,4.0,3.0,14827094.57,756181822.92,643-RUB
0478,ОПИФ рыночных финансовых инструментов «ТКБ Инвестмент Партнерс – Премиум. Фонд акций»,RU000A0JRU87,Открытый,Фонд рыночных финансовых инструментов,Сформирован,ТКБ Инвестмент Партнерс (АО),7825489723,https://www.tkbip.ru,активная,Индекс МосБиржи полной доходности «брутто» (MCFTR),не предусмотрено,"3,5% от среднегодовой СЧА",3.5,True,nav,не предусмотрено,False,"не более 0,6% от среднегодовой СЧА",0.6,1% от среднегодовой СЧА,1.0,не предусмотрено,не предусмотрено,"• 1,5% — при подаче заявки УК, сумма менее 100 тыс. руб. • 1,0% — при подаче заявки УК, сумма от 100 тыс. руб. до 300 тыс. руб. • 0,5% — при подаче заявки УК, сумма от 300 тыс. руб. до 1 млн руб. • не взимается — при подаче заявки УК, сумма от 1 млн руб. • 1,5% — при подаче заявки агентам (кроме СГБ, ТКБ БАНК, АТБ, п.46.7), сумма менее 50 тыс. руб. • 1,0% — при подаче заявки агентам (кроме СГБ, ТКБ БАНК, АТБ, п.46.7), сумма от 50 тыс. руб. до 300 тыс. руб. • 0,5% — при подаче заявки агентам (кроме СГБ, ТКБ БАНК, АТБ, п.46.7), сумма от 300 тыс. руб. • 1,5% — при подаче заявки агенту АО «БАНК СГБ», сумма менее 50 тыс. руб. • 1,25% — при подаче заявки агенту АО «БАНК СГБ», сумма от 50 тыс. руб. до 1 млн руб. • 0,75% — при подаче заявки агенту АО «БАНК СГБ», сумма от 1 млн руб. • 1,5% — при подаче заявки агенту ТКБ БАНК ПАО • 1,5% — при подаче заявки агенту «Азиатско-Тихоокеанский Банк» (АО), сумма менее 500 тыс. руб. • 1,0% — при подаче заявки агенту «Азиатско-Тихоокеанский Банк» (АО), сумма от 500 тыс. руб. до 1,5 млн руб. • 0,5% — при подаче заявки агенту «Азиатско-Тихоокеанский Банк» (АО), сумма от 1,5 млн руб. • 1,0% — при подаче заявки номинальному держателю КИТ Финанс (АО), сумма менее 300 тыс. руб. • 0,5% — при подаче заявки номинальному держателю КИТ Финанс (АО), сумма от 300 тыс. руб. • 1,0% — при подаче заявки номинальному держателю ООО «АЛОР +» • не взимается — при подаче заявки УК через личный кабинет • не взимается — при подаче заявки УК номинальным держателем (кроме КИТ Финанс, АЛОР+) • не взимается — при подаче заявки агенту по п.46.7 • не взимается — при подаче заявки доверительным управляющим","• 3% — при подаче заявки УК, срок владения до 365 дней • 2,5% — при подаче заявки УК, срок владения 366–730 дней • 1,5% — при подаче заявки УК, срок владения 731–1095 дней • 2% — при подаче заявки агенту, срок владения до 180 дней • 1% — при подаче заявки агенту, срок владения 181–365 дней • 1% — при подаче заявки УК номинальным держателем КИТ Финанс (АО) или ООО «АЛОР +» • не взимается — при подаче заявки УК, срок владения более 1095 дней (кроме КИТ Финанс и АЛОР+) • не взимается — при подаче заявки номинальным держателем (кроме КИТ Финанс и АЛОР+) • не взимается — при подаче заявки доверительным управляющим • не взимается — при подаче заявки агенту, срок владения более 365 дней • не взимается — при подаче заявки агенту по п.65.4 (страховая организация)",0.0040139708880732,-0.0791578180540966,-0.1482328238419123,-0.1182874385379267,265080.782144,4791.0,4779.0,2831.47,750567610.84,643-RUB
1028,ЗПИФ недвижимости «РВМ - Подмосковный»,RU000A0JPLG7,Закрытый,Недвижимости,Сформирован,"АО УК ""РВМ Капитал""",7722563196,https://www.rwminvest.ru,активная,не предусмотрено,не предусмотрено,• 2 100 000 руб. в месяц — до 01.01.2025 • 1 875 000 руб. в месяц — с 01.01.2025 • 1 666 667 руб. в месяц — с 01.01.2026,2.0,True,fixed,не предусмотрено,False,"не более 0,15% от среднегодовой СЧА",0.15,30% от среднегодовой СЧА,30.0,предусмотрено,квартал,не предусмотрено,не предусмотрено,0.0254423804912404,0.0192509625481274,-0.00145735105015,0.2348139510230044,6428929.76656,205.0,204.0,116.48,748855479.96,643-RUB
3194,ОПИФ рыночных финансовых инструментов «Доверительная - фонд Сберегательный»,RU000A0ZYHL3,Открытый,Фонд рыночных финансовых инструментов,Сформирован,АО УК «Доверительная»,9725182361,https://entrustment.ru/,активная,не предусмотрено,не предусмотрено,"0,75% от среднегодовой СЧА",0.75,True,nav,не предусмотрено,False,"не более 0,2% от среднегодовой СЧА",0.2,"0,25% от среднегодовой СЧА",0.25,не предусмотрено,не предусмотрено,"• 0,7% — при подаче заявки УК на сумму менее 500 тыс. руб. • 0,4% — при подаче заявки УК на сумму от 500 тыс. руб. до 1 млн руб. • не взимается — при подаче заявки УК на сумму от 1 млн руб. • не взимается — при подаче заявки УК, действующей как доверительный управляющий • 1% — при подаче заявки агентам",не предусмотрено,0.0065794449066021,0.0148684712161646,0.0618268847227762,0.142391211054845,5541239.86651,4297.0,4295.0,133.1,737535637.14,643-RUB
2026,ОПИФ рыночных финансовых инструментов «ТКБ Инвестмент Партнерс – Золото»,RU000A0JRUB5,Открытый,Фонд рыночных финансовых инструментов,Сформирован,ТКБ Инвестмент Партнерс (АО),7825489723,https://www.tkbip.ru,активная,GLDRUB_TOM (GLD/RUB_TOM-GLD/РУБ),не предусмотрено,"1,9% от среднегодовой СЧА",1.9,True,nav,не предусмотрено,False,"не более 0,2% от среднегодовой СЧА",0.2,"1,0% от среднегодовой СЧА",1.0,не предусмотрено,не предусмотрено,"• 1,5% — при подаче заявки УК, сумма менее 100 тыс. руб. • 1,0% — при подаче заявки УК, сумма от 100 тыс. руб. до 300 тыс. руб. • 0,5% — при подаче заявки УК, сумма от 300 тыс. руб. до 1 млн руб. • не взимается — при подаче заявки УК, сумма от 1 млн руб. • 1,5% — при подаче заявки агенту (кроме СГБ, АТБ, п.46.7), сумма менее 50 тыс. руб. • 1,0% — при подаче заявки агенту (кроме СГБ, АТБ, п.46.7), сумма от 50 тыс. руб. до 300 тыс. руб. • 0,5% — при подаче заявки агенту (кроме СГБ, АТБ, п.46.7), сумма от 300 тыс. руб. • 1,5% — при подаче заявки агенту АО «БАНК СГБ», сумма менее 50 тыс. руб. • 1,25% — при подаче заявки агенту АО «БАНК СГБ», сумма от 50 тыс. руб. до 1 млн руб. • 0,75% — при подаче заявки агенту АО «БАНК СГБ», сумма от 1 млн руб. • 1,5% — при подаче заявки агенту «Азиатско-Тихоокеанский Банк» (АО), сумма менее 500 тыс. руб. • 1,0% — при подаче заявки агенту «Азиатско-Тихоокеанский Банк» (АО), сумма от 500 тыс. руб. до 1,5 млн руб. • 0,5% — при подаче заявки агенту «Азиатско-Тихоокеанский Банк» (АО), сумма от 1,5 млн руб. • 1,0% — при подаче заявки УК номинальному держателю КИТ Финанс (АО), сумма менее 300 тыс. руб. • 0,5% — при подаче заявки УК номинальному держателю КИТ Финанс (АО), сумма от 300 тыс. руб. • 1,0% — при подаче заявки УК номинальному держателю ООО «АЛОР +» • не взимается — при подаче заявки УК в течение 15 рабочих дней после завершения формирования фонда • не взимается — при подаче заявки УК лицом, действующим в качестве доверительного управляющего • не взимается — при подаче заявки УК номинальным держателем (кроме КИТ Финанс, АЛОР +) • не взимается — при подаче заявки УК через личный кабинет (п.46.4) • не взимается — при подаче заявки агенту по п.46.7","• 3% — при подаче заявки УК, срок владения до 365 дней • 2,5% — при подаче заявки УК, срок владения 366–730 дней • 1,5% — при подаче заявки УК, срок владения 731–1095 дней • 2% — при подаче заявки агенту, срок владения до 180 дней • 1% — при подаче заявки агенту, срок владения 181–365 дней • 1% — при подаче заявки УК номинальным держателем КИТ Финанс (АО) или ООО «АЛОР +» • не взимается — при подаче заявки УК, срок владения более 1095 дней (кроме КИТ Финанс и АЛОР+) • не взимается — при подаче заявки номинальным держателем (кроме КИТ Финанс и АЛОР+) • не взимается — при подаче заявки доверительным управляющим • не взимается — при подаче заявки агенту, срок владения более 365 дней • не взимается — при подаче заявки агенту по п.67.4 (страховая организация)",0.0041189626824987,-0.0873757808202075,-0.1817044842327687,0.1742706822026878,156411.365086,452.0,452.0,4678.13,731712671.36,643-RUB
6092,ОПИФ рыночных финансовых инструментов «Флагманский»,RU000A108AB5,Открытый,Фонд рыночных финансовых инструментов,Сформирован,ООО УК «ГЕРОИ»,9725134382,https://ih-capital.ru,активная,не предусмотрено,не предусмотрено,3% от среднегодовой СЧА,3.0,True,nav,не предусмотрено,False,"не более 0,35% от среднегодовой СЧА",0.35,1% от среднегодовой СЧА,1.0,не предусмотрено,не предусмотрено,"• не взимается — для владельцев паев • не взимается — при подаче заявки через финансовую платформу ПАО «Московская биржа ММВБ-РТС» • не взимается — при подаче заявки через сервис «Личный кабинет» (кроме случаев подачи номинальным держателем, доверительным управляющим или внесения средств на счет НКО АО НРД в СБП) • 1% — при сумме менее 500 тыс. руб. для лиц, не являющихся владельцами паев, и при подаче заявки не через «Личный кабинет» или финансовую платформу • 0% — при сумме от 500 тыс. руб. для лиц, не являющихся владельцами паев, и при подаче заявки не через «Личный кабинет» или финансовую платформу • 0,4% — при сумме до 400 тыс. руб. при внесении средств через «Личный кабинет» на счет НКО АО НРД в СБП • 0,38% — при сумме от 400 тыс. руб. до 500 тыс. руб. при внесении средств через «Личный кабинет» на счет НКО АО НРД в СБП • 0,3% — при сумме от 500 тыс. руб. до 600 тыс. руб. при внесении средств через «Личный кабинет» на счет НКО АО НРД в СБП • 0,25% — при сумме от 600 тыс. руб. до 700 тыс. руб. при внесении средств через «Личный кабинет» на счет НКО АО НРД в СБП • 0,215% — при сумме от 700 тыс. руб. до 800 тыс. руб. при внесении средств через «Личный кабинет» на счет НКО АО НРД в СБП • 0,19% — при сумме от 800 тыс. руб. до 900 тыс. руб. при внесении средств через «Личный кабинет» на счет НКО АО НРД в СБП • 0,17% — при сумме от 900 тыс. руб. до 1 млн руб. при внесении средств через «Личный кабинет» на счет НКО АО НРД в СБП","• 1% — при сроке владения до 365 дней, если заявка подана не номинальным держателем или доверительным управляющим и не через Финансовую платформу • не взимается — при сроке владения 365 дней и более, если заявка подана не номинальным держателем или доверительным управляющим и не через Финансовую платформу • 0,5% — при подаче заявки номинальным держателем или доверительным управляющим, независимо от срока владения • 1% — при сроке владения до 365 дней, если заявка подана через Финансовую платформу • не взимается — при сроке владения 365 дней и более, если заявка подана через Финансовую платформу",0.0076489071351575,-0.0544196457396207,-0.056551709328294,-0.0250968035415116,829796.90701,784.0,784.0,878.69,729132195.49,643-RUB
0078,ОПИФ рыночных финансовых инструментов «ТКБ Инвестмент Партнерс – Фонд сбалансированный»,RU000A0JRUQ3,Открытый,Фонд рыночных финансовых инструментов,Сформирован,ТКБ Инвестмент Партнерс (АО),7825489723,https://www.tkbip.ru,активная,• 50% Индекс МосБиржи полной доходности «брутто» (MCFTR) • 50% Индекс государственных облигаций (1-3 года) RUGBITR3Y (RUGBITR3Y),не предусмотрено,"3,0% от среднегодовой СЧА",3.0,True,nav,не предусмотрено,False,"не более 0,6% от среднегодовой СЧА",0.6,"1,0% от среднегодовой СЧА",1.0,не предусмотрено,не предусмотрено,"• 1,5% — при подаче заявки УК, сумма менее 100 тыс. руб. • 1,0% — при подаче заявки УК, сумма от 100 тыс. руб. до 300 тыс. руб. • 0,5% — при подаче заявки УК, сумма от 300 тыс. руб. до 1 млн руб. • не взимается — при подаче заявки УК, сумма от 1 млн руб. • 1,5% — при подаче заявки агенту (кроме СГБ, ТКБ БАНК, АТБ), сумма менее 50 тыс. руб. • 1,0% — при подаче заявки агенту (кроме СГБ, ТКБ БАНК, АТБ), сумма от 50 тыс. руб. до 300 тыс. руб. • 0,5% — при подаче заявки агенту (кроме СГБ, ТКБ БАНК, АТБ), сумма от 300 тыс. руб. • 1,5% — при подаче заявки агенту АО «БАНК СГБ», сумма менее 50 тыс. руб. • 1,25% — при подаче заявки агенту АО «БАНК СГБ», сумма от 50 тыс. руб. до 1 млн руб. • 0,75% — при подаче заявки агенту АО «БАНК СГБ», сумма от 1 млн руб. • 1,5% — при подаче заявки агенту ТКБ БАНК ПАО • 1,5% — при подаче заявки агенту «Азиатско-Тихоокеанский Банк» (АО), сумма менее 500 тыс. руб. • 1,0% — при подаче заявки агенту «Азиатско-Тихоокеанский Банк» (АО), сумма от 500 тыс. руб. до 1,5 млн руб. • 0,5% — при подаче заявки агенту «Азиатско-Тихоокеанский Банк» (АО), сумма от 1,5 млн руб. • не взимается — при подаче заявки УК через личный кабинет • не взимается — при подаче заявки УК номинальным держателем • не взимается — при подаче заявки УК доверительным управляющим • не взимается — при подаче заявки агенту по п. 46.7 (страховым организациям)","• 3% — при подаче заявки УК, срок владения до 365 дней • 2,5% — при подаче заявки УК, срок владения 366–730 дней • 1,5% — при подаче заявки УК, срок владения 731–1095 дней • 2% — при подаче заявки агенту, срок владения до 180 дней • 1% — при подаче заявки агенту, срок владения 181–365 дней • 1% — при подаче заявки УК номинальным держателем КИТ Финанс (АО) или ООО «АЛОР +» • не взимается — при подаче заявки УК, срок владения более 1095 дней (кроме КИТ Финанс и АЛОР+) • не взимается — при подаче заявки номинальным держателем (кроме КИТ Финанс и АЛОР+) • не взимается — при подаче заявки доверительным управляющим • не взимается — при подаче заявки агенту, срок владения более 365 дней • не взимается — при подаче заявки агенту по п.65.4 (страховая организация)",-0.0010562967465378,-0.0448071956211545,-0.0553763423499642,-0.0240036388021757,81773.432317,1767.0,1762.0,8776.13,717654379.1,643-RUB
5420,ЗПИФ недвижимости «ЮМ»,RU000A106CX9,Закрытый,Недвижимости,Сформирован,"ООО УК ""Альфа-Капитал""",7728142469,https://www.alfacapital.ru,активная,не предусмотрено,не предусмотрено,2% от среднегодовой СЧА,2.0,True,nav,5% от Общего дохода от ДУ за отчетный год,True,"не более 0,5% от среднегодовой СЧА",0.5,15% от среднегодовой СЧА,15.0,не предусмотрено,не предусмотрено,не предусмотрено,не предусмотрено,0.0053561120620127,0.0155875638118927,0.0838995507472207,0.0944066559626332,5296.66877,416.0,416.0,134960.04,714838648.46,643-RUB
4330,БПИФ рыночных финансовых инструментов «АТОН – Российские акции +»,RU000A102XX4,Биржевой,Фонд рыночных финансовых инструментов,Сформирован,"ООО ""УК ""Атон-менеджмент""",7701253764,https://www.am-aton.ru,активная,расчетная стоимость инвестиционного пая ОПИФ рыночных финансовых инструментов «Атон-Петр Столыпин»,не предусмотрено,"0,8% от среднегодовой СЧА",0.8,True,nav,не предусмотрено,False,"не более 0,1% от среднегодовой СЧА",0.1,"0,05% от среднегодовой СЧА",0.05,не предусмотрено,не предусмотрено,не предусмотрено,не предусмотрено,-0.0309439874657267,-0.1300219780219781,-0.1684732375430637,-0.1081470800288392,7214034.52913,8809.0,8793.0,98.96,713921442.38,643-RUB
1698,"ЗПИФ недвижимости ""Эверест Центр""",RU000A0JSWG8,Закрытый,Недвижимости,В стадии прекращения,"ООО ""УК ПРОМСВЯЗЬ""",7718218817,https://www.upravlyaem.ru,активная,не предусмотрено,не предусмотрено,"0,6% от среднегодовой СЧА, но не более 3 млн руб. в год",0.6,False,mixed,не предусмотрено,False,"не более 0,5% от среднегодовой СЧА",0.5,7% от среднегодовой СЧА,7.0,предусмотрено,квартал,не предусмотрено,не предусмотрено,,,,,630.0,1.0,,1132998.17,713788849.07,643-RUB
2974,ЗПИФ рыночных финансовых инструментов «Первая – Биотехнологии»,RU000A0JVLK7,Закрытый,Фонд рыночных финансовых инструментов,Сформирован,АО УК «Первая»,7710183778,https://www.first-am.ru,активная,не предусмотрено,не предусмотрено,не более 1% от среднегодовой СЧА,1.0,False,nav,не предусмотрено,False,"не более 0,15% от среднегодовой СЧА",0.15,"0,5% от среднегодовой СЧА",0.5,не предусмотрено,не предусмотрено,не предусмотрено,не предусмотрено,,,,,1436400.68291,21651.0,21650.0,496.02,712488323.21,643-RUB
4243,ОПИФ рыночных финансовых инструментов «ВИМ - Сбалансированный. Российские эмитенты»,RU000A104PC0,Открытый,Фонд рыночных финансовых инструментов,Сформирован,АО ВИМ Инвестиции,7701140866,https://www.wealthim.ru,активная,не предусмотрено,не предусмотрено,"не более 2,9% от среднегодовой СЧА",2.9,False,nav,не предусмотрено,False,"не более 0,2% от среднегодовой СЧА",0.2,"0,1% от среднегодовой СЧА",0.1,не предусмотрено,не предусмотрено,не предусмотрено,"• 2% — при сроке владения менее 365 дней • 1% — при сроке владения 365–730 дней • не взимается — при сроке владения 730 дней и более • 2,5% — для паев, приобретенных после вступления в силу изменений №12, при сроке владения менее 730 дней • 2% — для паев, приобретенных после вступления в силу изменений №12, при сроке владения 730–1095 дней • 1,5% — для паев, приобретенных после вступления в силу изменений №12, при сроке владения 1095–1460 дней • 0,5% — для паев, приобретенных после вступления в силу изменений №12, при сроке владения 1460–1825 дней • не взимается — для паев, приобретенных после вступления в силу изменений №12, при сроке владения 1825 дней и более • не устанавливается — при подаче заявки доверительным управляющим • не устанавливается — при подаче заявки номинальным держателем",0.0008121864058045,-0.0634068068575288,-0.0842794507427193,-0.0318886124568984,639309.055127,3201.0,3201.0,1109.02,709006223.45,643-RUB
4506,БПИФ рыночных финансовых инструментов «АТОН – Рублевые облигации»,RU000A103FW1,Биржевой,Фонд рыночных финансовых инструментов,Сформирован,"ООО ""УК ""Атон-менеджмент""",7701253764,https://www.am-aton.ru,пассивная,Индекс «АТОН – Рублевые облигации» (AAMRH),не более 5% по модулю — за 250 рабочих дней,"0,6% от среднегодовой СЧА",0.6,True,nav,не предусмотрено,False,"не более 0,05% от среднегодовой СЧА",0.05,"0,1% от среднегодовой СЧА",0.1,не предусмотрено,не предусмотрено,не предусмотрено,не предусмотрено,0.0106495609391543,0.0248184401641932,0.0662987055654116,0.1440253789213959,4364116.48117,2387.0,2379.0,162.28,708203204.95,643-RUB
0296,"ОПИФ рыночных финансовых инструментов ""Лидер - облигации""",-,Открытый,Фонд рыночных финансовых инструментов,Сформирован,"ЗАО ""Лидер""",5018026672,https://www.leader-invest.ru,активная,не предусмотрено,не предусмотрено,"0,25% от среднегодовой СЧА",0.25,True,nav,не предусмотрено,False,"не более 0,75% от среднегодовой СЧА",0.75,"0,75% от среднегодовой СЧА",0.75,не предусмотрено,не предусмотрено,не предусмотрено,не предусмотрено,0.0124816528540999,0.0154656256264641,0.0641207234691653,0.1438847102272656,25818.01266,3.0,1.0,27150.87,700981457.01,643-RUB
1638,ОПИФ рыночных финансовых инструментов «ВербаКапитал»,-,Открытый,Фонд рыночных финансовых инструментов,Сформирован,"ООО ""Инвестиционное партнерство ""ВербаКапитал""",5404265403,https://www.verbacapital.ru,активная,Индекс МосБиржи (IMOEX),не предусмотрено,"1,2% от среднегодовой СЧА",1.2,True,nav,не предусмотрено,False,не более 1% от среднегодовой СЧА,1.0,1% от среднегодовой СЧА,1.0,не предусмотрено,не предусмотрено,не предусмотрено,не предусмотрено,0.0284941256764003,-0.0209522483641933,-0.0459232125898792,-0.0214063732084048,1627370.41157,4.0,3.0,421.95,686668386.81,643-RUB
5555,ОПИФ рыночных финансовых инструментов «Рантье».,-,Открытый,Фонд рыночных финансовых инструментов,Сформирован,АО «ААА Управление Капиталом»,7722515837,https://aaacapital.ru,активная,не предусмотрено,не предусмотрено,"2,75% от среднегодовой СЧА",2.75,True,nav,не предусмотрено,False,"не более 0,15% от среднегодовой СЧА",0.15,"0,2% от среднегодовой СЧА",0.2,предусмотрено,квартал,"• 1,5% — при подаче заявки агентам, через Цифровые каналы или в бумажной форме при сумме менее 5 млн руб. • не взимается — при подаче заявки в бумажной форме при сумме от 5 млн руб., от доверительного управляющего или номинального держателя",• 2% — при сроке владения до 182 дней • 1% — при сроке владения 183–1096 дней • не взимается — при сроке владения более 1096 дней • не взимается — при подаче заявки номинальным держателем или доверительным управляющим,0.0047772330721021,-0.0542369704858659,-0.0558902403535411,-0.000128335564833,775664.99567,1961.0,1961.0,883.37,685198949.63,643-RUB
5780,ЗПИФ рыночных финансовых инструментов «Заблокированные активы паевого инвестиционного фонда «Первая – Долларовые облигации»»,RU000A107AC5,Закрытый,Фонд рыночных финансовых инструментов,Сформирован,АО УК «Первая»,7710183778,https://www.first-am.ru,активная,не предусмотрено,не предусмотрено,"не более 0,5% от среднегодовой СЧА",0.5,False,nav,не предусмотрено,False,"не более 0,11% от среднегодовой СЧА",0.11,"0,5% от среднегодовой СЧА",0.5,не предусмотрено,не предусмотрено,не предусмотрено,не предусмотрено,,,,,11717792.21157,4.0,2.0,58.25,682584288.05,643-RUB
4557,ЗПИФ недвижимости «АКТИВО СЕМНАДЦАТЬ»,-,Закрытый,Недвижимости,Сформирован,"ООО УК ""Альфа-Капитал""",7728142469,https://www.alfacapital.ru,активная,не предусмотрено,не предусмотрено,"0,5% от среднегодовой СЧА, но не менее 1,5 млн руб. в год",0.5,True,mixed,не предусмотрено,False,"не более 0,41% от среднегодовой СЧА",0.41,50% от среднегодовой СЧА,50.0,предусмотрено,месяц,не предусмотрено,не предусмотрено,0.0054092404532611,0.0128284217277752,0.0202038152625683,0.0585007370341426,2786.99667,422.0,419.0,238523.42,664763990.47,643-RUB
0997,ОПИФ рыночных финансовых инструментов «ВИМ - Облигации. Ответственные инвестиции»,RU000A0JU8M2,Открытый,Фонд рыночных финансовых инструментов,Сформирован,АО ВИМ Инвестиции,7701140866,https://www.wealthim.ru,активная,Индекс МосБиржи Корпоративных Облигаций (RUCBTRNS),не предусмотрено,"не более 1,5% от среднегодовой СЧА",1.5,False,nav,не предусмотрено,False,"не более 0,16% от среднегодовой СЧА",0.16,"0,09% от среднегодовой СЧА",0.09,не предусмотрено,не предусмотрено,не предусмотрено,"• 2% — паи приобретены до 08.11.2024, срок владения до 180 дней • 1,5% — паи приобретены до 08.11.2024, срок владения 180–364 дня • 1% — паи приобретены до 08.11.2024, срок владения 365–729 дней • 0,5% — паи приобретены до 08.11.2024, срок владения 730–1094 дня • не взимается — паи приобретены до 08.11.2024, срок владения 1095 дней и более • 2,5% — паи приобретены после 08.11.2024, срок владения до 730 дней • 2% — паи приобретены после 08.11.2024, срок владения 730–1094 дня • 1,5% — паи приобретены после 08.11.2024, срок владения 1095–1459 дней • 0,5% — паи приобретены после 08.11.2024, срок владения 1460–1824 дня • не взимается — паи приобретены после 08.11.2024, срок владения 1825 дней и более • не устанавливается — при подаче заявки номинальным держателем • не устанавливается — при подаче заявки доверительным управляющим",0.0157274279733377,0.0295258993729654,0.0825607815738331,0.1502854112729654,177210.14072,1968.0,1968.0,3687.7,653498468.69,643-RUB
0961,ОПИФ рыночных финансовых инструментов «ВИМ - Металлургия»,RU000A0JS9R3,Открытый,Фонд рыночных финансовых инструментов,Сформирован,АО ВИМ Инвестиции,7701140866,https://www.wealthim.ru,активная,Индекс МосБиржи металлов и добычи (MOEXMM),не предусмотрено,не более 3% от среднегодовой СЧА,3.0,False,nav,не предусмотрено,False,"не более 0,12% от среднегодовой СЧА",0.12,"0,05% от среднегодовой СЧА",0.05,не предусмотрено,не предусмотрено,не предусмотрено,"• 2% — паи приобретены до 08.11.2024, срок владения до 180 дней • 1,5% — паи приобретены до 08.11.2024, срок владения 180–364 дня • 1% — паи приобретены до 08.11.2024, срок владения 365–729 дней • 0,5% — паи приобретены до 08.11.2024, срок владения 730–1094 дня • не взимается — паи приобретены до 08.11.2024, срок владения 1095 дней и более • 2,5% — паи приобретены после 08.11.2024, срок владения до 729 дней • 2% — паи приобретены после 08.11.2024, срок владения 730–1094 дня • 1,5% — паи приобретены после 08.11.2024, срок владения 1095–1459 дней • 0,5% — паи приобретены после 08.11.2024, срок владения 1460–1824 дня • не взимается — паи приобретены после 08.11.2024, срок владения 1825 дней и более • не устанавливается — при подаче заявки номинальным держателем • не устанавливается — при подаче заявки доверительным управляющим",-0.024892703862661,-0.0875502008032128,-0.2421614409606405,-0.1683748169838946,57458567.12113,5383.0,5383.0,11.36,652789992.76,643-RUB
5060,ЗПИФ недвижимости «АКТИВО ВОСЕМНАДЦАТЬ»,-,Закрытый,Недвижимости,Сформирован,"ООО УК ""Альфа-Капитал""",7728142469,https://www.alfacapital.ru,активная,не предусмотрено,не предусмотрено,"0,5% от среднегодовой СЧА, но не менее 1 500 000 руб. в год",0.5,True,mixed,не предусмотрено,False,"не более 0,41% от среднегодовой СЧА",0.41,50% от среднегодовой СЧА,50.0,предусмотрено,месяц,не предусмотрено,не предусмотрено,0.009061942037679,0.0233912357015725,0.0699341964912825,0.1443951717226796,2377.0,434.0,433.0,274218.65,651817731.85,643-RUB
2097,ЗПИФ рентный «Четвертый Земельный»,RU000A0JRXV7,Закрытый,Рентный,Сформирован,"АО УК ""Виктори Эссет Менеджмент""",7702602471,https://www.victory-am.ru,активная,не предусмотрено,не предусмотрено,"20 000 руб. в месяц, но не более 9% от среднегодовой СЧА",9.0,False,mixed,не предусмотрено,False,не более 1% от среднегодовой СЧА,1.0,50% от среднегодовой СЧА,50.0,не предусмотрено,не предусмотрено,не предусмотрено,не предусмотрено,-0.0008012623719822,-0.0087694854189603,-0.0151625182307269,0.0044098677348277,100000.00001,4.0,2.0,6509.5,650949600.86,643-RUB
0822,ЗПИФ недвижимости «АНТЕЙ ЮГ»,RU000A0JWXC7,Закрытый,Недвижимости,Сформирован,"ООО ""УК ""Мегаполис-Инвест""",3445109706,https://www.megainv.ru,активная,не предусмотрено,не предусмотрено,400 тыс. руб. в месяц; индексируется по ИПЦ с 2027 г.,400.0,True,fixed,не предусмотрено,False,"не более 0,9% от среднегодовой СЧА",0.9,15% от среднегодовой СЧА,15.0,предусмотрено,месяц,не предусмотрено,не предусмотрено,0.0080249570573342,0.0236020508217879,0.0553002917101073,0.0787912459965984,51.0,1.0,1.0,12706132.21,648012742.7,643-RUB
4301,БПИФ рыночных финансовых инструментов «БКС Облигации повышенной доходности»,RU000A102ST2,Биржевой,Фонд рыночных финансовых инструментов,Сформирован,"АО УК ""БКС""",5407191291,https://bcs.ru/am,пассивная,Индекс МосБиржи Облигаций повышенной доходности (RUEYBCSTR),не более 5% по модулю — за 250 рабочих дней,"0,99% от среднегодовой СЧА",0.99,True,nav,не предусмотрено,False,"не более 0,16% от среднегодовой СЧА",0.16,"0,2% от среднегодовой СЧА",0.2,не предусмотрено,не предусмотрено,не предусмотрено,не предусмотрено,0.0188368272755953,0.0368474822506807,0.1011291220204268,0.1633850931677019,38084050.39267,19893.0,19884.0,16.85745,641999883.36,643-RUB
3606,ОПИФ рыночных финансовых инструментов «Харизматичные идеи»,RU000A1000W4,Открытый,Фонд рыночных финансовых инструментов,Сформирован,"ООО УК ""Арикапитал""",7705525627,https://www.aricapital.ru,активная,Индекс акций Московской биржи (IMOEX),не предусмотрено,3% от среднегодовой СЧА,3.0,True,nav,не предусмотрено,False,"не более 0,25% от среднегодовой СЧА",0.25,"0,7% от среднегодовой СЧА",0.7,не предусмотрено,не предусмотрено,"• не взимается — для владельцев паев • не взимается — при подаче заявки через сервис «Личный кабинет» (кроме заявок от номинальных держателей и доверительных управляющих) • не взимается — при подаче заявки через финансовую платформу • 1% — для лиц, не являющихся владельцами паев, при сумме менее 500 тыс. руб. • не взимается — для лиц, не являющихся владельцами паев, при сумме 500 тыс. руб. и более",• 1% — при сроке владения менее 365 дней • не взимается — при сроке владения 365 дней и более • не взимается — при подаче заявки номинальным держателем или доверительным управляющим,-0.0272465945286557,-0.1439615327270016,-0.1878543693669268,-0.1539147349651483,184386.24406,331.0,328.0,3444.87,635187357.2,643-RUB
0619,ОПИФ рыночных финансовых инструментов «Газпромбанк – Акции»,-,Открытый,Фонд рыночных финансовых инструментов,Сформирован,АО «ААА Управление Капиталом»,7722515837,https://aaacapital.ru,активная,не предусмотрено,не предусмотрено,3% от среднегодовой СЧА,3.0,True,nav,не предусмотрено,False,"не более 0,2% от среднегодовой СЧА",0.2,"0,5% от среднегодовой СЧА",0.5,не предусмотрено,не предусмотрено,"• 1,5% — при подаче заявки агентам; при подаче заявки через Цифровые каналы с оплатой банковской картой, эмитентом которой является кредитная организация, отличная от Банка ГПБ (АО); при подаче заявки в бумажной форме на сумму менее 5 млн руб. • не взимается — при подаче заявки в бумажной форме на сумму не менее 5 млн руб.; при подаче заявки через Цифровые каналы с оплатой любым способом, кроме карты, эмитентом которой является кредитная организация, отличная от Банка ГПБ (АО); при подаче заявки доверительным управляющим; при подаче заявки номинальным держателем",• 2% — при сроке владения до 182 дней • 1% — при сроке владения 183–1096 дней • не взимается — при сроке владения более 1096 дней • не взимается — при подаче заявки номинальным держателем или доверительным управляющим,0.0004839424182975,-0.108455437202066,-0.1602157291012433,-0.1095572254028837,233735.1183,1197.0,1196.0,2687.57,628178493.07,643-RUB
7160,ОПИФ рыночных финансовых инструментов «Первая - Фонд валютных облигаций с выплатой дохода»,RU000A10C2B5,Открытый,Фонд рыночных финансовых инструментов,Сформирован,АО УК «Первая»,7710183778,https://www.first-am.ru,активная,"• 95% Индекс МосБиржи российских облигаций, номинированных в иностранной валюте (RUEU10) • 5% Индекс государственных облигаций (≤ 1 года) - совокупный доход (RUGBITR1Y)",не предусмотрено,"1,5% от среднегодовой СЧА",1.5,True,nav,не предусмотрено,False,"не более 0,08% от среднегодовой СЧА",0.08,"0,5% от среднегодовой СЧА",0.5,предусмотрено,квартал,не предусмотрено,"• 3% — при сроке владения до 729 дней • 2,5% — при сроке владения 730–1094 дней • 1,5% — при сроке владения 1095–1459 дней • 0,5% — при сроке владения 1460–1825 дней • не взимается — при сроке владения 1826 дней и более • не взимается — при подаче заявки номинальным держателем",0.0052419916744476,0.0515115197496663,0.0456528293014067,0.0388102304979932,12577.5549279,748.0,748.0,49125.0,617872367.71,643-RUB
7410,ОПИФ рыночных финансовых инструментов «ОФЗ - Резервный капитал»,RU000A10DDJ7,Открытый,Фонд рыночных финансовых инструментов,Сформирован,"ООО ""УК ""Атон-менеджмент""",7701253764,https://www.am-aton.ru,активная,RUONIA Индекс,не предусмотрено,"0,3% от среднегодовой СЧА",0.3,True,nav,не предусмотрено,False,"не более 0,5% от среднегодовой СЧА",0.5,1% от среднегодовой СЧА,1.0,не предусмотрено,не предусмотрено,не предусмотрено,не предусмотрено,0.0104846885189008,0.0303687837586143,0.0769552732759042,,553046.11582,1.0,,1106.41,611898102.88,643-RUB
5779,ЗПИФ рыночных финансовых инструментов «Заблокированные активы паевого инвестиционного фонда «Первая – Потребительский сектор»»,RU000A107AA9,Закрытый,Фонд рыночных финансовых инструментов,Сформирован,АО УК «Первая»,7710183778,https://www.first-am.ru,активная,не предусмотрено,не предусмотрено,не более 1% от среднегодовой СЧА,1.0,False,nav,не предусмотрено,False,"не более 0,15% от среднегодовой СЧА",0.15,"0,5% от среднегодовой СЧА",0.5,не предусмотрено,не предусмотрено,не предусмотрено,не предусмотрено,,,,,1184078.6902305,26762.0,26760.0,515.22,610170169.32,643-RUB
5996,ОПИФ рыночных финансовых инструментов «А-Капитал Акции»,-,Открытый,Фонд рыночных финансовых инструментов,Сформирован,ООО «УК «А-Капитал»,7707583543,https://www.acapital-am.ru,активная,не предусмотрено,не предусмотрено,"3,5% от среднегодовой СЧА",3.5,True,nav,не предусмотрено,False,не более 1% от среднегодовой СЧА,1.0,"1,5% от среднегодовой СЧА",1.5,не предусмотрено,не предусмотрено,"• 1,25% — при сумме менее 1 млн руб. • 1% — при сумме от 1 млн руб. до 5 млн руб. • 0,75% — при сумме от 5 млн руб. • не взимается — при подаче заявки агенту, являющемуся страховой организацией, в соответствии с п. 49.3 ПДУ","• 1,5% — при сроке владения до 365 дней • 0,75% — при сроке владения 366–730 дней • не взимается — при сроке владения более 730 дней • не взимается — при подаче заявки агенту, являющемуся страховой организацией (п. 72.4)",-0.0513804813228997,-0.1819076281977081,-0.2405110900962861,-0.192636340789143,836633.147105,273.0,273.0,706.75,591294094.08,643-RUB
3906,БПИФ рыночных финансовых инструментов «РСХБ – Корпоративные облигации смарт бета»,RU000A101368,Биржевой,Фонд рыночных финансовых инструментов,Сформирован,"ООО ""РСХБ Управление Активами""",7704814182,https://www.rshb-am.ru/,пассивная,Индекс МосБиржи Корпоративных Российских Еврооблигаций (RUCEU),не более 15% по модулю — за 250 рабочих дней,"не более 0,42% от среднегодовой СЧА",0.42,False,nav,не предусмотрено,False,"не более 0,09% от среднегодовой СЧА",0.09,"0,3% от среднегодовой СЧА",0.3,не предусмотрено,не предусмотрено,не предусмотрено,не предусмотрено,0.0060682480888958,0.0567006042546146,0.0548669641381589,0.0240654580458848,4532611.98627,14894.0,14887.0,127.66,578627739.38,643-RUB
3773,ЗПИФ недвижимости «Активо одиннадцать»,-,Закрытый,Недвижимости,Сформирован,"ООО УК ""Альфа-Капитал""",7728142469,https://www.alfacapital.ru,активная,не предусмотрено,не предусмотрено,"0,5% от среднегодовой СЧА с 01.04.2021 года",0.5,True,nav,не предусмотрено,False,"2,5% от среднегодовой СЧА",2.5,50% от среднегодовой СЧА,50.0,предусмотрено,месяц,не предусмотрено,не предусмотрено,0.0068462066013958,0.0219734551508157,0.0462333519274872,0.1221270810347964,1900.0,203.0,200.0,303844.56,577304656.06,643-RUB
3983,ОПИФ рыночных финансовых инструментов «Сканер»,-,Открытый,Фонд рыночных финансовых инструментов,Сформирован,"АО ""УК МКБ Инвестиции""",7710186602,https://mkb-am.ru,активная,не предусмотрено,не предусмотрено,"не более 0,75% от среднегодовой СЧА",0.75,False,nav,не предусмотрено,False,"не более 0,5% от среднегодовой СЧА",0.5,"0,6% от среднегодовой СЧА",0.6,не предусмотрено,не предусмотрено,"• не взимается — при подаче заявки управляющей компании • 1,5% — при подаче заявки агенту • не взимается — при подаче заявки номинальным держателем или доверительным управляющим","• не взимается — при сроке владения до 30 дней • 2% — при сроке владения более 30 дней, но менее 180 дней • 1% — при сроке владения 180–359 дней • 0,5% — при сроке владения 360–719 дней • не взимается — при сроке владения 720 дней и более • не взимается — при стоимости погашения 6 млн руб. и более по одной заявке • не взимается — при подаче заявки номинальным держателем или доверительным управляющим",0.0186985143023404,0.0163973836760984,0.0769308405824963,0.1876033495866017,251977.76973,285.0,285.0,2240.77,564625393.0,643-RUB
5712,ОПИФ рыночных финансовых инструментов «Сила Дохода»,RU000A1071Y1,Открытый,Фонд рыночных финансовых инструментов,Сформирован,АО «Контрада Капитал»,9703206844,https://www.contrada-capital.ru,активная,Индекс МосБиржи Корпоративных Облигаций (RUCBCP3YNS),не предусмотрено,"1,5% от среднегодовой СЧА в год",1.5,True,nav,не предусмотрено,False,не более 1% от среднегодовой СЧА в год,1.0,1% от среднегодовой СЧА (без учета налогов и обязательных платежей),1.0,предусмотрено,квартал,не предусмотрено,не предусмотрено,0.0167004048582996,0.0283004135222534,0.0684310587311139,0.1617182096531583,5587369.0357151,3060.0,3059.0,100.45,561224687.42,643-RUB
2824,"ЗПИФ недвижимости ""Панорама""",-,Закрытый,Недвижимости,Сформирован,"ООО ""Цитадель Э.М.""",7708554841,https://www.citadel-am.ru,активная,не предусмотрено,не предусмотрено,"0,75% от среднегодовой СЧА",0.75,True,nav,не предусмотрено,False,"не более 0,25% от среднегодовой СЧА",0.25,90% от среднегодовой СЧА,90.0,предусмотрено,год,не предусмотрено,не предусмотрено,1.11635971138528,0.0140620486034986,-0.0107783809877481,-0.047319451300367,464.25125,1.0,1.0,1185344.44,550297636.91,643-RUB
0991,ОПИФ рыночных финансовых инструментов «ТКБ Инвестмент Партнерс – Фонд валютных облигаций»,RU000A0JR7K3,Открытый,Фонд рыночных финансовых инструментов,Сформирован,ТКБ Инвестмент Партнерс (АО),7825489723,https://www.tkbip.ru,активная,не предусмотрено,не предусмотрено,"1,3% от среднегодовой СЧА",1.3,True,nav,не предусмотрено,False,"не более 0,55% от среднегодовой СЧА",0.55,"1,0% от среднегодовой СЧА",1.0,не предусмотрено,не предусмотрено,"• 1,5% — при подаче заявки УК, сумма менее 100 тыс. руб. • 1,0% — при подаче заявки УК, сумма от 100 тыс. руб. до 300 тыс. руб. • 0,5% — при подаче заявки УК, сумма от 300 тыс. руб. до 1 млн руб. • не взимается — при подаче заявки УК, сумма 1 млн руб. и более • 1,5% — при подаче заявки агенту (кроме АО «БАНК СГБ», «Азиатско-Тихоокеанский Банк» (АО) и агентов по п.46.7), сумма менее 50 тыс. руб. • 1,0% — при подаче заявки агенту (кроме АО «БАНК СГБ», «Азиатско-Тихоокеанский Банк» (АО) и агентов по п.46.7), сумма от 50 тыс. руб. до 300 тыс. руб. • 0,5% — при подаче заявки агенту (кроме АО «БАНК СГБ», «Азиатско-Тихоокеанский Банк» (АО) и агентов по п.46.7), сумма 300 тыс. руб. и более • 1,5% — при подаче заявки агенту АО «БАНК СГБ», сумма менее 50 тыс. руб. • 1,25% — при подаче заявки агенту АО «БАНК СГБ», сумма от 50 тыс. руб. до 1 млн руб. • 0,75% — при подаче заявки агенту АО «БАНК СГБ», сумма 1 млн руб. и более • 1,5% — при подаче заявки агенту «Азиатско-Тихоокеанский Банк» (АО), сумма менее 500 тыс. руб. • 1,0% — при подаче заявки агенту «Азиатско-Тихоокеанский Банк» (АО), сумма от 500 тыс. руб. до 1,5 млн руб. • 0,5% — при подаче заявки агенту «Азиатско-Тихоокеанский Банк» (АО), сумма 1,5 млн руб. и более • 1,0% — при подаче заявки УК номинальным держателем КИТ Финанс (АО), сумма менее 300 тыс. руб. • 0,5% — при подаче заявки УК номинальным держателем КИТ Финанс (АО), сумма 300 тыс. руб. и более • 1,0% — при подаче заявки УК номинальным держателем ООО «АЛОР +» • не взимается — при подаче заявки УК лицом, действующим в качестве доверительного управляющего • не взимается — при подаче заявки УК номинальным держателем (кроме КИТ Финанс (АО) и ООО «АЛОР +») • не взимается — при подаче заявки УК через личный кабинет • не взимается — при подаче заявки агенту по п.46.7","• 3% — при подаче заявки УК, срок владения до 365 дней • 2,5% — при подаче заявки УК, срок владения 366–730 дней • 1,5% — при подаче заявки УК, срок владения 731–1095 дней • 2% — при подаче заявки агенту, срок владения до 180 дней • 1% — при подаче заявки агенту, срок владения 181–365 дней • 1% — при подаче заявки УК номинальным держателем КИТ Финанс (АО) или ООО «АЛОР +» • не взимается — при подаче заявки УК, срок владения более 1095 дней (кроме КИТ Финанс и АЛОР+) • не взимается — при подаче заявки номинальным держателем (кроме КИТ Финанс и АЛОР+) • не взимается — при подаче заявки доверительным управляющим • не взимается — при подаче заявки агенту, срок владения более 365 дней • не взимается — при подаче заявки агенту по п.65.4 (страховая организация)",-0.0291973985526051,0.0167083927249204,0.0108105381466343,0.0243035255494833,16974.557521,393.0,393.0,32061.95,544237383.18,643-RUB
4614,ОПИФ рыночных финансовых инструментов «Окно возможностей»,RU000A104G25,Открытый,Фонд рыночных финансовых инструментов,Сформирован,"ООО ""УК ПРОМСВЯЗЬ""",7718218817,https://www.upravlyaem.ru,активная,Индекс акций широкого рынка ПАО Московская Биржа (MOEXBMI),не предусмотрено,"3,75% от среднегодовой СЧА",3.75,True,nav,не предусмотрено,False,"0,29% от среднегодовой СЧА",0.29,1% от среднегодовой СЧА,1.0,не предусмотрено,не предусмотрено,"• 1,5% — при подаче заявки УК или агенту • 0,5% — при подаче заявки УК на сумму 10 млн руб. и выше • не взимается — при подаче заявки УК профессиональным участником рынка ценных бумаг","• 2% — при сроке владения до 180 дней • 1,5% — при сроке владения 181–365 дней • 1% — при сроке владения более 365 дней • не взимается — при сроке владения до 30 дней • не взимается — при подаче заявки юридическим лицом, являющимся профессиональным участником рынка ценных бумаг",-0.0047942754919498,-0.0865474607162207,-0.132647333956969,-0.0860522424839822,486841.34688,14276.0,14276.0,1112.64,541677454.52,643-RUB
0364,ОПИФ рыночных финансовых инструментов «Арсагера – СИ»,RU000A0HGNH4,Открытый,Фонд рыночных финансовых инструментов,Сформирован,"ПАО ""УК ""Арсагера""",7840303927,https://www.arsagera.ru,активная,• 50% Индекс МосБиржи полной доходности «брутто» (MCFTR) • 50% Композитный индекс облигаций Московской Биржи (RUABITR),не предусмотрено,"не более 1,1% от среднегодовой СЧА",1.1,False,nav,не предусмотрено,False,"не более 0,01% от среднегодовой СЧА",0.01,"не более 0,01% от среднегодовой СЧА",0.01,не предусмотрено,не предусмотрено,не предусмотрено,не предусмотрено,0.0080468680122835,-0.0805226096762379,-0.0905245999239657,-0.0460521737167707,53039.6927012,1486.0,1483.0,10143.27,537996149.75,643-RUB
7610,БПИФ рыночных финансовых инструментов «Первая – Фонд Портфель Лежебоки»,RU000A10ECQ2,Биржевой,Фонд рыночных финансовых инструментов,Сформирован,АО УК «Первая»,7710183778,https://www.first-am.ru,активная,"• 33,4% Индекс МосБиржи полной доходности «брутто» (MCFTR) • 33,3% Индекс МосБиржи корпоративных облигаций (RUCBTR3YNS) • 33,3% GLDRUB_TOM",не предусмотрено,"0,3% от среднегодовой СЧА",0.3,True,nav,не предусмотрено,False,"• не более 0,09% от среднегодовой СЧА — при СЧА менее 500 млн руб. • не более 0,04% от среднегодовой СЧА — при СЧА 500 млн руб. и более",0.04,"• 0,4% от среднегодовой СЧА — при СЧА менее 500 млн руб. • 0,34% от среднегодовой СЧА — при СЧА 500 млн руб. и более",0.34,не предусмотрено,не предусмотрено,"1,5% — при выдаче инвестиционных паев после завершения формирования фонда, но не более 1,5% от расчетной стоимости пая",не предусмотрено,0.004769647696477,-0.0543670104775604,,,57973047.0,18701.0,18697.0,9.269,537349604.72,643-RUB
0959,ОПИФ рыночных финансовых инструментов «РСХБ – Фонд Компаний малой и средней капитализации»,RU000A0JR2B3,Открытый,Фонд рыночных финансовых инструментов,Сформирован,"ООО ""РСХБ Управление Активами""",7704814182,https://www.rshb-am.ru/,активная,Индекс МосБиржи средней и малой капитализации (MCXSM),не предусмотрено,"не более 3,5% от среднегодовой СЧА",3.5,False,nav,не предусмотрено,False,"не более 0,65% от среднегодовой СЧА",0.65,"0,7% от среднегодовой СЧА",0.7,не предусмотрено,не предусмотрено,"• 1,5% — при подаче заявки УК, агенту, через Личный кабинет или Услуги дистанционного банковского обслуживания при сумме от 1 тыс. руб. до 10 млн руб. • 1% — при подаче заявки УК, агенту, через Личный кабинет или Услуги дистанционного банковского обслуживания при сумме от 10 млн руб. до 20 млн руб. • 0,5% — при подаче заявки УК, агенту, через Личный кабинет или Услуги дистанционного банковского обслуживания при сумме от 20 млн руб. • не взимается — при подаче заявки номинальным держателем или доверительным управляющим","• 2% — при сроке владения до 365 дней • 1,5% — при сроке владения 366–730 дней • 1% — при сроке владения 731–1095 дней • не взимается — при сроке владения 1096 дней и более • не взимается — при подаче заявки номинальным держателем или доверительным управляющим",0.0137557315548146,-0.0846819721490403,-0.1710974778459441,-0.1739130434782609,21836796.97878,2678.0,2678.0,24.32,531151051.85,643-RUB
3417,ЗПИФ рыночных финансовых инструментов «Доверительная – фонд Высокие технологии».,RU000A0ZYJE4,Закрытый,Фонд рыночных финансовых инструментов,Сформирован,АО УК «Доверительная»,9725182361,https://entrustment.ru/,активная,не предусмотрено,не предусмотрено,"2,25% от среднегодовой СЧА",2.25,True,nav,не предусмотрено,False,"не более 0,2% от среднегодовой СЧА",0.2,"0,36% от среднегодовой СЧА",0.36,не предусмотрено,не предусмотрено,не предусмотрено,не предусмотрено,,,,,6753761.98128,3144.0,3142.0,78.62,530962173.75,643-RUB
1702,"ЗПИФ рентный ""Экорент""",RU000A0JRE38,Закрытый,Рентный,Сформирован,"ООО ""УК ""МЕТРОПОЛЬ""",7706285907,https://www.am-metropol.ru,активная,не предусмотрено,не предусмотрено,"400 тыс. руб. в месяц, но не более 3% от среднегодовой СЧА",3.0,False,mixed,не предусмотрено,False,не более 3% от среднегодовой СЧА,3.0,25% от среднегодовой СЧА,25.0,предусмотрено,квартал,не предусмотрено,не предусмотрено,-0.0033011603404851,0.2957540581027432,0.288262845008327,0.3294960267282712,73500.0,2.0,1.0,7170.69,527045789.39,643-RUB
4692,ОПИФ рыночных финансовых инструментов «Доверительная - фонд Неоновый»,RU000A106F24,Открытый,Фонд рыночных финансовых инструментов,Сформирован,АО УК «Доверительная»,9725182361,https://entrustment.ru/,активная,не предусмотрено,не предусмотрено,"1,5% от среднегодовой СЧА",1.5,True,nav,не предусмотрено,False,"не более 0,2% от среднегодовой СЧА",0.2,"0,45% от среднегодовой СЧА",0.45,не предусмотрено,не предусмотрено,1% — при подаче заявки агентам после завершения формирования фонда,не предусмотрено,0.0031048186785891,0.0371083718541345,0.059695617948045,0.06164563617245,6518493.8282,146.0,145.0,80.77,526530594.05,643-RUB
3542,ОПИФ рыночных финансовых инструментов «Арикапитал – Мультистратегия»,RU000A0ZZRP0,Открытый,Фонд рыночных финансовых инструментов,Сформирован,"ООО УК ""Арикапитал""",7705525627,https://www.aricapital.ru,активная,не предусмотрено,не предусмотрено,"2,5% от среднегодовой СЧА",2.5,True,nav,не предусмотрено,False,"не более 0,34% от среднегодовой СЧА",0.34,"0,7% от среднегодовой СЧА",0.7,не предусмотрено,не предусмотрено,не предусмотрено,• 1% — при сроке владения менее 365 дней • не взимается — при сроке владения 365 дней и более • не взимается — при подаче заявки номинальным держателем или доверительным управляющим,0.009974988530243,-0.0038827015428631,0.0103263725932888,0.0551518337559526,191063.12972,187.0,187.0,2729.72,521549286.23,643-RUB
0012,ЗПИФ рыночных финансовых инструментов «РСХБ – Фонд Акций развивающихся стран»,RU000A0JR4X3,Закрытый,Фонд рыночных финансовых инструментов,Сформирован,"ООО ""РСХБ Управление Активами""",7704814182,https://www.rshb-am.ru/,активная,не предусмотрено,не предусмотрено,не более 2% от среднегодовой СЧА,2.0,False,nav,не предусмотрено,False,"не более 0,17% от среднегодовой СЧА",0.17,5% от среднегодовой СЧА,5.0,не предусмотрено,не предусмотрено,не предусмотрено,не предусмотрено,,,,,9041190.25521,3672.0,3672.0,57.21,517234922.74,643-RUB
7231,БПИФ рыночных финансовых инструментов «БКС Валютные облигации с выплатой дохода»,RU000A10CG53,Биржевой,Фонд рыночных финансовых инструментов,Сформирован,"АО УК ""БКС""",5407191291,https://bcs.ru/am,активная,"• 50% Индекс МосБиржи облигаций, номинированных в китайских юанях (RUCNYTR) • 50% Индекс замещающих облигаций Cbonds",не предусмотрено,"1,5% от среднегодовой СЧА",1.5,True,nav,не предусмотрено,False,"не более 0,2% от среднегодовой СЧА",0.2,"0,5% от среднегодовой СЧА",0.5,предусмотрено,квартал,не предусмотрено,не предусмотрено,-0.0208429924688336,0.0448385965165457,0.0394695866978563,,556807.32441,6287.0,6282.0,904.08221,503399595.95,643-RUB
3964,ЗПИФ рыночных финансовых инструментов «Фонд первичных размещений»,RU000A101NK4,Закрытый,Фонд рыночных финансовых инструментов,Сформирован,"ООО ""Управляющая компания ""Восток-Запад""",6454074653,https://www.ew-mc.ru,активная,не предусмотрено,не предусмотрено,"1,0% от среднегодовой СЧА",1.0,True,nav,не предусмотрено,False,не более 2% от среднегодовой СЧА,2.0,1% от среднегодовой СЧА,1.0,не предусмотрено,не предусмотрено,не предусмотрено,не предусмотрено,0.0366911274182788,-0.0032071840923669,0.095137420718816,0.1894374282433984,15810185.48591,25864.0,25825.0,31.08,491318501.04,840-USD
3633,ЗПИФ недвижимости «АКТИВО ДЕСЯТЬ»,-,Закрытый,Недвижимости,Сформирован,"ООО УК ""Альфа-Капитал""",7728142469,https://www.alfacapital.ru,активная,не предусмотрено,не предусмотрено,"0,5% от среднегодовой СЧА, но не менее 1 750 000 руб. в год",0.5,True,mixed,не предусмотрено,False,"не более 0,41% от среднегодовой СЧА",0.41,50% от среднегодовой СЧА,50.0,предусмотрено,месяц,не предусмотрено,не предусмотрено,0.0115365386564842,0.0346185777564269,0.0762560505054665,0.2394317161457226,1300.0,163.0,162.0,373730.54,485849700.95,643-RUB
6876,БПИФ рыночных финансовых инструментов «Т-Капитал Трендовые акции»,RU000A10B0G9,Биржевой,Фонд рыночных финансовых инструментов,Сформирован,ООО «Т-Капитал»,7743304530,https://t-capital-funds.ru/,активная,не предусмотрено,не предусмотрено,2% от среднегодовой СЧА,2.0,True,nav,не предусмотрено,False,"не более 0,059% от среднегодовой СЧА",0.059,"0,04% от среднегодовой СЧА",0.04,не предусмотрено,не предусмотрено,не предусмотрено,не предусмотрено,-0.0299167207810701,-0.1142467805355025,-0.1748294441429568,-0.0921487515192869,56525739.77731,89333.0,89317.0,8.5151,481319701.97,643-RUB
7837,ОПИФ рыночных финансовых инструментов «РСХБ – СмартАгро»,RU000A10FDU9,Открытый,Фонд рыночных финансовых инструментов,Сформирован,"ООО ""РСХБ Управление Активами""",7704814182,https://www.rshb-am.ru/,активная,Индекс МосБиржи корпоративных облигаций (RUCBTR3YNS),не предусмотрено,не более 2% от среднегодовой СЧА,2.0,False,nav,не предусмотрено,False,"не более 0,65% от среднегодовой СЧА",0.65,"0,7% от среднегодовой СЧА",0.7,не предусмотрено,не предусмотрено,"• 1,5% — при подаче заявки в пунктах приема или через Личный кабинет, сумма от 1 тыс. руб. до 10 млн руб. • 1% — при подаче заявки в пунктах приема или через Личный кабинет, сумма от 10 млн руб. до 20 млн руб. • 0,5% — при подаче заявки в пунктах приема или через Личный кабинет, сумма от 20 млн руб. • не взимается — при подаче заявки номинальным держателем или доверительным управляющим","• 2% — при сроке владения до 365 дней • 1,5% — при сроке владения 366–730 дней • 1% — при сроке владения 731–1095 дней • не взимается — при сроке владения 1096 дней и более • не взимается — при подаче заявки номинальным держателем или доверительным управляющим",0.0089803273764829,,,,477170.36877,258.0,258.0,1007.82,480900216.09,643-RUB
5248,БПИФ рыночных финансовых инструментов «Облигации в юанях»,RU000A105SN8,Биржевой,Фонд рыночных финансовых инструментов,Сформирован,"АО УК ""Ингосстрах - Инвестиции""",7705136973,https://www.ingosinvest-am.ru,активная,"Индекс МосБиржи Облигаций, номинированных в китайских юанях RUCNYTR (RUCNYTR)",не предусмотрено,"не более 0,15% от среднегодовой СЧА",0.15,False,nav,не предусмотрено,False,"не более 0,15% от среднегодовой СЧА",0.15,"0,2% от среднегодовой СЧА",0.2,не предусмотрено,не предусмотрено,не предусмотрено,не предусмотрено,0.003187576624438,0.0660066006600659,0.0825542423707885,0.1040748403346226,3889606.37531,2267.0,2262.0,122.74,477424136.04,643-RUB
2277,ЗПИФ рыночных финансовых инструментов «Золото»,RU000A0JTZ15,Закрытый,Фонд рыночных финансовых инструментов,Сформирован,ООО «Менеджмент-консалтинг»,7702203678,https://www.mconsulting.ru,активная,не предусмотрено,не предусмотрено,"не более 2,5% от среднегодовой СЧА",2.5,False,nav,не предусмотрено,False,"не более 0,3% от среднегодовой СЧА",0.3,"0,5% от среднегодовой СЧА",0.5,не предусмотрено,не предусмотрено,не предусмотрено,не предусмотрено,,,,,455477.10204,1430.0,1430.0,1034.35,471124145.51,643-RUB
5989,ОПИФ рыночных финансовых инструментов «А-Капитал Золото»,-,Открытый,Фонд рыночных финансовых инструментов,Сформирован,ООО «УК «А-Капитал»,7707583543,https://www.acapital-am.ru,пассивная,учетная цена 1 (Одного) грамма аффинированного золота,не более 20% по модулю — за 250 рабочих дней,"1,5% от среднегодовой СЧА",1.5,True,nav,не предусмотрено,False,не более 1% от среднегодовой СЧА,1.0,"1,5% от среднегодовой СЧА",1.5,не предусмотрено,не предусмотрено,"• 1,25% — при сумме менее 1 млн руб. при подаче заявки УК или агенту (кроме агента по п. 49.3) • 1% — при сумме от 1 млн руб. до 5 млн руб. при подаче заявки УК или агенту (кроме агента по п. 49.3) • 0,75% — при сумме от 5 млн руб. при подаче заявки УК или агенту (кроме агента по п. 49.3) • не взимается — при подаче заявки агенту, являющемуся страховой организацией по п. 49.3","• 1,5% — при сроке владения до 365 дней • 0,75% — при сроке владения 366–730 дней • не взимается — при сроке владения более 730 дней • не взимается — при подаче заявки агенту, являющемуся страховой организацией (п. 72.4)",0.0121223938197979,-0.0797126700290387,-0.1751226060987973,0.1848936605638901,309443.717414,282.0,282.0,1505.36,465825532.07,643-RUB
0055,ИПИФ рыночных финансовых инструментов «Универсальный»,RU000A0JNK34,Интервальный,Фонд рыночных финансовых инструментов,Сформирован,"ООО УК ""Альфа-Капитал""",7728142469,https://www.alfacapital.ru,активная,не предусмотрено,не предусмотрено,4% от среднегодовой СЧА,4.0,True,nav,не предусмотрено,False,"не более 0,55% от среднегодовой СЧА",0.55,"0,2% от среднегодовой СЧА",0.2,не предусмотрено,не предусмотрено,не предусмотрено,"• 1,5% — при сроке владения до 180 дней • 0,5% — при сроке владения 181–365 дней • не взимается — при сроке владения более 365 дней • не устанавливается — при подаче заявки номинальным держателем или доверительным управляющим",-0.0138043297241313,-0.0783638381377768,-0.1310478971569788,-0.0900149577304535,1004.4102625,12.0,12.0,448868.34,450847966.92,643-RUB
7839,БПИФ рыночных финансовых инструментов «АТОН – Индекс МосБиржи»,RU000A10F9W3,Биржевой,Фонд рыночных финансовых инструментов,Сформирован,"ООО ""УК ""Атон-менеджмент""",7701253764,https://www.am-aton.ru,пассивная,Индекс МосБиржи полной доходности «брутто» (MCFTR),"• не более 0,5% по модулю — за 20 рабочих дней • не более 3% по модулю — за 250 рабочих дней","0,35% от среднегодовой СЧА",0.35,True,nav,не предусмотрено,False,"не более 0,05% от среднегодовой СЧА",0.05,"0,15% от среднегодовой СЧА",0.15,не предусмотрено,не предусмотрено,не предусмотрено,не предусмотрено,-0.0138696255201109,,,,4872464.51112,292.0,289.0,92.4297,450360521.57,643-RUB
0090,ЗПИФ рыночных финансовых инструментов «РСХБ – Фонд Глобальных дивидендов»,RU000A0ZZC63,Закрытый,Фонд рыночных финансовых инструментов,Сформирован,"ООО ""РСХБ Управление Активами""",7704814182,https://www.rshb-am.ru/,активная,не предусмотрено,не предусмотрено,"не более 2,4% от среднегодовой СЧА",2.4,False,nav,не предусмотрено,False,"не более 0,16% от среднегодовой СЧА",0.16,5% от среднегодовой СЧА,5.0,не предусмотрено,не предусмотрено,не предусмотрено,не предусмотрено,,,,,10836808.47082,2140.0,2140.0,41.45,449177524.45,643-RUB
0096,ОПИФ рыночных финансовых инструментов «ТКБ Инвестмент Партнерс – Фонд сбалансированный с выплатой дохода»,RU000A0JRUK6,Открытый,Фонд рыночных финансовых инструментов,Сформирован,ТКБ Инвестмент Партнерс (АО),7825489723,https://www.tkbip.ru,активная,не предусмотрено,не предусмотрено,"не более 3,5% от среднегодовой СЧА",3.5,False,nav,не предусмотрено,False,"не более 0,6% от среднегодовой СЧА",0.6,1% от среднегодовой СЧА,1.0,предусмотрено,квартал,"• 1,5% — при подаче заявки УК, сумма менее 100 тыс. руб. • 1,0% — при подаче заявки УК, сумма от 100 тыс. руб. до 300 тыс. руб. • 0,5% — при подаче заявки УК, сумма от 300 тыс. руб. до 1 млн руб. • не взимается — при подаче заявки УК, сумма от 1 млн руб. • 1,5% — при подаче заявки агентам (кроме СГБ, ТКБ БАНК, АТБ, агентов по п.46.7), сумма менее 50 тыс. руб. • 1,0% — при подаче заявки агентам (кроме СГБ, ТКБ БАНК, АТБ, агентов по п.46.7), сумма от 50 тыс. руб. до 300 тыс. руб. • 0,5% — при подаче заявки агентам (кроме СГБ, ТКБ БАНК, АТБ, агентов по п.46.7), сумма от 300 тыс. руб. • 1,5% — при подаче заявки агенту АО «БАНК СГБ», сумма менее 50 тыс. руб. • 1,25% — при подаче заявки агенту АО «БАНК СГБ», сумма от 50 тыс. руб. до 1 млн руб. • 0,75% — при подаче заявки агенту АО «БАНК СГБ», сумма от 1 млн руб. • 1,5% — при подаче заявки агенту ТКБ БАНК ПАО • 1,5% — при подаче заявки агенту «Азиатско-Тихоокеанский Банк» (АО), сумма менее 500 тыс. руб. • 1,0% — при подаче заявки агенту «Азиатско-Тихоокеанский Банк» (АО), сумма от 500 тыс. руб. до 1,5 млн руб. • 0,5% — при подаче заявки агенту «Азиатско-Тихоокеанский Банк» (АО), сумма от 1,5 млн руб. • 1,0% — при подаче заявки номинальному держателю КИТ Финанс (АО), сумма менее 300 тыс. руб. • 0,5% — при подаче заявки номинальному держателю КИТ Финанс (АО), сумма от 300 тыс. руб. • 1,0% — при подаче заявки номинальному держателю ООО «АЛОР +» • не взимается — при подаче заявки доверительным управляющим УК • не взимается — при подаче заявки номинальным держателем (кроме КИТ Финанс и АЛОР +) • не взимается — при подаче заявки через личный кабинет УК • не взимается — при подаче заявки агенту по п.46.7","• 3% — при подаче заявки УК, срок владения до 365 дней • 2,5% — при подаче заявки УК, срок владения 366–730 дней • 1,5% — при подаче заявки УК, срок владения 731–1095 дней • 2% — при подаче заявки агенту, срок владения до 180 дней • 1% — при подаче заявки агенту, срок владения 181–365 дней • 1% — при подаче заявки УК номинальным держателем КИТ Финанс (АО) или ООО «АЛОР +» • не взимается — при подаче заявки УК, срок владения более 1095 дней (кроме КИТ Финанс и АЛОР+) • не взимается — при подаче заявки номинальным держателем (кроме КИТ Финанс и АЛОР+) • не взимается — при подаче заявки доверительным управляющим • не взимается — при подаче заявки агенту, срок владения более 365 дней • не взимается — при подаче заявки агенту по п.65.4 (страховая организация)",0.0076,-0.0019,0.0283,0.0853,1237779.817889,1393.0,1389.0,362.72,448967678.24,643-RUB
2487,ОПИФ рыночных финансовых инструментов «Атон – Дивидендные акции: Рантье»,RU000A0ZZ0J0,Открытый,Фонд рыночных финансовых инструментов,Сформирован,"ООО ""УК ""Атон-менеджмент""",7701253764,https://www.am-aton.ru,активная,Индекс Мосбиржи,не предусмотрено,"2,5% от среднегодовой СЧА",2.5,True,nav,не предусмотрено,False,не более 1% от среднегодовой СЧА,1.0,5% от среднегодовой СЧА,5.0,предусмотрено,квартал,не предусмотрено,• 2% — при сроке владения до 365 дней • 1% — при сроке владения 366–730 дней • не взимается — при сроке владения более 730 дней • не взимается — при подаче заявки доверительным управляющим • не взимается — при подаче заявки номинальным держателем,-0.0064692084762704,-0.0833913868863582,-0.1128622105109662,-0.0445192936308082,226536.73659,760.0,755.0,1978.09,448109474.31,643-RUB
3279,ЗПИФ недвижимости «Торговые ряды»,RU000A0ZZ422,Закрытый,Недвижимости,В стадии прекращения,ООО «УК «Долгосрочные инвестиции»,7718928743,https://www.lt-invest.ru,активная,не предусмотрено,не предусмотрено,100 000 руб. в месяц,100.0,True,fixed,не предусмотрено,False,"не более 0,5% от среднегодовой СЧА",0.5,50% от среднегодовой СЧА,50.0,предусмотрено,месяц,не предусмотрено,не предусмотрено,,,,,1258.0,4.0,2.0,347573.63,437247629.09,643-RUB
4678,БПИФ рыночных финансовых инструментов «Первая – Фонд Халяльные инвестиции»,RU000A103ZQ1,Биржевой,Фонд рыночных финансовых инструментов,Сформирован,АО УК «Первая»,7710183778,https://www.first-am.ru,пассивная,Индекс МосБиржи исламских инвестиций полной доходности,не более 5% по модулю — за 250 рабочих дней,"0,8% от среднегодовой СЧА",0.8,True,nav,не предусмотрено,False,"не более 0,1% от среднегодовой СЧА",0.1,"0,2% от среднегодовой СЧА",0.2,не предусмотрено,не предусмотрено,"1,5% — при выдаче инвестиционных паев после завершения формирования фонда, но не более 1,5% от расчетной стоимости пая",не предусмотрено,0.018032786885246,-0.1216407355021217,-0.206896551724138,-0.2058823529411765,68637367.0,20774.0,20769.0,6.21,425992229.0,643-RUB
0039,ЗПИФ рыночных финансовых инструментов «БКС Перспектива»,RU000A0HF0L2,Закрытый,Фонд рыночных финансовых инструментов,Сформирован,"АО УК ""БКС""",5407191291,https://bcs.ru/am,активная,не предусмотрено,не предусмотрено,"3,9% от среднегодовой СЧА",3.9,True,nav,не предусмотрено,False,"не более 0,2% от среднегодовой СЧА",0.2,"1,6% от среднегодовой СЧА",1.6,не предусмотрено,не предусмотрено,не предусмотрено,не предусмотрено,,,,,2550881.97371,12421.0,12415.0,165.46,422080962.56,643-RUB
2800,ОПИФ рыночных финансовых инструментов «РСХБ – Лучшие отрасли»,RU000A0ZZMG0,Открытый,Фонд рыночных финансовых инструментов,Сформирован,"ООО ""РСХБ Управление Активами""",7704814182,https://www.rshb-am.ru/,активная,не предусмотрено,не предусмотрено,"не более 3,5% от среднегодовой СЧА",3.5,False,nav,не предусмотрено,False,"не более 0,65% от среднегодовой СЧА",0.65,"0,7% от среднегодовой СЧА",0.7,не предусмотрено,не предусмотрено,"• 1,5% — при подаче заявки УК, агенту, через Личный кабинет или Услуги дистанционного банковского обслуживания при сумме от 1 тыс. руб. до 10 млн руб. • 1% — при подаче заявки УК, агенту, через Личный кабинет или Услуги дистанционного банковского обслуживания при сумме от 10 млн руб. до 20 млн руб. • 0,5% — при подаче заявки УК, агенту, через Личный кабинет или Услуги дистанционного банковского обслуживания при сумме от 20 млн руб. • не взимается — при подаче заявки номинальным держателем или доверительным управляющим","• 2% — при сроке владения до 365 дней • 1,5% — при сроке владения 366–730 дней • 1% — при сроке владения 731–1095 дней • не взимается — при сроке владения 1096 дней и более • не взимается — при подаче заявки номинальным держателем или доверительным управляющим",0.0012659880873786,-0.088229562023301,-0.1520734071213755,-0.1092038042864381,151920.26186,3518.0,3517.0,2760.23,419334580.75,643-RUB
0118,ОПИФ рыночных финансовых инструментов «Апрель Капитал – Акции»,-,Открытый,Фонд рыночных финансовых инструментов,Сформирован,"АО УК ""Апрель Капитал""",7704239292,https://www.april-capital.ru,активная,не предусмотрено,не предусмотрено,"3,54% от среднегодовой СЧА",3.54,True,nav,не предусмотрено,False,"не более 0,5% от среднегодовой СЧА",0.5,1% от среднегодовой СЧА,1.0,не предусмотрено,не предусмотрено,не предусмотрено,"• 2,35% — при сроке владения до 180 дней • 1,2% — при сроке владения 181–365 дней • не взимается — при сроке владения более 365 дней • не взимается — при подаче заявки номинальным держателем или доверительным управляющим без использования Финансовой платформы",-0.0287205805842878,-0.1316351710382126,-0.1641294944374459,-0.1151794608142411,380125.99784,382.0,381.0,1101.46,418694595.3,643-RUB
6721,ЗПИФ недвижимости «АКТИВО ФЛИППИНГ»,RU000A10ATA8,Закрытый,Недвижимости,Сформирован,"ООО УК ""Альфа-Капитал""",7728142469,https://www.alfacapital.ru,активная,не предусмотрено,не предусмотрено,"0,5% от среднегодовой СЧА, но не менее 1 500 000 руб. в год",0.5,True,mixed,не предусмотрено,False,"не более 1,2% от среднегодовой СЧА",1.2,90% от среднегодовой СЧА,90.0,предусмотрено,квартал,не предусмотрено,не предусмотрено,-0.0020914743303403,-0.0210210972948728,-0.1228507320371401,-0.0237414447824117,3600.0,227.0,226.0,113867.46,409922869.83,643-RUB
4445,ОПИФ рыночных финансовых инструментов «Арикапитал – Мировые рынки»,RU000A10DWR0,Открытый,Фонд рыночных финансовых инструментов,Сформирован,"ООО УК ""Арикапитал""",7705525627,https://www.aricapital.ru,активная,не предусмотрено,не предусмотрено,"1,5% от среднегодовой СЧА",1.5,True,nav,не предусмотрено,False,"не более 0,35% от среднегодовой СЧА",0.35,"0,7% от среднегодовой СЧА",0.7,не предусмотрено,не предусмотрено,"• не взимается — для владельцев паев • не взимается — при подаче заявки через сервис «Личный кабинет» (кроме заявок от номинальных держателей и доверительных управляющих) • не взимается — при подаче заявки через финансовую платформу • 1% — для лиц, не являющихся владельцами паев, при сумме менее 500 тыс. руб. • не взимается — для лиц, не являющихся владельцами паев, при сумме от 500 тыс. руб.",• 1% — при сроке владения менее 365 дней • не взимается — при сроке владения 365 дней и более • не взимается — при подаче заявки номинальным держателем или доверительным управляющим,0.0067345772854472,0.0629802113313259,0.101740535671709,0.10635388511716,195098.30541,80.0,80.0,2079.37,405680669.91,643-RUB
0017,ИПИФ рыночных финансовых инструментов «Первый»,RU000A0JNK00,Интервальный,Фонд рыночных финансовых инструментов,Сформирован,"ООО УК ""Альфа-Капитал""",7728142469,https://www.alfacapital.ru,активная,не предусмотрено,не предусмотрено,4% от среднегодовой СЧА,4.0,True,nav,не предусмотрено,False,"не более 0,55% от среднегодовой СЧА",0.55,"0,2% от среднегодовой СЧА",0.2,не предусмотрено,не предусмотрено,не предусмотрено,"• 1,5% — при сроке владения до 180 дней • 0,5% — при сроке владения 181–365 дней • не взимается — при сроке владения более 365 дней • не устанавливается — при подаче заявки номинальным держателем или доверительным управляющим",-0.0147660573196892,-0.0779849078601672,-0.133645359894272,-0.0938411820698661,3551.0354136,68.0,68.0,114226.91,405623785.38,643-RUB
0174,ЗПИФ рыночных финансовых инструментов «Индигирка»,RU000A0JSW01,Закрытый,Фонд рыночных финансовых инструментов,Сформирован,АО «УК ТФГ»,7708168370,https://www.tfg.ru,активная,не предусмотрено,не предусмотрено,"не более 0,5% от среднегодовой СЧА",0.5,False,nav,не предусмотрено,False,"не более 0,25% от среднегодовой СЧА",0.25,"0,25% от среднегодовой СЧА",0.25,не предусмотрено,не предусмотрено,не предусмотрено,не предусмотрено,,,,,1520783.771535,7.0,5.0,262.84,399722618.59,643-RUB
4121,БПИФ рыночных финансовых инструментов «РЕГИОН – Индекс МосБиржи государственных облигаций (1-3 года)»,RU000A1020A8,Биржевой,Фонд рыночных финансовых инструментов,Сформирован,"АО ""УК МКБ Инвестиции""",7710186602,https://mkb-am.ru,пассивная,Индекс МосБиржи государственных облигаций (1-3 года) — совокупный доход (RUGBITR3Y),не более 5% по модулю — за 250 рабочих дней,"0,45% от среднегодовой СЧА",0.45,True,nav,не предусмотрено,False,"0,2% от среднегодовой СЧА",0.2,"0,15% от среднегодовой СЧА",0.15,не предусмотрено,не предусмотрено,не предусмотрено,не предусмотрено,0.0047966728894971,0.0073397672854183,0.0624279974149316,0.1154353902545154,263824.89761,760.0,753.0,1512.43,399016585.14,643-RUB
2797,ОПИФ рыночных финансовых инструментов «РСХБ – Казначейский»,RU000A0ZZME5,Открытый,Фонд рыночных финансовых инструментов,Сформирован,"ООО ""РСХБ Управление Активами""",7704814182,https://www.rshb-am.ru/,активная,не предусмотрено,не предусмотрено,"не более 0,75% от среднегодовой СЧА",0.75,False,nav,не предусмотрено,False,"не более 0,65% от среднегодовой СЧА",0.65,"0,7% от среднегодовой СЧА",0.7,не предусмотрено,не предусмотрено,"• 0,5% — при подаче заявки в пунктах приема, через Личный кабинет или Услуги дистанционного банковского обслуживания АО «Россельхозбанк» • не взимается — при подаче заявки доверительным управляющим • до 1,5% — при подаче заявки номинальным держателем, но не более 1,5% от расчетной стоимости пая","• 2% — при сроке владения до 365 дней • 1,5% — при сроке владения 366–730 дней • 1% — при сроке владения 731–1095 дней • не взимается — при сроке владения 1096 дней и более • не взимается — при подаче заявки номинальным держателем или доверительным управляющим",0.0098767584989733,0.0297409736252349,0.066589608591552,0.1528895692676281,117325.13075,382.0,380.0,3358.84,394076739.72,643-RUB
4153,ЗПИФ недвижимости «АКТИВО ЧЕТЫРНАДЦАТЬ»,-,Закрытый,Недвижимости,Сформирован,"ООО УК ""Альфа-Капитал""",7728142469,https://www.alfacapital.ru,активная,не предусмотрено,не предусмотрено,"0,5% от среднегодовой СЧА, но не менее 1,5 млн руб. в год",0.5,True,mixed,не предусмотрено,False,"не более 0,41% от среднегодовой СЧА",0.41,50% от среднегодовой СЧА,50.0,предусмотрено,месяц,не предусмотрено,не предусмотрено,0.010950182460569,0.0271950993307972,0.0617883926336641,0.131780676496086,1283.0,240.0,237.0,305026.94,391349570.16,643-RUB
5739,ОПИФ рыночных финансовых инструментов «А-Капитал Облигации Рантье»,-,Открытый,Фонд рыночных финансовых инструментов,Сформирован,ООО «УК «А-Капитал»,7707583543,https://www.acapital-am.ru,активная,не предусмотрено,не предусмотрено,"1,5% от среднегодовой СЧА",1.5,True,nav,не предусмотрено,False,не более 1% от среднегодовой СЧА,1.0,"1,55% от среднегодовой СЧА",1.55,предусмотрено,квартал,"• 1,25% — при сумме менее 1 млн руб. • 1% — при сумме от 1 млн руб. до 5 млн руб. • 0,75% — при сумме от 5 млн руб. • не взимается — при подаче заявки агенту, являющемуся страховой организацией, в соответствии с п. 49.3 ПДУ","• 1,5% — при сроке владения до 365 дней • 0,75% — при сроке владения 366–730 дней • не взимается — при сроке владения более 730 дней • не взимается — при подаче заявки агенту, являющемуся страховой организацией (п. 72.4)",0.0132,0.0238,0.0675,0.136,373881.125199,43.0,43.0,1039.39,388607849.04,643-RUB
6100,ОПИФ рыночных финансовых инструментов «Валютные возможности»,RU000A108AD1,Открытый,Фонд рыночных финансовых инструментов,Сформирован,ООО УК «ГЕРОИ»,9725134382,https://ih-capital.ru,активная,Индекс МосБиржи Замещающих Облигаций (RURPLRUBTR),не предусмотрено,"1,5% от среднегодовой СЧА",1.5,True,nav,не предусмотрено,False,"не более 0,55% от среднегодовой СЧА",0.55,"0,80% от среднегодовой СЧА",0.8,не предусмотрено,не предусмотрено,"• не взимается — для владельцев паев • не взимается — при подаче заявки через финансовую платформу ПАО «Московская биржа ММВБ-РТС» • не взимается — при подаче заявки через сервис «Личный кабинет», кроме случаев подачи номинальным держателем, доверительным управляющим или внесения средств на счет НКО АО НРД в СБП • 1% — при сумме менее 500 тыс. руб., для лиц, не являющихся владельцами паев, и при подаче заявки не через «Личный кабинет» или финансовую платформу • 0% — при сумме от 500 тыс. руб., для лиц, не являющихся владельцами паев, и при подаче заявки не через «Личный кабинет» или финансовую платформу • 0,4% — при внесении средств через «Личный кабинет» на счет НКО АО НРД в СБП, при сумме до 400 тыс. руб. • 0,38% — при внесении средств через «Личный кабинет» на счет НКО АО НРД в СБП, при сумме от 400 тыс. руб. до 500 тыс. руб. • 0,3% — при внесении средств через «Личный кабинет» на счет НКО АО НРД в СБП, при сумме от 500 тыс. руб. до 600 тыс. руб. • 0,25% — при внесении средств через «Личный кабинет» на счет НКО АО НРД в СБП, при сумме от 600 тыс. руб. до 700 тыс. руб. • 0,215% — при внесении средств через «Личный кабинет» на счет НКО АО НРД в СБП, при сумме от 700 тыс. руб. до 800 тыс. руб. • 0,19% — при внесении средств через «Личный кабинет» на счет НКО АО НРД в СБП, при сумме от 800 тыс. руб. до 900 тыс. руб. • 0,17% — при внесении средств через «Личный кабинет» на счет НКО АО НРД в СБП, при сумме от 900 тыс. руб. до 1 млн руб.","• 1% — при сроке владения до 365 дней, если заявка подана не номинальным держателем или доверительным управляющим и не через Финансовую платформу • не взимается — при сроке владения 365 дней и более, если заявка подана не номинальным держателем или доверительным управляющим и не через Финансовую платформу • 0,5% — при подаче заявки номинальным держателем или доверительным управляющим (кроме случаев через Финансовую платформу) • 1% — при сроке владения до 365 дней и подаче заявки через Финансовую платформу • не взимается — при сроке владения 365 дней и более и подаче заявки через Финансовую платформу",-0.0086229952688805,0.0278338193813645,0.0351482002195558,0.0456199054529892,357645.36973,496.0,496.0,1074.96,384453270.65,643-RUB
2398,"ЗПИФ недвижимости ""Стрит Ритейл""",-,Закрытый,Недвижимости,Сформирован,"ООО ""УК ""Эдельвейс""",7704764968,https://edelweiess.ru/,активная,не предусмотрено,не предусмотрено,"6 млн руб. в год, но не более 8,9% от среднегодовой СЧА",8.9,False,mixed,не предусмотрено,False,"не более 1,1% от среднегодовой СЧА",1.1,10% от среднегодовой СЧА,10.0,предусмотрено,месяц,не предусмотрено,не предусмотрено,0.147219182933843,0.2686031523313384,0.3826551579005063,0.7299505591210301,139836.05491,15.0,15.0,2737.81,382844356.64,643-RUB
0044,ИПИФ рыночных финансовых инструментов «Энергия-инвест»,RU000A0JPMP6,Интервальный,Фонд рыночных финансовых инструментов,Сформирован,"ООО ""УК ""Энергия-инвест""",3808083878,https://www.energy-invest.ru,активная,не предусмотрено,не предусмотрено,не более 6% от среднегодовой СЧА,6.0,False,nav,не предусмотрено,False,не более 1% от среднегодовой СЧА,1.0,10% от среднегодовой СЧА,10.0,не предусмотрено,не предусмотрено,не предусмотрено,не предусмотрено,0.0038516054212985,0.01258407104742,0.0283043546083971,0.0495093884869178,88773.002128,22630.0,22618.0,4284.79,380373335.83,643-RUB
0047,ОПИФ рыночных финансовых инструментов «А-Капитал Сбалансированный»,RU000A0JR2K4,Открытый,Фонд рыночных финансовых инструментов,Сформирован,ООО «УК «А-Капитал»,7707583543,https://www.acapital-am.ru,активная,не предусмотрено,не предусмотрено,"не более 3,5% от среднегодовой СЧА",3.5,False,nav,не предусмотрено,False,"не более 0,75% от среднегодовой СЧА",0.75,"0,8% от среднегодовой СЧА",0.8,не предусмотрено,не предусмотрено,"• 1,25% — при сумме менее 1 млн руб. и подаче заявки УК или агенту (кроме агента по п. 48(3)) • 1% — при сумме от 1 млн руб. до 5 млн руб. и подаче заявки УК или агенту (кроме агента по п. 48(3)) • 0,75% — при сумме от 5 млн руб. и подаче заявки УК или агенту (кроме агента по п. 48(3)) • не взимается — при подаче заявки агенту по п. 48(3)","• 1,5% — при сроке владения до 365 дней • 0,75% — при сроке владения 366–730 дней • не взимается — при сроке владения более 730 дней • не взимается — при подаче заявки агенту, являющемуся страховой организацией (п. 67(3))",-0.0010865337968141,-0.0784043914745026,-0.1002408785748078,-0.0528244646271873,151901.859648,2554.0,2552.0,2491.46,378457563.31,643-RUB
7003,БПИФ рыночных финансовых инструментов «БКС Золото»,RU000A10BHQ7,Биржевой,Фонд рыночных финансовых инструментов,Сформирован,"АО УК ""БКС""",5407191291,https://bcs.ru/am,пассивная,Индекс МосБиржи аффинированного золота (RUGOLD),не более 10% по модулю — за 250 рабочих дней,"0,35% от среднегодовой СЧА",0.35,True,nav,не предусмотрено,False,"не более 0,18% от среднегодовой СЧА",0.18,"0,5% от среднегодовой СЧА",0.5,не предусмотрено,не предусмотрено,не предусмотрено,не предусмотрено,0.0140654314268544,-0.0740657873808714,-0.1644345033705644,0.1975364173228346,31060530.454,16607.0,16598.0,12.16697,377912504.53,643-RUB
1640,"ЗПИФ недвижимости ""КОВЧЕГ""",-,Закрытый,Недвижимости,Сформирован,"АО ""Центральная Управляющая Компания""",7825107082,https://www.spbcmc.ru,активная,не предусмотрено,не предусмотрено,"9% от среднегодовой СЧА, но не более 4,2 млн руб. в год",9.0,False,mixed,не предусмотрено,False,"не более 0,4% от среднегодовой СЧА",0.4,50% от среднегодовой СЧА,50.0,не предусмотрено,не предусмотрено,не предусмотрено,не предусмотрено,-0.0038857373517108,-0.1332373081571105,-0.169723896925961,-0.1409996565103702,4697.02956,1.0,,80250.81,376940445.09,643-RUB
2389,"ЗПИФ рентный ""Рантье""",-,Закрытый,Рентный,Сформирован,"ООО ""УК ""Эдельвейс""",7704764968,https://edelweiess.ru/,активная,не предусмотрено,не предусмотрено,"11 980 000 руб. в год, но не более 8,89% от среднегодовой СЧА",8.89,False,mixed,не предусмотрено,False,"не более 1,1% от среднегодовой СЧА",1.1,10% от среднегодовой СЧА,10.0,предусмотрено,месяц,не предусмотрено,не предусмотрено,0.150569414287949,0.2009788894369201,0.2928507851708267,0.5816469316029822,218667.34261,11.0,11.0,1715.79,375188227.09,643-RUB
2006,ИПИФ рыночных финансовых инструментов «КОНСЕРВАТОРия»,RU000A0JUR61,Интервальный,Фонд рыночных финансовых инструментов,Сформирован,"ООО ""ПЕРАМО ИНВЕСТ""",7716618947,https://www.peramo.ru,активная,не предусмотрено,не предусмотрено,не более 2% от среднегодовой СЧА,2.0,False,nav,не предусмотрено,False,"не более 0,4% от среднегодовой СЧА",0.4,10% от среднегодовой СЧА,10.0,не предусмотрено,не предусмотрено,не предусмотрено,не предусмотрено,0.0129905498515756,0.0243163605320408,0.0573153052426117,0.1089655994871974,162914.0,70.0,65.0,2231.76,363584997.78,643-RUB
0360,ЗПИФ недвижимости «Ермолаевский»,-,Закрытый,Недвижимости,Сформирован,"ООО ""УК ""ПрофИнвестиции""",7710646105,https://ukprofinvest.ru/,активная,не предусмотрено,не предусмотрено,"950 000 руб. в месяц, но не более 11 400 000 руб. в год",950.0,True,fixed,не предусмотрено,False,"не более 0,5% от среднегодовой СЧА",0.5,20% от среднегодовой СЧА,20.0,предусмотрено,месяц,не предусмотрено,не предусмотрено,0.0040962789402107,-0.0054149701218973,0.0045725530006676,0.0439836570295639,32731.944,1.0,1.0,11030.58,361052329.11,643-RUB
2721,ОПИФ рыночных финансовых инструментов «Арсагера – КР 1.55»,RU000A0JXWF0,Открытый,Фонд рыночных финансовых инструментов,Сформирован,"ПАО ""УК ""Арсагера""",7840303927,https://www.arsagera.ru,активная,Композитный индекс облигаций Московской Биржи (RUABITR),не предусмотрено,"не более 0,5% от среднегодовой СЧА",0.5,False,nav,не предусмотрено,False,"не более 0,01% от среднегодовой СЧА",0.01,"не более 0,01% от среднегодовой СЧА",0.01,не предусмотрено,не предусмотрено,не предусмотрено,не предусмотрено,0.0097228018500571,-0.0144156639891192,0.0238300074840351,0.0736798867478894,121325.4262735,995.0,994.0,2927.56,355188047.28,643-RUB
6397,ЗПИФ рыночных финансовых инструментов «БКС Империя (заблокированные активы)»,RU000A109GP0,Закрытый,Фонд рыночных финансовых инструментов,Сформирован,"АО УК ""БКС""",5407191291,https://bcs.ru/am,активная,не предусмотрено,не предусмотрено,"не более 3,5% от среднегодовой СЧА",3.5,False,nav,не предусмотрено,False,"не более 0,18% от среднегодовой СЧА",0.18,"не более 1,8% от среднегодовой СЧА",1.8,не предусмотрено,не предусмотрено,не предусмотрено,не предусмотрено,,,,,4977021.97367,13080.0,13074.0,71.22,354467280.72,643-RUB
6022,ОПИФ рыночных финансовых инструментов «Разумный инвестор»,RU000A107U08,Открытый,Фонд рыночных финансовых инструментов,Сформирован,"ООО УК ""Арикапитал""",7705525627,https://www.aricapital.ru,активная,Индекс акций Московской биржи (IMOEX),не предусмотрено,2% от среднегодовой СЧА,2.0,True,nav,не предусмотрено,False,"не более 0,3% от среднегодовой СЧА",0.3,"0,5% от среднегодовой СЧА",0.5,не предусмотрено,не предусмотрено,не предусмотрено,не предусмотрено,0.0060156757026608,-0.0632981999465446,-0.1198296571303778,-0.1297222012286631,421873.74091,465.0,463.0,806.06,340055298.45,643-RUB
0965,ОПИФ рыночных финансовых инструментов «ВИМ - Инновационный»,RU000A0JS9P7,Открытый,Фонд рыночных финансовых инструментов,Сформирован,АО ВИМ Инвестиции,7701140866,https://www.wealthim.ru,активная,Индекс Информационных технологий (MOEXIT),не предусмотрено,"не более 3,2% от среднегодовой СЧА",3.2,False,nav,не предусмотрено,False,"не более 0,14% от среднегодовой СЧА",0.14,"0,17% от среднегодовой СЧА",0.17,не предусмотрено,не предусмотрено,не предусмотрено,"• 2% — паи приобретены до 08.11.2024, срок владения до 180 дней • 1,5% — паи приобретены до 08.11.2024, срок владения 181–364 дня • 1% — паи приобретены до 08.11.2024, срок владения 365–729 дней • 0,5% — паи приобретены до 08.11.2024, срок владения 730–1094 дня • не взимается — паи приобретены до 08.11.2024, срок владения 1095 дней и более • 2,5% — паи приобретены после 08.11.2024, срок владения до 729 дней • 2% — паи приобретены после 08.11.2024, срок владения 730–1094 дня • 1,5% — паи приобретены после 08.11.2024, срок владения 1095–1459 дней • 0,5% — паи приобретены после 08.11.2024, срок владения 1460–1824 дня • не взимается — паи приобретены после 08.11.2024, срок владения 1825 дней и более • не устанавливается — при подаче заявки номинальным держателем • не устанавливается — при подаче заявки доверительным управляющим",0.0324129651860744,-0.0682556879739979,-0.1097308488612837,-0.1152263374485598,39415012.8559,5177.0,5177.0,8.6,339106976.17,643-RUB
5948,ЗПИФ недвижимости «Альфа-Капитал СЖН»,RU000A107J37,Закрытый,Недвижимости,Сформирован,"ООО УК ""Альфа-Капитал""",7728142469,https://www.alfacapital.ru,активная,не предусмотрено,не предусмотрено,"1,5% от среднегодовой СЧА",1.5,True,nav,5% от Общего дохода от ДУ за отчетный год,True,"не более 0,5% от среднегодовой СЧА",0.5,15% от среднегодовой СЧА,15.0,не предусмотрено,не предусмотрено,не предусмотрено,не предусмотрено,-0.0013219747238312,-0.0034667172186051,-0.0834768602184115,-0.0707080328553528,1010.19248,197.0,197.0,333755.21,337157005.04,643-RUB
0964,ЗПИФ рыночных финансовых инструментов «РСХБ – Фонд «Мировые премиальные бренды»,RU000A0JS9L6,Закрытый,Фонд рыночных финансовых инструментов,Сформирован,"ООО ""РСХБ Управление Активами""",7704814182,https://www.rshb-am.ru/,активная,не предусмотрено,не предусмотрено,не более 3% от среднегодовой СЧА,3.0,False,nav,не предусмотрено,False,"не более 0,2% от среднегодовой СЧА",0.2,5% от среднегодовой СЧА,5.0,не предусмотрено,не предусмотрено,не предусмотрено,не предусмотрено,,,,,58079897.52454,3515.0,3514.0,5.8,336857946.58,643-RUB
6467,БПИФ рыночных финансовых инструментов «Альфа-Капитал Управляемые акции с выплатой дохода»,RU000A109JU4,Биржевой,Фонд рыночных финансовых инструментов,Сформирован,"ООО УК ""Альфа-Капитал""",7728142469,https://www.alfacapital.ru,активная,Индекс МосБиржи полной доходности «брутто» (MCFTR),не предусмотрено,"2,35% от среднегодовой СЧА",2.35,True,nav,не предусмотрено,False,"не более 0,13% от среднегодовой СЧА",0.13,"0,07% от среднегодовой СЧА",0.07,предусмотрено,квартал,не предусмотрено,не предусмотрено,0.0131852722186819,-0.0896127758144254,-0.1593646859825086,-0.0935510258526367,393885.32357,2456.0,2447.0,852.16228,335654214.91,643-RUB
3329,ЗПИФ недвижимости «АКТИВО ШЕСТЬ»,-,Закрытый,Недвижимости,Сформирован,"ООО УК ""Альфа-Капитал""",7728142469,https://www.alfacapital.ru,активная,не предусмотрено,не предусмотрено,"0,5% от среднегодовой СЧА, но не менее 1,5 млн руб. в год",0.5,True,mixed,не предусмотрено,False,"не более 0,41% от среднегодовой СЧА",0.41,50% от среднегодовой СЧА,50.0,предусмотрено,месяц,не предусмотрено,не предусмотрено,0.0081341502009298,0.0220149757176627,0.0663895798375781,0.1394675276058688,1000.0,109.0,107.0,332872.35,332872345.19,643-RUB
2796,"ЗПИФ рыночных финансовых инструментов «РСХБ – Золото, серебро, платина»",RU000A0ZZMM8,Закрытый,Фонд рыночных финансовых инструментов,Сформирован,"ООО ""РСХБ Управление Активами""",7704814182,https://www.rshb-am.ru/,активная,не предусмотрено,не предусмотрено,"не более 2,5% от среднегодовой СЧА",2.5,False,nav,не предусмотрено,False,"не более 0,65% от среднегодовой СЧА",0.65,5% от среднегодовой СЧА,5.0,не предусмотрено,не предусмотрено,не предусмотрено,не предусмотрено,,,,,218400.68841,1645.0,1645.0,1512.63,330359300.65,643-RUB
7100,ОПИФ рыночных финансовых инструментов «Капитал Лайф Фонд смешанных инвестиций для долевого страхования жизни»,-,Открытый,Фонд рыночных финансовых инструментов,Сформирован,ООО «Капитал Лайф Страхование Жизни»,7706548313,https://www.kaplife.ru,активная,не предусмотрено,не предусмотрено,"2,25% от среднегодовой СЧА",2.25,True,nav,не предусмотрено,False,"не более 1,0% от среднегодовой СЧА",1.0,"не более 1,0% от среднегодовой СЧА",1.0,не предусмотрено,не предусмотрено,не предусмотрено,не предусмотрено,0.0108310707118404,-0.0099054740270376,0.0112090853622532,0.0281983289137939,314350.332951,1227.0,1227.0,1027.53,323003830.36,643-RUB
1732,"ЗПИФ недвижимости ""ФОРУМ""",-,Закрытый,Недвижимости,Сформирован,"ООО ""УК ""Прагма Капитал""",7718581523,https://www.pragmacapital.ru,активная,не предусмотрено,не предусмотрено,"3 300 000 руб. в год, но не более 1,5% от среднегодовой СЧА",1.5,False,mixed,не предусмотрено,False,не более 1% от среднегодовой СЧА,1.0,30% от среднегодовой СЧА,30.0,предусмотрено,месяц,не предусмотрено,не предусмотрено,0.0163264819299385,-0.0217778283607246,0.0217,2.308,20626.43282,1.0,,15443.65,318547345.25,643-RUB
0167,ОПИФ рыночных финансовых инструментов “Максвелл Капитал”,RU000A0F6N86,Открытый,Фонд рыночных финансовых инструментов,Сформирован,ООО УК «АК БАРС КАПИТАЛ»,1435126890,https://www.akbars-capital.ru,активная,• 50% Индекс МосБиржи Корпоративных Облигаций (RUCBTRNS) • 50% Индекс МосБиржи полной доходности «брутто» (MCFTR),не предусмотрено,3% от среднегодовой СЧА,3.0,True,nav,не предусмотрено,False,"не более 0,95% от среднегодовой СЧА",0.95,"0,95% от среднегодовой СЧА",0.95,не предусмотрено,не предусмотрено,"• 1% — при сумме менее 50 тыс. руб. • 0,5% — при сумме от 50 тыс. руб. до 500 тыс. руб. • не взимается — при сумме 500 тыс. руб. и более • не взимается — при подаче заявки номинальным держателем","• 1,8% — при сроке владения до 180 дней • 0,8% — при сроке владения 181–730 дней • не взимается — при сроке владения более 730 дней • не взимается — при подаче заявки номинальным держателем",-0.0010367534805295,-0.0573696913012862,-0.0718723868195145,-0.0394956648427786,179333.12239,3177.0,3165.0,1753.66,314950665.42,643-RUB
6615,БПИФ рыночных финансовых инструментов «БКС Индекс Российского рынка»,RU000A10A0N6,Биржевой,Фонд рыночных финансовых инструментов,Сформирован,"АО УК ""БКС""",5407191291,https://bcs.ru/am,пассивная,Индекс МосБиржи полной доходности 2 (MCF2TR),"не более 10% по модулю — за 1 день, за период с 1 месяца до 13 месяцев с даты завершения формирования фонда; не более 10% по модулю — за 250 рабочих дней, при сроке более 13 месяцев","0,7% от среднегодовой СЧА",0.7,True,nav,не предусмотрено,False,"не более 0,18% от среднегодовой СЧА",0.18,"0,1% от среднегодовой СЧА",0.1,не предусмотрено,не предусмотрено,не предусмотрено,не предусмотрено,-0.008427785826361,-0.115708767725899,-0.1575811470250278,-0.1324482456140351,31342273.5897,10948.0,10944.0,9.89009,309977995.95,643-RUB
1676,"ЗПИФ недвижимости ""Югра""",RU000A0JQSM8,Закрытый,Недвижимости,Сформирован,"ООО ""УК ""ОРЕОЛ""",7704750193,https://www.oreol-2010.ru,активная,не предусмотрено,не предусмотрено,"1,85% от среднегодовой СЧА",1.85,True,nav,не предусмотрено,False,"не более 0,5% от среднегодовой СЧА",0.5,"• 55% от среднегодовой СЧА — до 31.12.2022 г., включая не более 400 млн руб. по объекту в Сургуте и не более 10% от среднегодовой СЧА по иным расходам • 10% от среднегодовой СЧА — с 01.01.2023 г.",10.0,предусмотрено,год,не предусмотрено,не предусмотрено,0.0085069477658101,0.0240169388500068,0.0541539250088333,0.1298291478702359,24391.16438,1.0,,12651.76,308591247.38,643-RUB
1976,ЗПИФ недвижимости «Капитальные активы 1»,RU000A0JT8U8,Закрытый,Недвижимости,В стадии прекращения,"ООО УК ""Надежное управление""",7723625776,https://www.ucnu.ru,активная,не предусмотрено,не предусмотрено,"0,5% от среднегодовой СЧА",0.5,True,nav,не предусмотрено,False,"не более 0,6% от среднегодовой СЧА",0.6,50% от среднегодовой СЧА,50.0,предусмотрено,год,не предусмотрено,не предусмотрено,,,,,790840.0,1.0,,389.9,308346752.77,643-RUB
3208,ОПИФ рыночных финансовых инструментов «Арикапитал – Финансовая свобода»,RU000A0ZZRN5,Открытый,Фонд рыночных финансовых инструментов,Сформирован,"ООО УК ""Арикапитал""",7705525627,https://www.aricapital.ru,активная,не предусмотрено,не предусмотрено,2% от среднегодовой СЧА,2.0,True,nav,не предусмотрено,False,"не более 0,4% от среднегодовой СЧА",0.4,"0,7% от среднегодовой СЧА",0.7,не предусмотрено,не предусмотрено,"• не взимается — для владельцев паев • не взимается — при подаче заявки через сервис «Личный кабинет» (кроме заявок от номинальных держателей и доверительных управляющих) • не взимается — при подаче заявки через финансовую платформу • 1% — для лиц, не являющихся владельцами паев, при сумме менее 500 тыс. руб. • не взимается — для лиц, не являющихся владельцами паев, при сумме от 500 тыс. руб.",• 1% — при сроке владения менее 365 дней • не взимается — при сроке владения 365 дней и более • не взимается — при подаче заявки номинальным держателем или доверительным управляющим,0.0074529778836189,0.0353978289935867,0.1200205917681956,0.1268806419257775,224256.83948,351.0,351.0,1370.67,307381287.87,643-RUB
3754,ЗПИФ рыночных финансовых инструментов «РСХБ – Фонд «Американский корпоративный долг»,RU000A100HP7,Закрытый,Фонд рыночных финансовых инструментов,Сформирован,"ООО ""РСХБ Управление Активами""",7704814182,https://www.rshb-am.ru/,активная,не предусмотрено,не предусмотрено,"не более 0,22% от среднегодовой СЧА",0.22,False,nav,не предусмотрено,False,"не более 0,09% от среднегодовой СЧА",0.09,5% от среднегодовой СЧА,5.0,не предусмотрено,не предусмотрено,не предусмотрено,не предусмотрено,,,,,12723946.98435,46990.0,46979.0,24.01,305477538.93,643-RUB
6126,БПИФ рыночных финансовых инструментов «Т-Капитал Акции роста»,RU000A108BL2,Биржевой,Фонд рыночных финансовых инструментов,Сформирован,ООО «Т-Капитал»,7743304530,https://t-capital-funds.ru/,активная,не предусмотрено,не предусмотрено,2% от среднегодовой СЧА,2.0,True,nav,не предусмотрено,False,"не более 0,059% от среднегодовой СЧА",0.059,"0,04% от среднегодовой СЧА",0.04,не предусмотрено,не предусмотрено,не предусмотрено,не предусмотрено,0.004024417815962,-0.1313668727016665,-0.2089352833247234,-0.3182788105801261,68156116.74998,59922.0,59907.0,4.4408,302665128.97,643-RUB
6919,БПИФ рыночных финансовых инструментов «ПСБ – Золотой рынок»,RU000A10B5N4,Биржевой,Фонд рыночных финансовых инструментов,Сформирован,"ООО ""УК ПРОМСВЯЗЬ""",7718218817,https://www.upravlyaem.ru,активная,не предусмотрено,не предусмотрено,"0,75% от среднегодовой СЧА",0.75,True,nav,не предусмотрено,False,"не более 0,28% от среднегодовой СЧА",0.28,"0,2% от среднегодовой СЧА",0.2,не предусмотрено,не предусмотрено,не предусмотрено,не предусмотрено,0.0148156927817945,-0.0727960457614924,-0.1619614916733084,0.2240171551107936,24581445.83784,3727.0,3722.0,11.9868,294653684.4,643-RUB
5955,БПИФ рыночных финансовых инструментов «Альфа-Капитал Умный портфель»,RU000A107KJ9,Биржевой,Фонд рыночных финансовых инструментов,Сформирован,"ООО УК ""Альфа-Капитал""",7728142469,https://www.alfacapital.ru,пассивная,Альфа-Капитал Умный портфель,"• не более 10% по модулю — за период с даты истечения 1 месяца с даты завершения формирования фонда до каждой даты определения расчетной стоимости пая (если с даты завершения прошло более 1, но менее 13 месяцев) • не более 10% по модулю — за 250 рабочих дней (если с даты завершения прошло не менее 13 месяцев)","1,2% от среднегодовой СЧА",1.2,True,nav,не предусмотрено,False,"не более 0,13% от среднегодовой СЧА",0.13,1% от среднегодовой СЧА,1.0,не предусмотрено,не предусмотрено,не предусмотрено,не предусмотрено,-0.0073249947595094,-0.0667365977981115,-0.1141580620279249,-0.016281431322617,24729416.0,95857.0,95854.0,11.88636,293942758.46,643-RUB
4580,БПИФ рыночных финансовых инструментов «Альфа-Капитал Квант»,RU000A103NR5,Биржевой,Фонд рыночных финансовых инструментов,Сформирован,"ООО УК ""Альфа-Капитал""",7728142469,https://www.alfacapital.ru,активная,Индекс Мосбиржи (IMOEX),не предусмотрено,"2,5% от среднегодовой СЧА",2.5,True,nav,не предусмотрено,False,"не более 0,13% от среднегодовой СЧА",0.13,"0,14% от среднегодовой СЧА",0.14,не предусмотрено,не предусмотрено,не предусмотрено,не предусмотрено,-0.0211877403455813,-0.1020942841651685,-0.1658200347030293,-0.1502693307771901,4565171.85245,10770.0,10764.0,62.93062,287289103.91,643-RUB
6938,БПИФ рыночных финансовых инструментов «Первая – Фонд Голубые фишки»,RU000A10B7P5,Биржевой,Фонд рыночных финансовых инструментов,Сформирован,АО УК «Первая»,7710183778,https://www.first-am.ru,пассивная,Индекс МосБиржи – голубых фишек полной доходности «брутто» (MEBCTR),"• не более 0,5% по модулю — за 20 рабочих дней • не более 3% по модулю — за 250 рабочих дней","0,8% от среднегодовой СЧА",0.8,True,nav,не предусмотрено,False,"не более 0,1% от среднегодовой СЧА",0.1,"0,2% от среднегодовой СЧА",0.2,не предусмотрено,не предусмотрено,"1,5% — при выдаче инвестиционных паев после завершения формирования фонда, но не более 1,5% от расчетной стоимости пая",не предусмотрено,-0.0268304831479329,-0.133236720690879,-0.1691064593866655,-0.1150644671021509,32341889.0,10473.0,10471.0,8.7921,284353157.56,643-RUB
0913,ЗПИФ рыночных финансовых инструментов «Первая – Финансовый сектор»,RU000A0JPFK1,Закрытый,Фонд рыночных финансовых инструментов,Сформирован,АО УК «Первая»,7710183778,https://www.first-am.ru,активная,не предусмотрено,не предусмотрено,не более 1% от среднегодовой СЧА,1.0,False,nav,не предусмотрено,False,"не более 0,15% от среднегодовой СЧА",0.15,"0,5% от среднегодовой СЧА",0.5,не предусмотрено,не предусмотрено,не предусмотрено,не предусмотрено,,,,,586050.1005262,5978.0,5977.0,484.8,284115783.96,643-RUB
1513,"ЗПИФ недвижимости ""Финансы и недвижимость""",-,Закрытый,Недвижимости,Сформирован,"ООО УК ""Прогресс-Финанс""",7701640763,https://www.progress-finance.ru,активная,не предусмотрено,не предусмотрено,522 000 руб. в месяц,522.0,True,fixed,не предусмотрено,False,"не более 0,4% от среднегодовой СЧА",0.4,50% от среднегодовой СЧА,50.0,предусмотрено,месяц,не предусмотрено,не предусмотрено,0.0166815916949747,0.0536941346642101,0.1048855246365918,0.1962408318053219,100.0,3.0,3.0,2748290.57,274829056.66,643-RUB
7347,ЗПИФ недвижимости «Современный 10»,RU000A10D822,Закрытый,Недвижимости,Сформирован,ООО «СФН»,7730257675,https://sfn-am.ru,активная,не предусмотрено,не предусмотрено,1% от среднегодовой СЧА,1.0,True,nav,"20% от дохода от ДУ, но не более 10% от начисленного за отчетный год дохода",True,"• до 31.12.2026: 0,5% от среднегодовой СЧА • с 01.01.2027 по 31.12.2027: 0,3% от среднегодовой СЧА • с 01.01.2028: 0,2% от среднегодовой СЧА",0.2,• до 31.12.2026: 50% от среднегодовой СЧА • с 01.01.2027: 25% от среднегодовой СЧА,25.0,предусмотрено,квартал,"• не более 1,5% — при подаче заявки на приобретение инвестиционных паев Управляющей компании номинальными держателями • не взимается — в иных случаях",не предусмотрено,0.0098463237324007,0.0301323570825119,0.063578212831944,,2501000.0,1526.0,1523.0,109.74,274452596.49,643-RUB
6107,ОПИФ рыночных финансовых инструментов «Альфа-Капитал Новые имена»,RU000A1089P1,Открытый,Фонд рыночных финансовых инструментов,Сформирован,"ООО УК ""Альфа-Капитал""",7728142469,https://www.alfacapital.ru,активная,не предусмотрено,не предусмотрено,"4,5% от среднегодовой СЧА",4.5,True,nav,не предусмотрено,False,"не более 0,09% от среднегодовой СЧА",0.09,"0,07% от среднегодовой СЧА",0.07,не предусмотрено,не предусмотрено,"• 1,4% — при подаче заявки УК при сумме менее 500 тыс. руб. • 0,9% — при подаче заявки УК при сумме от 500 тыс. руб. до 3 млн руб. • 0,5% — при подаче заявки УК при сумме от 3 млн руб. • не взимается — при подаче заявки УК номинальным держателем или доверительным управляющим • 1,4% — при подаче заявки агенту АО «АЛЬФА-БАНК» при сумме менее 500 тыс. руб. • 0,9% — при подаче заявки агенту АО «АЛЬФА-БАНК» при сумме от 500 тыс. руб. до 3 млн руб. • 0,5% — при подаче заявки агенту АО «АЛЬФА-БАНК» при сумме от 3 млн руб.","• 1,5% — при сроке владения до 365 дней (для паев, приобретенных через УК или агентов, не учитываемых на ИИС, или для паев на ИИС при сроке владения до 365 дней с даты открытия ИИС) • 1% — при сроке владения 366–730 дней (для паев, приобретенных через УК или агентов, не учитываемых на ИИС, или для паев на ИИС при сроке владения 366–730 дней с даты открытия ИИС) • не взимается — при сроке владения 731 день и более (для паев, приобретенных через УК или агентов, не учитываемых на ИИС, или для паев на ИИС при сроке владения 731 день и более с даты открытия ИИС) • не взимается — при погашении паев в случае особой жизненной ситуации • не взимается — при подаче заявки номинальным держателем или доверительным управляющим",0.018778059168873,-0.0493702838422084,-0.1153413634546182,-0.1166988958892146,386361.33183,4611.0,4606.0,708.01,273548081.7,643-RUB
0645,ИПИФ рыночных финансовых инструментов «Инвестбаланс»,RU000A0JP4U1,Интервальный,Фонд рыночных финансовых инструментов,Сформирован,"ООО УК ""Альфа-Капитал""",7728142469,https://www.alfacapital.ru,активная,не предусмотрено,не предусмотрено,4% от среднегодовой СЧА,4.0,True,nav,не предусмотрено,False,"не более 0,55% от среднегодовой СЧА",0.55,"0,2% от среднегодовой СЧА",0.2,не предусмотрено,не предусмотрено,не предусмотрено,"• 1,5% — при сроке владения до 180 дней • 0,5% — при сроке владения 181–365 дней • не взимается — при сроке владения более 365 дней • не устанавливается — при подаче заявки номинальным держателем • не устанавливается — при подаче заявки доверительным управляющим",-0.0159123762269035,-0.0800654366770832,-0.1358027953777785,-0.0980786522595305,110.3333853,5.0,5.0,2465808.5,272060999.71,643-RUB
0120,ОПИФ рыночных финансовых инструментов «МКБ Акции»,RU000A0B9QA4,Открытый,Фонд рыночных финансовых инструментов,Сформирован,"АО ""УК МКБ Инвестиции""",7710186602,https://mkb-am.ru,активная,не предусмотрено,не предусмотрено,"не более 2,5% от среднегодовой СЧА",2.5,False,nav,не предусмотрено,False,"не более 0,55% от среднегодовой СЧА",0.55,"0,5% от среднегодовой СЧА",0.5,не предусмотрено,не предусмотрено,"• не взимается — при подаче заявки управляющей компании • 1,5% — при подаче заявки агенту • не взимается — при подаче заявки номинальным держателем или доверительным управляющим","• не взимается — при сроке владения до 30 дней • 2% — при сроке владения более 30 дней, но менее 180 дней • 1% — при сроке владения 180–359 дней • 0,5% — при сроке владения 360–719 дней • не взимается — при сроке владения 720 дней и более • не взимается — при стоимости погашения 6 млн руб. и более по одной заявке • не взимается — при подаче заявки номинальным держателем или доверительным управляющим",-0.0190243522370555,-0.0778031352941289,-0.0949866027558693,-0.0432067194120514,13909.53828,546.0,545.0,19137.54,266194292.86,643-RUB
6833,БПИФ рыночных финансовых инструментов «СОЛИД – Денежный поток»,RU000A10ASR4,Биржевой,Фонд рыночных финансовых инструментов,Сформирован,АО «СОЛИД Менеджмент»,7706150949,https://solid-mn.ru/,активная,RUFLBITR (MOEX Floater Bond index RUFLBITR),не предусмотрено,"0,9% от среднегодовой СЧА",0.9,True,nav,не предусмотрено,False,"не более 0,1% от среднегодовой СЧА",0.1,"0,2% от среднегодовой СЧА",0.2,предусмотрено,месяц,не предусмотрено,не предусмотрено,0.0158042950934978,0.040801919902525,0.0776018247795562,0.1604848271966723,263478.31573,199.0,192.0,1001.9,263979120.18,643-RUB
4265,ЗПИФ недвижимости «Альфа-Капитал ФастФуд»,RU000A102PN1,Закрытый,Недвижимости,Сформирован,"ООО УК ""Альфа-Капитал""",7728142469,https://www.alfacapital.ru,активная,не предусмотрено,не предусмотрено,2% от среднегодовой СЧА,2.0,True,nav,не предусмотрено,False,"не более 0,5% от среднегодовой СЧА",0.5,10% от среднегодовой СЧА,10.0,предусмотрено,квартал,"0,5% — при выдаче инвестиционных паев после завершения формирования фонда; не взимается — при подаче заявки номинальным держателем или доверительным управляющим",не предусмотрено,0.0059127134982329,-0.0374480955984702,-0.0177994850308258,0.0254041427757262,851.2298,182.0,182.0,305434.26,259994739.85,643-RUB
3863,ОПИФ рыночных финансовых инструментов «Лидар»,RU000A101319,Открытый,Фонд рыночных финансовых инструментов,Сформирован,"АО ""Управляющая Компания ТРИНФИКО""",7701155020,https://www.trinfico-am.ru,активная,не предусмотрено,не предусмотрено,не более 3% от среднегодовой СЧА,3.0,False,nav,не предусмотрено,False,не более 1% от среднегодовой СЧА,1.0,1% от среднегодовой СЧА,1.0,предусмотрено,квартал,"• 1,5% — при подаче заявки управляющей компании или агенту • не взимается — при подаче заявки через финансовую платформу «Финуслуги»",• 3% — при сроке владения до 365 дней включительно • 2% — при сроке владения 366–730 дней включительно • 1% — при сроке владения более 730 дней,0.0035574678703001,-0.0080045405539113,-0.0255046802010949,0.0310860195346131,358481.24958,469.0,468.0,713.71,255851654.49,643-RUB
1970,ОПИФ рыночных финансовых инструментов «САН – Смешанные инвестиции»,-,Открытый,Фонд рыночных финансовых инструментов,Сформирован,"ООО ""Управляющая компания ""САН""",7721607806,https://www.uksun.ru,активная,не предусмотрено,не предусмотрено,1% от среднегодовой СЧА,1.0,True,nav,не предусмотрено,False,"не более 3,85% от среднегодовой СЧА",3.85,10% от среднегодовой СЧА,10.0,не предусмотрено,не предусмотрено,не предусмотрено,"• 1,5% — при сроке владения до 182 дней • 0,5% — при сроке владения 183–366 дней • не взимается — при сроке владения более 366 дней • не взимается — при подаче заявки номинальным держателем",0.0248069747681851,-0.0853602818573191,-0.1320864769192263,-0.0952196794792645,65633.00119,5.0,4.0,3883.67,254896649.14,643-RUB
4184,ЗПИФ недвижимости «АКТИВО ПЯТНАДЦАТЬ»,-,Закрытый,Недвижимости,Сформирован,"ООО УК ""Альфа-Капитал""",7728142469,https://www.alfacapital.ru,активная,не предусмотрено,не предусмотрено,"0,5% от среднегодовой СЧА, но не менее 1 350 000 руб. в год",0.5,True,mixed,не предусмотрено,False,"не более 0,41% от среднегодовой СЧА",0.41,50% от среднегодовой СЧА,50.0,предусмотрено,месяц,не предусмотрено,не предусмотрено,0.0048331478051951,-0.0432022497515259,-0.036752578544811,-0.034690564425425,1088.0,150.0,149.0,232990.25,253493395.3,643-RUB
6720,"БПИФ рыночных финансовых инструментов ""ДОХОДЪ. Стратегии денежного рынка""",RU000A10A7V4,Биржевой,Фонд рыночных финансовых инструментов,Сформирован,ООО «УК «ДОХОДЪ»,7826685368,https://www.dohod.ru,активная,не предусмотрено,не предусмотрено,"0,48% от среднегодовой СЧА",0.48,True,nav,не предусмотрено,False,"не более 0,1% от среднегодовой СЧА",0.1,"0,01% от среднегодовой СЧА",0.01,не предусмотрено,не предусмотрено,не предусмотрено,не предусмотрено,0.0172593757810088,0.0403385855184027,0.0875612976235383,0.1873975752687712,182146.45591,1412.0,1406.0,1383.9,252072088.96,643-RUB
3307,ЗПИФ недвижимости «Активо пять»,RU000A0ZZLL2,Закрытый,Недвижимости,Сформирован,"ООО УК ""Альфа-Капитал""",7728142469,https://www.alfacapital.ru,активная,не предусмотрено,не предусмотрено,"0,5% от среднегодовой СЧА",0.5,True,nav,не предусмотрено,False,"1,5% от среднегодовой СЧА",1.5,30% от среднегодовой СЧА,30.0,предусмотрено,месяц,не предусмотрено,не предусмотрено,0.0049453538115463,0.0097472284698071,0.0455682365271593,0.2154974161636212,483.54667,146.0,145.0,515522.85,249279359.37,643-RUB
1443,"ЗПИФ недвижимости ""Инженер""",RU000A0JQSP1,Закрытый,Недвижимости,Сформирован,"ООО ""ТрастЮнион АйЭм""",7705794926,https://www.trustunionam.ru,активная,не предусмотрено,не предусмотрено,"• 1,5% от среднегодовой СЧА — до 01.12.2020 • 470 тыс. руб. в месяц — с 01.12.2020 по 28.02.2021 • 430 тыс. руб. в месяц — с 01.03.2021 по 31.07.2026 • 600 тыс. руб. в месяц — с 01.08.2026, но не более 5% от среднегодовой СЧА",5.0,False,mixed,не предусмотрено,False,не более 5% от среднегодовой СЧА,5.0,40% от среднегодовой СЧА,40.0,предусмотрено,месяц,не предусмотрено,не предусмотрено,0.005844265133474,0.0643801600445454,-0.0335958424796426,0.0061556979392636,47555.459,1.0,1.0,5199.38,247258852.72,643-RUB
5649,БПИФ рыночных финансовых инструментов «Первая – Фонд Акции средней и малой капитализации»,RU000A106XY3,Биржевой,Фонд рыночных финансовых инструментов,Сформирован,АО УК «Первая»,7710183778,https://www.first-am.ru,пассивная,Индекс МосБиржи средней и малой капитализации полной доходности «брутто» (MESMTR),не более 10% по модулю — за 250 рабочих дней,1% от среднегодовой СЧА,1.0,True,nav,не предусмотрено,False,"не более 0,4% от среднегодовой СЧА",0.4,"0,3% от среднегодовой СЧА",0.3,не предусмотрено,не предусмотрено,"1,5% — при выдаче инвестиционных паев после завершения формирования фонда, но не более 1,5% от расчетной стоимости пая",не предусмотрено,0.0338281517443128,-0.1005821036956815,-0.1850052746497878,-0.1757028361579117,36801646.0,15409.0,15403.0,6.644,244508836.55,643-RUB
2476,"Рентный ЗПИФ ""Региональная недвижимость""",RU000A0JVGM3,Закрытый,Рентный,В стадии прекращения,ООО «ГКГ»,7840105594,https://www.am-gcg.ru,активная,не предусмотрено,не предусмотрено,не более 750 тыс. руб. в месяц,750.0,True,fixed,не предусмотрено,False,не более 4% от среднегодовой СЧА,4.0,20% от среднегодовой СЧА,20.0,предусмотрено,месяц,не предусмотрено,не предусмотрено,,,,,50.0,1.0,,4823135.17,241156758.37,643-RUB
5794,ЗПИФ рыночных финансовых инструментов «Заблокированные активы паевого инвестиционного фонда «Первая – Фонд Взвешенный смарт»»,RU000A1079T4,Закрытый,Фонд рыночных финансовых инструментов,Сформирован,АО УК «Первая»,7710183778,https://www.first-am.ru,активная,не предусмотрено,не предусмотрено,не более 1% от среднегодовой СЧА,1.0,False,nav,не предусмотрено,False,"не более 0,15% от среднегодовой СЧА",0.15,"0,11% от среднегодовой СЧА",0.11,не предусмотрено,не предусмотрено,не предусмотрено,не предусмотрено,,,,,46846930.55761,5502.0,5499.0,5.13,240437308.94,643-RUB
3147,ЗПИФ недвижимости «Центральная Управляющая Компания. Недвижимость.»,-,Закрытый,Недвижимости,Сформирован,"ООО ""УК ""Джи Пи Ай""",7725616128,https://www.ocgpi.ru,активная,не предусмотрено,не предусмотрено,"300 тыс. руб. в месяц, но не более 7% от среднегодовой СЧА",7.0,False,mixed,не предусмотрено,False,не более 3% от среднегодовой СЧА,3.0,30% от среднегодовой СЧА,30.0,не предусмотрено,не предусмотрено,не предусмотрено,не предусмотрено,0.002163278829101,0.0072869735553379,0.0126095375627687,0.0608963558465316,150353.24342,1.0,,1542.66,231944169.56,643-RUB
1438,"ЗПИФ рентный ""Своя земля-рентный""",RU000A0JR4R5,Закрытый,Рентный,Сформирован,"ООО ""УК ""ТДУ""",7705877530,https://www.uktdu.ru,активная,не предусмотрено,не предусмотрено,1 000 000 руб. в месяц,1.0,True,fixed,не предусмотрено,False,"не более 1,5% от среднегодовой СЧА",1.5,30% от среднегодовой СЧА,30.0,предусмотрено,месяц,не предусмотрено,не предусмотрено,-0.519707763111928,-0.5580943596623623,-0.5450739483224953,-0.6922320742045687,715328.7783,6.0,6.0,316.21,226193691.16,643-RUB
3121,ЗПИФ рентный «Земельный»,RU000A0ZZLB3,Закрытый,Рентный,Сформирован,ООО УК «АК БАРС КАПИТАЛ»,1435126890,https://www.akbars-capital.ru,активная,не предусмотрено,не предусмотрено,"2 100 000 руб. в год, но не более 2,3% от среднегодовой СЧА",2.3,False,mixed,не предусмотрено,False,"не более 2 000 000 руб. в год, но не более 1,4% от среднегодовой СЧА",1.4,"0,9% от среднегодовой СЧА",0.9,предусмотрено,год,не предусмотрено,не предусмотрено,-0.0011857707509881,-0.0047262701851122,-0.160743938890734,-0.4042010146008164,4360441.14301,1.0,,50.54,220382732.42,643-RUB
5095,"ОПИФ рыночных финансовых инструментов ""Фонд природных ресурсов""",-,Открытый,Фонд рыночных финансовых инструментов,Сформирован,АО «ААА Управление Капиталом»,7722515837,https://aaacapital.ru,активная,не предусмотрено,не предусмотрено,3% от среднегодовой СЧА,3.0,True,nav,не предусмотрено,False,"не более 0,5% от среднегодовой СЧА",0.5,"0,5% от среднегодовой СЧА",0.5,не предусмотрено,не предусмотрено,"• 1,5% — при подаче заявки агентам, через Цифровые каналы с оплатой картой не Банка ГПБ (АО), или в бумажной форме при сумме менее 5 млн руб. • не взимается — при подаче заявки в бумажной форме на сумму от 5 млн руб., через Цифровые каналы любым способом, кроме карты не Банка ГПБ (АО), от доверительного управляющего или номинального держателя",• 2% — при сроке владения до 182 дней • 1% — при сроке владения 183–1096 дней • не взимается — при сроке владения более 1096 дней • не взимается — при подаче заявки номинальным держателем или доверительным управляющим,-0.0304430407703521,-0.15791452466815,-0.1972248229855462,-0.1340823556330527,199341.36739,645.0,645.0,1097.49,218775452.14,643-RUB
2451,ЗПИФ недвижимости «Пятый Земельный»,RU000A0JTPA3,Закрытый,Недвижимости,Сформирован,"АО УК ""Виктори Эссет Менеджмент""",7702602471,https://www.victory-am.ru,активная,не предусмотрено,не предусмотрено,"10 000 руб. в месяц, но не более 8,5% от среднегодовой СЧА",8.5,False,mixed,не предусмотрено,False,"не более 1,5% от среднегодовой СЧА",1.5,50% от среднегодовой СЧА,50.0,не предусмотрено,не предусмотрено,не предусмотрено,не предусмотрено,0.003179330139956,0.0042514495708708,0.0128397863187254,0.0549832578294268,100000.0,1.0,,2142.46,214245531.43,643-RUB
1009,ОПИФ рыночных финансовых инструментов «Атон - Фонд высоких технологий»,RU000A0JSA07,Открытый,Фонд рыночных финансовых инструментов,Сформирован,"ООО ""УК ""Атон-менеджмент""",7701253764,https://www.am-aton.ru,активная,Индекс Мосбиржи,не предусмотрено,"4,2% от среднегодовой СЧА",4.2,True,nav,не предусмотрено,False,"не более 0,5% от среднегодовой СЧА",0.5,5% от среднегодовой СЧА,5.0,не предусмотрено,не предусмотрено,не предусмотрено,• 2% — при сроке владения до 365 дней • 1% — при сроке владения 366–730 дней • не взимается — при сроке владения более 730 дней • не взимается — при подаче заявки доверительным управляющим • не взимается — при подаче заявки номинальным держателем,0.0103020039514535,-0.1198888643013449,-0.1836385613610966,-0.2302647141044664,583998.44216,846.0,840.0,357.95,209043421.58,643-RUB
0998,ОПИФ рыночных финансовых инструментов «ВИМ - Перспективные размещения»,RU000A0JU8K6,Открытый,Фонд рыночных финансовых инструментов,Сформирован,АО ВИМ Инвестиции,7701140866,https://www.wealthim.ru,активная,Индекс МосБиржи IPO полной доходности (MIPOTR),не предусмотрено,"3,5% от среднегодовой СЧА",3.5,True,nav,не предусмотрено,False,"не более 0,132% от среднегодовой СЧА",0.132,"0,1% от среднегодовой СЧА",0.1,не предусмотрено,не предусмотрено,не предусмотрено,"• 2% — паи приобретены до 08.11.2024, срок владения до 180 дней • 1,5% — паи приобретены до 08.11.2024, срок владения 181–365 дней • 1% — паи приобретены до 08.11.2024, срок владения 366–730 дней • 0,5% — паи приобретены до 08.11.2024, срок владения 731–1095 дней • не взимается — паи приобретены до 08.11.2024, срок владения 1095 дней и более • 2,5% — паи приобретены после 08.11.2024, срок владения до 730 дней • 2% — паи приобретены после 08.11.2024, срок владения 731–1095 дней • 1,5% — паи приобретены после 08.11.2024, срок владения 1096–1460 дней • 0,5% — паи приобретены после 08.11.2024, срок владения 1461–1825 дней • не взимается — паи приобретены после 08.11.2024, срок владения 1825 дней и более • не устанавливается — при подаче заявки номинальным держателем • не устанавливается — при подаче заявки доверительным управляющим",0.0353821427926491,-0.0538877032408528,-0.0740314062844868,-0.1338150871185416,118610.91975,2669.0,2669.0,1720.07,204019667.36,643-RUB
3092,ЗПИФ рентный «Активо два»,RU000A0ZZLP3,Закрытый,Рентный,Сформирован,"ООО УК ""Альфа-Капитал""",7728142469,https://www.alfacapital.ru,активная,не предусмотрено,не предусмотрено,"0,5% от среднегодовой СЧА",0.5,True,nav,не предусмотрено,False,"• 0,11% от среднегодовой СЧА — Специализированному депозитарию и Регистратору • не более 1% от среднегодовой СЧА — Оценщикам",1.0,30% от среднегодовой СЧА,30.0,предусмотрено,месяц,не предусмотрено,не предусмотрено,0.019238321453355,0.0621034405244114,0.1147202644093041,0.2451358980901507,130123.0,276.0,272.0,1524.48,198369886.65,643-RUB
2342,ЗПИФ рыночных финансовых инструментов «Рынок драгоценных металлов»,RU000A0JVDG2,Закрытый,Фонд рыночных финансовых инструментов,Сформирован,АО «БКС Управление благосостоянием»,7702172846,https://www.bcswm.ru,активная,не предусмотрено,не предусмотрено,"не более 3,5% от среднегодовой СЧА",3.5,False,nav,не предусмотрено,False,"не более 0,2% от среднегодовой СЧА",0.2,"не более 2,0% от среднегодовой СЧА",2.0,не предусмотрено,не предусмотрено,не предусмотрено,не предусмотрено,,,,,1331938.89662,1188.0,1187.0,148.76,198137715.77,643-RUB
4474,БПИФ рыночных финансовых инструментов «МКБ – Российские Дивидендные Акции»,RU000A103BX8,Биржевой,Фонд рыночных финансовых инструментов,Сформирован,"АО ""УК МКБ Инвестиции""",7710186602,https://mkb-am.ru,пассивная,МКБ - Индекс Дивидендных Акций (полной доходности) (MDIVTR),не более 5% по модулю — за 250 рабочих дней,"0,55% от среднегодовой СЧА",0.55,True,nav,не предусмотрено,False,"0,325% от среднегодовой СЧА",0.325,"0,2% от среднегодовой СЧА",0.2,не предусмотрено,не предусмотрено,не предусмотрено,не предусмотрено,0.0233811367235615,-0.0538869796856254,-0.0795845697329377,-0.0828775021436385,212705.2445,482.0,476.0,930.54,197930222.53,643-RUB
1244,"ЗПИФ недвижимости ""Проектный""",RU000A0JPWL4,Закрытый,Недвижимости,Сформирован,"ООО ""УК ""ОРЕОЛ""",7704750193,https://www.oreol-2010.ru,активная,не предусмотрено,не предусмотрено,"не более 0,85% от среднегодовой СЧА",0.85,False,nav,не предусмотрено,False,"не более 0,5% от среднегодовой СЧА",0.5,10% от среднегодовой СЧА,10.0,предусмотрено,год,не предусмотрено,не предусмотрено,0.0102706091882265,0.0313496469956724,0.0639224868045754,0.1527445680160195,1049.48983,1.0,,186908.65,196158727.4,643-RUB
2984,ОПИФ рыночных финансовых инструментов «ТРИНФИКО ЭКОФИНАНС»,RU000A0JVME8,Открытый,Фонд рыночных финансовых инструментов,Сформирован,"АО ""Управляющая Компания ТРИНФИКО""",7701155020,https://www.trinfico-am.ru,активная,не предусмотрено,не предусмотрено,не более 3% от среднегодовой СЧА,3.0,False,nav,не предусмотрено,False,не более 1% от среднегодовой СЧА,1.0,"0,5% от среднегодовой СЧА",0.5,не предусмотрено,не предусмотрено,"1,5% — при подаче заявки управляющей компании или агенту после завершения формирования фонда",• 3% — при сроке владения до 365 дней включительно • 2% — при сроке владения 366–730 дней включительно • 1% — при сроке владения более 730 дней,0.0038290085689181,-0.0128655341614414,-0.0014994186745781,0.0598578662921825,155836.47931,270.0,268.0,1245.28,194059887.26,643-RUB
1245,ЗПИФ недвижимости «Сибирский» под управлением ООО УК «Парма-Менеджмент»,-,Закрытый,Недвижимости,Сформирован,ООО УК «Парма-Менеджмент»,7706178479,https://www.p-fondy.ru,активная,не предусмотрено,не предусмотрено,350000 руб. в месяц,350000.0,True,fixed,не предусмотрено,False,"не более 0,5% от среднегодовой СЧА",0.5,10% от среднегодовой СЧА,10.0,не предусмотрено,не предусмотрено,не предусмотрено,не предусмотрено,0.0010175403226209,-0.025229174190559,-0.0695960420316371,-0.0570181547868405,426.631407,2.0,,450533.5,192211740.93,643-RUB
3999,ЗПИФ недвижимости «Активо двенадцать»,-,Закрытый,Недвижимости,Сформирован,"ООО УК ""Альфа-Капитал""",7728142469,https://www.alfacapital.ru,активная,не предусмотрено,не предусмотрено,"0,5% от среднегодовой СЧА",0.5,True,nav,не предусмотрено,False,"не более 2,5% от среднегодовой СЧА",2.5,50% от среднегодовой СЧА,50.0,предусмотрено,месяц,не предусмотрено,не предусмотрено,0.0105773424618204,0.0261405519096726,0.0951594143642304,0.2381470661171907,530.0,149.0,148.0,361406.6,191545495.65,643-RUB
7939,БПИФ рыночных финансовых инструментов «Т-Капитал Накопительный»,RU000A10FLY4,Биржевой,Фонд рыночных финансовых инструментов,Сформирован,ООО «Т-Капитал»,7743304530,https://t-capital-funds.ru/,активная,ставка RUONIA (Ruble Overnight Index Average),не предусмотрено,"0,1% от среднегодовой СЧА",0.1,True,nav,не предусмотрено,False,"не более 0,05% от среднегодовой СЧА",0.05,"0,1% от среднегодовой СЧА",0.1,не предусмотрено,не предусмотрено,не предусмотрено,не предусмотрено,,,,,37084286.69385,621.0,618.0,5.0268,186415320.32,643-RUB
5230,БПИФ рыночных финансовых инструментов «Первая - Фонд Сберегательный в юанях»,RU000A105PU9,Биржевой,Фонд рыночных финансовых инструментов,Сформирован,АО УК «Первая»,7710183778,https://www.first-am.ru,пассивная,RUSFARCNY (Russian Secured Funding Average Rate CNY),не более 5% по модулю — за 250 рабочих дней,"0,3% от среднегодовой СЧА",0.3,True,nav,не предусмотрено,False,"не более 0,1% от среднегодовой СЧА",0.1,"0,3% от среднегодовой СЧА",0.3,не предусмотрено,не предусмотрено,"1,5% — при выдаче инвестиционных паев после завершения формирования фонда, но не более 1,5% от расчетной стоимости пая",не предусмотрено,0.0012949773378966,0.0017582824356838,0.0161456866610345,0.0132921464008237,169094426.0,24049.0,24028.0,1.0825,183050274.99,156-CNY
4444,БПИФ рыночных финансовых инструментов «ДОХОДЪ Индекс акций роста»,RU000A1037V8,Биржевой,Фонд рыночных финансовых инструментов,Сформирован,ООО «УК «ДОХОДЪ»,7826685368,https://www.dohod.ru,пассивная,ДОХОДЪ Индекс акций роста РФ (полной доходности) (IRGROTR),не более 5% по модулю — за 250 рабочих дней,"0,5% от среднегодовой СЧА",0.5,True,nav,не предусмотрено,False,"не более 0,4% от среднегодовой СЧА",0.4,"0,09% от среднегодовой СЧА",0.09,не предусмотрено,не предусмотрено,не предусмотрено,не предусмотрено,-0.0276405082109379,-0.1152208221648839,-0.1595697850114811,-0.1299865751973692,259086.01946,3951.0,3944.0,706.39,183015197.69,643-RUB
0603,"ЗПИФ недвижимости ""Созидатель""",RU000A0JPMS0,Закрытый,Недвижимости,Сформирован,"ООО ""УК ""РЕКОРД КАПИТАЛ""",7718919844,https://www.recordcap.ru,активная,индекс потребительских цен,не предусмотрено,"0,7% от среднегодовой СЧА, но не менее 115 000 руб. в месяц",0.7,True,mixed,не предусмотрено,False,"не более 2,5% от среднегодовой СЧА",2.5,10% от среднегодовой СЧА,10.0,предусмотрено,квартал,не предусмотрено,не предусмотрено,0.0153892254679191,0.0489558114338007,0.1208751452094448,0.2632743631876113,75700431.376,5.0,4.0,2.41,182631662.84,643-RUB
6918,БПИФ рыночных финансовых инструментов «БКС Всепогодный портфель»,RU000A10B5P9,Биржевой,Фонд рыночных финансовых инструментов,Сформирован,"АО УК ""БКС""",5407191291,https://bcs.ru/am,пассивная,Индекс МосБиржи Всепогодный (MOEXALLW),не более 10% по модулю — за 1 день,"1,8% от среднегодовой СЧА",1.8,True,nav,не предусмотрено,False,"не более 0,18% от среднегодовой СЧА",0.18,"0,5% от среднегодовой СЧА",0.5,не предусмотрено,не предусмотрено,не предусмотрено,не предусмотрено,-0.0072196312124134,-0.0278922453742168,-0.035930341991453,0.0145096339113678,17156842.34791,7494.0,7490.0,10.53061,180672005.68,643-RUB
0491,"ЗПИФ рентный ""Югра Рентный Фонд""",RU000A0JNPC2,Закрытый,Рентный,Сформирован,"ООО ""УК ""ОРЕОЛ""",7704750193,https://www.oreol-2010.ru,активная,не предусмотрено,не предусмотрено,"1,57% от среднегодовой СЧА",1.57,True,nav,не предусмотрено,False,не более 6% от среднегодовой СЧА,6.0,43% от среднегодовой СЧА,43.0,предусмотрено,год,не предусмотрено,не предусмотрено,0.0045256673511293,0.0156270760808907,0.0336268257351537,0.1426443919789449,14479.97638,5.0,3.0,12230.1,177091573.4,643-RUB
3029,ЗПИФ рентный «Активо один»,RU000A0ZZLR9,Закрытый,Рентный,Сформирован,"ООО УК ""Альфа-Капитал""",7728142469,https://www.alfacapital.ru,активная,не предусмотрено,не предусмотрено,"0,5% от среднегодовой СЧА",0.5,True,nav,не предусмотрено,False,"не более 1,5% от среднегодовой СЧА",1.5,10% от среднегодовой СЧА,10.0,предусмотрено,месяц,не предусмотрено,не предусмотрено,0.0094805940041388,0.0216724247049016,0.0551897820671201,0.1160501836905664,160000.0,77.0,76.0,1106.61,177057254.99,643-RUB
4098,БПИФ рыночных финансовых инструментов «Т-Капитал Золото»,RU000A101X50,Биржевой,Фонд рыночных финансовых инструментов,Сформирован,ООО «Т-Капитал»,7743304530,https://t-capital-funds.ru/,активная,Процентное изменение публикуемой Банком России учетной цены 1 грамма аффинированного золота,не предусмотрено,2% от среднегодовой СЧА,2.0,True,nav,не предусмотрено,False,"не более 0,059% от среднегодовой СЧА",0.059,"0,31% от среднегодовой СЧА",0.31,не предусмотрено,не предусмотрено,не предусмотрено,не предусмотрено,-0.0137672090112641,-0.1345414607358595,-0.2108162243365048,0.2255054432348367,1114335265.39519,1435458.0,1435417.0,0.1576,175599380.95,840-USD
0133,ЗПИФ рыночных финансовых инструментов «XXII век»,RU000A0JP708,Закрытый,Фонд рыночных финансовых инструментов,Сформирован,"АО УК ""БКС""",5407191291,https://bcs.ru/am,активная,не предусмотрено,не предусмотрено,"не более 3,9% от среднегодовой СЧА",3.9,False,nav,не предусмотрено,False,"не более 0,2% от среднегодовой СЧА",0.2,1% от среднегодовой СЧА,1.0,не предусмотрено,не предусмотрено,не предусмотрено,не предусмотрено,,,,,1164038.92757,8316.0,8309.0,145.6,169485942.21,643-RUB
6580,БПИФ рыночных финансовых инструментов «Альфа-Капитал ИТ Лидеры»,RU000A109VF0,Биржевой,Фонд рыночных финансовых инструментов,Сформирован,"ООО УК ""Альфа-Капитал""",7728142469,https://www.alfacapital.ru,активная,Индекс МосБиржи – активное управление (IMOEX W),не предусмотрено,2% от среднегодовой СЧА,2.0,True,nav,не предусмотрено,False,"не более 0,13% от среднегодовой СЧА",0.13,"0,07% от среднегодовой СЧА",0.07,не предусмотрено,не предусмотрено,не предусмотрено,не предусмотрено,0.0377823970914635,-0.0564651090999528,-0.1104789599399588,-0.0951520898933928,1780855.70127,8938.0,8933.0,90.34891,160898362.69,643-RUB
7156,ОПИФ рыночных финансовых инструментов «Дженерал Инвест российские облигации»,RU000A10C6R2,Открытый,Фонд рыночных финансовых инструментов,Сформирован,ООО УК «ДЖЕНЕРАЛ-ИНВЕСТ»,9725144687,https://amgeneralinvest.ru/,активная,Композитный Индекс Облигаций (RUABITR),не предусмотрено,"1,79% от среднегодовой СЧА",1.79,True,nav,не предусмотрено,False,"не более 0,26% от среднегодовой СЧА",0.26,3% от среднегодовой СЧА,3.0,не предусмотрено,не предусмотрено,не предусмотрено,"• 1% — при сроке владения до 364 дней • не взимается — при сроке владения 365 дней и более, а также для юридических лиц, номинальных держателей и доверительных управляющих",0.0254261774053742,-0.0015941485371343,0.0461825685368969,,1498342.90859,19.0,17.0,106.47,159534335.09,643-RUB
6709,ОПИФ рыночных финансовых инструментов «ДОХОДЪ. Золото»,RU000A10A745,Открытый,Фонд рыночных финансовых инструментов,Сформирован,ООО «УК «ДОХОДЪ»,7826685368,https://www.dohod.ru,пассивная,учетная цена 1 грамма аффинированного золота,не более 20% по модулю — за 250 рабочих дней,1% от среднегодовой СЧА,1.0,True,nav,не предусмотрено,False,"не более 0,5% от среднегодовой СЧА",0.5,"не более 0,5% от среднегодовой СЧА",0.5,не предусмотрено,не предусмотрено,"• 1,5% — при подаче заявки после завершения формирования фонда • не взимается — при подаче заявки через финансовую платформу ПАО «Московская биржа ММВБ-РТС»","• 3% — при сроке владения до 1825 дней, для всех лиц, кроме лицензированных профучастников / УК / НПФ • 1,5% — при сроке владения до 10 дней, для лиц с лицензией профучастника / УК / НПФ • не устанавливается — при сроке владения более 1825 дней, для всех лиц, кроме лицензированных профучастников / УК / НПФ • не устанавливается — при сроке владения более 10 дней, для лиц с лицензией профучастника / УК / НПФ • не устанавливается — при подаче заявки УК как доверительным управляющим",0.0134476898007814,-0.0754913008383482,-0.1689523631635285,0.1874826775614112,137046.56123,2976.0,2976.0,1156.81,158537327.87,643-RUB
4427,БПИФ рыночных финансовых инструментов «Первая – Фонд Моя цель 2035»,RU000A1035R0,Биржевой,Фонд рыночных финансовых инструментов,Сформирован,АО УК «Первая»,7710183778,https://www.first-am.ru,активная,Индекс MXTDFI2035 – «Индекс МосБиржи с целевой датой 2035»,не предусмотрено,1% от среднегодовой СЧА,1.0,True,nav,не предусмотрено,False,"не более 0,2% от среднегодовой СЧА",0.2,"• 0,8% от среднегодовой СЧА — если СЧА менее 300 млн руб. • 0,4% от среднегодовой СЧА — если СЧА равна или превышает 300 млн руб.",0.4,не предусмотрено,не предусмотрено,"1,5% — при выдаче инвестиционных паев после завершения формирования фонда, но не более 1,5% от расчетной стоимости пая",не предусмотрено,-0.0163610409575053,-0.0851715686274511,-0.0946637919417868,-0.0148826979472142,58458787.0,15750.0,15745.0,2.6874,157101046.82,643-RUB
0288,ОПИФ рыночных финансовых инструментов «Премиум»,RU000A0JUKU0,Открытый,Фонд рыночных финансовых инструментов,Сформирован,"ООО ""Северо-западная управляющая компания""",7810152808,https://www.szuk.ru,активная,не предусмотрено,не предусмотрено,"8,75% от среднегодовой СЧА",8.75,True,nav,не предусмотрено,False,"не более 1,15% от среднегодовой СЧА",1.15,10% от среднегодовой СЧА,10.0,не предусмотрено,не предусмотрено,"• 1,5% — при сумме менее 50 тыс. руб. • 1,2% — при сумме от 50 тыс. руб. до 100 тыс. руб. • не взимается — при сумме от 100 тыс. руб.",• 3% — при подаче заявки управляющей компании • не взимается — при подаче заявки номинальным держателем на основании поручения владельца паев,-0.0284075088352738,-0.1825439323650107,-0.2671290419368985,-0.2589310511416016,48386.13835,981.0,980.0,3175.31,153641058.42,643-RUB
4162,БПИФ рыночных финансовых инструментов «Первая – Фонд Ответственные инвестиции»,RU000A1024P8,Биржевой,Фонд рыночных финансовых инструментов,Сформирован,АО УК «Первая»,7710183778,https://www.first-am.ru,активная,"Индекс МосБиржи – РСПП Вектор устойчивого развития российских эмитентов, полной доходности (MRSVRT)",не предусмотрено,"0,7% от среднегодовой СЧА",0.7,True,nav,не предусмотрено,False,"не более 0,2% от среднегодовой СЧА",0.2,"0,4% от среднегодовой СЧА",0.4,не предусмотрено,не предусмотрено,"1,5% — при выдаче инвестиционных паев после завершения формирования фонда, но не более 1,5% от расчетной стоимости пая",не предусмотрено,0.0050352467270897,-0.0976491862567811,-0.1779242174629325,-0.1403962101636519,15015970.0,16516.0,16512.0,9.98,149862305.78,643-RUB
7306,БПИФ рыночных финансовых инструментов «Финам Облигационный с выплатой»,RU000A10CTD8,Биржевой,Фонд рыночных финансовых инструментов,Сформирован,"ООО ""УК ""Финам Менеджмент""",7744002606,https://www.fdu.ru,активная,не предусмотрено,не предусмотрено,"0,5% от среднегодовой СЧА",0.5,True,nav,не предусмотрено,False,"не более 0,2% от среднегодовой СЧА",0.2,"не более 0,45% от среднегодовой СЧА",0.45,предусмотрено,месяц,не предусмотрено,не предусмотрено,0.014163179349054,0.0389444444444443,0.0799422521655436,,13280236.12045,4243.0,4235.0,11.2206,149011614.4,643-RUB
2622,ОПИФ рыночных финансовых инструментов «Ингосстрах-валютные облигации»,-,Открытый,Фонд рыночных финансовых инструментов,Сформирован,"АО УК ""Ингосстрах - Инвестиции""",7705136973,https://www.ingosinvest-am.ru,активная,Cbonds Индекс замещающих облигаций,не предусмотрено,2% от среднегодовой СЧА,2.0,True,nav,не предусмотрено,False,"не более 0,6% от среднегодовой СЧА",0.6,"1,5% от среднегодовой СЧА",1.5,не предусмотрено,не предусмотрено,"• 1,5% — при подаче заявки агенту или УК, если паи зачисляются на лицевой счет владельца • не взимается — при подаче заявки агенту или УК, если паи зачисляются на лицевой счет номинального держателя или доверительного управляющего",не предусмотрено,0.0247263328169531,0.0677701575863514,0.0780527555049319,0.0410542012842751,61868.5670009,48.0,47.0,2394.56,148147762.13,643-RUB
5930,ЗПИФ рыночных финансовых инструментов «Акции роста (заблокированные активы)»,RU000A107HM9,Закрытый,Фонд рыночных финансовых инструментов,Сформирован,"АО УК ""БКС""",5407191291,https://bcs.ru/am,активная,не предусмотрено,не предусмотрено,не более 4% от среднегодовой СЧА,4.0,False,nav,не предусмотрено,False,"не более 0,2% от среднегодовой СЧА",0.2,"не более 2,0% от среднегодовой СЧА",2.0,не предусмотрено,не предусмотрено,не предусмотрено,не предусмотрено,,,,,2434429.58343,30328.0,30307.0,60.25,146783691.84,643-RUB
4344,ОПИФ рыночных финансовых инструментов «Мировые доходные облигации»,RU000A1033F0,Открытый,Фонд рыночных финансовых инструментов,Сформирован,"АО ""Управляющая Компания ТРИНФИКО""",7701155020,https://www.trinfico-am.ru,активная,не предусмотрено,не предусмотрено,не более 2% от среднегодовой СЧА,2.0,False,nav,не предусмотрено,False,не более 1% от среднегодовой СЧА,1.0,"0,5% от среднегодовой СЧА",0.5,не предусмотрено,не предусмотрено,• 1% — при подаче заявки управляющей компании или агенту • не взимается — при подаче заявки через финансовую платформу «Финуслуги»,• 3% — при сроке владения до 181 дня включительно • 2% — при сроке владения 182–365 дней включительно • 1% — при сроке владения более 365 дней,-0.0004388433615401,0.0393623458688384,0.0432328019674807,0.0034958337324011,137504.25969,118.0,118.0,1047.75,144070041.65,643-RUB
0259,ОПИФ рыночных финансовых инструментов «Мировой баланс»,RU000A0JPR68,Открытый,Фонд рыночных финансовых инструментов,Сформирован,"ООО ""УК ПРОМСВЯЗЬ""",7718218817,https://www.upravlyaem.ru,активная,• 50% Индекс Мосбиржи Замещающих Облигаций в рублях (RURPLRUBTR) • 40% Индекс Мосбиржи Корпоративных Облигаций в рублях (RUCBTRNS) • 10% Индекс Мосбиржи государственных облигаций в рублях (RGBITR),не предусмотрено,"2,95% от среднегодовой СЧА",2.95,True,nav,не предусмотрено,False,"0,29% от среднегодовой СЧА",0.29,"0,6% от среднегодовой СЧА",0.6,не предусмотрено,не предусмотрено,"• 1,5% — при подаче заявки управляющей компании или агенту • 0,5% — при подаче заявки управляющей компании на сумму 10 млн руб. и выше • не взимается — при подаче заявки управляющей компании юридическим лицом, являющимся профессиональным участником рынка ценных бумаг","• 2% — при сроке владения до 180 дней • 1,5% — при сроке владения 181–365 дней • 1% — при сроке владения более 365 дней • не взимается — при сроке владения до 30 дней • не взимается — при подаче заявки юридическим лицом, являющимся профессиональным участником рынка ценных бумаг",0.0082622987353055,0.0388060558226304,0.0501583451445416,0.0460942636868763,19495.09238,4644.0,4644.0,7238.92,141123488.65,643-RUB
2164,ЗПИФ Недвижимости «Межотраслевой»,RU000A0JS363,Закрытый,Недвижимости,В стадии прекращения,"ООО ""ВЕЛЕС ТРАСТ""",7703603950,https://www.veles-trust.ru,активная,не предусмотрено,не предусмотрено,2% от среднегодовой СЧА,2.0,True,nav,не предусмотрено,False,"не более 2,8 млн руб. в год, но не более 5% от среднегодовой СЧА",5.0,30% от среднегодовой СЧА,30.0,предусмотрено,неделя,не предусмотрено,не предусмотрено,,,,,4155605.1968,6.0,3.0,32.95,137576033.67,643-RUB
4452,ЗПИФ рыночных финансовых инструментов «РСХБ - Фонд Глобальной аллокации»,RU000A103BJ7,Закрытый,Фонд рыночных финансовых инструментов,Сформирован,"ООО ""РСХБ Управление Активами""",7704814182,https://www.rshb-am.ru/,активная,не предусмотрено,не предусмотрено,не более 2% от среднегодовой СЧА,2.0,False,nav,не предусмотрено,False,"не более 0,16% от среднегодовой СЧА",0.16,5% от среднегодовой СЧА,5.0,не предусмотрено,не предусмотрено,не предусмотрено,не предусмотрено,,,,,324110.08993,1371.0,1371.0,421.57,136634050.65,643-RUB
0040,"ОПИФ рыночных финансовых инструментов ""Солид -Инвест""",RU000A0EABK3,Открытый,Фонд рыночных финансовых инструментов,Сформирован,АО «СОЛИД Менеджмент»,7706150949,https://solid-mn.ru/,активная,Индекс МосБиржи полной доходности «нетто» (MCFTRR),не предусмотрено,"3,6% от среднегодовой СЧА",3.6,True,nav,не предусмотрено,False,не более 1% от среднегодовой СЧА,1.0,"не более 1,5% от среднегодовой СЧА",1.5,не предусмотрено,не предусмотрено,"• 0,75% — при подаче заявки УК, сумма менее 500 тыс. руб. • 0,5% — при подаче заявки УК, сумма от 500 тыс. руб. • не взимается — при подаче заявки через личный кабинет или номинальным держателем в электронной форме • 0,75% — для владельцев паев при подаче заявки агентам (кроме АО «Солид»), сумма менее 50 тыс. руб. • 0,6% — для владельцев паев при подаче заявки агентам (кроме АО «Солид»), сумма от 50 тыс. руб. до 100 тыс. руб. • 0,5% — для владельцев паев при подаче заявки агентам (кроме АО «Солид»), сумма от 100 тыс. руб. • 1,5% — для лиц, не являющихся владельцами паев, при подаче заявки агентам (кроме АО «Солид»), сумма менее 50 тыс. руб. • 1,2% — для лиц, не являющихся владельцами паев, при подаче заявки агентам (кроме АО «Солид»), сумма от 50 тыс. руб. до 100 тыс. руб. • 1% — для лиц, не являющихся владельцами паев, при подаче заявки агентам (кроме АО «Солид»), сумма от 100 тыс. руб. • 1% — при подаче заявки агенту АО «Солид» • не взимается — при подаче заявки страховой организацией в рамках договора долевого страхования жизни","• 0,75% — при подаче заявки в пунктах приема УК и сроке владения до 12 месяцев • не применяется — при подаче заявки в пунктах приема УК и сроке владения более 12 месяцев • не применяется — при подаче заявки через Личный кабинет • 3% — при подаче заявки агенту (кроме АО «Солид») и сроке владения до 90 дней • 1% — при подаче заявки агенту (кроме АО «Солид») и сроке владения более 90 дней • 1% — при подаче заявки агенту АО «Солид» и сроке владения до 12 месяцев • не взимается — при подаче заявки агенту АО «Солид» и сроке владения более 12 месяцев • не взимается — при погашении по лицевому счету номинального держателя • не взимается — при погашении по лицевому счету владельца на основании информации от страховой организации",0.0176204111934306,-0.1097001670157207,-0.1626335540013216,-0.1349826780171804,202999.46946,1598.0,1597.0,671.66,136346582.6,643-RUB
2331,"ЗПИФ недвижимости ""Заречье""",RU000A0ZYFV6,Закрытый,Недвижимости,Сформирован,"ООО ""ТЕТИС Кэпитал""",7709853192,https://www.tetis-capital.ru,активная,не предусмотрено,не предусмотрено,3 млн руб. в год,3.0,True,fixed,не предусмотрено,False,"не более 1,2% от среднегодовой СЧА",1.2,20% от среднегодовой СЧА,20.0,не предусмотрено,не предусмотрено,не предусмотрено,не предусмотрено,-0.0027073200848501,-0.0192477082177926,-0.012790411296281,-0.0795334509288285,25000.0,2.0,1.0,5411.34,135283528.69,643-RUB
7781,БПИФ рыночных финансовых инструментов «Альфа-Капитал Денежный рынок Юани»,RU000A10F561,Биржевой,Фонд рыночных финансовых инструментов,Сформирован,"ООО УК ""Альфа-Капитал""",7728142469,https://www.alfacapital.ru,активная,RUSFAR CNY (Russian Secured Funding Average Rate CNY),не предусмотрено,"0,2% от среднегодовой СЧА",0.2,True,nav,не предусмотрено,False,"не более 0,05% от среднегодовой СЧА",0.05,"0,14% от среднегодовой СЧА",0.14,не предусмотрено,не предусмотрено,не предусмотрено,не предусмотрено,0.0054126194609314,,,,1266221.0167,374.0,371.0,105.79958,133965651.75,156-CNY
1756,"ЗПИФ недвижимости ""Первобанк-Недвижимость""",RU000A0JS538,Закрытый,Недвижимости,В стадии прекращения,"ООО ""УК ПРОМСВЯЗЬ""",7718218817,https://www.upravlyaem.ru,активная,не предусмотрено,не предусмотрено,"1,49% от среднегодовой СЧА",1.49,True,nav,не предусмотрено,False,"не более 8,51% от среднегодовой СЧА",8.51,50% от среднегодовой СЧА,50.0,предусмотрено,квартал,не предусмотрено,не предусмотрено,,,,,300000.0,1.0,,446.02,133806888.11,643-RUB
4147,ЗПИФ рыночных финансовых инструментов «Всепогодный»,RU000A1024K9,Закрытый,Фонд рыночных финансовых инструментов,Сформирован,ООО «Менеджмент-консалтинг»,7702203678,https://www.mconsulting.ru,активная,не предусмотрено,не предусмотрено,"не более 0,8% от среднегодовой СЧА",0.8,False,nav,не предусмотрено,False,"не более 0,09% от среднегодовой СЧА",0.09,"не более 0,1% от среднегодовой СЧА",0.1,не предусмотрено,не предусмотрено,не предусмотрено,не предусмотрено,,,,,4557524.89502,10091.0,10088.0,29.29,133500547.18,643-RUB
0809,ОПИФ рыночных финансовых инструментов «ДОХОДЪ. Перспективные облигации. Россия»,RU000A0ZYMV2,Открытый,Фонд рыночных финансовых инструментов,Сформирован,ООО «УК «ДОХОДЪ»,7826685368,https://www.dohod.ru,активная,не предусмотрено,не предусмотрено,"0,4% от среднегодовой СЧА",0.4,True,nav,не предусмотрено,False,"не более 0,2% от среднегодовой СЧА",0.2,"не более 0,5% от среднегодовой СЧА",0.5,не предусмотрено,не предусмотрено,"• 1,5% — при подаче заявки после завершения формирования фонда • не взимается — при подаче заявки через финансовую платформу ПАО «Московская биржа ММВБ-РТС»","• 1,5% — при сроке владения до 365 дней для всех лиц, кроме лицензированных профучастников / УК / НПФ • 1,5% — при сроке владения до 10 дней для лицензированных профучастников / УК / НПФ • не устанавливается — при сроке владения более 365 дней для всех лиц, кроме лицензированных профучастников / УК / НПФ • не устанавливается — при сроке владения более 10 дней для лицензированных профучастников / УК / НПФ • не устанавливается — при подаче заявки УК в качестве доверительного управляющего",0.0212150959860384,0.0389002729713935,0.0954734083215026,0.1763264690731364,45922.6592,2274.0,2273.0,2808.75,128985082.57,643-RUB
1142,ЗПИФ рыночных финансовых инструментов «Глобальные инновации»,RU000A0JPRL4,Закрытый,Фонд рыночных финансовых инструментов,Сформирован,"АО УК ""БКС""",5407191291,https://bcs.ru/am,активная,не предусмотрено,не предусмотрено,не более 4% от среднегодовой СЧА,4.0,False,nav,не предусмотрено,False,"не более 0,2% от среднегодовой СЧА",0.2,не более 2% от среднегодовой СЧА,2.0,не предусмотрено,не предусмотрено,не предусмотрено,не предусмотрено,,,,,947637.3867,2814.0,2812.0,132.42,125485758.82,643-RUB
6016,ЗПИФ недвижимости «Новая Ливадия»,RU000A107TF8,Закрытый,Недвижимости,Сформирован,"АО ""УК МКБ Инвестиции""",7710186602,https://mkb-am.ru,активная,индекс потребительских цен,не предусмотрено,"1,5% от среднегодовой СЧА",1.5,True,nav,20% от дохода от ДУ,True,"не более 0,5% от среднегодовой СЧА",0.5,5% от среднегодовой СЧА,5.0,не предусмотрено,не предусмотрено,не предусмотрено,не предусмотрено,-0.0017947397224994,-0.07852955816908,-0.0827071561695707,0.1461879678403106,100432.26044,94.0,93.0,1240.29,124565366.95,643-RUB
7938,ОПИФ рыночных финансовых инструментов Астра - Ликвидность»,RU000A10FNG7,Открытый,Фонд рыночных финансовых инструментов,Сформирован,"АО ""Астра УА""",7722691889,https://www.astra-am.ru,активная,RUONIA,не предусмотрено,"0,1% от среднегодовой СЧА",0.1,True,nav,не предусмотрено,False,"не более 0,01% от среднегодовой СЧА",0.01,"0,1% от среднегодовой СЧА",0.1,не предусмотрено,не предусмотрено,"• не взимается — при подаче заявки УК или агентам • до 1,5% — при подаче заявки номинальным держателем, но не более 1,5% от расчетной стоимости пая","• 2% — при подаче заявки на погашение паев, полученных в результате обмена, в срок до 365 дней со дня внесения приходной записи в реестр • 1% — при подаче заявки на погашение паев, полученных в результате обмена, в срок 366–729 дней со дня внесения приходной записи в реестр • не взимается — при подаче заявки на погашение паев, полученных в результате обмена, в срок 730 дней и более со дня внесения приходной записи в реестр • не взимается — при подаче заявки на погашение паев, приобретенных напрямую (по приложениям №1 и №2) • не взимается — при подаче заявки номинальным держателем или доверительным управляющим",,,,,123532.0654,6.0,6.0,1005.27,124182702.25,643-RUB
6853,ОПИФ рыночных финансовых инструментов «МКБ Фонд Золото»,-,Открытый,Фонд рыночных финансовых инструментов,Сформирован,"АО ""УК МКБ Инвестиции""",7710186602,https://mkb-am.ru,пассивная,Индекс МосБиржи аффинированного золота (RUGOLD),не более 20 процентных пунктов — за 250 рабочих дней,не более 2% от среднегодовой СЧА,2.0,False,nav,не предусмотрено,False,"не более 0,5% от среднегодовой СЧА",0.5,"1,25% от среднегодовой СЧА",1.25,не предусмотрено,не предусмотрено,"• не взимается — при подаче заявки УК • 1,5% — при подаче заявки агенту • не взимается — при подаче заявки номинальным держателем или доверительным управляющим","• не взимается — при сроке владения до 30 дней • 2% — при сроке владения 31–179 дней • 1% — при сроке владения 180–359 дней • 0,5% — при сроке владения 360–719 дней • не взимается — при сроке владения 720 дней и более • не взимается — при стоимости погашения 6 млн руб. и более • не взимается — при подаче заявки номинальным держателем или доверительным управляющим",0.0313794557586881,-0.0530942548281307,-0.1461312559470431,0.2365572210325957,97244.74217,50.0,50.0,1247.34,121297619.16,643-RUB
7101,ОПИФ рыночных финансовых инструментов «Капитал Лайф Фонд акций для долевого страхования жизни»,-,Открытый,Фонд рыночных финансовых инструментов,Сформирован,ООО «Капитал Лайф Страхование Жизни»,7706548313,https://www.kaplife.ru,активная,не предусмотрено,не предусмотрено,"2,75% от среднегодовой СЧА",2.75,True,nav,не предусмотрено,False,"не более 1,0% от среднегодовой СЧА",1.0,"не более 1,0% от среднегодовой СЧА",1.0,не предусмотрено,не предусмотрено,не предусмотрено,не предусмотрено,0.0057055318327664,-0.0924774956188569,-0.1688349233882625,-0.1656158680597254,143523.521181,608.0,608.0,833.75,119662224.77,643-RUB
2308,"Рентный ЗПИФ ""Земельные ресурсы""",RU000A0JVGN1,Закрытый,Рентный,В стадии прекращения,"ООО ""ТрастЮнион АйЭм""",7705794926,https://www.trustunionam.ru,активная,не предусмотрено,не предусмотрено,"500 тыс. руб. в месяц, но не более 6% от среднегодовой СЧА",6.0,False,mixed,не предусмотрено,False,не более 4% от среднегодовой СЧА,4.0,7% от среднегодовой СЧА,7.0,предусмотрено,месяц,не предусмотрено,не предусмотрено,,,,,5762.1432,2.0,1.0,20557.74,118456613.37,643-RUB
6708,ОПИФ рыночных финансовых инструментов «ДОХОДЪ. Денежный рынок»,RU000A10A737,Открытый,Фонд рыночных финансовых инструментов,Сформирован,ООО «УК «ДОХОДЪ»,7826685368,https://www.dohod.ru,активная,не предусмотрено,не предусмотрено,1% от среднегодовой СЧА,1.0,True,nav,не предусмотрено,False,"не более 0,45% от среднегодовой СЧА",0.45,"не более 0,1% от среднегодовой СЧА",0.1,не предусмотрено,не предусмотрено,"• 1,5% — при подаче заявки после завершения формирования фонда • не взимается — при подаче заявки через финансовую платформу ПАО «Московская биржа ММВБ-РТС»","• 3% — при сроке владения до 1825 дней, для лиц без лицензии профучастника / УК ИФ, ПИФ, НПФ • 1,5% — при сроке владения до 10 дней, для лиц с лицензией профучастника / УК ИФ, ПИФ, НПФ • не устанавливается — при сроке владения более 1825 дней, для лиц без лицензии профучастника / УК ИФ, ПИФ, НПФ • не устанавливается — при сроке владения более 10 дней, для лиц с лицензией профучастника / УК ИФ, ПИФ, НПФ • не устанавливается — при подаче заявки УК как доверительным управляющим",0.0163881506839032,0.0387132412174033,0.0819262088750731,0.1739677089294696,87112.86493,3333.0,3333.0,1353.89,117940919.37,643-RUB
2700,"ЗПИФ рентный ""Возрождение Подмосковья""",RU000A10AXL7,Закрытый,Рентный,Сформирован,КСП Капитал УА ООО,7723627413,https://kspcapital-am.ru/,активная,не предусмотрено,не предусмотрено,"1 100 000 руб. в месяц, но не более 8,5% от среднегодовой СЧА",8.5,False,mixed,не предусмотрено,False,"не более 1,5% от среднегодовой СЧА",1.5,10% от среднегодовой СЧА,10.0,предусмотрено,месяц,не предусмотрено,не предусмотрено,-0.057663875633106,-0.0612230761378386,-0.0589174767926321,-0.0954473601011697,43962.16,3.0,3.0,2574.99,113202077.64,643-RUB
7840,БПИФ рыночных финансовых инструментов «АТОН – Валютные облигации в юанях»,RU000A10F9X1,Биржевой,Фонд рыночных финансовых инструментов,Сформирован,"ООО ""УК ""Атон-менеджмент""",7701253764,https://www.am-aton.ru,пассивная,АТОН – Валютные облигации в юанях (AAMVY),не более 5% по модулю — за 250 рабочих дней,"0,6% от среднегодовой СЧА",0.6,True,nav,не предусмотрено,False,"не более 0,05% от среднегодовой СЧА",0.05,"0,1% от среднегодовой СЧА",0.1,не предусмотрено,не предусмотрено,не предусмотрено,не предусмотрено,-0.0178912453512916,,,,1138069.67845,57.0,54.0,97.7107,111201583.67,156-CNY
5472,БПИФ рыночных финансовых инструментов «Первая – Фонд Инструменты в юанях»,RU000A106J53,Биржевой,Фонд рыночных финансовых инструментов,Сформирован,АО УК «Первая»,7710183778,https://www.first-am.ru,активная,"• 70% Индекс МосБиржи Облигаций, номинированных в китайских юанях (RUCNYTR) • 30% Индикатор RUSFAR китайские юани (RUSFARCNY)",не предусмотрено,"0,3% от среднегодовой СЧА",0.3,True,nav,не предусмотрено,False,"не более 0,3% от среднегодовой СЧА",0.3,"0,28% от среднегодовой СЧА",0.28,не предусмотрено,не предусмотрено,"не более 1,5% — при выдаче инвестиционных паев после завершения формирования фонда",не предусмотрено,-0.0068703096924215,0.0010654165778819,-0.0014877789585546,0.0291347207009857,116503565.0,16279.0,16269.0,0.9396,109472433.7,156-CNY
5932,ЗПИФ рыночных финансовых инструментов «Заблокированные активы паевого инвестиционного фонда «Атон - Фонд международных рынков»»,RU000A107K42,Закрытый,Фонд рыночных финансовых инструментов,Сформирован,"ООО ""УК ""Атон-менеджмент""",7701253764,https://www.am-aton.ru,активная,не предусмотрено,не предусмотрено,"4,2% от среднегодовой СЧА",4.2,True,nav,не предусмотрено,False,не более 1% от среднегодовой СЧА,1.0,5% от среднегодовой СЧА,5.0,не предусмотрено,не предусмотрено,не предусмотрено,не предусмотрено,,,,,490185.71773,1333.0,1325.0,219.89,107788776.88,643-RUB
6911,БПИФ рыночных финансовых инструментов «Альфа-Капитал Индекс голубых фишек МосБиржи»,RU000A10B6F8,Биржевой,Фонд рыночных финансовых инструментов,Сформирован,"ООО УК ""Альфа-Капитал""",7728142469,https://www.alfacapital.ru,пассивная,Индекс МосБиржи голубых фишек полной доходности «брутто» (MEBCTR),"• не более 0,5% по модулю — за 20 рабочих дней • не более 3% по модулю — за 250 рабочих дней",1% от среднегодовой СЧА,1.0,True,nav,не предусмотрено,False,"не более 0,09% от среднегодовой СЧА",0.09,"0,14% от среднегодовой СЧА",0.14,не предусмотрено,не предусмотрено,не предусмотрено,не предусмотрено,-0.026822392341252,-0.1334525542023724,-0.1696456888288917,-0.1182020832228065,1259651.57671,7178.0,7172.0,84.93392,106987143.8,643-RUB
3819,ЗПИФ недвижимости «Гарантия»,RU000A101HS9,Закрытый,Недвижимости,Сформирован,"ООО УК ""Гамма Групп""",5410071220,https://www.am-gamma.ru,активная,не предусмотрено,не предусмотрено,"30 000 руб. в месяц, но не более 2,5% от среднегодовой СЧА",2.5,False,mixed,не предусмотрено,False,"не более 7,5% от среднегодовой СЧА",7.5,15% от среднегодовой СЧА,15.0,не предусмотрено,не предусмотрено,не предусмотрено,не предусмотрено,0.0939230277209479,0.0753926572260452,0.0564102962309663,0.1006918925617317,277.92753,2.0,,382292.11,106249502.99,643-RUB
4428,БПИФ рыночных финансовых инструментов «Первая - Фонд Моя цель 2045»,RU000A1035L3,Биржевой,Фонд рыночных финансовых инструментов,Сформирован,АО УК «Первая»,7710183778,https://www.first-am.ru,активная,Индекс MXTDFI2045 – «Индекс МосБиржи с целевой датой 2045»,не предусмотрено,1% от среднегодовой СЧА,1.0,True,nav,не предусмотрено,False,"не более 0,2% от среднегодовой СЧА",0.2,"• 0,8% от среднегодовой СЧА — если СЧА менее 300 млн руб. • 0,4% от среднегодовой СЧА — если СЧА равна или превышает 300 млн руб.",0.4,не предусмотрено,не предусмотрено,"1,5% — при выдаче инвестиционных паев после завершения формирования фонда, но не более 1,5% от расчетной стоимости пая",не предусмотрено,-0.0168527165342158,-0.100670381580064,-0.1190845616757177,-0.0526786246350039,33057560.0,10463.0,10459.0,3.1794,105101570.22,643-RUB
2744,ОПИФ рыночных финансовых инструментов «Доверительная - фонд Российские акции»,RU000A0ZYHT6,Открытый,Фонд рыночных финансовых инструментов,Сформирован,АО УК «Доверительная»,9725182361,https://entrustment.ru/,активная,не предусмотрено,не предусмотрено,"2,25% от среднегодовой СЧА",2.25,True,nav,не предусмотрено,False,"не более 0,2% от среднегодовой СЧА",0.2,"0,3% от среднегодовой СЧА",0.3,не предусмотрено,не предусмотрено,"• 0,7% — при подаче заявки УК на сумму менее 500 тыс. руб. • 0,4% — при подаче заявки УК на сумму от 500 тыс. руб. до 1 млн руб. • не взимается — при подаче заявки УК на сумму от 1 млн руб. • не взимается — при подаче заявки УК, действующей как доверительный управляющий • не взимается — при подаче заявки уполномоченным представителем физического лица — страховой организацией • 1% — при подаче заявки агентам",не предусмотрено,-0.0418192918192918,-0.116355447123956,-0.1726410121244069,-0.1300692840646651,1092564.89929,3105.0,3103.0,94.17,102887605.14,643-RUB
1977,ЗПИФ недвижимости «Капитальные активы 2»,RU000A0JT8W4,Закрытый,Недвижимости,В стадии прекращения,"ООО УК ""Надежное управление""",7723625776,https://www.ucnu.ru,активная,не предусмотрено,не предусмотрено,"0,5% от среднегодовой СЧА",0.5,True,nav,не предусмотрено,False,"не более 0,6% от среднегодовой СЧА",0.6,50% от среднегодовой СЧА,50.0,предусмотрено,год,не предусмотрено,не предусмотрено,,,,,595603.0,1.0,,171.0,101850322.24,643-RUB
5901,ЗПИФ рыночных финансовых инструментов «Заблокированные активы паевого инвестиционного фонда «Арикапитал – Чистые деньги»»,-,Закрытый,Фонд рыночных финансовых инструментов,Сформирован,"ООО УК ""Арикапитал""",7705525627,https://www.aricapital.ru,активная,не предусмотрено,не предусмотрено,"0,87% от среднегодовой СЧА",0.87,True,nav,не предусмотрено,False,"не более 0,2% от среднегодовой СЧА",0.2,"0,3% от среднегодовой СЧА",0.3,не предусмотрено,не предусмотрено,не предусмотрено,не предусмотрено,,,,,325128.58483,73.0,70.0,310.93,101090972.83,643-RUB
4524,ЗПИФ рыночных финансовых инструментов «Акции Азии»,RU000A103H74,Закрытый,Фонд рыночных финансовых инструментов,Сформирован,ООО «Менеджмент-консалтинг»,7702203678,https://www.mconsulting.ru,активная,не предусмотрено,не предусмотрено,"не более 0,8% от среднегодовой СЧА",0.8,False,nav,не предусмотрено,False,"не более 0,53% от среднегодовой СЧА",0.53,"0,15% от среднегодовой СЧА",0.15,не предусмотрено,не предусмотрено,не предусмотрено,не предусмотрено,,,,,5831035.39997,2249.0,2244.0,17.31,100935983.43,643-RUB
7146,ОПИФ рыночных финансовых инструментов «Биткоган: фонд рыночных возможностей»,RU000A10BZ69,Открытый,Фонд рыночных финансовых инструментов,Сформирован,"ООО УК ""Альфа-Капитал""",7728142469,https://www.alfacapital.ru,активная,Альфа Капитал Смешанный Бенчмарк,не предусмотрено,"2,26% от среднегодовой СЧА",2.26,True,nav,не предусмотрено,False,"не более 0,14% от среднегодовой СЧА",0.14,"0,2% от среднегодовой СЧА",0.2,не предусмотрено,не предусмотрено,не предусмотрено,не предусмотрено,0.0014343086632243,-0.0264919129949804,-0.0307265155020823,0.0261610817166372,938841.50908,1500.0,1500.0,104.73,98323766.59,643-RUB
6970,"БПИФ рыночных финансовых инструментов ""ДОХОДЪ. Облигации до декабря 2027/2030/2033""",RU000A10BBT4,Биржевой,Фонд рыночных финансовых инструментов,Сформирован,ООО «УК «ДОХОДЪ»,7826685368,https://www.dohod.ru,активная,не предусмотрено,не предусмотрено,"0,78% от среднегодовой СЧА",0.78,True,nav,не предусмотрено,False,"не более 0,1% от среднегодовой СЧА",0.1,"0,01% от среднегодовой СЧА",0.01,не предусмотрено,не предусмотрено,не предусмотрено,не предусмотрено,0.0175374613494015,0.0319867485767585,0.0842626385509597,0.1630975576600662,76398.43484,500.0,497.0,1283.42,98051444.11,643-RUB
4568,БПИФ рыночных финансовых инструментов «Устойчивое развитие российских компаний»,RU000A103LL2,Биржевой,Фонд рыночных финансовых инструментов,Сформирован,АО ВИМ Инвестиции,7701140866,https://www.wealthim.ru,пассивная,"Индекс МосБиржи - РСПП Вектор устойчивого развития российских эмитентов, полной доходности (MRSVRT)",не более 5% по модулю — за 250 рабочих дней,"не более 0,6% от среднегодовой СЧА",0.6,False,nav,не предусмотрено,False,"не более 0,051% от среднегодовой СЧА",0.051,"0,24% от среднегодовой СЧА",0.24,не предусмотрено,не предусмотрено,не предусмотрено,не предусмотрено,-0.0149796393251891,-0.1363172660035705,-0.2251458643175837,-0.1942660004758505,1445268.1393,12009.0,12003.0,67.73,97892294.05,643-RUB
0050,ОПИФ рыночных финансовых инструментов «Моя пенсия»,-,Открытый,Фонд рыночных финансовых инструментов,Сформирован,"АО УК ""Ингосстрах - Инвестиции""",7705136973,https://www.ingosinvest-am.ru,активная,Индекс МосБиржи активов пенсионных накоплений сбалансированный (RUPMI),не предусмотрено,"2,5% от среднегодовой СЧА",2.5,True,nav,не предусмотрено,False,"не более 0,6% от среднегодовой СЧА",0.6,"0,2% от среднегодовой СЧА",0.2,не предусмотрено,не предусмотрено,"• 1,5% — при подаче заявки агенту или УК • не взимается — при зачислении паев на лицевой счет номинального держателя или доверительного управляющего",не предусмотрено,-0.0023841974416099,-0.0855457264540047,-0.1433765176640316,-0.0530038567994691,4444.3831222,167.0,166.0,21636.93,96162793.33,643-RUB
3247,ОПИФ рыночных финансовых инструментов «ТФГ – Акции»,RU000A0JX2H2,Открытый,Фонд рыночных финансовых инструментов,В стадии прекращения,АО «УК ТФГ»,7708168370,https://www.tfg.ru,активная,Индекс МосБиржи полной доходности «брутто» (MCFTR),не предусмотрено,1% от среднегодовой СЧА,1.0,True,nav,не предусмотрено,False,не более 1% от среднегодовой СЧА,1.0,1% от среднегодовой СЧА,1.0,не предусмотрено,не предусмотрено,"1,5% — при сумме менее или равной 10 млн руб. после завершения формирования фонда",• 3% — при сроке владения до 365 дней • не взимается — при сроке владения 366 дней и более • не взимается — при подаче заявки номинальным держателем,,,,,180214.11069,4.0,3.0,522.19,94106678.77,643-RUB
6955,"БПИФ рыночных финансовых инструментов ""ДОХОДЪ. Облигации до декабря 2026/2029/2032""",RU000A10BBR8,Биржевой,Фонд рыночных финансовых инструментов,Сформирован,ООО «УК «ДОХОДЪ»,7826685368,https://www.dohod.ru,активная,не предусмотрено,не предусмотрено,"0,78% от среднегодовой СЧА",0.78,True,nav,не предусмотрено,False,"не более 0,1% от среднегодовой СЧА",0.1,"0,01% от среднегодовой СЧА",0.01,не предусмотрено,не предусмотрено,не предусмотрено,не предусмотрено,0.0175108368805405,0.0425079022126194,0.0906586966713548,0.1798101827534368,71980.60275,582.0,580.0,1302.77,93773815.4,643-RUB
6315,ОПИФ рыночных финансовых инструментов «Истории роста»,RU000A109858,Открытый,Фонд рыночных финансовых инструментов,Сформирован,ООО УК «ГЕРОИ»,9725134382,https://ih-capital.ru,активная,Индекс Мосбиржи (IMOEX),не предусмотрено,3% от среднегодовой СЧА,3.0,True,nav,не предусмотрено,False,"не более 0,65% от среднегодовой СЧА",0.65,"1,70% от среднегодовой СЧА",1.7,не предусмотрено,не предусмотрено,"• не взимается — для владельцев паев • не взимается — при подаче заявки через финансовую платформу ПАО «Московская биржа ММВБ-РТС» • не взимается — при подаче заявки через сервис «Личный кабинет» (кроме случаев подачи номинальным держателем, доверительным управляющим или внесения средств на счет НКО АО НРД в СБП) • 1% — при сумме менее 500 тыс. руб. для лиц, не являющихся владельцами паев, и при подаче заявки не через «Личный кабинет» или финансовую платформу • 0% — при сумме от 500 тыс. руб. для лиц, не являющихся владельцами паев, и при подаче заявки не через «Личный кабинет» или финансовую платформу • 0,4% — при сумме до 400 тыс. руб. при внесении средств через «Личный кабинет» на счет НКО АО НРД в СБП • 0,38% — при сумме от 400 тыс. руб. до 500 тыс. руб. при внесении средств через «Личный кабинет» на счет НКО АО НРД в СБП • 0,3% — при сумме от 500 тыс. руб. до 600 тыс. руб. при внесении средств через «Личный кабинет» на счет НКО АО НРД в СБП • 0,25% — при сумме от 600 тыс. руб. до 700 тыс. руб. при внесении средств через «Личный кабинет» на счет НКО АО НРД в СБП • 0,215% — при сумме от 700 тыс. руб. до 800 тыс. руб. при внесении средств через «Личный кабинет» на счет НКО АО НРД в СБП • 0,19% — при сумме от 800 тыс. руб. до 900 тыс. руб. при внесении средств через «Личный кабинет» на счет НКО АО НРД в СБП • 0,17% — при сумме от 900 тыс. руб. до 1 млн руб. при внесении средств через «Личный кабинет» на счет НКО АО НРД в СБП","• 1% — при сроке владения до 365 дней, если заявка подана не номинальным держателем или доверительным управляющим и не через Финансовую платформу • не взимается — при сроке владения 365 дней и более, если заявка подана не номинальным держателем или доверительным управляющим и не через Финансовую платформу • 0,5% — при подаче заявки номинальным держателем или доверительным управляющим, независимо от срока владения, если не через Финансовую платформу • 1% — при сроке владения до 365 дней, если заявка подана через Финансовую платформу • не взимается — при сроке владения 365 дней и более, если заявка подана через Финансовую платформу",0.0128432420727829,-0.1037018407406077,-0.1663696310818036,-0.0946701183074057,123665.66151,226.0,226.0,748.4,92551960.01,643-RUB
5784,ЗПИФ рыночных финансовых инструментов «Заблокированные активы паевого инвестиционного фонда «Первая - Электроэнергетика»»,RU000A107A85,Закрытый,Фонд рыночных финансовых инструментов,Сформирован,АО УК «Первая»,7710183778,https://www.first-am.ru,активная,не предусмотрено,не предусмотрено,не более 1% от среднегодовой СЧА,1.0,False,nav,не предусмотрено,False,"не более 0,15% от среднегодовой СЧА",0.15,"0,5% от среднегодовой СЧА",0.5,не предусмотрено,не предусмотрено,не предусмотрено,не предусмотрено,,,,,855038.692439,10678.0,10673.0,107.82,92190163.26,643-RUB
0060,ОПИФ рыночных финансовых инструментов «Апрель Капитал - Сбалансированный»,-,Открытый,Фонд рыночных финансовых инструментов,Сформирован,"АО УК ""Апрель Капитал""",7704239292,https://www.april-capital.ru,активная,не предусмотрено,не предусмотрено,"2,95% от среднегодовой СЧА",2.95,True,nav,не предусмотрено,False,"не более 0,7% от среднегодовой СЧА",0.7,1% от среднегодовой СЧА,1.0,не предусмотрено,не предусмотрено,не предусмотрено,"• 2,35% — при сроке владения до 180 дней • 1,2% — при сроке владения 181–365 дней • не взимается — при сроке владения более 365 дней • не взимается — при подаче заявки номинальным держателем или доверительным управляющим без использования Финансовой платформы",-0.0059682438362722,-0.074304141712859,-0.0779489912222272,-0.0229782294999686,143962.50961,111.0,111.0,622.91,89676125.71,643-RUB
5937,ЗПИФ рыночных финансовых инструментов «Заблокированные активы паевого инвестиционного фонда «Атон - Фонд высоких технологий»»,RU000A107K34,Закрытый,Фонд рыночных финансовых инструментов,Сформирован,"ООО ""УК ""Атон-менеджмент""",7701253764,https://www.am-aton.ru,активная,не предусмотрено,не предусмотрено,"4,2% от среднегодовой СЧА",4.2,True,nav,не предусмотрено,False,"не более 0,5% от среднегодовой СЧА",0.5,5% от среднегодовой СЧА,5.0,не предусмотрено,не предусмотрено,не предусмотрено,не предусмотрено,,,,,605579.15964,1106.0,1099.0,147.46,89296129.48,643-RUB
7695,ИПИФ рыночных финансовых инструментов «Цифра. Всепогодный портфель»,RU000A10EXP0,Интервальный,Фонд рыночных финансовых инструментов,Сформирован,"ООО ""Управляющая компания ""Восток-Запад""",6454074653,https://www.ew-mc.ru,активная,не предусмотрено,не предусмотрено,2% от среднегодовой СЧА,2.0,True,nav,не предусмотрено,False,не более 2% от среднегодовой СЧА,2.0,2% от среднегодовой СЧА,2.0,не предусмотрено,не предусмотрено,не предусмотрено,не предусмотрено,0.0485982617044898,,,,84779.0,68.0,68.0,1048.42,88883685.7,643-RUB
6312,БПИФ рыночных финансовых инструментов «Первая – Фонд АйПиО»,RU000A108X20,Биржевой,Фонд рыночных финансовых инструментов,Сформирован,АО УК «Первая»,7710183778,https://www.first-am.ru,активная,Индекс МосБиржи IPO полной доходности (MIPOTR),не предусмотрено,1% от среднегодовой СЧА,1.0,True,nav,не предусмотрено,False,"не более 0,3% от среднегодовой СЧА",0.3,"0,3% от среднегодовой СЧА",0.3,не предусмотрено,не предусмотрено,"1,5% — при выдаче инвестиционных паев после завершения формирования фонда",не предусмотрено,0.0108024924186419,-0.0735009403695099,-0.1149318995468777,-0.1695547622589123,13254780.0,8482.0,8480.0,6.6997,88803699.76,643-RUB
5923,ЗПИФ рыночных финансовых инструментов «Глобальные инновации (заблокированные активы)»,RU000A107HS6,Закрытый,Фонд рыночных финансовых инструментов,Сформирован,"АО УК ""БКС""",5407191291,https://bcs.ru/am,активная,не предусмотрено,не предусмотрено,не более 4% от среднегодовой СЧА,4.0,False,nav,не предусмотрено,False,"не более 0,2% от среднегодовой СЧА",0.2,"не более 2,0% от среднегодовой СЧА",2.0,не предусмотрено,не предусмотрено,не предусмотрено,не предусмотрено,,,,,920731.5581,2809.0,2807.0,94.66,87158236.98,643-RUB
2608,ОПИФ рыночных финансовых инструментов «Глобальный рынок облигаций»,RU000A0JVDL2,Открытый,Фонд рыночных финансовых инструментов,Сформирован,АО «БКС Управление благосостоянием»,7702172846,https://www.bcswm.ru,активная,Индекс замещающих облигаций Cbonds,не предусмотрено,"1,5% от среднегодовой СЧА",1.5,True,nav,не предусмотрено,False,"не более 0,2% от среднегодовой СЧА",0.2,не более 2% от среднегодовой СЧА,2.0,не предусмотрено,не предусмотрено,"• 0,5% — при подаче заявки в УК или агенту и сумме менее 3 млн руб. • не взимается — при подаче заявки в УК или агенту и сумме 3 млн руб. и более • не взимается — при подаче заявки через Личный кабинет или Личный кабинет BCS • не взимается — при подаче заявки доверительным управляющим",• 3% — при подаче заявки физическим или юридическим лицом в УК или агенту • не взимается — при погашении по лицевому счету доверительного управляющего или номинального держателя,-0.0076766336539828,0.0456383881759623,0.047993193874487,0.0427746240414301,412850.2685,692.0,692.0,209.41,86456005.83,643-RUB
4667,ЗПИФ рыночных финансовых инструментов «Альфа-Капитал Управляемые еврооблигации»,RU000A103ZC1,Закрытый,Фонд рыночных финансовых инструментов,Сформирован,"ООО УК ""Альфа-Капитал""",7728142469,https://www.alfacapital.ru,активная,не предусмотрено,не предусмотрено,"не более 1,2% от среднегодовой СЧА",1.2,False,nav,не предусмотрено,False,"не более 0,13% от среднегодовой СЧА",0.13,"не более 0,1% от среднегодовой СЧА",0.1,не предусмотрено,не предусмотрено,не предусмотрено,не предусмотрено,,,,,3289563.38812,1453.0,1450.0,25.95,85375966.88,643-RUB
1014,ОПИФ рыночных финансовых инструментов «Газпромбанк – Электроэнергетика»,-,Открытый,Фонд рыночных финансовых инструментов,Сформирован,АО «ААА Управление Капиталом»,7722515837,https://aaacapital.ru,активная,не предусмотрено,не предусмотрено,3% от среднегодовой СЧА,3.0,True,nav,не предусмотрено,False,"не более 0,5% от среднегодовой СЧА",0.5,"0,5% от среднегодовой СЧА",0.5,не предусмотрено,не предусмотрено,"• 1,5% — при подаче заявки агентам, через Цифровые каналы с оплатой картой не Банка ГПБ (АО), или в бумажной форме при сумме менее 5 млн руб. • не взимается — при подаче заявки в бумажной форме при сумме от 5 млн руб., через Цифровые каналы любым способом, кроме карты не Банка ГПБ (АО), от доверительного управляющего, от номинального держателя",• 2% — при сроке владения до 182 дней • 1% — при сроке владения 183–1096 дней • не взимается — при сроке владения более 1096 дней • не взимается — при подаче заявки номинальным держателем или доверительным управляющим,0.0401226147105555,-0.1075721898624365,-0.1507141921111257,0.0037480446667803,131719.86975,538.0,538.0,648.09,85366334.83,643-RUB
4779,ЗПИФ рыночных финансовых инструментов «Первая – Фонд Блокчейн Экономика»,RU000A104B87,Закрытый,Фонд рыночных финансовых инструментов,Сформирован,АО УК «Первая»,7710183778,https://www.first-am.ru,активная,не предусмотрено,не предусмотрено,"не более 0,79% от среднегодовой СЧА",0.79,False,nav,не предусмотрено,False,"не более 0,1% от среднегодовой СЧА",0.1,"0,5% от среднегодовой СЧА",0.5,не предусмотрено,не предусмотрено,не предусмотрено,не предусмотрено,,,,,13733291.80974,27679.0,27674.0,6.16,84534367.12,643-RUB
0958,ЗПИФ рыночных финансовых инструментов «РСХБ – Фонд Еврооблигаций развивающихся рынков»,RU000A0JS9M4,Закрытый,Фонд рыночных финансовых инструментов,Сформирован,"ООО ""РСХБ Управление Активами""",7704814182,https://www.rshb-am.ru/,активная,не предусмотрено,не предусмотрено,"не более 1,5% от среднегодовой СЧА",1.5,False,nav,не предусмотрено,False,"не более 0,16% от среднегодовой СЧА",0.16,5% от среднегодовой СЧА,5.0,не предусмотрено,не предусмотрено,не предусмотрено,не предусмотрено,,,,,12437701.63624,3777.0,3777.0,6.75,83960835.37,643-RUB
5539,ОПИФ рыночных финансовых инструментов «ВИМ - Накопительный в юанях»,RU000A1079L1,Открытый,Фонд рыночных финансовых инструментов,Сформирован,АО ВИМ Инвестиции,7701140866,https://www.wealthim.ru,активная,"• 50% Индекс МосБиржи облигаций, номинированных в китайских юанях (RUCNYTR) • 50% Индикатор стоимости обеспеченных денег Russian Secured Funding Average Rate CNY (RUSFARCNY)",не предусмотрено,"1,5% от среднегодовой СЧА",1.5,True,nav,не предусмотрено,False,"не более 0,13% от среднегодовой СЧА",0.13,"0,5% от среднегодовой СЧА",0.5,не предусмотрено,не предусмотрено,не предусмотрено,"• 2% — паи приобретены до 08.11.2024, срок владения менее 180 дней • 1,5% — паи приобретены до 08.11.2024, срок владения 180–364 дня • 1% — паи приобретены до 08.11.2024, срок владения 365–729 дней • 0,5% — паи приобретены до 08.11.2024, срок владения 730–1094 дня • не взимается — паи приобретены до 08.11.2024, срок владения 1095 дней и более • 2,5% — паи приобретены после 08.11.2024, срок владения менее 730 дней • 2% — паи приобретены после 08.11.2024, срок владения 730–1094 дня • 1,5% — паи приобретены после 08.11.2024, срок владения 1095–1459 дней • 0,5% — паи приобретены после 08.11.2024, срок владения 1460–1824 дня • не взимается — паи приобретены после 08.11.2024, срок владения 1825 дней и более • не устанавливается — при подаче заявки номинальным держателем • не устанавливается — при подаче заявки доверительным управляющим",-0.0011231142625994,0.0533357421737777,0.0606063668519454,0.1001656323381416,79581.1376,892.0,892.0,1049.47,83518379.17,643-RUB
5764,ЗПИФ рыночных финансовых инструментов «Заблокированные активы паевого инвестиционного фонда «Первая – Валютные сбережения»»,-,Закрытый,Фонд рыночных финансовых инструментов,Сформирован,АО УК «Первая»,7710183778,https://www.first-am.ru,активная,не предусмотрено,не предусмотрено,"не более 1,0% от среднегодовой СЧА",1.0,False,nav,не предусмотрено,False,"не более 0,15% от среднегодовой СЧА",0.15,"0,5% от среднегодовой СЧА",0.5,не предусмотрено,не предусмотрено,не предусмотрено,не предусмотрено,,,,,444508.692017,20548.0,20546.0,185.32,82377117.71,643-RUB
6971,"БПИФ рыночных финансовых инструментов ""ДОХОДЪ. Облигации до декабря 2025/2028/2031""",RU000A10BBU2,Биржевой,Фонд рыночных финансовых инструментов,Сформирован,ООО «УК «ДОХОДЪ»,7826685368,https://www.dohod.ru,активная,не предусмотрено,не предусмотрено,"0,78% от среднегодовой СЧА",0.78,True,nav,не предусмотрено,False,"не более 0,1% от среднегодовой СЧА",0.1,"0,01% от среднегодовой СЧА",0.01,не предусмотрено,не предусмотрено,не предусмотрено,не предусмотрено,0.0120601449513003,0.0248229599926943,0.0826528911848025,0.1732675619932897,64974.72262,452.0,450.0,1234.43,80206489.19,643-RUB
6468,ОПИФ рыночных финансовых инструментов «Райффайзен — Акции с выплатой дохода»,-,Открытый,Фонд рыночных финансовых инструментов,Сформирован,ООО «УК Райффайзен»,7702358512,https://www.raiffeisen-capital.ru/,активная,IMOEX,не предусмотрено,"3,9% от среднегодовой СЧА",3.9,True,nav,не предусмотрено,False,"не более 0,2% от среднегодовой СЧА",0.2,"0,5% от среднегодовой СЧА",0.5,предусмотрено,квартал,не предусмотрено,• 3% — при сроке владения до 730 дней включительно • 1% — при сроке владения 731–1095 дней включительно • не взимается — при сроке владения более 1095 дней • не взимается — при подаче заявки номинальным держателем по поручению страховой организации • не взимается — при подаче заявки доверительным управляющим или номинальным держателем по его поручению • не взимается — при подаче заявки маркет-мейкером,0.0338906679296267,-0.054299902827328,-0.1137983976850836,-0.0794691437589851,1782.2566,181.0,181.0,44467.71,79252873.58,643-RUB
4436,ЗПИФ рыночных финансовых инструментов «Альфа-Капитал Медицина»,RU000A1036A4,Закрытый,Фонд рыночных финансовых инструментов,Сформирован,"ООО УК ""Альфа-Капитал""",7728142469,https://www.alfacapital.ru,активная,не предусмотрено,не предусмотрено,"не более 1,2% от среднегодовой СЧА",1.2,False,nav,не предусмотрено,False,"не более 0,13% от среднегодовой СЧА",0.13,"не более 0,1% от среднегодовой СЧА",0.1,не предусмотрено,не предусмотрено,не предусмотрено,не предусмотрено,,,,,4550943.2669,11096.0,11087.0,16.66,75817587.14,643-RUB
0351,ОПИФ рыночных финансовых инструментов «Солид – Индекс МосБиржи»,RU000A0ERNM8,Открытый,Фонд рыночных финансовых инструментов,Сформирован,АО «СОЛИД Менеджмент»,7706150949,https://solid-mn.ru/,пассивная,Индекс МосБиржи (IMOEX),не более 10% по модулю — за 250 рабочих дней,"не более 1,5% от среднегодовой СЧА",1.5,False,nav,не предусмотрено,False,не более 1% от среднегодовой СЧА,1.0,"не более 1,5% от среднегодовой СЧА",1.5,не предусмотрено,не предусмотрено,"• 0,75% — при подаче заявки УК, сумма менее 500 тыс. руб. • 0,5% — при подаче заявки УК, сумма от 500 тыс. руб. • не взимается — при подаче заявки через личный кабинет, номинальным держателем в электронной форме или доверительным управляющим • 0,75% — для владельцев паев при подаче заявки агенту, сумма менее 50 тыс. руб. • 0,6% — для владельцев паев при подаче заявки агенту, сумма от 50 тыс. до 100 тыс. руб. • 0,5% — для владельцев паев при подаче заявки агенту, сумма от 100 тыс. руб. • 1,5% — для лиц, не являющихся владельцами паев, при подаче заявки агенту, сумма менее 50 тыс. руб. • 1,2% — для лиц, не являющихся владельцами паев, при подаче заявки агенту, сумма от 50 тыс. до 100 тыс. руб. • 1% — для лиц, не являющихся владельцами паев, при подаче заявки агенту, сумма от 100 тыс. руб. • не взимается — при подаче заявки страховой организацией в рамках договора долевого страхования жизни","• 0,75% — при подаче заявки в пунктах УК, если срок владения до 12 месяцев • не взимается — при подаче заявки в пунктах УК, если срок владения более 12 месяцев • не взимается — при подаче заявки через Личный кабинет или номинальным держателем в электронной форме • 3% — при подаче заявки агенту, если срок владения до 90 дней • 1% — при подаче заявки агенту, если срок владения более 90 дней • не взимается — при погашении по лицевому счету номинального держателя • не взимается — при погашении по лицевому счету владельца на основании информации от страховой организации",-0.0227845234473793,-0.1348771971861202,-0.196505367511814,-0.1569381263260631,218.89172,291.0,291.0,342859.05,75049007.22,643-RUB
2598,ЗПИФ недвижимости «Алексеевский»,-,Закрытый,Недвижимости,Сформирован,"ООО ""УК ""Джи Пи Ай""",7725616128,https://www.ocgpi.ru,активная,не предусмотрено,не предусмотрено,"5,0% от среднегодовой СЧА, но не более 200 тыс. руб. в месяц",5.0,False,mixed,не предусмотрено,False,"0,88% от среднегодовой СЧА",0.88,40% от среднегодовой СЧА,40.0,предусмотрено,год,не предусмотрено,не предусмотрено,-0.0003870729235362,-0.0016427197243234,0.0139269715827939,0.106921438772248,1160.77458,3.0,2.0,63813.39,74072962.0,643-RUB
4491,ЗПИФ рыночных финансовых инструментов «Акции США»,RU000A103D52,Закрытый,Фонд рыночных финансовых инструментов,Сформирован,ООО «Менеджмент-консалтинг»,7702203678,https://www.mconsulting.ru,активная,не предусмотрено,не предусмотрено,"не более 0,8% от среднегодовой СЧА",0.8,False,nav,не предусмотрено,False,"не более 0,09% от среднегодовой СЧА",0.09,"0,1% от среднегодовой СЧА",0.1,не предусмотрено,не предусмотрено,не предусмотрено,не предусмотрено,,,,,2492783.11896,2493.0,2491.0,28.98,72230190.81,643-RUB
1149,ОПИФ рыночных финансовых инструментов «Мои акции»,-,Открытый,Фонд рыночных финансовых инструментов,Сформирован,"АО УК ""Ингосстрах - Инвестиции""",7705136973,https://www.ingosinvest-am.ru,активная,Индекс Мос Биржи,не предусмотрено,3% от среднегодовой СЧА,3.0,True,nav,не предусмотрено,False,"не более 0,75% от среднегодовой СЧА",0.75,"0,5% от среднегодовой СЧА",0.5,не предусмотрено,не предусмотрено,"• 1,5% — при подаче заявки агентам или управляющей компании • не взимается — при зачислении паев на лицевой счет номинального держателя или доверительного управляющего",не предусмотрено,-0.0364709469215414,-0.1358784533237031,-0.2150383536786539,-0.1330706102050027,8591.6547794,195.0,193.0,8374.85,71953795.13,643-RUB
7374,ОПИФ рыночных финансовых инструментов «Сбалансированные Возможности»,RU000A10D5D3,Открытый,Фонд рыночных финансовых инструментов,Сформирован,"ООО УК ""Альфа-Капитал""",7728142469,https://www.alfacapital.ru,активная,Альфа Капитал Равновесный индекс,не предусмотрено,"2,26% от среднегодовой СЧА",2.26,True,nav,не предусмотрено,False,"не более 0,14% от среднегодовой СЧА",0.14,"0,2% от среднегодовой СЧА",0.2,не предусмотрено,не предусмотрено,не предусмотрено,не предусмотрено,0.029038854805726,-0.028383857887623,-0.0254672218456472,,708886.28461,1648.0,1648.0,100.64,71341697.93,643-RUB
7209,ОПИФ рыночных финансовых инструментов «Валютный актив»,-,Открытый,Фонд рыночных финансовых инструментов,Сформирован,АО «ААА Управление Капиталом»,7722515837,https://aaacapital.ru,активная,не предусмотрено,не предусмотрено,2% от среднегодовой СЧА,2.0,True,nav,не предусмотрено,False,"не более 0,15% от среднегодовой СЧА",0.15,"0,2% от среднегодовой СЧА",0.2,предусмотрено,квартал,"• 1% — при подаче заявки агентам, через Цифровые каналы (кроме оплаты картой не ГПБ), или в бумажной форме при сумме менее 5 млн руб. • 1,5% — при подаче заявки через Цифровые каналы с оплатой картой не ГПБ • не взимается — при подаче заявки в бумажной форме при сумме от 5 млн руб., от доверительного управляющего, от номинального держателя",• 2% — при сроке владения до 182 дней • 1% — при сроке владения 183–1096 дней • не взимается — при сроке владения более 1096 дней • не взимается — при подаче заявки номинальным держателем или доверительным управляющим,0.0023299301020969,0.0533860187481609,0.0488118780801707,,71009.45499,113.0,113.0,1002.36,71176990.71,643-RUB
6363,ЗПИФ рыночных финансовых инструментов «БКС Драгоценные Металлы (заблокированные активы)»,RU000A1094Y3,Закрытый,Фонд рыночных финансовых инструментов,Сформирован,"АО УК ""БКС""",5407191291,https://bcs.ru/am,активная,не предусмотрено,не предусмотрено,"не более 3,5% от среднегодовой СЧА",3.5,False,nav,не предусмотрено,False,"не более 0,18% от среднегодовой СЧА",0.18,"не более 0,5% от среднегодовой СЧА",0.5,не предусмотрено,не предусмотрено,не предусмотрено,не предусмотрено,,,,,2129838.49794,6557.0,6552.0,33.41,71161477.97,643-RUB
6460,ЗПИФ рыночных финансовых инструментов «Заблокированные активы паевого инвестиционного фонда «Т-Капитал – Стратегия вечного портфеля Е»»,RU000A109JN9,Закрытый,Фонд рыночных финансовых инструментов,Сформирован,ООО «Т-Капитал»,7743304530,https://t-capital-funds.ru/,активная,не предусмотрено,не предусмотрено,"0,965% от среднегодовой СЧА",0.965,True,nav,не предусмотрено,False,"не более 0,005% от среднегодовой СЧА",0.005,"0,04% от среднегодовой СЧА",0.04,не предусмотрено,не предусмотрено,не предусмотрено,не предусмотрено,,,,,230692628.59347,167987.0,167980.0,0.3013,69518822.28,643-RUB
0097,ОПИФ рыночных финансовых инструментов «Дмитрий Донской»,RU000A10BGZ0,Открытый,Фонд рыночных финансовых инструментов,Сформирован,ООО УК «Парма-Менеджмент»,7706178479,https://www.p-fondy.ru,активная,не предусмотрено,не предусмотрено,3% от среднегодовой СЧА,3.0,True,nav,не предусмотрено,False,"не более 1,5% от среднегодовой СЧА",1.5,10% от среднегодовой СЧА,10.0,не предусмотрено,не предусмотрено,не предусмотрено,не предусмотрено,-0.0088941337973471,-0.0498851772441615,-0.066156014141845,-0.0267261869567787,2755.674548,85.0,84.0,24691.47,68041667.7,643-RUB
6931,ОПИФ рыночных финансовых инструментов «Матрешка а-ля Рус»,RU000A10B917,Открытый,Фонд рыночных финансовых инструментов,Сформирован,"ООО УК ""Альфа-Капитал""",7728142469,https://www.alfacapital.ru,активная,Индекс МосБиржи полной доходности «брутто» (MCFTR),не предусмотрено,"2,26% от среднегодовой СЧА",2.26,True,nav,не предусмотрено,False,"не более 0,14% от среднегодовой СЧА",0.14,"0,2% от среднегодовой СЧА",0.2,не предусмотрено,не предусмотрено,не предусмотрено,не предусмотрено,0.050142084517371,-0.0251042464471109,8.729812309039822e-05,0.100480307396734,591479.47811,1404.0,1404.0,114.56,67760311.83,643-RUB
4158,ЗПИФ рыночных финансовых инструментов «РСХБ – Еврооблигации в евро смарт бета»,RU000A1024J1,Закрытый,Фонд рыночных финансовых инструментов,Сформирован,"ООО ""РСХБ Управление Активами""",7704814182,https://www.rshb-am.ru/,активная,не предусмотрено,не предусмотрено,"не более 0,42% от среднегодовой СЧА",0.42,False,nav,не предусмотрено,False,"не более 0,09% от среднегодовой СЧА",0.09,5% от среднегодовой СЧА,5.0,не предусмотрено,не предусмотрено,не предусмотрено,не предусмотрено,,,,,1984902.39341,13314.0,13308.0,33.8,67098398.41,643-RUB
3902,ОПИФ рыночных финансовых инструментов «Первый»,RU000A101F29,Открытый,Фонд рыночных финансовых инструментов,Сформирован,"ООО ""Управляющая компания ""Восток-Запад""",6454074653,https://www.ew-mc.ru,активная,не предусмотрено,не предусмотрено,3% от среднегодовой СЧА,3.0,True,nav,не предусмотрено,False,не более 2% от среднегодовой СЧА,2.0,5% от среднегодовой СЧА,5.0,не предусмотрено,не предусмотрено,не предусмотрено,1% — при подаче заявки управляющей компании,0.0185951861359955,-0.0853114088847783,-0.125830528795913,-0.1253338284229018,7770.60866,48.0,44.0,8574.3,66627505.22,643-RUB
4611,ЗПИФ рыночных финансовых инструментов «РСХБ – Американские акции»,RU000A103VW8,Закрытый,Фонд рыночных финансовых инструментов,Сформирован,"ООО ""РСХБ Управление Активами""",7704814182,https://www.rshb-am.ru/,активная,не предусмотрено,не предусмотрено,"не более 3,5% от среднегодовой СЧА",3.5,False,nav,не предусмотрено,False,"не более 0,65% от среднегодовой СЧА",0.65,5% от среднегодовой СЧА,5.0,не предусмотрено,не предусмотрено,не предусмотрено,не предусмотрено,,,,,121113.68991,461.0,461.0,547.5,66309491.11,643-RUB
0065,ОПИФ рыночных финансовых инструментов «Солид - российские облигации»,RU000A0EABL1,Открытый,Фонд рыночных финансовых инструментов,Сформирован,АО «СОЛИД Менеджмент»,7706150949,https://solid-mn.ru/,активная,Индекс Мосбиржи государственных облигаций (RGBITR),не предусмотрено,1% от среднегодовой СЧА,1.0,True,nav,не предусмотрено,False,не более 1% от среднегодовой СЧА,1.0,"не более 1,5% от среднегодовой СЧА",1.5,не предусмотрено,не предусмотрено,"• 0,4% — при подаче заявки УК, сумма менее 500 тыс. руб. • 0,3% — при подаче заявки УК, сумма от 500 тыс. руб. • не взимается — при подаче заявки через Личный кабинет, через номинального держателя в электронной форме, доверительным управляющим • 0,75% — для владельцев паев при подаче заявки агентам (кроме АО «Солид»), сумма менее 50 тыс. руб. • 0,6% — для владельцев паев при подаче заявки агентам (кроме АО «Солид»), сумма от 50 тыс. руб. до 100 тыс. руб. • 0,5% — для владельцев паев при подаче заявки агентам (кроме АО «Солид»), сумма от 100 тыс. руб. • 1,5% — для лиц, не являющихся владельцами паев, при подаче заявки агентам (кроме АО «Солид»), сумма менее 50 тыс. руб. • 1,2% — для лиц, не являющихся владельцами паев, при подаче заявки агентам (кроме АО «Солид»), сумма от 50 тыс. руб. до 100 тыс. руб. • 1% — для лиц, не являющихся владельцами паев, при подаче заявки агентам (кроме АО «Солид»), сумма от 100 тыс. руб. • 0,5% — при подаче заявки агенту АО «Солид» • не взимается — при подаче заявки страховой организацией в рамках договора долевого страхования жизни","• 0,3% — при подаче заявки в пунктах приема заявок УК • не применяется — при подаче заявки через Личный кабинет или номинальным держателем в электронной форме • 3% — при подаче заявки агенту (кроме АО «Солид»), если срок владения менее 90 дней • 1% — при подаче заявки агенту (кроме АО «Солид»), если срок владения 90 дней и более • 0,5% — при подаче заявки агенту АО «Солид» • не взимается — при погашении по лицевому счету номинального держателя • не взимается — при погашении по лицевому счету владельца по информации от страховой организации в рамках договора долевого страхования жизни",0.0139120334065245,0.0362462400036065,0.0603278822965598,0.1424733186983115,15870.41527,296.0,295.0,4137.41,65662426.68,643-RUB
1434,"ЗПИФ недвижимости ""Рентный 3""",RU000A0JQPB7,Закрытый,Недвижимости,В стадии прекращения,"ООО УК ""Надежное управление""",7723625776,https://www.ucnu.ru,активная,не предусмотрено,не предусмотрено,"0,5% от среднегодовой СЧА",0.5,True,nav,не предусмотрено,False,"не более 0,6% от среднегодовой СЧА",0.6,50% от среднегодовой СЧА,50.0,предусмотрено,полгода,не предусмотрено,не предусмотрено,,,,,446655.0,1.0,,146.06,65240457.55,643-RUB
7851,ОПИФ рыночных финансовых инструментов «Альфа-Капитал Длинные ОФЗ»,RU000A10FCU1,Открытый,Фонд рыночных финансовых инструментов,Сформирован,"ООО УК ""Альфа-Капитал""",7728142469,https://www.alfacapital.ru,активная,Cbonds-GBI RU 5Y,не предусмотрено,1% от среднегодовой СЧА,1.0,True,nav,не предусмотрено,False,"не более 0,14% от среднегодовой СЧА",0.14,"0,2% от среднегодовой СЧА",0.2,не предусмотрено,не предусмотрено,"• 1,4% — при подаче заявки УК при сумме менее 500 тыс. руб. • 0,9% — при подаче заявки УК при сумме от 500 тыс. руб. до 3 млн руб. • 0,5% — при подаче заявки УК при сумме от 3 млн руб. • не взимается — при подаче заявки УК номинальным держателем или доверительным управляющим • 1,4% — при подаче заявки агенту АО «АЛЬФА-БАНК» при сумме менее 500 тыс. руб. • 0,9% — при подаче заявки агенту АО «АЛЬФА-БАНК» при сумме от 500 тыс. руб. до 3 млн руб. • 0,5% — при подаче заявки агенту АО «АЛЬФА-БАНК» при сумме от 3 млн руб.","• 1% — при сроке владения до 183 дней (для паев, приобретенных по заявке на ИИС или через агента, или при подаче заявки УК для паев, не учитываемых на ИИС) • 0,5% — при сроке владения 184–365 дней (для паев, приобретенных по заявке на ИИС или через агента, или при подаче заявки УК для паев, не учитываемых на ИИС) • не взимается — при сроке владения 366 дней и более (для паев, приобретенных по заявке на ИИС или через агента, или при подаче заявки УК для паев, не учитываемых на ИИС) • не взимается — при подаче заявки номинальным держателем или доверительным управляющим • не взимается — при погашении паев в связи с особой жизненной ситуацией",0.0318558718502229,,,,63519.70669,507.0,507.0,1022.92,64975317.83,643-RUB
3155,ОПИФ рыночных финансовых инструментов «МКБ Мультивалютный доход»,RU000A0JWLF5,Открытый,Фонд рыночных финансовых инструментов,Сформирован,"АО ""УК МКБ Инвестиции""",7710186602,https://mkb-am.ru,активная,не предусмотрено,не предусмотрено,"не более 1,2% от среднегодовой СЧА",1.2,False,nav,не предусмотрено,False,"не более 0,5% от среднегодовой СЧА",0.5,"0,4% от среднегодовой СЧА",0.4,не предусмотрено,не предусмотрено,"• не взимается — при подаче заявки УК • 1,5% — при подаче заявки агенту • не взимается — при подаче заявки номинальным держателем или доверительным управляющим","• не взимается — при сроке владения до 30 дней • 2% — при сроке владения 31–179 дней • 1% — при сроке владения 180–359 дней • 0,5% — при сроке владения 360–719 дней • не взимается — при сроке владения 720 дней и более • не взимается — при стоимости погашения 6 млн руб. и более по одной заявке • не взимается — при подаче заявки номинальным держателем или доверительным управляющим",0.0051025430680886,0.0459450230493426,0.0377416021547269,0.0313994208364199,105963.24323,404.0,403.0,612.61,64914104.5,643-RUB
7594,ОПИФ рыночных финансовых инструментов «Первая – Инструменты в рублях»,RU000A10ECS8,Открытый,Фонд рыночных финансовых инструментов,Сформирован,АО УК «Первая»,7710183778,https://www.first-am.ru,активная,RUCBTRNS - «Индекс МосБиржи Корпоративных Облигаций»,не предусмотрено,"1,5% от среднегодовой СЧА",1.5,True,nav,не предусмотрено,False,"не более 0,08% от среднегодовой СЧА",0.08,"0,5% от среднегодовой СЧА",0.5,не предусмотрено,не предусмотрено,не предусмотрено,"• 2% — при сроке владения до 180 дней (для физических и юридических лиц, кроме номинальных держателей) • 1,5% — при сроке владения 181–365 дней (для физических и юридических лиц, кроме номинальных держателей) • 1% — при сроке владения 366–547 дней (для физических и юридических лиц, кроме номинальных держателей) • 0,5% — при сроке владения 548–730 дней (для физических и юридических лиц, кроме номинальных держателей) • не взимается — при сроке владения 731 день и более (для физических и юридических лиц, кроме номинальных держателей) • не взимается — при приобретении паев при формировании фонда (для физических и юридических лиц, кроме номинальных держателей) • 2,1% — при сроке владения до 90 дней (для номинальных держателей до 30.06.2026) • 2% — при сроке владения 91 день и более (для номинальных держателей до 30.06.2026) • 2% — при сроке владения до 180 дней (для номинальных держателей с 01.07.2026) • 1,5% — при сроке владения 181–365 дней (для номинальных держателей с 01.07.2026) • 1% — при сроке владения 366–547 дней (для номинальных держателей с 01.07.2026) • 0,5% — при сроке владения 548–730 дней (для номинальных держателей с 01.07.2026) • не взимается — при сроке владения 731 день и более (для номинальных держателей с 01.07.2026) • не взимается — при приобретении паев при формировании фонда (для номинальных держателей)",0.0121795323462209,0.0065463499594607,,,64099.6651067,130.0,130.0,1005.57,64456811.24,643-RUB
3264,ОПИФ рыночных финансовых инструментов «ТРИНФИКО Капиталист»,RU000A0JXCF2,Открытый,Фонд рыночных финансовых инструментов,Сформирован,"АО ""Управляющая Компания ТРИНФИКО""",7701155020,https://www.trinfico-am.ru,активная,Индекс МосБиржи (IMOEX),не предусмотрено,не более 3% от среднегодовой СЧА,3.0,False,nav,не предусмотрено,False,не более 1% от среднегодовой СЧА,1.0,"0,5% от среднегодовой СЧА",0.5,не предусмотрено,не предусмотрено,"• 1,5% — при подаче заявки управляющей компании или агенту • не взимается — при подаче заявки через финансовую платформу «Финуслуги»",• 3% — при сроке владения до 365 дней включительно • 2% — при сроке владения 366–730 дней включительно • 1% — при сроке владения более 730 дней,-0.0197765210408514,-0.1027782339096232,-0.1693776648496826,-0.1281192061031579,55897.68997,111.0,109.0,1147.43,64138651.51,643-RUB
5792,ЗПИФ рыночных финансовых инструментов «Заблокированные активы паевого инвестиционного фонда «Первая – Фонд прогрессивный смарт»»,RU000A1079V0,Закрытый,Фонд рыночных финансовых инструментов,Сформирован,АО УК «Первая»,7710183778,https://www.first-am.ru,активная,не предусмотрено,не предусмотрено,не более 1% от среднегодовой СЧА,1.0,False,nav,не предусмотрено,False,"не более 0,15% от среднегодовой СЧА",0.15,"0,09% от среднегодовой СЧА",0.09,не предусмотрено,не предусмотрено,не предусмотрено,не предусмотрено,,,,,9697164.41524,9610.0,9607.0,6.44,62496526.04,643-RUB
6661,БПИФ рыночных финансовых инструментов «АК БАРС – Денежный рынок»,RU000A10AF15,Биржевой,Фонд рыночных финансовых инструментов,Сформирован,ООО УК «АК БАРС КАПИТАЛ»,1435126890,https://www.akbars-capital.ru,пассивная,Russian Secured Funding Average Rate (RUSFAR),не более 5% по модулю — за 250 рабочих дней,"0,2% от среднегодовой СЧА",0.2,True,nav,не предусмотрено,False,"не более 0,049% от среднегодовой СЧА",0.049,"0,5% от среднегодовой СЧА",0.5,не предусмотрено,не предусмотрено,не предусмотрено,не предусмотрено,0.0119278134923708,0.0354255825011887,0.0731006160164271,0.1621597580501691,475886.32732,1910.0,1906.0,130.65,62172977.18,643-RUB
7802,БПИФ рыночных финансовых инструментов «Финам Активное управление»,RU000A10F6R9,Биржевой,Фонд рыночных финансовых инструментов,Сформирован,"ООО ""УК ""Финам Менеджмент""",7744002606,https://www.fdu.ru,активная,не предусмотрено,не предусмотрено,2% от среднегодовой СЧА,2.0,True,nav,не предусмотрено,False,"не более 0,5% от среднегодовой СЧА",0.5,"не более 0,45% от среднегодовой СЧА",0.45,не предусмотрено,не предусмотрено,не предусмотрено,не предусмотрено,0.0173703133025167,,,,6144602.13662,432.0,430.0,9.9041,60857042.1,643-RUB
1090,"ЗПИФ недвижимости ""Семейные сбережения""",-,Закрытый,Недвижимости,Сформирован,ЗАО «Управляющая компания»,6659013965,https://www.azkapital.ru,активная,не предусмотрено,не предусмотрено,"0,5% от среднегодовой СЧА",0.5,True,nav,не предусмотрено,False,не более 2% от среднегодовой СЧА,2.0,5% от среднегодовой СЧА,5.0,не предусмотрено,не предусмотрено,не предусмотрено,не предусмотрено,-0.0072854291417166,-0.0078795132655097,-0.0228400216120634,0.1490787269681742,300000.0,1.0,,198.94,59682266.65,643-RUB
3652,ЗПИФ недвижимости «Гарант»,RU000A100G86,Закрытый,Недвижимости,Сформирован,"ООО УК ""Гамма Групп""",5410071220,https://www.am-gamma.ru,активная,не предусмотрено,не предусмотрено,"2,5% от среднегодовой СЧА, но не более 35 000 руб. в месяц",2.5,False,mixed,не предусмотрено,False,"не более 7,5% от среднегодовой СЧА",7.5,15% от среднегодовой СЧА,15.0,не предусмотрено,не предусмотрено,не предусмотрено,не предусмотрено,-0.0057203229757555,0.0647591932583251,0.046411241735249,0.3495058748071811,95.75667,1.0,,600743.93,57525238.45,643-RUB
7335,ОПИФ рыночных финансовых инструментов «Консервативная стратегия на МосБирже»,RU000A10D1E0,Открытый,Фонд рыночных финансовых инструментов,Сформирован,"ООО УК ""Альфа-Капитал""",7728142469,https://www.alfacapital.ru,активная,Индекс МосБиржи (IMOEX),не предусмотрено,"2,26% от среднегодовой СЧА",2.26,True,nav,не предусмотрено,False,"не более 0,14% от среднегодовой СЧА",0.14,"0,2% от среднегодовой СЧА",0.2,не предусмотрено,не предусмотрено,не предусмотрено,не предусмотрено,0.010268231349539,-0.0678654292343387,-0.0655165729792595,,587323.00777,1171.0,1171.0,96.42,56631924.34,643-RUB
5795,ЗПИФ рыночных финансовых инструментов «Заблокированные активы паевого инвестиционного фонда «Первая – Фонд Динамичный смарт»»,RU000A1079U2,Закрытый,Фонд рыночных финансовых инструментов,Сформирован,АО УК «Первая»,7710183778,https://www.first-am.ru,активная,не предусмотрено,не предусмотрено,не более 1% от среднегодовой СЧА,1.0,False,nav,не предусмотрено,False,"не более 0,15% от среднегодовой СЧА",0.15,"0,1% от среднегодовой СЧА",0.1,не предусмотрено,не предусмотрено,не предусмотрено,не предусмотрено,,,,,9674477.13157,7195.0,7190.0,5.82,56351358.1,643-RUB
7286,ОПИФ рыночных финансовых инструментов «Финголд»,RU000A10CSE8,Открытый,Фонд рыночных финансовых инструментов,Сформирован,АО «СОЛИД Менеджмент»,7706150949,https://solid-mn.ru/,активная,не предусмотрено,не предусмотрено,3% от среднегодовой СЧА,3.0,True,nav,не предусмотрено,False,"не более 0,1% от среднегодовой СЧА",0.1,"5,2% от среднегодовой СЧА",5.2,не предусмотрено,не предусмотрено,"• 1,5% — при подаче заявки на приобретение инвестиционных паев • не взимается — при подаче заявки страховой организацией в рамках исполнения договора долевого страхования жизни","• 2% — при сроке владения 31–179 дней • 1% — при сроке владения 180–359 дней • 0,5% — при сроке владения 360–719 дней • не взимается — при сроке владения 720 дней и более, а также при погашении по договору долевого страхования жизни",0.0117049904828583,-0.0781651815082829,-0.1574363412745411,,60405.19109,24.0,22.0,924.84,55865031.21,643-RUB
5306,ОПИФ рыночных финансовых инструментов «МКБ Купонный доход»,RU000A1060S6,Открытый,Фонд рыночных финансовых инструментов,Сформирован,"АО ""УК МКБ Инвестиции""",7710186602,https://mkb-am.ru,активная,не предусмотрено,не предусмотрено,"не более 1,5% от среднегодовой СЧА",1.5,False,nav,не предусмотрено,False,"не более 0,50% от среднегодовой СЧА",0.5,"0,5% от среднегодовой СЧА",0.5,предусмотрено,квартал,"• не взимается — при подаче заявки управляющей компании • 1,5% — при подаче заявки агенту • не взимается — при подаче заявки номинальным держателем или доверительным управляющим","• не взимается — при сроке владения до 30 дней • 2% — при сроке владения более 30 дней, но менее 180 дней • 1% — при сроке владения 180–359 дней • 0,5% — при сроке владения 360–719 дней • не взимается — при сроке владения 720 дней и более • не взимается — при стоимости погашения 6 млн руб. и более по одной заявке • не взимается — при подаче заявки номинальным держателем или доверительным управляющим",0.015593789503141,0.0320360165065838,0.0666459446640462,0.1443873546509612,52991.2843,235.0,235.0,1052.47,55771865.92,643-RUB
7276,ОПИФ рыночных финансовых инструментов «Облигации роста»,RU000A10DHY7,Открытый,Фонд рыночных финансовых инструментов,Сформирован,ООО УК «Финстар Капитал»,9703154610,https://finstar-capital.ru,активная,не предусмотрено,не предусмотрено,"0,5% от среднегодовой СЧА",0.5,True,nav,не предусмотрено,False,не более 1% от среднегодовой СЧА,1.0,5% от среднегодовой СЧА,5.0,предусмотрено,квартал,не предусмотрено,не предусмотрено,0.0125,0.034876798641159,0.0696,,51673.00675,122.0,121.0,996.03,51467814.4,643-RUB
2275,ЗПИФ рыночных финансовых инструментов «Валютные облигации»,RU000A0JTZ07,Закрытый,Фонд рыночных финансовых инструментов,Сформирован,ООО «Менеджмент-консалтинг»,7702203678,https://www.mconsulting.ru,активная,не предусмотрено,не предусмотрено,"не более 1,5% от среднегодовой СЧА",1.5,False,nav,не предусмотрено,False,"не более 0,3% от среднегодовой СЧА",0.3,"0,5% от среднегодовой СЧА",0.5,не предусмотрено,не предусмотрено,не предусмотрено,не предусмотрено,,,,,28266.0563,2217.0,2217.0,1813.43,51258380.89,643-RUB
7797,БПИФ рыночных финансовых инструментов «Озон Денежный рынок»,RU000A10FA23,Биржевой,Фонд рыночных финансовых инструментов,Сформирован,ООО УК «ОЗОН УПРАВЛЕНИЕ АКТИВАМИ»,9703217363,https://ozon-am.ru/,пассивная,RUONIA (Ruble Overnight Index Average),не более 5% по модулю — за 250 рабочих дней,"не более 0,47% от среднегодовой СЧА",0.47,False,nav,не предусмотрено,False,"не более 0,03% от среднегодовой СЧА",0.03,"не более 0,17% от среднегодовой СЧА",0.17,не предусмотрено,не предусмотрено,не предусмотрено,не предусмотрено,0.0114436821753773,,,,500000.0,394.0,391.0,101.3593,50679649.75,643-RUB
4526,ЗПИФ рыночных финансовых инструментов «Акции Европы»,RU000A103H82,Закрытый,Фонд рыночных финансовых инструментов,Сформирован,ООО «Менеджмент-консалтинг»,7702203678,https://www.mconsulting.ru,активная,не предусмотрено,не предусмотрено,"не более 0,8% от среднегодовой СЧА",0.8,False,nav,не предусмотрено,False,"не более 0,71% от среднегодовой СЧА",0.71,"0,17% от среднегодовой СЧА",0.17,не предусмотрено,не предусмотрено,не предусмотрено,не предусмотрено,,,,,1854049.99701,1259.0,1256.0,27.17,50380660.27,643-RUB
5471,ОПИФ рыночных финансовых инструментов «Первая - Устойчивый портфель Лето»,RU000A106J79,Открытый,Фонд рыночных финансовых инструментов,Сформирован,АО УК «Первая»,7710183778,https://www.first-am.ru,активная,"Для акций: • 100% Индекс МосБиржи полной доходности «брутто» (MCFTR) Для облигаций: • 70% Индекс МосБиржи государственных облигаций (≤ 1 года) - совокупный доход (RUGBITR1Y) • 30% Индекс МосБиржи корпоративных облигаций (≤ 1 года, рейтинг ≥ B-) - совокупный доход (RUCBITR1Y)",не предусмотрено,"1,5% от среднегодовой СЧА",1.5,True,nav,не предусмотрено,False,"не более 0,15% от среднегодовой СЧА",0.15,1% от среднегодовой СЧА,1.0,не предусмотрено,не предусмотрено,не предусмотрено,• 3% — при сроке владения до 365 дней • 2% — при сроке владения 366–730 дней • 1% — при сроке владения 731–1095 дней • не взимается — при сроке владения 1096 дней и более • не взимается — при подаче заявки номинальным держателем или доверительным управляющим,0.0345578253815846,0.0166834775818311,0.0063608621786354,0.0764719054673235,40185.44124,1.0,,1249.87,50226492.53,643-RUB
7155,БПИФ рыночных финансовых инструментов «ПСБ – Российские акции»,RU000A10C0W5,Биржевой,Фонд рыночных финансовых инструментов,Сформирован,"ООО ""УК ПРОМСВЯЗЬ""",7718218817,https://www.upravlyaem.ru,активная,Индекс МосБиржи IMOEX (IMOEX),не предусмотрено,"2,0% от среднегодовой СЧА",2.0,True,nav,не предусмотрено,False,"не более 0,28% от среднегодовой СЧА",0.28,"0,2% от среднегодовой СЧА",0.2,не предусмотрено,не предусмотрено,не предусмотрено,не предусмотрено,-0.0099756251692696,-0.0943980511370088,-0.1448039225242965,-0.094201701495003,5672926.20274,2278.0,2276.0,8.7732,49769639.02,643-RUB
4057,"БПИФ рыночных финансовых инструментов «РСХБ - Индекс МосБиржи - РСПП Вектор устойчивого развития, полной доходности, брутто»",RU000A101R66,Биржевой,Фонд рыночных финансовых инструментов,Сформирован,"ООО ""РСХБ Управление Активами""",7704814182,https://www.rshb-am.ru/,пассивная,"Индекс МосБиржи - РСПП Вектор устойчивого развития, полной доходности брутто (MRSVT)",не более 10% по модулю — за 250 рабочих дней,"не более 0,8% от среднегодовой СЧА",0.8,False,nav,не предусмотрено,False,"не более 0,4% от среднегодовой СЧА",0.4,"0,45% от среднегодовой СЧА",0.45,не предусмотрено,не предусмотрено,"1,5% — при подаче заявки после завершения формирования фонда",не предусмотрено,-0.0047139788368207,-0.1129881410313226,-0.1897436727820329,-0.1533952001082809,49660.0,2217.0,2215.0,1000.78,49698813.63,643-RUB
4362,"БПИФ рыночных финансовых инструментов «РСХБ – Облигации, вектор И.Эс.Джи»",RU000A1030R1,Биржевой,Фонд рыночных финансовых инструментов,Сформирован,"ООО ""РСХБ Управление Активами""",7704814182,https://www.rshb-am.ru/,пассивная,Индекс МосБиржи российских корпоративных еврооблигаций «РСХБ-РСПП-Вектор устойчивого развития» (RUEUESG),не более 15% по модулю — за 250 рабочих дней,"не более 0,45% от среднегодовой СЧА",0.45,False,nav,не предусмотрено,False,"не более 0,4% от среднегодовой СЧА",0.4,"0,9% от среднегодовой СЧА",0.9,не предусмотрено,не предусмотрено,"1,5% — при подаче заявки после завершения формирования фонда",не предусмотрено,0.0017153805025841,0.0461112532861828,0.045369477024655,0.0119616955675335,55003.0,155.0,153.0,899.3,49464168.25,643-RUB
1082,"ЗПИФ недвижимости ""Город""",-,Закрытый,Недвижимости,Сформирован,ЗАО «Управляющая компания»,6659013965,https://www.azkapital.ru,активная,не предусмотрено,не предусмотрено,"1,5% от среднегодовой СЧА",1.5,True,nav,не предусмотрено,False,не более 7% от среднегодовой СЧА,7.0,20% от среднегодовой СЧА,20.0,не предусмотрено,не предусмотрено,не предусмотрено,не предусмотрено,-0.0040212262933481,0.0322057745702776,0.018104394444679,0.0613802018868444,25000.0,1.0,,1929.43,49200555.31,643-RUB
0045,ОПИФ рыночных финансовых инструментов «Солид – пенсионный капитал»,RU000A0EABJ5,Открытый,Фонд рыночных финансовых инструментов,Сформирован,АО «СОЛИД Менеджмент»,7706150949,https://solid-mn.ru/,активная,не предусмотрено,не предусмотрено,"2,6% от среднегодовой СЧА",2.6,True,nav,не предусмотрено,False,не более 1% от среднегодовой СЧА,1.0,"не более 1,5% от среднегодовой СЧА",1.5,не предусмотрено,не предусмотрено,"• 0,75% — при подаче заявки УК, сумма менее 500 тыс. руб. • 0,5% — при подаче заявки УК, сумма от 500 тыс. руб. • не взимается — при подаче заявки через Личный кабинет или номинальным держателем в электронной форме • 0,75% — при подаче заявки агенту, для владельцев паев, сумма менее 50 тыс. руб. • 0,6% — при подаче заявки агенту, для владельцев паев, сумма от 50 тыс. руб. до 100 тыс. руб. • 0,5% — при подаче заявки агенту, для владельцев паев, сумма от 100 тыс. руб. • 1,5% — при подаче заявки агенту, для лиц, не являющихся владельцами паев, сумма менее 50 тыс. руб. • 1,2% — при подаче заявки агенту, для лиц, не являющихся владельцами паев, сумма от 50 тыс. руб. до 100 тыс. руб. • 1% — при подаче заявки агенту, для лиц, не являющихся владельцами паев, сумма от 100 тыс. руб. • не взимается — при подаче заявки страховой организацией в рамках договора долевого страхования жизни","• 0,75% — при подаче заявки УК в пунктах приема заявок и сроке владения до 12 месяцев • не взимается — при подаче заявки УК в пунктах приема заявок и сроке владения более 12 месяцев • не взимается — при подаче заявки через Личный кабинет или номинальным держателем в электронной форме • 3% — при подаче заявки агенту и сроке владения до 90 дней • 1% — при подаче заявки агенту и сроке владения более 90 дней • не взимается — при погашении по лицевому счету номинального держателя • не взимается — при погашении по лицевому счету владельца на основании информации от страховой организации",0.0131437190260721,-0.0257950896094477,-0.0377570858487669,0.0194037940379404,509555.22564,131.0,131.0,94.04,47918096.55,643-RUB
5268,ОПИФ рыночных финансовых инструментов «Первая - Устойчивый портфель Зима»,RU000A105TH8,Открытый,Фонд рыночных финансовых инструментов,Сформирован,АО УК «Первая»,7710183778,https://www.first-am.ru,активная,"Для акций: • 100% Индекс МосБиржи полной доходности «брутто» (MCFTR) Для облигаций: • 70% Индекс МосБиржи государственных облигаций (≤ 1 года) - совокупный доход (RUGBITR1Y) • 30% Индекс МосБиржи корпоративных облигаций (≤ 1 года, рейтинг ≥ B-) - совокупный доход (RUCBITR1Y)",не предусмотрено,"1,5% от среднегодовой СЧА",1.5,True,nav,не предусмотрено,False,"не более 0,15% от среднегодовой СЧА",0.15,1% от среднегодовой СЧА,1.0,не предусмотрено,не предусмотрено,не предусмотрено,• 3% — при сроке владения до 365 дней • 2% — при сроке владения 366–730 дней • 1% — при сроке владения 731–1095 дней • не взимается — при сроке владения 1096 дней и более • не взимается — при подаче заявки номинальным держателем или доверительным управляющим,0.01229118097419,-0.0088000702384731,-0.0195077630207636,0.0386989015966483,320510.3190162,1.0,,146.764,47039428.37,643-RUB
2880,"ЗПИФ недвижимости ""ДОХОДЪ - Рентная недвижимость""",RU000A0JUZ61,Закрытый,Недвижимости,Сформирован,ООО «УК «ДОХОДЪ»,7826685368,https://www.dohod.ru,активная,не предусмотрено,не предусмотрено,1% от среднегодовой СЧА,1.0,True,nav,не предусмотрено,False,"не более 0,99% от среднегодовой СЧА",0.99,50% от среднегодовой СЧА,50.0,предусмотрено,квартал,"• 1,2% — при подаче заявки агенту, сумма менее 100 тыс. руб. • 0,8% — при подаче заявки агенту, сумма от 100 тыс. руб. до 300 тыс. руб. • 0,3% — при подаче заявки агенту, сумма от 300 тыс. руб. • 0,1% — при подаче заявки агенту через систему электронного документооборота НРД от номинального держателя • 1,5% — при подаче заявки УК, сумма менее 100 тыс. руб. • 1,0% — при подаче заявки УК, сумма от 100 тыс. руб. до 300 тыс. руб. • 0,5% — при подаче заявки УК, сумма от 300 тыс. руб.","• 2% — при подаче заявки агенту и сроке владения до 180 дней • 1% — при подаче заявки агенту и сроке владения 181–365 дней • не взимается — при подаче заявки агенту и сроке владения более 365 дней • 2,5% — при подаче заявки УК и сроке владения до 180 дней • 1,5% — при подаче заявки УК и сроке владения 181–365 дней • не взимается — при подаче заявки УК и сроке владения более 365 дней • 0,5% — при погашении паев через номинального держателя (по системе НРД или напрямую УК)",0.0035406063288338,0.0091232754784157,0.0203622454719316,0.0913247503308868,500220.0,6.0,6.0,90.7,45369462.48,643-RUB
3720,ОПИФ рыночных финансовых инструментов «Лалэ – Исламские инвестиции»,RU000A103TM3,Открытый,Фонд рыночных финансовых инструментов,Сформирован,ООО УК «АК БАРС КАПИТАЛ»,1435126890,https://www.akbars-capital.ru,активная,MXSHAR - «Индекс МосБиржи исламских инвестиций»,не предусмотрено,"2,5% от среднегодовой СЧА",2.5,True,nav,не предусмотрено,False,не более 1% от среднегодовой СЧА,1.0,"0,5% от среднегодовой СЧА",0.5,не предусмотрено,не предусмотрено,не предусмотрено,не предусмотрено,0.0455508580954199,-0.1100122235803977,-0.1397919644406254,-0.1629860681238996,43435.97178,209.0,208.0,1041.17,45224411.6,643-RUB
1201,ЗПИФН «ИнвестСтрой» под управлением ООО «УК «НИТ»,-,Закрытый,Недвижимости,В стадии прекращения,ООО «УК «НИТ»,7735520922,https://uk-nit.ru,активная,не предусмотрено,не предусмотрено,"0,65% от среднегодовой СЧА",0.65,True,nav,не предусмотрено,False,не более 1% от среднегодовой СЧА,1.0,7% от среднегодовой СЧА,7.0,не предусмотрено,не предусмотрено,не предусмотрено,не предусмотрено,,,,,250000.0,1.0,1.0,180.5,45126079.64,643-RUB
6396,БПИФ рыночных финансовых инструментов «ФИНСТАР - Денежный рынок ПЛЮС»,RU000A109866,Биржевой,Фонд рыночных финансовых инструментов,Сформирован,ООО УК «Финстар Капитал»,9703154610,https://finstar-capital.ru,пассивная,Индекс накопленной доходности RUSFARIND (RUSFARIND),не более 10% по модулю — за каждый день определения расчетной стоимости инвестиционного пая,"0,1% от среднегодовой СЧА",0.1,True,nav,не предусмотрено,False,"не более 0,1% от среднегодовой СЧА",0.1,"0,11% от среднегодовой СЧА",0.11,не предусмотрено,не предусмотрено,не предусмотрено,не предусмотрено,0.0120793225736412,0.0358367715794698,0.0741312563369895,0.1659857252443052,32247.54456,218.0,214.0,1398.39,45094732.01,643-RUB
3013,ЗПИФ недвижимости «КьюБиЭф Региональная Недвижимость»,RU000A0JWBS9,Закрытый,Недвижимости,В стадии прекращения,"ООО ""КБФ УА""",7704835400,https://www.qbfam.ru,активная,не предусмотрено,не предусмотрено,2% от среднегодовой СЧА,2.0,True,nav,20% от дохода от ДУ,True,не более 2% от среднегодовой СЧА,2.0,15% от среднегодовой СЧА,15.0,не предусмотрено,не предусмотрено,не предусмотрено,не предусмотрено,,,,,,,,12114.55,42757568.31,643-RUB
0846,ОПИФ рыночных финансовых инструментов «Апрель Капитал – Акции сырьевых компаний»,-,Открытый,Фонд рыночных финансовых инструментов,Сформирован,"АО УК ""Апрель Капитал""",7704239292,https://www.april-capital.ru,активная,не предусмотрено,не предусмотрено,"3,54% от среднегодовой СЧА",3.54,True,nav,не предусмотрено,False,не более 1% от среднегодовой СЧА,1.0,1% от среднегодовой СЧА,1.0,не предусмотрено,не предусмотрено,не предусмотрено,"• 2,35% — при сроке владения до 180 дней • 1,2% — при сроке владения 181–365 дней • не взимается — при сроке владения более 365 дней • не взимается — при подаче заявки номинальным держателем или доверительным управляющим без использования Финансовой платформы",-0.0079495128432241,-0.1446109785202864,-0.201735473869893,-0.1609985392711338,94613.8158,134.0,134.0,448.01,42388153.26,643-RUB
0298,"ОПИФ рыночных финансовых инструментов ""Лидер - смешанные инвестиции""",-,Открытый,Фонд рыночных финансовых инструментов,Сформирован,"ЗАО ""Лидер""",5018026672,https://www.leader-invest.ru,активная,не предусмотрено,не предусмотрено,1% от среднегодовой СЧА,1.0,True,nav,не предусмотрено,False,"не более 1,5% от среднегодовой СЧА",1.5,"1,5% от среднегодовой СЧА",1.5,не предусмотрено,не предусмотрено,не предусмотрено,"• 1% — при сроке владения до 183 дней включительно • 0,5% — при сроке владения 184–364 дня • не взимается — при сроке владения 365 дней и более",-0.0056053714677375,-0.0513632517183084,-0.0740181208039135,-0.0141520916912248,1318.16011,12.0,11.0,29886.63,39395368.01,643-RUB
0219,ОПИФ рыночных финансовых инструментов «ТКБ Инвестмент Партнерс – Перспектива»,RU000A0JNUZ3,Открытый,Фонд рыночных финансовых инструментов,Сформирован,ТКБ Инвестмент Партнерс (АО),7825489723,https://www.tkbip.ru,активная,не предусмотрено,не предусмотрено,"не более 3,5% от среднегодовой СЧА",3.5,False,nav,не предусмотрено,False,"не более 0,6% от среднегодовой СЧА",0.6,"1,5% от среднегодовой СЧА",1.5,не предусмотрено,не предусмотрено,"• 1,5% — при подаче заявки УК, сумма менее 100 тыс. руб. • 1,0% — при подаче заявки УК, сумма от 100 тыс. руб. до 300 тыс. руб. • 0,5% — при подаче заявки УК, сумма от 300 тыс. руб. до 1 млн руб. • не взимается — при подаче заявки УК, сумма от 1 млн руб. • 1,5% — при подаче заявки агентам (кроме АО «БАНК СГБ», «Азиатско-Тихоокеанский Банк» (АО) и агентам по п.46.7), сумма менее 50 тыс. руб. • 1,0% — при подаче заявки агентам (кроме АО «БАНК СГБ», «Азиатско-Тихоокеанский Банк» (АО) и агентам по п.46.7), сумма от 50 тыс. руб. до 300 тыс. руб. • 0,5% — при подаче заявки агентам (кроме АО «БАНК СГБ», «Азиатско-Тихоокеанский Банк» (АО) и агентам по п.46.7), сумма от 300 тыс. руб. • 1,5% — при подаче заявки агенту АО «БАНК СГБ», сумма менее 50 тыс. руб. • 1,25% — при подаче заявки агенту АО «БАНК СГБ», сумма от 50 тыс. руб. до 1 млн руб. • 0,75% — при подаче заявки агенту АО «БАНК СГБ», сумма от 1 млн руб. • 1,5% — при подаче заявки агенту «Азиатско-Тихоокеанский Банк» (АО), сумма менее 500 тыс. руб. • 1,0% — при подаче заявки агенту «Азиатско-Тихоокеанский Банк» (АО), сумма от 500 тыс. руб. до 1,5 млн руб. • 0,5% — при подаче заявки агенту «Азиатско-Тихоокеанский Банк» (АО), сумма от 1,5 млн руб. • 1,0% — при подаче заявки УК номинальному держателю КИТ Финанс (АО), сумма менее 300 тыс. руб. • 0,5% — при подаче заявки УК номинальному держателю КИТ Финанс (АО), сумма от 300 тыс. руб. • 1,0% — при подаче заявки УК номинальному держателю ООО «АЛОР +» • не взимается — при подаче заявки УК лицом, действующим в качестве доверительного управляющего • не взимается — при подаче заявки УК номинальным держателем (кроме КИТ Финанс (АО) и ООО «АЛОР +») • не взимается — при подаче заявки УК через личный кабинет • не взимается — при подаче заявки агенту по п.46.7","• 3% — при подаче заявки УК, срок владения до 365 дней • 2,5% — при подаче заявки УК, срок владения 366–730 дней • 1,5% — при подаче заявки УК, срок владения 731–1095 дней • 2% — при подаче заявки агенту, срок владения до 180 дней • 1% — при подаче заявки агенту, срок владения 181–365 дней • 1% — при подаче заявки УК номинальным держателем КИТ Финанс (АО) или ООО «АЛОР +» • не взимается — при подаче заявки УК, срок владения более 1095 дней (кроме КИТ Финанс и АЛОР+) • не взимается — при подаче заявки номинальным держателем (кроме КИТ Финанс и АЛОР+) • не взимается — при подаче заявки доверительным управляющим • не взимается — при подаче заявки агенту, срок владения более 365 дней • не взимается — при подаче заявки агенту по п.65.4 (страховая организация)",0.0064268903506125,-0.0535172100678187,-0.0996814942776938,-0.0928252828546562,116240.859578,1076.0,1075.0,333.55,38936595.48,643-RUB
4460,ЗПИФ рыночных финансовых инструментов «РСХБ – Фонд «Американский корпоративный долг – инвестиционный рейтинг»,RU000A103BH1,Закрытый,Фонд рыночных финансовых инструментов,Сформирован,"ООО ""РСХБ Управление Активами""",7704814182,https://www.rshb-am.ru/,активная,не предусмотрено,не предусмотрено,"не более 0,2% от среднегодовой СЧА",0.2,False,nav,не предусмотрено,False,"не более 0,05% от среднегодовой СЧА",0.05,5% от среднегодовой СЧА,5.0,не предусмотрено,не предусмотрено,не предусмотрено,не предусмотрено,,,,,1427446.74399,12755.0,12752.0,26.26,37491531.62,643-RUB
2299,"ЗПИФ недвижимости ""Протон""",RU000A0JT510,Закрытый,Недвижимости,Сформирован,"ООО ""УК Портфельные инвестиции""",7706111837,https://www.ukpi.ru,активная,не предусмотрено,не предусмотрено,"2,5% от среднегодовой СЧА",2.5,True,nav,не предусмотрено,False,"не более 3,5% от среднегодовой СЧА",3.5,20% от среднегодовой СЧА,20.0,не предусмотрено,не предусмотрено,не предусмотрено,не предусмотрено,0.0029098360655737,-0.0019983686786297,0.0357364559819413,0.077463858516181,50930.27359,3.0,,734.13,37389615.43,643-RUB
7217,ОПИФ рыночных финансовых инструментов «Ренессанс Жизнь – Сбалансированный»,-,Открытый,Фонд рыночных финансовых инструментов,Сформирован,ООО «СК «Ренессанс Жизнь»,7725520440,https://www.renlife.ru,активная,Индекс МосБиржи полной доходности «брутто» (MCFTR),не предусмотрено,"0,1% от среднегодовой СЧА в год",0.1,True,nav,не предусмотрено,False,"не более 0,6% от среднегодовой СЧА в год",0.6,1% от среднегодовой СЧА,1.0,не предусмотрено,не предусмотрено,не предусмотрено,не предусмотрено,0.0207662451216652,-0.056492475456159,-0.0320693783290799,,383461.11627,547.0,547.0,95.7295,36708551.84,643-RUB
3711,ЗПИФ недвижимости «КьюБиЭф Развитие регионов 2»,RU000A100FL0,Закрытый,Недвижимости,В стадии прекращения,"ООО ""КБФ УА""",7704835400,https://www.qbfam.ru,активная,не предусмотрено,не предусмотрено,2% от среднегодовой СЧА пропорционально числу рабочих дней в отчетном году,2.0,True,nav,20% от дохода от ДУ,True,не более 2% от среднегодовой СЧА,2.0,15% от среднегодовой СЧА,15.0,не предусмотрено,не предусмотрено,не предусмотрено,не предусмотрено,,,,,,,,259551.22,36348419.77,643-RUB
3851,ЗПИФ недвижимости «Георгиевский»,-,Закрытый,Недвижимости,Сформирован,"ООО ""УК ""КРАСНЫЙ МОСТ""",7838059090,https://redbridge-am.com,активная,Индекс потребительских цен,не предусмотрено,"• 50 000 руб. в месяц — при СЧА до 49 999 999,99 руб. • 80 000 руб. в месяц — при СЧА от 50 000 000,00 до 74 999 999,99 руб. • 100 000 руб. в месяц — при СЧА от 75 000 000,00 до 99 999 999,99 руб. • 150 000 руб. в месяц — при СЧА от 100 000 000,00 до 149 999 999,99 руб. • 180 000 руб. в месяц — при СЧА от 150 000 000,00 до 199 999 999,99 руб. • 200 000 руб. в месяц — при СЧА от 200 000 000,00 до 249 999 999,99 руб. • 250 000 руб. в месяц — при СЧА от 250 000 000,00 руб.",50.0,True,fixed,10% от дохода от ДУ,True,"не более 1,5% от среднегодовой СЧА",1.5,не более 30% от среднегодовой СЧА,30.0,предусмотрено,месяц,не предусмотрено,не предусмотрено,-0.0051164924350721,-0.0166293159314697,-0.0662290286654885,-0.0294269048464935,123.70864,4.0,4.0,289897.49,35862824.36,643-RUB
4660,ЗПИФ рыночных финансовых инструментов «РСХБ – Фонд Акций европейских компаний»,RU000A103WS4,Закрытый,Фонд рыночных финансовых инструментов,Сформирован,"ООО ""РСХБ Управление Активами""",7704814182,https://www.rshb-am.ru/,активная,не предусмотрено,не предусмотрено,"не более 0,6% от среднегодовой СЧА",0.6,False,nav,не предусмотрено,False,"не более 0,05% от среднегодовой СЧА",0.05,5% от среднегодовой СЧА,5.0,не предусмотрено,не предусмотрено,не предусмотрено,не предусмотрено,,,,,867428.91003,1825.0,1824.0,40.4,35041546.92,643-RUB
2003,ОПИФ рыночных финансовых инструментов «РОНИН фонд сбалансированный»,RU000A0ZYAT1,Открытый,Фонд рыночных финансовых инструментов,Сформирован,"ОАО ""РОНИН Траст""",7709379423,https://ronintrust.ru/,активная,не предусмотрено,не предусмотрено,"0,35% от среднегодовой СЧА",0.35,True,nav,не предусмотрено,False,"не более 2,5% от среднегодовой СЧА",2.5,"2,5% от среднегодовой СЧА",2.5,не предусмотрено,не предусмотрено,не предусмотрено,не предусмотрено,0.0176225275054552,-0.0045278516326819,0.0257622059555113,0.0884253708270177,12000.0,1.0,,2886.7,34640449.65,643-RUB
3543,ЗПИФ недвижимости «КьюБиЭф Развитие регионов»,RU000A0ZZUC2,Закрытый,Недвижимости,В стадии прекращения,"ООО ""КБФ УА""",7704835400,https://www.qbfam.ru,активная,не предусмотрено,не предусмотрено,2% от среднегодовой СЧА,2.0,True,nav,20% от дохода от ДУ,True,не более 2% от среднегодовой СЧА,2.0,15% от среднегодовой СЧА,15.0,не предусмотрено,не предусмотрено,не предусмотрено,не предусмотрено,,,,,,,,254951.64,34618179.87,643-RUB
4668,ЗПИФ рыночных финансовых инструментов «Альфа-Капитал Видеоигры»,RU000A103ZD9,Закрытый,Фонд рыночных финансовых инструментов,Сформирован,"ООО УК ""Альфа-Капитал""",7728142469,https://www.alfacapital.ru,активная,не предусмотрено,не предусмотрено,"1,2% от среднегодовой СЧА",1.2,True,nav,не предусмотрено,False,"не более 0,13% от среднегодовой СЧА",0.13,"0,2% от среднегодовой СЧА",0.2,не предусмотрено,не предусмотрено,не предусмотрено,не предусмотрено,,,,,717067.27765,7390.0,7390.0,48.26,34606949.48,643-RUB
2610,ЗПИФ рыночных финансовых инструментов «Глобальный рынок акций»,RU000A0JVDN8,Закрытый,Фонд рыночных финансовых инструментов,Сформирован,"АО УК ""БКС""",5407191291,https://bcs.ru/am,активная,не предусмотрено,не предусмотрено,"не более 3,5% от среднегодовой СЧА",3.5,False,nav,не предусмотрено,False,"не более 0,2% от среднегодовой СЧА",0.2,не более 2% от среднегодовой СЧА,2.0,не предусмотрено,не предусмотрено,не предусмотрено,не предусмотрено,,,,,286405.6775,465.0,464.0,119.03,34090994.92,643-RUB
6932,ОПИФ рыночных финансовых инструментов «Блэк лайн»,RU000A10B8Z2,Открытый,Фонд рыночных финансовых инструментов,Сформирован,"ООО УК ""Альфа-Капитал""",7728142469,https://www.alfacapital.ru,активная,Индекс МосБиржи информационных технологий (MOEXIT),не предусмотрено,"2,26% от среднегодовой СЧА",2.26,True,nav,не предусмотрено,False,"не более 0,14% от среднегодовой СЧА",0.14,"0,2% от среднегодовой СЧА",0.2,не предусмотрено,не предусмотрено,не предусмотрено,не предусмотрено,0.0225867807893484,-0.1010554916919219,-0.1915413533834587,-0.1193693693693695,394798.33934,1106.0,1106.0,86.02,33959987.46,643-RUB
6972,"БПИФ рыночных финансовых инструментов ""ДОХОДЪ. Анализ акций""",RU000A10BCM7,Биржевой,Фонд рыночных финансовых инструментов,Сформирован,ООО «УК «ДОХОДЪ»,7826685368,https://www.dohod.ru,активная,Индекс МосБиржи (IMOEX),не предусмотрено,"1,5% от среднегодовой СЧА",1.5,True,nav,не предусмотрено,False,"не более 0,29% от среднегодовой СЧА",0.29,"0,01% от среднегодовой СЧА",0.01,не предусмотрено,не предусмотрено,не предусмотрено,не предусмотрено,0.0440035381979823,-0.0766297943136691,-0.1138640208321454,-0.0990511343871991,35601.41824,317.0,315.0,932.41,33195020.67,643-RUB
5771,ЗПИФ рыночных финансовых инструментов «Заблокированные активы паевого инвестиционного фонда «Альфа-Капитал Квант»»,RU000A107928,Закрытый,Фонд рыночных финансовых инструментов,Сформирован,"ООО УК ""Альфа-Капитал""",7728142469,https://www.alfacapital.ru,активная,не предусмотрено,не предусмотрено,не более 3% от среднегодовой СЧА,3.0,False,nav,не предусмотрено,False,"не более 0,13% от среднегодовой СЧА",0.13,"0,1% от среднегодовой СЧА",0.1,не предусмотрено,не предусмотрено,не предусмотрено,не предусмотрено,,,,,37641.19066,348.0,347.0,870.75,32776189.71,643-RUB
5931,ЗПИФ рыночных финансовых инструментов «БКС Перспектива (заблокированные активы)»,RU000A107HN7,Закрытый,Фонд рыночных финансовых инструментов,Сформирован,"АО УК ""БКС""",5407191291,https://bcs.ru/am,активная,не предусмотрено,не предусмотрено,"не более 3,9% от среднегодовой СЧА",3.9,False,nav,не предусмотрено,False,"не более 0,2% от среднегодовой СЧА",0.2,"не более 2,0% от среднегодовой СЧА",2.0,не предусмотрено,не предусмотрено,не предусмотрено,не предусмотрено,,,,,2227146.64263,12402.0,12396.0,14.66,32639403.93,643-RUB
5793,ЗПИФ недвижимости «РиалТех»,RU000A108165,Закрытый,Недвижимости,Сформирован,"ООО ""УК ""РЕКОРД КАПИТАЛ""",7718919844,https://www.recordcap.ru,активная,индекс потребительских цен,не предусмотрено,"• 7% от среднегодовой СЧА, но не менее 200 тыс. руб. в месяц — если СЧА ≤ 35 млн руб. • 5% от среднегодовой СЧА, но не менее 200 тыс. руб. в месяц — если 35 млн руб. < СЧА ≤ 100 млн руб. • 2,5% от среднегодовой СЧА, но не менее 200 тыс. руб. в месяц — если 100 млн руб. < СЧА ≤ 200 млн руб. • 1,5% от среднегодовой СЧА, но не менее 250 тыс. руб. в месяц — если 200 млн руб. < СЧА ≤ 300 млн руб. • 1,2% от среднегодовой СЧА, но не менее 300 тыс. руб. в месяц — если 300 млн руб. < СЧА ≤ 400 млн руб. • 1,1% от среднегодовой СЧА, но не менее 400 тыс. руб. в месяц — если 400 млн руб. < СЧА ≤ 500 млн руб. • 1% от среднегодовой СЧА, но не менее 400 тыс. руб. в месяц — если 500 млн руб. < СЧА ≤ 1 млрд руб.",1.0,True,mixed,не предусмотрено,False,не более 3% от среднегодовой СЧА,3.0,40% от среднегодовой СЧА,40.0,предусмотрено,квартал,не предусмотрено,не предусмотрено,0.0053123982164718,-0.0042606209604751,-0.0547112418628655,-0.0821722466777408,35000.0,31.0,30.0,895.1,31328509.27,643-RUB
0238,ОПИФ рыночных финансовых инструментов «ДОХОДЪ. Дивидендные акции. Россия».,RU000A0JP0K0,Открытый,Фонд рыночных финансовых инструментов,Сформирован,ООО «УК «ДОХОДЪ»,7826685368,https://www.dohod.ru,активная,не предусмотрено,не предусмотрено,2% от среднегодовой СЧА,2.0,True,nav,не предусмотрено,False,"не более 0,5% от среднегодовой СЧА",0.5,1% от среднегодовой СЧА,1.0,не предусмотрено,не предусмотрено,"• 1,5% — при подаче заявки после завершения формирования фонда • не взимается — при подаче заявки через финансовую платформу ПАО «Московская биржа ММВБ-РТС»","• 3% — при сроке владения до 1825 дней, кроме лиц с лицензией профучастника / УК ИФ, ПИФ, НПФ • 1,5% — для лиц с лицензией профучастника / УК ИФ, ПИФ, НПФ при сроке владения до 10 дней • не устанавливается — при подаче заявки УК как доверительным управляющим",0.0269438291976233,-0.0785794337577394,-0.1034893698159978,-0.0896048455657446,10331.89631,853.0,853.0,3009.12,31089880.54,643-RUB
6917,ОПИФ рыночных финансовых инструментов «Великолепная семерка»,RU000A10B909,Открытый,Фонд рыночных финансовых инструментов,Сформирован,"ООО УК ""Альфа-Капитал""",7728142469,https://www.alfacapital.ru,активная,Индекс МосБиржи полной доходности «нетто» (MCFTRR),не предусмотрено,"2,26% от среднегодовой СЧА",2.26,True,nav,не предусмотрено,False,"не более 0,14% от среднегодовой СЧА",0.14,"0,2% от среднегодовой СЧА",0.2,не предусмотрено,не предусмотрено,не предусмотрено,не предусмотрено,0.0624226853173471,-0.0117719950433704,-0.0107212475633527,0.0668896321070234,277339.05495,933.0,933.0,111.65,30965301.59,643-RUB
4797,ЗПИФ рыночных финансовых инструментов «Альфа-Капитал Стратегия будущего»,RU000A104CU0,Закрытый,Фонд рыночных финансовых инструментов,Сформирован,"ООО УК ""Альфа-Капитал""",7728142469,https://www.alfacapital.ru,активная,не предусмотрено,не предусмотрено,"не более 0,69% от среднегодовой СЧА",0.69,False,nav,не предусмотрено,False,"не более 0,13% от среднегодовой СЧА",0.13,"0,1% от среднегодовой СЧА",0.1,не предусмотрено,не предусмотрено,не предусмотрено,не предусмотрено,,,,,8719756.02956,5641.0,5640.0,3.38,29500498.15,643-RUB
0097а,ОПИФ рыночных финансовых инструментов «Финам Первый»,RU000A0JC037,Открытый,Фонд рыночных финансовых инструментов,Сформирован,"ООО ""УК ""Финам Менеджмент""",7744002606,https://www.fdu.ru,активная,не предусмотрено,не предусмотрено,не более 2% от среднегодовой СЧА,2.0,False,nav,не предусмотрено,False,"не более 1,5% от среднегодовой СЧА",1.5,5% от среднегодовой СЧА,5.0,не предусмотрено,не предусмотрено,"0,5% — при подаче заявки на приобретение инвестиционных паев","0,5% — при погашении инвестиционных паев",-0.0267103488148005,-0.1260166822413733,-0.1736099748011912,-0.1604494979719395,116341.99554,3262.0,3257.0,252.52,29379155.18,643-RUB
0734,ОПИФ рыночных финансовых инструментов «ДОХОДЪ. Российские акции. Первый эшелон»,RU000A0JP641,Открытый,Фонд рыночных финансовых инструментов,Сформирован,ООО «УК «ДОХОДЪ»,7826685368,https://www.dohod.ru,активная,не предусмотрено,не предусмотрено,2% от среднегодовой СЧА,2.0,True,nav,не предусмотрено,False,"не более 0,5% от среднегодовой СЧА",0.5,не более 1% от среднегодовой СЧА,1.0,не предусмотрено,не предусмотрено,"• 1,5% — при подаче заявки после завершения формирования фонда • не взимается — при подаче заявки через финансовую платформу ПАО «Московская биржа ММВБ-РТС»","• 3% — при сроке владения до 1825 дней, для всех лиц, кроме лицензированных профучастников / УК / НПФ • 1,5% — при сроке владения до 10 дней, для лиц с лицензией профучастника / УК / НПФ • не устанавливается — при сроке владения более 1825 дней, для всех лиц, кроме лицензированных профучастников / УК / НПФ • не устанавливается — при сроке владения более 10 дней, для лиц с лицензией профучастника / УК / НПФ • не устанавливается — при подаче заявки УК как доверительным управляющим",0.042416108423874,-0.0780319950048544,-0.1169142703168078,-0.1083557844165151,10881.6378,452.0,451.0,2687.38,29243140.91,643-RUB
3118,ЗПИФ рыночных финансовых инструментов «Т-Капитал Фонд Инвестиций»,RU000A0JWJA0,Закрытый,Фонд рыночных финансовых инструментов,Сформирован,ООО «Т-Капитал»,7743304530,https://t-capital-funds.ru/,активная,индекс потребительских цен,не предусмотрено,"2,9% от среднегодовой СЧА",2.9,True,nav,не предусмотрено,False,0% от среднегодовой СЧА,0.0,90% от среднегодовой СЧА,90.0,не предусмотрено,не предусмотрено,не предусмотрено,не предусмотрено,0.0084772703189573,0.0245175875339774,0.0573563314168264,0.1281747325371188,7646994.0,1.0,,3.8068,29110367.14,643-RUB
7798,БПИФ рыночных финансовых инструментов «Акции индекса Московской Биржи»,RU000A10FA31,Биржевой,Фонд рыночных финансовых инструментов,Сформирован,ООО УК «ОЗОН УПРАВЛЕНИЕ АКТИВАМИ»,9703217363,https://ozon-am.ru/,активная,Индекс МосБиржи полной доходности «брутто» (MCFTR),не предусмотрено,"не более 0,7% от среднегодовой СЧА",0.7,False,nav,не предусмотрено,False,"не более 0,05% от среднегодовой СЧА",0.05,"не более 0,1% от среднегодовой СЧА",0.1,не предусмотрено,не предусмотрено,не предусмотрено,не предусмотрено,,,,,255000.0,82.0,81.0,105.8465,26990869.24,643-RUB
7800,БПИФ рыночных финансовых инструментов «Корпоративные валютные облигации РФ»,RU000A10FA80,Биржевой,Фонд рыночных финансовых инструментов,Сформирован,ООО УК «ОЗОН УПРАВЛЕНИЕ АКТИВАМИ»,9703217363,https://ozon-am.ru/,активная,"Индекс МосБиржи российских облигаций, номинированных в иностранной валюте (RUEU10)",не предусмотрено,"не более 0,58% от среднегодовой СЧА",0.58,False,nav,не предусмотрено,False,"не более 0,05% от среднегодовой СЧА",0.05,"0,22% от среднегодовой СЧА",0.22,не предусмотрено,не предусмотрено,не предусмотрено,не предусмотрено,,,,,255000.0,99.0,98.0,104.3479,26608702.53,643-RUB
4778,ЗПИФ рыночных финансовых инструментов «Первая – Фонд Глобальный портфель»,RU000A104B95,Закрытый,Фонд рыночных финансовых инструментов,Сформирован,АО УК «Первая»,7710183778,https://www.first-am.ru,активная,не предусмотрено,не предусмотрено,"не более 0,59% от среднегодовой СЧА",0.59,False,nav,не предусмотрено,False,"не более 0,1% от среднегодовой СЧА",0.1,"0,1% от среднегодовой СЧА",0.1,не предусмотрено,не предусмотрено,не предусмотрено,не предусмотрено,,,,,4955975.74128,1192.0,1190.0,5.37,26599729.9,643-RUB
7801,БПИФ рыночных финансовых инструментов «Российские государственные облигации»,RU000A10FAA7,Биржевой,Фонд рыночных финансовых инструментов,Сформирован,ООО УК «ОЗОН УПРАВЛЕНИЕ АКТИВАМИ»,9703217363,https://ozon-am.ru/,активная,Индекс МосБиржи государственных облигаций (MOEX Russian Government Bond Index Total Return) (RGBITR),не предусмотрено,"не более 0,71% от среднегодовой СЧА",0.71,False,nav,не предусмотрено,False,"не более 0,05% от среднегодовой СЧА",0.05,"0,09% от среднегодовой СЧА",0.09,не предусмотрено,не предусмотрено,не предусмотрено,не предусмотрено,0.0329990229697121,,,,255000.0,163.0,162.0,103.2967,26340671.03,643-RUB
0326,ИПИФ рыночных финансовых инструментов «Аз-Капитал»,-,Интервальный,Фонд рыночных финансовых инструментов,Сформирован,ЗАО «Управляющая компания»,6659013965,https://www.azkapital.ru,активная,не предусмотрено,не предусмотрено,"0,5% от среднегодовой СЧА",0.5,True,nav,не предусмотрено,False,не более 2% от среднегодовой СЧА,2.0,5% от среднегодовой СЧА,5.0,не предусмотрено,не предусмотрено,не предусмотрено,не предусмотрено,-0.0102564102564103,-0.1207289293849658,-0.1608695652173913,-0.1002331002331003,6735217.7949,4280.0,4278.0,3.86,26019110.92,643-RUB
7799,БПИФ рыночных финансовых инструментов «Корпоративные рублевые облигации РФ»,RU000A10FA49,Биржевой,Фонд рыночных финансовых инструментов,Сформирован,ООО УК «ОЗОН УПРАВЛЕНИЕ АКТИВАМИ»,9703217363,https://ozon-am.ru/,активная,Индекс МосБиржи Корпоративных Облигаций (RUCBTRNS),не предусмотрено,"не более 0,71% от среднегодовой СЧА",0.71,False,nav,не предусмотрено,False,"не более 0,05% от среднегодовой СЧА",0.05,"не более 0,09% от среднегодовой СЧА",0.09,не предусмотрено,не предусмотрено,не предусмотрено,не предусмотрено,,,,,255000.0,92.0,91.0,101.5086,25884701.09,643-RUB
7852,БПИФ рыночных финансовых инструментов «НФК-Сбережения - Ликвидность»,RU000A10FCC9,Биржевой,Фонд рыночных финансовых инструментов,Сформирован,"ООО УК ""Альфа-Капитал""",7728142469,https://www.alfacapital.ru,активная,RUONIA (Ruble Overnight Index Average),не предусмотрено,1% от среднегодовой СЧА,1.0,True,nav,не предусмотрено,False,"не более 0,2% от среднегодовой СЧА",0.2,"0,14% от среднегодовой СЧА",0.14,не предусмотрено,не предусмотрено,не предусмотрено,не предусмотрено,0.0110186788125795,,,,255000.0,162.0,160.0,101.29016,25828990.72,643-RUB
5934,ЗПИФ рыночных финансовых инструментов «XXII век (заблокированные активы)»,RU000A107HT4,Закрытый,Фонд рыночных финансовых инструментов,Сформирован,"АО УК ""БКС""",5407191291,https://bcs.ru/am,активная,не предусмотрено,не предусмотрено,"не более 3,9% от среднегодовой СЧА",3.9,False,nav,не предусмотрено,False,"не более 0,2% от среднегодовой СЧА",0.2,"не более 2,0% от среднегодовой СЧА",2.0,не предусмотрено,не предусмотрено,не предусмотрено,не предусмотрено,,,,,864401.66268,8310.0,8302.0,28.74,24846355.49,643-RUB
7926,"ОПИФ рыночных финансовых инструментов «Лягушка, слон и брокколи»",RU000A10FJU6,Открытый,Фонд рыночных финансовых инструментов,Сформирован,"ООО УК ""Альфа-Капитал""",7728142469,https://www.alfacapital.ru,активная,Альфа Капитал Всепогодный Бенчмарк,не предусмотрено,"2,26% от среднегодовой СЧА",2.26,True,nav,не предусмотрено,False,"не более 0,14% от среднегодовой СЧА",0.14,"0,2% от среднегодовой СЧА",0.2,не предусмотрено,не предусмотрено,не предусмотрено,не предусмотрено,,,,,247110.94919,405.0,405.0,100.04,24721579.4,643-RUB
7245,БПИФ рыночных финансовых инструментов «Альфа-Капитал Индекс МосБиржи финансов полной доходности»,RU000A10CKU1,Биржевой,Фонд рыночных финансовых инструментов,Сформирован,"ООО УК ""Альфа-Капитал""",7728142469,https://www.alfacapital.ru,пассивная,Индекс МосБиржи финансов полной доходности «брутто» (MEFNTR),"• не более 0,5% по модулю — за 20 рабочих дней • не более 3% по модулю — за 250 рабочих дней",1% от среднегодовой СЧА,1.0,True,nav,не предусмотрено,False,"не более 0,13% от среднегодовой СЧА",0.13,"0,14% от среднегодовой СЧА",0.14,не предусмотрено,не предусмотрено,не предусмотрено,не предусмотрено,0.0102606325243067,-0.0449369167014433,-0.041594106069523,,255000.0,2404.0,2401.0,95.3643,24317897.51,643-RUB
0297,"ОПИФ рыночных финансовых инструментов ""Лидер - акции""",-,Открытый,Фонд рыночных финансовых инструментов,Сформирован,"ЗАО ""Лидер""",5018026672,https://www.leader-invest.ru,активная,не предусмотрено,не предусмотрено,1% от среднегодовой СЧА,1.0,True,nav,не предусмотрено,False,"не более 1,5% от среднегодовой СЧА",1.5,"1,5% от среднегодовой СЧА",1.5,не предусмотрено,не предусмотрено,не предусмотрено,"• 1% — при сроке владения до 183 дней включительно • 0,5% — при сроке владения 184–364 дня • не взимается — при сроке владения 365 дней и более",-0.0156300456087023,-0.1223389760381222,-0.2057443981182367,-0.1591779706725052,787.96065,92.0,91.0,30757.85,24235976.91,643-RUB
7663,ИПИФ рыночных финансовых инструментов «ОЗ – Три Кита»,-,Интервальный,Фонд рыночных финансовых инструментов,Сформирован,"ООО ""УК ""РЕКОРД КАПИТАЛ""",7718919844,https://www.recordcap.ru,активная,не предусмотрено,не предусмотрено,"3,5% от среднегодовой СЧА",3.5,True,nav,не предусмотрено,False,"не более 1,5% от среднегодовой СЧА",1.5,5% от среднегодовой СЧА,5.0,не предусмотрено,не предусмотрено,не предусмотрено,не предусмотрено,0.003007735343801,,,,2422.1189,5.0,5.0,9820.87,23787303.7,643-RUB
0311,ОПИФ рыночных финансовых инструментов «АК БАРС - Консервативный с выплатой дохода»,RU000A0JPSH0,Открытый,Фонд рыночных финансовых инструментов,Сформирован,ООО УК «АК БАРС КАПИТАЛ»,1435126890,https://www.akbars-capital.ru,активная,Индекс МосБиржи Корпоративных Облигаций,не предусмотрено,"1,3% от среднегодовой СЧА",1.3,True,nav,не предусмотрено,False,"не более 0,25% от среднегодовой СЧА",0.25,"0,4% от среднегодовой СЧА",0.4,предусмотрено,квартал,"• 1% — при сумме менее 50 тыс. руб. • 0,5% — при сумме от 50 тыс. руб. до 500 тыс. руб. • не взимается — при сумме 500 тыс. руб. и более • не взимается — при подаче заявки номинальным держателем","• 1,8% — при сроке владения до 180 дней • 0,8% — при сроке владения 181–730 дней • не взимается — при сроке владения более 730 дней • не взимается — при подаче заявки номинальным держателем",0.0224492937234331,0.0238608312108536,0.0698984294020492,0.1370773641897226,26518.80853,154.0,152.0,863.53,22899723.83,643-RUB
6492,ОПИФ рыночных финансовых инструментов «Профицит»,RU000A10AY12,Открытый,Фонд рыночных финансовых инструментов,Сформирован,ООО УК «Профицит»,5501283302,https://www.myproficit.ru,активная,не предусмотрено,не предусмотрено,"3,5% от среднегодовой СЧА",3.5,True,nav,не предусмотрено,False,"не более 0,8% от среднегодовой СЧА",0.8,5% от среднегодовой СЧА,5.0,не предусмотрено,не предусмотрено,не предусмотрено,"• 1% — при сроке владения менее 365 дней • не взимается — при сроке владения 365 дней и более • 0,5% — при подаче заявки номинальным держателем или доверительным управляющим",0.0308746512652342,-0.0402110808322929,-0.0979029964535971,-0.0801100628930818,21211.03257,16.0,14.0,1053.09,22337175.18,643-RUB
5902,ЗПИФ рыночных финансовых инструментов «Заблокированные активы паевого инвестиционного фонда «Арикапитал – Глобальные инвестиции»»,-,Закрытый,Фонд рыночных финансовых инструментов,Сформирован,"ООО УК ""Арикапитал""",7705525627,https://www.aricapital.ru,активная,не предусмотрено,не предусмотрено,"0,97% от среднегодовой СЧА",0.97,True,nav,не предусмотрено,False,"не более 0,25% от среднегодовой СЧА",0.25,"0,3% от среднегодовой СЧА",0.3,не предусмотрено,не предусмотрено,не предусмотрено,не предусмотрено,,,,,114285.98112,27.0,26.0,191.88,21928833.66,643-RUB
5592,ОПИФ рыночных финансовых инструментов «Первая - Устойчивый портфель Осень»,RU000A106T44,Открытый,Фонд рыночных финансовых инструментов,Сформирован,АО УК «Первая»,7710183778,https://www.first-am.ru,активная,"Для акций: • 100% Индекс МосБиржи полной доходности «брутто» (MCFTR) Для облигаций: • 70% Индекс МосБиржи государственных облигаций (≤ 1 года) - совокупный доход (RUGBITR1Y) • 30% Индекс МосБиржи корпоративных облигаций (≤ 1 года, рейтинг ≥ B-) - совокупный доход (RUCBITR1Y)",не предусмотрено,"1,5% от среднегодовой СЧА",1.5,True,nav,не предусмотрено,False,"не более 0,15% от среднегодовой СЧА",0.15,1% от среднегодовой СЧА,1.0,не предусмотрено,не предусмотрено,не предусмотрено,• 3% — при сроке владения до 365 дней • 2% — при сроке владения 366–730 дней • 1% — при сроке владения 731–1095 дней • не взимается — при сроке владения 1096 дней и более • не взимается — при подаче заявки номинальным держателем или доверительным управляющим,0.0119215211076858,-0.0199340708651903,-0.0405744456177402,0.0349000382715824,18804.41972,1.0,,1135.72,21356618.24,643-RUB
3723,ЗПИФ рыночных финансовых инструментов «Доверительная – фонд Биотехнологии»,RU000A1020J9,Закрытый,Фонд рыночных финансовых инструментов,Сформирован,АО УК «Доверительная»,9725182361,https://entrustment.ru/,активная,не предусмотрено,не предусмотрено,2% от среднегодовой СЧА,2.0,True,nav,не предусмотрено,False,"не более 0,2% от среднегодовой СЧА",0.2,"0,5% от среднегодовой СЧА",0.5,не предусмотрено,не предусмотрено,не предусмотрено,не предусмотрено,,,,,459999.39786,1388.0,1385.0,43.59,20050538.72,643-RUB
4010,ЗПИФ рыночных финансовых инструментов «Информатика +»,RU000A101LA9,Закрытый,Фонд рыночных финансовых инструментов,Сформирован,АО УК «Доверительная»,9725182361,https://entrustment.ru/,активная,не предусмотрено,не предусмотрено,"0,75% от среднегодовой СЧА",0.75,True,nav,не предусмотрено,False,"не более 0,2% от среднегодовой СЧА",0.2,"0,1% от среднегодовой СЧА",0.1,не предусмотрено,не предусмотрено,не предусмотрено,не предусмотрено,,,,,5475377.03832,1615.0,1611.0,3.65,19994235.17,643-RUB
7246,БПИФ рыночных финансовых инструментов «Альфа-Капитал Индекс МосБиржи потребительского сектора полной доходности»,RU000A10CKV9,Биржевой,Фонд рыночных финансовых инструментов,Сформирован,"ООО УК ""Альфа-Капитал""",7728142469,https://www.alfacapital.ru,пассивная,Индекс МосБиржи потребительского сектора полной доходности «брутто» (MECNTR),"• не более 0,5% по модулю — за 20 рабочих дней • не более 3% по модулю — за 250 рабочих дней",1% от среднегодовой СЧА,1.0,True,nav,не предусмотрено,False,"не более 0,13% от среднегодовой СЧА",0.13,"0,14% от среднегодовой СЧА",0.14,не предусмотрено,не предусмотрено,не предусмотрено,не предусмотрено,0.0347315088692825,-0.1046888648187383,-0.2236439893519309,,255000.0,2160.0,2157.0,78.22713,19947917.16,643-RUB
7593,ОПИФ рыночных финансовых инструментов «Долгосрочные инвестиции»,RU000A10EBY8,Открытый,Фонд рыночных финансовых инструментов,Сформирован,"ООО УК ""Альфа-Капитал""",7728142469,https://www.alfacapital.ru,активная,Индекс МосБиржи полной доходности «брутто» (MCFTR),не предусмотрено,"2,26% от среднегодовой СЧА",2.26,True,nav,не предусмотрено,False,"не более 0,14% от среднегодовой СЧА",0.14,"0,2% от среднегодовой СЧА",0.2,не предусмотрено,не предусмотрено,не предусмотрено,не предусмотрено,-0.0068478020764303,-0.0653778193534974,,,221573.87862,763.0,763.0,89.92,19922939.66,643-RUB
7680,ОПИФ рыночных финансовых инструментов «Атон - Стратегия жизни. ОФЗ»,RU000A10EQ67,Открытый,Фонд рыночных финансовых инструментов,Сформирован,"ООО ""УК ""Атон-менеджмент""",7701253764,https://www.am-aton.ru,активная,Индекс Мосбиржи государственных облигаций,не предусмотрено,4% от среднегодовой СЧА,4.0,True,nav,не предусмотрено,False,"не более 0,5% от среднегодовой СЧА",0.5,1% от среднегодовой СЧА,1.0,не предусмотрено,не предусмотрено,не предусмотрено,"• 3% — при сроке владения до 365 дней, если заявка подана УК или агенту • не взимается — при сроке владения более 365 дней • не взимается — при подаче заявки доверительным управляющим • не взимается — при подаче заявки номинальным держателем",0.0340771090953251,-0.0217773515543834,,,20082.14558,3.0,2.0,979.24,19665266.79,643-RUB
6527,БПИФ рыночных финансовых инструментов «Альфа-Капитал Антиинфляционный»,RU000A109PQ9,Биржевой,Фонд рыночных финансовых инструментов,Сформирован,"ООО УК ""Альфа-Капитал""",7728142469,https://www.alfacapital.ru,активная,Индикатор кумулятивной помесячной инфляции,не предусмотрено,2% от среднегодовой СЧА,2.0,True,nav,не предусмотрено,False,"не более 0,13% от среднегодовой СЧА",0.13,"0,14% от среднегодовой СЧА",0.14,не предусмотрено,не предусмотрено,не предусмотрено,не предусмотрено,-0.0149228260457356,-0.0585284279289452,-0.1259647869010988,-0.1031834273949355,199524.68803,7524.0,7522.0,95.58984,19072533.0,643-RUB
6311,ЗПИФ рыночных финансовых инструментов «Заблокированные активы паевого инвестиционного фонда «ТКБ Инвестмент Партнерс – Фонд акций глобальный 2»,RU000A1093A5,Закрытый,Фонд рыночных финансовых инструментов,Сформирован,ТКБ Инвестмент Партнерс (АО),7825489723,https://www.tkbip.ru,активная,не предусмотрено,не предусмотрено,"3,5% от среднегодовой СЧА",3.5,True,nav,не предусмотрено,False,"не более 0,6% от среднегодовой СЧА",0.6,1% от среднегодовой СЧА,1.0,не предусмотрено,не предусмотрено,не предусмотрено,не предусмотрено,,,,,33126.162699,1149.0,1144.0,554.14,18356653.82,643-RUB
2716,ЗПИФ рыночных финансовых инструментов «ТРИНФИКО Глобал.ру»,RU000A0JUFN5,Закрытый,Фонд рыночных финансовых инструментов,Сформирован,"АО ""Управляющая Компания ТРИНФИКО""",7701155020,https://www.trinfico-am.ru,активная,не предусмотрено,не предусмотрено,не более 3% от среднегодовой СЧА,3.0,False,nav,не предусмотрено,False,не более 1% от среднегодовой СЧА,1.0,6% от среднегодовой СЧА,6.0,не предусмотрено,не предусмотрено,не предусмотрено,не предусмотрено,,,,,22329.46771,17.0,15.0,807.97,18041600.39,643-RUB
3898,БПИФ рыночных финансовых инструментов «Т-Капитал – Стратегия вечного портфеля Д»,RU000A1011S9,Биржевой,Фонд рыночных финансовых инструментов,Сформирован,ООО «Т-Капитал»,7743304530,https://t-capital-funds.ru/,активная,RUONIA (Ruble Overnight Index Average),не предусмотрено,"0,965% от среднегодовой СЧА",0.965,True,nav,не предусмотрено,False,"не более 0,005% от среднегодовой СЧА",0.005,"0,02% от среднегодовой СЧА",0.02,не предусмотрено,не предусмотрено,не предусмотрено,не предусмотрено,-0.0155555555555555,-0.0327510917030568,0.02073732718894,0.1860776439089691,194022296.0,230084.0,230078.0,0.0886,17193377.3,840-USD
1903,ОПИФ рыночных финансовых инструментов «Солид – Глобус»,RU000A100HR3,Открытый,Фонд рыночных финансовых инструментов,Сформирован,АО «СОЛИД Менеджмент»,7706150949,https://solid-mn.ru/,активная,Индекс МосБиржи полной доходности «нетто» (MCFTRR),не предусмотрено,2% от среднегодовой СЧА,2.0,True,nav,не предусмотрено,False,не более 1% от среднегодовой СЧА,1.0,"не более 1,5% от среднегодовой СЧА",1.5,не предусмотрено,не предусмотрено,"• 0,75% — при подаче заявки УК, сумма менее 500 тыс. руб. • 0,5% — при подаче заявки УК, сумма от 500 тыс. руб. • не взимается — при подаче заявки через личный кабинет, номинальным держателем в электронной форме или доверительным управляющим • 0,75% — при подаче заявки агенту, для владельцев паев, сумма менее 50 тыс. руб. • 0,6% — при подаче заявки агенту, для владельцев паев, сумма от 50 тыс. руб. до 100 тыс. руб. • 0,5% — при подаче заявки агенту, для владельцев паев, сумма от 100 тыс. руб. • 1,5% — при подаче заявки агенту, для лиц, не являющихся владельцами паев, сумма менее 50 тыс. руб. • 1,2% — при подаче заявки агенту, для лиц, не являющихся владельцами паев, сумма от 50 тыс. руб. до 100 тыс. руб. • 1% — при подаче заявки агенту, для лиц, не являющихся владельцами паев, сумма от 100 тыс. руб. • не взимается — при подаче заявки страховой организацией в рамках договора долевого страхования жизни","• 0,75% — при подаче заявки в пунктах УК и сроке владения до 12 месяцев • не применяется — при подаче заявки в пунктах УК и сроке владения более 12 месяцев • не применяется — при подаче заявки через Личный кабинет или номинальным держателем в электронной форме • 3% — при подаче заявки агенту и сроке владения до 90 дней • 1% — при подаче заявки агенту и сроке владения более 90 дней • не взимается — при погашении по лицевому счету номинального держателя • не взимается — при погашении по лицевому счету владельца на основании информации от страховой организации",0.0174987100514069,-0.0938024781010303,-0.1742403093561628,-0.1608307108745791,10601.23511,117.0,117.0,1597.3,16933310.28,643-RUB
0035,ОПИФ рыночных финансовых инструментов «Мономах-Перспектива»,RU0007781860,Открытый,Фонд рыночных финансовых инструментов,Сформирован,"АО ""УК Мономах""",5408258380,https://www.monomah.ru,активная,Индекс МосБиржи (IMOEX),не предусмотрено,"3,6% от среднегодовой СЧА",3.6,True,nav,не предусмотрено,False,"не более 0,85% от среднегодовой СЧА",0.85,"0,35% от среднегодовой СЧА",0.35,не предусмотрено,не предусмотрено,не предусмотрено,не предусмотрено,-0.0052385920410222,-0.0858726846630072,-0.1018793989494081,-0.1081346689368257,2805.021291,103.0,101.0,5835.35,16368285.92,643-RUB
4266,ОПИФ рыночных финансовых инструментов «РЕГИОН Доходные облигации»,RU000A10ERU2,Открытый,Фонд рыночных финансовых инструментов,Сформирован,"АО ""РЕГИОН ЭсМ""",7730149408,https://www.region-am.ru,активная,не предусмотрено,не предусмотрено,"не более 0,75% от среднегодовой СЧА",0.75,False,nav,не предусмотрено,False,"не более 0,6% от среднегодовой СЧА",0.6,10% от среднегодовой СЧА,10.0,не предусмотрено,не предусмотрено,не предусмотрено,не предусмотрено,0.0160915954327073,0.0160155226413446,0.0570354792226507,0.1210477403366261,10010.15474,3.0,2.0,1628.49,16301386.97,643-RUB
0812,ОПИФ рыночных финансовых инструментов «ДОХОДЪ. Мультифакторные инвестиции. Россия»,RU000A0ZYMT6,Открытый,Фонд рыночных финансовых инструментов,Сформирован,ООО «УК «ДОХОДЪ»,7826685368,https://www.dohod.ru,активная,не предусмотрено,не предусмотрено,2% от среднегодовой СЧА,2.0,True,nav,не предусмотрено,False,"не более 0,5% от среднегодовой СЧА",0.5,не более 1% от среднегодовой СЧА,1.0,не предусмотрено,не предусмотрено,"• 1,5% — при подаче заявки после завершения формирования фонда • не взимается — при подаче заявки через финансовую платформу ПАО «Московская биржа ММВБ-РТС»","• 3% — при сроке владения до 1825 дней, для всех лиц, кроме лицензированных профучастников / УК / НПФ • 1,5% — при сроке владения до 10 дней, для лиц с лицензией профучастника / УК / НПФ • не устанавливается — при подаче заявки УК как доверительным управляющим • не устанавливается — при сроке владения более 1825 дней, для всех лиц, кроме лицензированных профучастников / УК / НПФ • не устанавливается — при сроке владения более 10 дней, для лиц с лицензией профучастника / УК / НПФ",-0.0295917081163888,-0.1173850929486049,-0.1635255869152786,-0.1417852855427885,15910.18827,460.0,459.0,1000.85,15923707.54,643-RUB
4561,ЗПИФ рыночных финансовых инструментов «Альфа-Капитал Космос»,RU000A103L86,Закрытый,Фонд рыночных финансовых инструментов,Сформирован,"ООО УК ""Альфа-Капитал""",7728142469,https://www.alfacapital.ru,активная,не предусмотрено,не предусмотрено,"1,5% от среднегодовой СЧА",1.5,True,nav,не предусмотрено,False,"не более 0,13% от среднегодовой СЧА",0.13,"0,2% от среднегодовой СЧА",0.2,не предусмотрено,не предусмотрено,не предусмотрено,не предусмотрено,,,,,615068.1959,7092.0,7091.0,25.63,15762007.67,643-RUB
4471,ИПИФ рыночных финансовых инструментов «Валютные облигации»,-,Интервальный,Фонд рыночных финансовых инструментов,Сформирован,АО УК «Первая»,7710183778,https://www.first-am.ru,активная,"• 95% Индекс МосБиржи российских облигаций, номинированных в иностранной валюте (RUEU10) • 5% Индекс МосБиржи государственных облигаций (RUGBITR1Y)",не предусмотрено,1% от среднегодовой СЧА,1.0,True,nav,не предусмотрено,False,"не более 0,15% от среднегодовой СЧА",0.15,"0,5% от среднегодовой СЧА",0.5,не предусмотрено,не предусмотрено,не предусмотрено,"• 2% — при сроке владения до 365 дней • 1% — при сроке владения 366–731 день • не взимается — при сроке владения 732 дня и более, а также при подаче заявки номинальным держателем или доверительным управляющим",-0.0144967939782547,,,,431837.64716,1.0,,35.35,15264304.9,840-USD
5947,ЗПИФ рыночных финансовых инструментов «Заблокированные активы паевого инвестиционного фонда «ТКБ Инвестмент Партнерс – Фонд валютных облигаций»»,RU000A107PD1,Закрытый,Фонд рыночных финансовых инструментов,Сформирован,ТКБ Инвестмент Партнерс (АО),7825489723,https://www.tkbip.ru,активная,не предусмотрено,не предусмотрено,"1,3% от среднегодовой СЧА",1.3,True,nav,не предусмотрено,False,"не более 0,55% от среднегодовой СЧА",0.55,"0,5% от среднегодовой СЧА",0.5,не предусмотрено,не предусмотрено,не предусмотрено,не предусмотрено,,,,,1477.871381,381.0,381.0,10234.37,15125076.54,643-RUB
0847,ОПИФ рыночных финансовых инструментов «Апрель Капитал– Акции несырьевых компаний»,-,Открытый,Фонд рыночных финансовых инструментов,Сформирован,"АО УК ""Апрель Капитал""",7704239292,https://www.april-capital.ru,активная,не предусмотрено,не предусмотрено,"3,54% от среднегодовой СЧА",3.54,True,nav,не предусмотрено,False,"не более 0,9% от среднегодовой СЧА",0.9,1% от среднегодовой СЧА,1.0,не предусмотрено,не предусмотрено,не предусмотрено,"• 2,35% — при сроке владения до 180 дней • 1,2% — при сроке владения 181–365 дней • не взимается — при сроке владения более 365 дней • не взимается — при подаче заявки номинальным держателем или доверительным управляющим без использования Финансовой платформы",0.0043761721889791,-0.0800065445026178,-0.1130914826498423,-0.1162973440201164,129513.14855,47.0,46.0,112.46,14565636.57,643-RUB
3782,ЗПИФ рыночных финансовых инструментов «ВЕЛЕС - Системный»,RU000A103E28,Закрытый,Фонд рыночных финансовых инструментов,Сформирован,"ООО ""УК ВЕЛЕС Менеджмент""",7703523568,https://veles-management.ru,активная,не предусмотрено,не предусмотрено,"1,2% от среднегодовой СЧА",1.2,True,nav,не предусмотрено,False,не более 1% от среднегодовой СЧА,1.0,1% от среднегодовой СЧА,1.0,не предусмотрено,не предусмотрено,не предусмотрено,не предусмотрено,,,,,8984.22564,47.0,46.0,1530.75,13752646.99,643-RUB
0295,ОПИФ рыночных финансовых инструментов «АК БАРС – Цифровые лидеры»,RU000A0F5GJ0,Открытый,Фонд рыночных финансовых инструментов,Сформирован,ООО УК «АК БАРС КАПИТАЛ»,1435126890,https://www.akbars-capital.ru,активная,MOEXIT - «Индекс Информационных технологий»,не предусмотрено,"1,5% от среднегодовой СЧА",1.5,True,nav,не предусмотрено,False,"не более 0,3% от среднегодовой СЧА",0.3,"0,5% от среднегодовой СЧА",0.5,не предусмотрено,не предусмотрено,"• 1% — при внесении менее 50 тыс. руб. • 0,5% — при внесении от 50 тыс. руб. до 500 тыс. руб. • не взимается — при внесении 500 тыс. руб. и более","• 1,8% — при сроке владения до 180 дней • 0,8% — при сроке владения 181–730 дней • не взимается — при сроке владения более 730 дней",0.0270261839666783,-0.0795957396776639,-0.1115345786559659,-0.1516169810291202,2341.10698,110.0,108.0,5597.19,13103632.08,643-RUB
7717,ОПИФ рыночных финансовых инструментов «ДОХОДЪ. Валютные облигации Плюс»,RU000A10ET98,Открытый,Фонд рыночных финансовых инструментов,Сформирован,ООО «УК «ДОХОДЪ»,7826685368,https://www.dohod.ru,активная,не предусмотрено,не предусмотрено,1% от среднегодовой СЧА,1.0,True,nav,не предусмотрено,False,"не более 0,49% от среднегодовой СЧА",0.49,"не более 0,01% от среднегодовой СЧА",0.01,не предусмотрено,не предусмотрено,"• 1,5% — при подаче заявки после завершения формирования фонда • не взимается — при подаче заявки через финансовую платформу ПАО «Московская биржа ММВБ-РТС»","• 3% — при сроке владения до 1825 дней, для лиц без лицензии профучастника / УК ИФ, ПИФ, НПФ • 1,5% — при сроке владения до 10 дней, для лиц с лицензией профучастника / УК ИФ, ПИФ, НПФ • не устанавливается — при сроке владения более 1825 дней, для лиц без лицензии профучастника / УК ИФ, ПИФ, НПФ • не устанавливается — при сроке владения более 10 дней, для лиц с лицензией профучастника / УК ИФ, ПИФ, НПФ • не устанавливается — при подаче заявки УК как доверительным управляющим • не устанавливается — при подаче заявки через Финансовую платформу с оператором ПАО «Московская биржа ММВБ-РТС»",-0.0021728861596598,0.0475057026678568,,,119035.13924,102.0,102.0,105.62,12572272.62,643-RUB
0723,"ЗПИФ недвижимости ""Прагматик""",RU000A0JU6X3,Закрытый,Недвижимости,Сформирован,"ООО ""УК ""Прагма Капитал""",7718581523,https://www.pragmacapital.ru,активная,не предусмотрено,не предусмотрено,не более 9% от среднегодовой СЧА,9.0,False,nav,не предусмотрено,False,не более 1% от среднегодовой СЧА,1.0,25% от среднегодовой СЧА,25.0,предусмотрено,месяц,не предусмотрено,не предусмотрено,-0.0089115213239974,-0.0276563475778393,0.0065087426340029,0.0153734067893115,112712.73,10.0,10.0,108.99,12284698.24,643-RUB
7971,ОПИФ рыночных финансовых инструментов «БКС Денежный рынок с выплатой дохода»,RU000A10FQ17,Открытый,Фонд рыночных финансовых инструментов,Сформирован,"АО УК ""БКС""",5407191291,https://bcs.ru/am,активная,RUONIA (Ruble Overnight Index Average),не предусмотрено,1% от среднегодовой СЧА,1.0,True,nav,не предусмотрено,False,"не более 0,52% от среднегодовой СЧА",0.52,1% от среднегодовой СЧА,1.0,предусмотрено,месяц,"• 0,5% — при сумме менее 5 млн руб. • не взимается — при сумме от 5 млн руб. • не взимается — при подаче заявки страховой компанией «БКС Страхование жизни» в рамках договора долевого страхования жизни","• 3% — при сроке владения до 181 дня, при подаче заявки в филиале УК в Москве или через Личный кабинет • 2% — при сроке владения 182–365 дней, при подаче заявки в филиале УК в Москве или через Личный кабинет • 1% — при сроке владения 366–548 дней, при подаче заявки в филиале УК в Москве или через Личный кабинет • 0,5% — при сроке владения 549–1095 дней, при подаче заявки в филиале УК в Москве или через Личный кабинет • не взимается — при сроке владения 1096+ дней, при подаче заявки в филиале УК в Москве или через Личный кабинет • 3% — при сроке владения до 181 дня, при подаче заявки УК (кроме филиала в Москве и Личного кабинета) и погашении менее 100 тыс. паев • 2% — при сроке владения 182–365 дней, при подаче заявки УК (кроме филиала в Москве и Личного кабинета) и погашении менее 100 тыс. паев • 1% — при сроке владения 366–548 дней, при подаче заявки УК (кроме филиала в Москве и Личного кабинета) и погашении менее 100 тыс. паев • 0,5% — при сроке владения 549–1095 дней, при подаче заявки УК (кроме филиала в Москве и Личного кабинета) и погашении менее 100 тыс. паев • не взимается — при сроке владения 1096+ дней, при подаче заявки УК (кроме филиала в Москве и Личного кабинета) и погашении менее 100 тыс. паев • не взимается — при погашении 100 тыс. паев и более по одной заявке, поданной УК (кроме филиала в Москве и Личного кабинета) • не взимается — при погашении по лицевому счету доверительного управляющего • не взимается — при погашении по лицевому счету номинального держателя • не взимается — при погашении по заявке страховой компании «БКС Страхование жизни» в рамках договора долевого страхования",,,,,24000.0,2.0,1.0,499.94,11998523.21,643-RUB
0424,ОПИФ рыночных финансовых инструментов «Апрель Капитал – Облигации плюс»,-,Открытый,Фонд рыночных финансовых инструментов,Сформирован,"АО УК ""Апрель Капитал""",7704239292,https://www.april-capital.ru,активная,не предусмотрено,не предусмотрено,1% от среднегодовой СЧА,1.0,True,nav,не предусмотрено,False,"не более 0,9% от среднегодовой СЧА",0.9,1% от среднегодовой СЧА,1.0,не предусмотрено,не предусмотрено,не предусмотрено,"• 2,35% — при сроке владения до 180 дней • 1,2% — при сроке владения 181–365 дней • не взимается — при сроке владения более 365 дней • не взимается — при подаче заявки номинальным держателем или доверительным управляющим без использования Финансовой платформы",0.0317100792751981,-0.0104785636700529,0.0351580776686049,0.1029055690072641,76249.57457,38.0,38.0,154.87,11809131.49,643-RUB
7718,ОПИФ рыночных финансовых инструментов «ДОХОДЪ. Долгосрочные облигации»,RU000A10ETA0,Открытый,Фонд рыночных финансовых инструментов,Сформирован,ООО «УК «ДОХОДЪ»,7826685368,https://www.dohod.ru,активная,не предусмотрено,не предусмотрено,"0,8% от среднегодовой СЧА",0.8,True,nav,не предусмотрено,False,"не более 0,49% от среднегодовой СЧА",0.49,"не более 0,01% от среднегодовой СЧА",0.01,не предусмотрено,не предусмотрено,"• 1,5% — при подаче заявки после завершения формирования фонда • не взимается — при подаче заявки через финансовую платформу ПАО «Московская биржа ММВБ-РТС»","• 3% — при сроке владения до 1825 дней, для всех лиц, кроме лицензированных профучастников/УК/НПФ • 1,5% — при сроке владения до 10 дней, для лицензированных профучастников/УК/НПФ • не устанавливается — при сроке владения более 1825 дней (для всех, кроме лицензированных профучастников/УК/НПФ) • не устанавливается — при сроке владения более 10 дней (для лицензированных профучастников/УК/НПФ) • не устанавливается — при подаче заявки УК как доверительным управляющим • не устанавливается — при подаче заявки через Финансовую платформу с оператором ПАО «Московская биржа»",0.0221649484536083,-0.0101826894279724,,,116958.00953,57.0,57.0,99.15,11596654.23,643-RUB
0147,ОПИФ рыночных финансовых инструментов «Метрополь Золотое руно» под управлением ООО «УК «МЕТРОПОЛЬ»,RU000A0B76E6,Открытый,Фонд рыночных финансовых инструментов,Сформирован,"ООО ""УК ""МЕТРОПОЛЬ""",7706285907,https://www.am-metropol.ru,активная,Инфляция,не предусмотрено,не более 2% от среднегодовой СЧА,2.0,False,nav,не предусмотрено,False,"не более 1,2% от среднегодовой СЧА",1.2,"1,5% от среднегодовой СЧА",1.5,не предусмотрено,не предусмотрено,"• 0,5% — при сумме единовременного внесения до 1,5 млн руб. • 0,25% — при сумме от 1,5 млн руб. до 3 млн руб. • 0,1% — при сумме более 3 млн руб. • не взимается — при подаче заявки через финансовую платформу ПАО «Московская биржа ММВБ-РТС»","• 2% — при подаче заявки управляющей компании в течение 3 месяцев со дня зачисления паев на лицевой счет • 1% — при подаче заявки управляющей компании от 3 месяцев до 1 года со дня зачисления паев на лицевой счет • не взимается — при подаче заявки управляющей компании по истечении 1 года со дня зачисления паев на лицевой счет • не устанавливается — при подаче заявки номинальным держателем по правам, учитываемым на его лицевом счете",0.0247445673468157,-0.1132439622346253,-0.1697394447022051,-0.1756776414682635,33804.79711,152.0,150.0,340.0,11566854.35,643-RUB
0668,"ОПИФ рыночных финансовых инструментов ""КМ Меркури""",RU000A0JPCM4,Открытый,Фонд рыночных финансовых инструментов,Сформирован,"ООО ""УК ""КРАСНЫЙ МОСТ""",7838059090,https://redbridge-am.com,активная,Индекс МосБиржи (IMOEX),не предусмотрено,3% от среднегодовой СЧА,3.0,True,nav,не предусмотрено,False,"не более 1,5% от среднегодовой СЧА",1.5,3% от среднегодовой СЧА,3.0,не предусмотрено,не предусмотрено,1% — при подаче заявки на приобретение инвестиционных паев после завершения формирования фонда,не предусмотрено,-0.0051669154289722,-0.1278075325176801,-0.1563510480465631,-0.1601761259183266,4659.19395,237.0,237.0,2439.47,11365949.87,643-RUB
7487,ОПИФ рыночных финансовых инструментов «ААА Сбалансированный»,-,Открытый,Фонд рыночных финансовых инструментов,Сформирован,АО «ААА Управление Капиталом»,7722515837,https://aaacapital.ru,активная,не предусмотрено,не предусмотрено,"2,5% от среднегодовой СЧА",2.5,True,nav,не предусмотрено,False,"не более 0,5% от среднегодовой СЧА",0.5,"0,5% от среднегодовой СЧА",0.5,не предусмотрено,не предусмотрено,"1,5% — при подаче заявки после завершения формирования фонда • не взимается — при подаче заявки управляющей компании лицом, действующим в качестве доверительного управляющего • не взимается — при подаче заявки управляющей компании номинальным держателем на основании распоряжения владельца паев",• 1% — при сроке владения до 730 дней • не взимается — при сроке владения более 730 дней • не взимается — при подаче заявки номинальным держателем или доверительным управляющим • не взимается — при погашении по наступлении страхового случая,0.0092323329286542,0.0266332235582447,0.0609115461857324,,10597.97427,9.0,8.0,1072.38,11365018.95,643-RUB
5985,ОПИФ рыночных финансовых инструментов «ДОХОДЪ. Будущее 2030»,RU000A108P53,Открытый,Фонд рыночных финансовых инструментов,Сформирован,ООО «УК «ДОХОДЪ»,7826685368,https://www.dohod.ru,активная,не предусмотрено,не предусмотрено,2% от среднегодовой СЧА,2.0,True,nav,не предусмотрено,False,"не более 0,5% от среднегодовой СЧА",0.5,1% от среднегодовой СЧА,1.0,не предусмотрено,не предусмотрено,"• 1,5% — при подаче заявки после завершения формирования фонда • не взимается — при подаче заявки через финансовую платформу ПАО «Московская биржа ММВБ-РТС»","• 2,5% — при сроке владения до 1825 дней, для лиц без лицензии профучастника / УК ИФ, ПИФ, НПФ • 2,5% — при сроке владения до 10 дней, для лиц с лицензией профучастника / УК ИФ, ПИФ, НПФ • не устанавливается — при подаче заявки УК как доверительным управляющим • не устанавливается — при сроке владения более 1825 дней, для лиц без лицензии профучастника / УК ИФ, ПИФ, НПФ • не устанавливается — при сроке владения более 10 дней, для лиц с лицензией профучастника / УК ИФ, ПИФ, НПФ • не устанавливается — при подаче заявки через Финансовую платформу оператора ПАО «Московская биржа ММВБ-РТС»",0.0179047292886268,-0.0592284866468842,-0.0815404225732936,-0.0193122647832139,11844.73217,57.0,56.0,951.12,11265709.38,643-RUB
7838,БПИФ рыночных финансовых инструментов «АТОН – Валютные облигации в долларах»,RU000A10F9Y9,Биржевой,Фонд рыночных финансовых инструментов,Сформирован,"ООО ""УК ""Атон-менеджмент""",7701253764,https://www.am-aton.ru,пассивная,АТОН – Валютные облигации в долларах (AAMVD),не более 5% по модулю — за 250 рабочих дней,"0,6% от среднегодовой СЧА",0.6,True,nav,не предусмотрено,False,"не более 0,05% от среднегодовой СЧА",0.05,"0,1% от среднегодовой СЧА",0.1,не предусмотрено,не предусмотрено,не предусмотрено,не предусмотрено,-0.045816733067729,,,,1161966.91543,94.0,90.0,9.5789,11130405.41,840-USD
5984,ОПИФ рыночных финансовых инструментов «ДОХОДЪ. Будущее 2040»,RU000A108PG2,Открытый,Фонд рыночных финансовых инструментов,Сформирован,ООО «УК «ДОХОДЪ»,7826685368,https://www.dohod.ru,активная,не предусмотрено,не предусмотрено,2% от среднегодовой СЧА,2.0,True,nav,не предусмотрено,False,"не более 0,5% от среднегодовой СЧА",0.5,1% от среднегодовой СЧА,1.0,не предусмотрено,не предусмотрено,"• 1,5% — при подаче заявки после завершения формирования фонда • не взимается — при подаче заявки через финансовую платформу ПАО «Московская биржа ММВБ-РТС»","• 2,5% — при сроке владения до 1825 дней, для лиц без лицензии профучастника/УК ИФ, ПИФ, НПФ • 2,5% — при сроке владения до 10 дней, для лиц с лицензией профучастника/УК ИФ, ПИФ, НПФ • не устанавливается — при сроке владения более 1825 дней, для лиц без лицензии профучастника/УК ИФ, ПИФ, НПФ • не устанавливается — при сроке владения более 10 дней, для лиц с лицензией профучастника/УК ИФ, ПИФ, НПФ • не устанавливается — при подаче заявки УК как доверительным управляющим • не устанавливается — при подаче заявки через Финансовую платформу с оператором ПАО «Московская биржа ММВБ-РТС»",0.0163973440586401,-0.0863426322094814,-0.125131871395942,-0.0769929004441274,12726.28677,61.0,60.0,854.16,10870286.82,643-RUB
5982,ОПИФ рыночных финансовых инструментов «ДОХОДЪ. Будущее 2035»,RU000A108P87,Открытый,Фонд рыночных финансовых инструментов,Сформирован,ООО «УК «ДОХОДЪ»,7826685368,https://www.dohod.ru,активная,не предусмотрено,не предусмотрено,2% от среднегодовой СЧА,2.0,True,nav,не предусмотрено,False,"не более 0,5% от среднегодовой СЧА",0.5,1% от среднегодовой СЧА,1.0,не предусмотрено,не предусмотрено,"• 1,5% — при подаче заявки после завершения формирования фонда • не взимается — при подаче заявки через финансовую платформу ПАО «Московская биржа ММВБ-РТС»","• 2,5% — при сроке владения до 1825 дней, для лиц без лицензии профучастника / УК ИФ, ПИФ, НПФ • 2,5% — при сроке владения до 10 дней, для лиц с лицензией профучастника / УК ИФ, ПИФ, НПФ • не устанавливается — при сроке владения более 1825 дней, для лиц без лицензии профучастника / УК ИФ, ПИФ, НПФ • не устанавливается — при сроке владения более 10 дней, для лиц с лицензией профучастника / УК ИФ, ПИФ, НПФ • не устанавливается — при подаче заявки УК как доверительным управляющим • не устанавливается — при подаче заявки через Финансовую платформу оператора ПАО «Московская биржа ММВБ-РТС»",0.0159056841704537,-0.0871238441391843,-0.1257588632152253,-0.0770802036162416,12048.84582,68.0,67.0,853.95,10289106.55,643-RUB
7565,ОПИФ рыночных финансовых инструментов «ЛЕВЧЕНКО»,-,Открытый,Фонд рыночных финансовых инструментов,Сформирован,"ООО ""УК ""РЕКОРД КАПИТАЛ""",7718919844,https://www.recordcap.ru,активная,• 50% Индекс Московской Биржи и Индекс РТС (IMOEX) • 50% Индекс Государственных облигаций Московской Биржи (RGBITR),не предусмотрено,3% от среднегодовой СЧА,3.0,True,nav,не предусмотрено,False,"не более 1,5% от среднегодовой СЧА",1.5,5% от среднегодовой СЧА,5.0,не предусмотрено,не предусмотрено,не предусмотрено,• 2% — при сроке владения до 182 дней • 1% — при сроке владения 183–365 дней • не взимается — при сроке владения более 365 дней,-0.0087418313002907,-0.1446260869565218,,,2589.07442,122.0,122.0,3934.72,10187289.34,643-RUB
4608,ЗПИФ рыночных финансовых инструментов «МФК – инвестиции»,RU000A103TR2,Закрытый,Фонд рыночных финансовых инструментов,Сформирован,"АО ""Управляющая Компания ТРИНФИКО""",7701155020,https://www.trinfico-am.ru,активная,не предусмотрено,не предусмотрено,не более 2% от среднегодовой СЧА,2.0,False,nav,не предусмотрено,False,не более 1% от среднегодовой СЧА,1.0,10% от среднегодовой СЧА,10.0,не предусмотрено,не предусмотрено,не предусмотрено,не предусмотрено,,,,,25086.24688,4.0,4.0,399.15,10013147.39,643-RUB
4654,БПИФ рыночных финансовых инструментов «Технологии будущего»,RU000A104FE7,Биржевой,Фонд рыночных финансовых инструментов,Сформирован,АО УК «Доверительная»,9725182361,https://entrustment.ru/,пассивная,Индекс МосБиржи - РСПП Вектор устойчивого развития (MRSV),не более 15% по модулю — за 250 рабочих дней,"0,65% от среднегодовой СЧА",0.65,True,nav,не предусмотрено,False,"не более 0,18% от среднегодовой СЧА",0.18,"0,15% от среднегодовой СЧА",0.15,не предусмотрено,не предусмотрено,не предусмотрено,не предусмотрено,0.0020830678938566,-0.1008398329044645,-0.1755332070963384,-0.1401422993492408,2500000.0,2693.0,2691.0,3.963944,9909859.6,643-RUB
5983,ОПИФ рыночных финансовых инструментов «ДОХОДЪ. Будущее 2045»,RU000A108PH0,Открытый,Фонд рыночных финансовых инструментов,Сформирован,ООО «УК «ДОХОДЪ»,7826685368,https://www.dohod.ru,активная,не предусмотрено,не предусмотрено,2% от среднегодовой СЧА,2.0,True,nav,не предусмотрено,False,"не более 0,5% от среднегодовой СЧА",0.5,1% от среднегодовой СЧА,1.0,не предусмотрено,не предусмотрено,"• 1,5% — при подаче заявки после завершения формирования фонда • не взимается — при подаче заявки через финансовую платформу ПАО «Московская биржа ММВБ-РТС»","• 2,5% — при сроке владения до 1825 дней, для всех лиц, кроме лицензированных профучастников/УК/НПФ • 2,5% — при сроке владения до 10 дней, для лицензированных профучастников/УК/НПФ • не устанавливается — при сроке владения более 1825 дней, для всех лиц, кроме лицензированных профучастников/УК/НПФ • не устанавливается — при сроке владения более 10 дней, для лицензированных профучастников/УК/НПФ • не устанавливается — при подаче заявки УК как доверительным управляющим • не устанавливается — при подаче заявки через Финансовую платформу с оператором ПАО «Московская биржа ММВБ-РТС»",0.0160265562535694,-0.0862838249927775,-0.1247732374012238,-0.076071668145327,10835.38101,33.0,32.0,853.95,9252844.19,643-RUB
6310,ЗПИФ рыночных финансовых инструментов «Заблокированные активы паевого инвестиционного фонда «ТКБ Инвестмент Партнерс – Фонд сбалансированный глобальный»,RU000A109395,Закрытый,Фонд рыночных финансовых инструментов,Сформирован,ТКБ Инвестмент Партнерс (АО),7825489723,https://www.tkbip.ru,активная,не предусмотрено,не предусмотрено,"3,0% от среднегодовой СЧА",3.0,True,nav,не предусмотрено,False,"не более 0,6% от среднегодовой СЧА",0.6,"1,5% от среднегодовой СЧА",1.5,не предусмотрено,не предусмотрено,не предусмотрено,не предусмотрено,,,,,148387.591476,1097.0,1096.0,58.3,8676382.44,643-RUB
7682,ОПИФ рыночных финансовых инструментов «Атон - Стратегия жизни. Акции»,RU000A10EQ59,Открытый,Фонд рыночных финансовых инструментов,Сформирован,"ООО ""УК ""Атон-менеджмент""",7701253764,https://www.am-aton.ru,активная,Индекс Мосбиржи,не предусмотрено,5% от среднегодовой СЧА,5.0,True,nav,не предусмотрено,False,"не более 0,5% от среднегодовой СЧА",0.5,1% от среднегодовой СЧА,1.0,не предусмотрено,не предусмотрено,не предусмотрено,"• 3% — при сроке владения до 365 дней, включая паи, полученные при обмене • не взимается — при сроке владения более 365 дней, включая паи, полученные при обмене • не взимается — при подаче заявки доверительным управляющим • не взимается — при подаче заявки номинальным держателем",-0.0345633414269918,-0.1391441349867859,,,10099.96188,2.0,1.0,846.91,8553737.65,643-RUB
7486,ОПИФ рыночных финансовых инструментов «ААА Акции российских компаний»,-,Открытый,Фонд рыночных финансовых инструментов,Сформирован,АО «ААА Управление Капиталом»,7722515837,https://aaacapital.ru,активная,не предусмотрено,не предусмотрено,3% от среднегодовой СЧА,3.0,True,nav,не предусмотрено,False,"не более 0,5% от среднегодовой СЧА",0.5,"0,5% от среднегодовой СЧА",0.5,не предусмотрено,не предусмотрено,"1,5% — при подаче заявки после завершения формирования фонда • не взимается — при подаче заявки управляющей компании лицом, действующим в качестве доверительного управляющего • не взимается — при подаче заявки управляющей компании номинальным держателем на основании распоряжения владельца паев",• 2% — при сроке владения до 182 дней • 1% — при сроке владения 183–730 дней • не взимается — при сроке владения более 730 дней • не взимается — при подаче заявки номинальным держателем или доверительным управляющим • не взимается — при погашении по наступлении страхового случая по Договору ДСЖ,-0.03728472509913,-0.1505749167127922,-0.1942242916584109,,10222.40645,5.0,4.0,813.35,8314378.06,643-RUB
3146,ЗПИФ рыночных финансовых инструментов «МКБ Технологическая перспектива»,RU000A0JWHX6,Закрытый,Фонд рыночных финансовых инструментов,Сформирован,"АО ""УК МКБ Инвестиции""",7710186602,https://mkb-am.ru,активная,не предусмотрено,не предусмотрено,не более 2% от среднегодовой СЧА,2.0,False,nav,не предусмотрено,False,"не более 1,3% от среднегодовой СЧА",1.3,"0,5% от среднегодовой СЧА",0.5,не предусмотрено,не предусмотрено,не предусмотрено,не предусмотрено,,,,,21712.23523,897.0,896.0,368.63,8003685.84,643-RUB
5664,ЗПИФ рыночных финансовых инструментов «Заблокированные активы паевого инвестиционного фонда «Тинькофф США 500»»,RU000A1071F0,Закрытый,Фонд рыночных финансовых инструментов,Сформирован,ООО «Т-Капитал»,7743304530,https://t-capital-funds.ru/,активная,не предусмотрено,не предусмотрено,"0,7% от среднегодовой СЧА",0.7,True,nav,не предусмотрено,False,"не более 0,05% от среднегодовой СЧА",0.05,"0,04% от среднегодовой СЧА",0.04,не предусмотрено,не предусмотрено,не предусмотрено,не предусмотрено,,,,,321300347.47088,209811.0,209807.0,0.0247,7951916.8,643-RUB
5791,ЗПИФ рыночных финансовых инструментов «Заблокированные активы паевого инвестиционного фонда «Первая – Фонд осторожный смарт»»,RU000A1079R8,Закрытый,Фонд рыночных финансовых инструментов,Сформирован,АО УК «Первая»,7710183778,https://www.first-am.ru,активная,не предусмотрено,не предусмотрено,"не более 0,95% от среднегодовой СЧА",0.95,False,nav,не предусмотрено,False,"не более 0,15% от среднегодовой СЧА",0.15,"0,17% от среднегодовой СЧА",0.17,не предусмотрено,не предусмотрено,не предусмотрено,не предусмотрено,,,,,9817107.60623,3297.0,3295.0,0.78,7690013.84,643-RUB
6673,ОПИФ рыночных финансовых инструментов «РСХБ – Новый импульс»,RU000A10DLK8,Открытый,Фонд рыночных финансовых инструментов,Сформирован,"ООО ""РСХБ Управление Активами""",7704814182,https://www.rshb-am.ru/,активная,Индекс МосБиржи IPO,не предусмотрено,"не более 4,5% от среднегодовой СЧА",4.5,False,nav,не предусмотрено,False,"не более 0,65% от среднегодовой СЧА",0.65,"0,7% от среднегодовой СЧА",0.7,не предусмотрено,не предусмотрено,"• 1,5% — при подаче заявки УК или агенту, сумма от 1 тыс. руб. до 10 млн руб. • 1% — при подаче заявки УК или агенту, сумма от 10 млн руб. до 20 млн руб. • 0,5% — при подаче заявки УК или агенту, сумма от 20 млн руб. • не взимается — при подаче заявки номинальным держателем (включая Финансовую платформу) или доверительным управляющим","• 2% — при сроке владения до 365 дней • 1,5% — при сроке владения 366–730 дней • 1% — при сроке владения 731–1095 дней • не взимается — при сроке владения 1096 дней и более • не взимается — при подаче заявки номинальным держателем или доверительным управляющим",0.0249938539703353,-0.0969279087397566,-0.1313687816847612,-0.1616621983914209,10025.22823,38.0,38.0,750.48,7523781.48,643-RUB
6778,ОПИФ рыночных финансовых инструментов «Апрель Капитал –Долгосрочные облигации»,-,Открытый,Фонд рыночных финансовых инструментов,Сформирован,"АО УК ""Апрель Капитал""",7704239292,https://www.april-capital.ru,активная,не предусмотрено,не предусмотрено,"1,2% от среднегодовой СЧА",1.2,True,nav,не предусмотрено,False,"не более 0,9% от среднегодовой СЧА",0.9,1% от среднегодовой СЧА,1.0,не предусмотрено,не предусмотрено,не предусмотрено,"• 2,35% — при сроке владения до 180 дней • 1,2% — при сроке владения 181–365 дней • не взимается — при сроке владения более 365 дней • не взимается — при подаче заявки доверительным управляющим или номинальным держателем без использования Финансовой платформы",0.0394897654333283,-0.0223923167959404,0.0189102848522494,0.0381551703872479,6330.72126,20.0,20.0,1148.21,7268986.63,643-RUB
5020,ЗПИФ рыночных финансовых инструментов «Мировые акции»,RU000A105BR5,Закрытый,Фонд рыночных финансовых инструментов,Сформирован,"АО ""Управляющая Компания ТРИНФИКО""",7701155020,https://www.trinfico-am.ru,активная,не предусмотрено,не предусмотрено,"не более 3,5% от среднегодовой СЧА",3.5,False,nav,не предусмотрено,False,не более 1% от среднегодовой СЧА,1.0,6% от среднегодовой СЧА,6.0,не предусмотрено,не предусмотрено,не предусмотрено,не предусмотрено,,,,,12109.68418,6.0,6.0,595.37,7209726.04,643-RUB
3899,БПИФ рыночных финансовых инструментов «Т-Капитал – Стратегия вечного портфеля Е»,RU000A1011T7,Биржевой,Фонд рыночных финансовых инструментов,Сформирован,ООО «Т-Капитал»,7743304530,https://t-capital-funds.ru/,активная,RUONIA (Ruble Overnight Index Average),не предусмотрено,"0,965% от среднегодовой СЧА",0.965,True,nav,не предусмотрено,False,"не более 0,005% от среднегодовой СЧА",0.005,"0,02% от среднегодовой СЧА",0.02,не предусмотрено,не предусмотрено,не предусмотрено,не предусмотрено,-0.0131578947368421,-0.0026595744680851,0.0744985673352435,0.2096774193548387,95471982.0,105655.0,105648.0,0.075,7160098.98,978-EUR
4729,"ЗПИФ рыночных финансовых инструментов ""ДОХОДЪ Глобальные акции малой капитализации""",RU000A1046T3,Закрытый,Фонд рыночных финансовых инструментов,Сформирован,ООО «УК «ДОХОДЪ»,7826685368,https://www.dohod.ru,активная,не предусмотрено,не предусмотрено,"0,89% от среднегодовой СЧА",0.89,True,nav,не предусмотрено,False,"не более 0,09% от среднегодовой СЧА",0.09,50% от среднегодовой СЧА,50.0,не предусмотрено,не предусмотрено,не предусмотрено,не предусмотрено,,,,,50761.63083,203.0,202.0,129.85,6591495.76,643-RUB
6376,ЗПИФ рыночных финансовых инструментов «БКС Фундаментальный выбор (заблокированные активы)»,RU000A1095Z7,Закрытый,Фонд рыночных финансовых инструментов,Сформирован,"АО УК ""БКС""",5407191291,https://bcs.ru/am,активная,не предусмотрено,не предусмотрено,"не более 3,5% от среднегодовой СЧА",3.5,False,nav,не предусмотрено,False,"не более 0,22% от среднегодовой СЧА",0.22,"не более 1,5% от среднегодовой СЧА",1.5,не предусмотрено,не предусмотрено,не предусмотрено,не предусмотрено,,,,,1655780.2636,5870.0,5864.0,3.97,6570858.38,840-USD
0046,"ОПИФ рыночных финансовых инструментов ""Агидель - акции""",-,Открытый,Фонд рыночных финансовых инструментов,В стадии прекращения,"АО ""УК ""Агидель""",5902859431,https://agidel-am.ru,активная,не предусмотрено,не предусмотрено,"1,5% от среднегодовой СЧА",1.5,True,nav,не предусмотрено,False,"не более 1,25% от среднегодовой СЧА",1.25,"1,0% от среднегодовой СЧА",1.0,не предусмотрено,не предусмотрено,не предусмотрено,не предусмотрено,,,,,981.536462,74.0,74.0,6660.34,6537366.78,643-RUB
4728,"ЗПИФ рыночных финансовых инструментов ""ДОХОДЪ Глобальные акции низкой волатильности""",RU000A1046U1,Закрытый,Фонд рыночных финансовых инструментов,Сформирован,ООО «УК «ДОХОДЪ»,7826685368,https://www.dohod.ru,активная,не предусмотрено,не предусмотрено,"0,89% от среднегодовой СЧА",0.89,True,nav,не предусмотрено,False,"не более 0,09% от среднегодовой СЧА",0.09,50% от среднегодовой СЧА,50.0,не предусмотрено,не предусмотрено,не предусмотрено,не предусмотрено,,,,,50820.12901,156.0,155.0,123.79,6291008.77,643-RUB
5665,ЗПИФ рыночных финансовых инструментов «Заблокированные активы паевого инвестиционного фонда «Тинькофф Технологии»»,RU000A1071G8,Закрытый,Фонд рыночных финансовых инструментов,Сформирован,ООО «Т-Капитал»,7743304530,https://t-capital-funds.ru/,активная,не предусмотрено,не предусмотрено,"0,7% от среднегодовой СЧА",0.7,True,nav,не предусмотрено,False,"не более 0,05% от среднегодовой СЧА",0.05,"0,04% от среднегодовой СЧА",0.04,не предусмотрено,не предусмотрено,не предусмотрено,не предусмотрено,,,,,288050673.12671,192356.0,192350.0,0.0198,5693898.54,643-RUB
4453,ЗПИФ рыночных финансовых инструментов «РСХБ – Фонд Умеренно консервативный. Доллары»,RU000A103BP4,Закрытый,Фонд рыночных финансовых инструментов,Сформирован,"ООО ""РСХБ Управление Активами""",7704814182,https://www.rshb-am.ru/,активная,не предусмотрено,не предусмотрено,не более 2% от среднегодовой СЧА,2.0,False,nav,не предусмотрено,False,"не более 0,16% от среднегодовой СЧА",0.16,5% от среднегодовой СЧА,5.0,не предусмотрено,не предусмотрено,не предусмотрено,не предусмотрено,,,,,7913.17202,623.0,623.0,639.06,5057005.87,643-RUB
5949,ЗПИФ рыночных финансовых инструментов «Заблокированные активы паевого инвестиционного фонда «ТКБ Инвестмент Партнерс – Фонд акций глобальный»»,RU000A107P96,Закрытый,Фонд рыночных финансовых инструментов,Сформирован,ТКБ Инвестмент Партнерс (АО),7825489723,https://www.tkbip.ru,активная,не предусмотрено,не предусмотрено,"3,5% от среднегодовой СЧА",3.5,True,nav,не предусмотрено,False,"не более 0,6% от среднегодовой СЧА",0.6,1% от среднегодовой СЧА,1.0,не предусмотрено,не предусмотрено,не предусмотрено,не предусмотрено,,,,,12125.27724,1145.0,1141.0,356.22,4319240.33,643-RUB
5840,ЗПИФ рыночных финансовых инструментов «Заблокированные активы паевого инвестиционного фонда «БСПБ - Глобальный»»,-,Закрытый,Фонд рыночных финансовых инструментов,Сформирован,ООО «УК «А-Капитал»,7707583543,https://www.acapital-am.ru,активная,не предусмотрено,не предусмотрено,"не более 1,5% от среднегодовой СЧА",1.5,False,nav,не предусмотрено,False,"не более 0,35% от среднегодовой СЧА",0.35,5% от среднегодовой СЧА,5.0,не предусмотрено,не предусмотрено,не предусмотрено,не предусмотрено,,,,,72.151664,310.0,310.0,52902.15,3816978.34,643-RUB
0151,ОПИФ рыночных финансовых инструментов «АК БАРС - Акции»,RU000A0JPSN8,Открытый,Фонд рыночных финансовых инструментов,Сформирован,ООО УК «АК БАРС КАПИТАЛ»,1435126890,https://www.akbars-capital.ru,активная,MCFTR - «Индекс МосБиржи полной доходности «брутто»»,не предусмотрено,"1,5% от среднегодовой СЧА",1.5,True,nav,не предусмотрено,False,"не более 0,3% от среднегодовой СЧА",0.3,"0,5% от среднегодовой СЧА",0.5,не предусмотрено,не предусмотрено,"• 1% — при сумме менее 50 тыс. руб. • 0,5% — при сумме от 50 тыс. руб. до 500 тыс. руб. • не взимается — при сумме 500 тыс. руб. и более • не взимается — при подаче заявки номинальным держателем","• 1,8% — при сроке владения до 180 дней • 0,8% — при сроке владения 181–730 дней • не взимается — при сроке владения более 730 дней • не взимается — при подаче заявки номинальным держателем",-0.0187359398760824,-0.0985519695384821,-0.1222592452694439,-0.1065872401971778,963.26024,66.0,65.0,3903.91,3760485.03,643-RUB
7200,ОПИФ рыночных финансовых инструментов «Ренессанс Жизнь – Разумные инвестиции»,-,Открытый,Фонд рыночных финансовых инструментов,Сформирован,ООО «СК «Ренессанс Жизнь»,7725520440,https://www.renlife.ru,активная,Индекс МосБиржи полной доходности «брутто» (MCFTR),не предусмотрено,"2,5% от среднегодовой СЧА в год",2.5,True,nav,не предусмотрено,False,"не более 0,6% от среднегодовой СЧА в год",0.6,1% от среднегодовой СЧА,1.0,не предусмотрено,не предусмотрено,не предусмотрено,не предусмотрено,-0.0188604479925592,-0.0477787619439852,-0.0241614928977314,,31089.93069,20.0,20.0,101.2693,3148456.32,643-RUB
6003,ЗПИФ рыночных финансовых инструментов «Заблокированные активы фонда «Индустрии будущего»,RU000A107U57,Закрытый,Фонд рыночных финансовых инструментов,Сформирован,"ООО ""Управляющая компания ""Восток-Запад""",6454074653,https://www.ew-mc.ru,активная,не предусмотрено,не предусмотрено,1% от среднегодовой СЧА,1.0,True,nav,не предусмотрено,False,не более 2% от среднегодовой СЧА,2.0,5% от среднегодовой СЧА,5.0,не предусмотрено,не предусмотрено,не предусмотрено,не предусмотрено,,,,,936.1614,137.0,133.0,3300.27,3089582.45,643-RUB
5667,ЗПИФ рыночных финансовых инструментов «Заблокированные активы паевого инвестиционного фонда «Тинькофф Биотехнологии»»,RU000A1071D5,Закрытый,Фонд рыночных финансовых инструментов,Сформирован,ООО «Т-Капитал»,7743304530,https://t-capital-funds.ru/,активная,не предусмотрено,не предусмотрено,"0,7% от среднегодовой СЧА",0.7,True,nav,не предусмотрено,False,"не более 0,05% от среднегодовой СЧА",0.05,"0,04% от среднегодовой СЧА",0.04,не предусмотрено,не предусмотрено,не предусмотрено,не предусмотрено,,,,,132555647.04245,133554.0,133547.0,0.0223,2959670.51,643-RUB
3160,ЗПИФ рыночных финансовых инструментов «Ингосстрах – передовые технологии»,-,Закрытый,Фонд рыночных финансовых инструментов,Сформирован,"АО УК ""Ингосстрах - Инвестиции""",7705136973,https://www.ingosinvest-am.ru,активная,не предусмотрено,не предусмотрено,"не более 1,9% от среднегодовой СЧА",1.9,False,nav,не предусмотрено,False,"не более 1,3% от среднегодовой СЧА",1.3,3% от среднегодовой СЧА,3.0,не предусмотрено,не предусмотрено,не предусмотрено,не предусмотрено,,,,,19603.6544768,90.0,89.0,150.92,2958657.52,643-RUB
4527,ЗПИФ рыночных финансовых инструментов «Облигации США»,RU000A103HA3,Закрытый,Фонд рыночных финансовых инструментов,Сформирован,ООО «Менеджмент-консалтинг»,7702203678,https://www.mconsulting.ru,активная,не предусмотрено,не предусмотрено,"не более 0,7% от среднегодовой СЧА",0.7,False,nav,не предусмотрено,False,"не более 0,71% от среднегодовой СЧА",0.71,"0,17% от среднегодовой СЧА",0.17,не предусмотрено,не предусмотрено,не предусмотрено,не предусмотрено,,,,,619623.71051,867.0,866.0,4.61,2859368.99,643-RUB
5919,ЗПИФ рыночных финансовых инструментов «Заблокированные активы паевого инвестиционного фонда «МКБ Мультивалютный доход»,RU000A107JP8,Закрытый,Фонд рыночных финансовых инструментов,Сформирован,"АО ""УК МКБ Инвестиции""",7710186602,https://mkb-am.ru,активная,не предусмотрено,не предусмотрено,"1,2% от среднегодовой СЧА",1.2,True,nav,не предусмотрено,False,"0,3% от среднегодовой СЧА",0.3,10% от среднегодовой СЧА,10.0,не предусмотрено,не предусмотрено,не предусмотрено,не предусмотрено,,,,,3644.1627,824.0,822.0,732.91,2670825.17,643-RUB
4546,ЗПИФ рыночных финансовых инструментов «БКС Цифровая галактика»,RU000A103JE1,Закрытый,Фонд рыночных финансовых инструментов,Сформирован,"АО УК ""БКС""",5407191291,https://bcs.ru/am,активная,не предусмотрено,не предусмотрено,"не более 1,5% от среднегодовой СЧА",1.5,False,nav,не предусмотрено,False,"не более 0,22% от среднегодовой СЧА",0.22,"не более 1,5% от среднегодовой СЧА",1.5,не предусмотрено,не предусмотрено,не предусмотрено,не предусмотрено,,,,,312449.77311,2615.0,2613.0,8.37,2614058.39,840-USD
1080,ЗПИФ недвижимости «Рождественский»,RU000A0JQPF8,Закрытый,Недвижимости,Сформирован,"ООО ""УК ""Прагма Капитал""",7718581523,https://www.pragmacapital.ru,активная,не предусмотрено,не предусмотрено,не более 9% от среднегодовой СЧА,9.0,False,nav,не предусмотрено,False,не более 1% от среднегодовой СЧА,1.0,25% от среднегодовой СЧА,25.0,предусмотрено,месяц,не предусмотрено,не предусмотрено,0.925264691280985,1.548220608254738,-0.1845621457239424,-0.0537065019265052,411690.6136,13.0,13.0,5.76,2372140.84,643-RUB
5888,ЗПИФ рыночных финансовых инструментов «ЗАПИФ «Райффайзен – Развивающиеся рынки»,-,Закрытый,Фонд рыночных финансовых инструментов,Сформирован,ООО «УК Райффайзен»,7702358512,https://www.raiffeisen-capital.ru/,активная,не предусмотрено,не предусмотрено,"3,9% от среднегодовой СЧА",3.9,True,nav,не предусмотрено,False,"не более 0,62% от среднегодовой СЧА",0.62,"0,92% от среднегодовой СЧА",0.92,не предусмотрено,не предусмотрено,не предусмотрено,не предусмотрено,,,,,46964.28711,2757.0,2757.0,48.06,2257170.0,643-RUB
5935,ЗПИФ рыночных финансовых инструментов «Глобальный рынок облигаций (заблокированные активы)»,RU000A107J03,Закрытый,Фонд рыночных финансовых инструментов,Сформирован,АО «БКС Управление благосостоянием»,7702172846,https://www.bcswm.ru,активная,не предусмотрено,не предусмотрено,"не более 1,5% от среднегодовой СЧА",1.5,False,nav,не предусмотрено,False,"не более 0,2% от среднегодовой СЧА",0.2,"не более 2,0% от среднегодовой СЧА",2.0,не предусмотрено,не предусмотрено,не предусмотрено,не предусмотрено,,,,,420480.44193,805.0,805.0,4.76,2000931.11,643-RUB
5841,ЗПИФ рыночных финансовых инструментов «Заблокированные активы паевого инвестиционного фонда «БСПБ – Глобальный баланс»»,-,Закрытый,Фонд рыночных финансовых инструментов,Сформирован,ООО «УК «А-Капитал»,7707583543,https://www.acapital-am.ru,активная,не предусмотрено,не предусмотрено,"не более 2,75% от среднегодовой СЧА",2.75,False,nav,не предусмотрено,False,не более 1% от среднегодовой СЧА,1.0,1% от среднегодовой СЧА,1.0,не предусмотрено,не предусмотрено,не предусмотрено,не предусмотрено,,,,,12725.25668,27.0,27.0,155.57,1979709.61,643-RUB
6462,ЗПИФ рыночных финансовых инструментов «Заблокированные активы паевого инвестиционного фонда «Т-Капитал – Стратегия вечного портфеля Д»»,RU000A109JM1,Закрытый,Фонд рыночных финансовых инструментов,Сформирован,ООО «Т-Капитал»,7743304530,https://t-capital-funds.ru/,активная,не предусмотрено,не предусмотрено,"0,965% от среднегодовой СЧА",0.965,True,nav,не предусмотрено,False,"не более 0,005% от среднегодовой СЧА",0.005,"0,04% от среднегодовой СЧА",0.04,не предусмотрено,не предусмотрено,не предусмотрено,не предусмотрено,,,,,505226636.3151,373143.0,373139.0,0.0037,1872508.75,643-RUB
4727,"ЗПИФ рыночных финансовых инструментов ""ДОХОДЪ Глобальные акции роста и качества """,RU000A1046S5,Закрытый,Фонд рыночных финансовых инструментов,Сформирован,ООО «УК «ДОХОДЪ»,7826685368,https://www.dohod.ru,активная,не предусмотрено,не предусмотрено,"1,19% от среднегодовой СЧА",1.19,True,nav,не предусмотрено,False,"не более 0,09% от среднегодовой СЧА",0.09,50% от среднегодовой СЧА,50.0,не предусмотрено,не предусмотрено,не предусмотрено,не предусмотрено,,,,,50484.44201,808.0,806.0,34.88,1760832.59,643-RUB
0976,"ОПИФ рыночных финансовых инструментов ""КМ Секьюритиз""",RU000A0JWH95,Открытый,Фонд рыночных финансовых инструментов,Сформирован,"ООО ""УК ""КРАСНЫЙ МОСТ""",7838059090,https://redbridge-am.com,активная,не предусмотрено,не предусмотрено,3% от среднегодовой СЧА,3.0,True,nav,не предусмотрено,False,не более 1% от среднегодовой СЧА,1.0,3% от среднегодовой СЧА,3.0,не предусмотрено,не предусмотрено,1% — при подаче заявки после завершения формирования фонда,не предусмотрено,0.0131830218175022,-0.0250359630194902,-0.0012085949522066,0.047233096378788,388.563133,57.0,57.0,4446.07,1727577.35,643-RUB
6348,ЗПИФ рыночных финансовых инструментов «БКС Мировые ресурсы (заблокированные активы)»,RU000A1094M8,Закрытый,Фонд рыночных финансовых инструментов,Сформирован,"АО УК ""БКС""",5407191291,https://bcs.ru/am,активная,не предусмотрено,не предусмотрено,"не более 2,5% от среднегодовой СЧА",2.5,False,nav,не предусмотрено,False,"не более 0,22% от среднегодовой СЧА",0.22,"не более 1,5% от среднегодовой СЧА",1.5,не предусмотрено,не предусмотрено,не предусмотрено,не предусмотрено,,,,,527288.01172,2458.0,2455.0,3.14,1653366.42,840-USD
4641,ЗПИФ рыночных финансовых инструментов «Лига Чемпионов»,-,Закрытый,Фонд рыночных финансовых инструментов,Сформирован,"АО ""УК МКБ Инвестиции""",7710186602,https://mkb-am.ru,активная,не предусмотрено,не предусмотрено,2% от среднегодовой СЧА,2.0,True,nav,не предусмотрено,False,"не более 0,5% от среднегодовой СЧА",0.5,"0,5% от среднегодовой СЧА",0.5,не предусмотрено,не предусмотрено,не предусмотрено,не предусмотрено,,,,,2378.06443,7.0,7.0,688.34,1636906.87,643-RUB
0811,"ЗПИФ рыночных финансовых инструментов ""ДОХОДЪ. Валютные облигации. Мировой рынок""",RU000A0ZYKX2,Закрытый,Фонд рыночных финансовых инструментов,Сформирован,ООО «УК «ДОХОДЪ»,7826685368,https://www.dohod.ru,активная,не предусмотрено,не предусмотрено,"0,34% от среднегодовой СЧА",0.34,True,nav,не предусмотрено,False,"не более 0,15% от среднегодовой СЧА",0.15,50% от среднегодовой СЧА,50.0,не предусмотрено,не предусмотрено,не предусмотрено,не предусмотрено,,,,,10761.31787,47.0,47.0,118.12,1271116.75,643-RUB
0239,"ЗПИФ рыночных финансовых инструментов ""ДОХОДЪ. Глобальные инновации""",RU000A0JNAD2,Закрытый,Фонд рыночных финансовых инструментов,Сформирован,ООО «УК «ДОХОДЪ»,7826685368,https://www.dohod.ru,активная,не предусмотрено,не предусмотрено,"1,2% от среднегодовой СЧА",1.2,True,nav,не предусмотрено,False,"не более 0,3% от среднегодовой СЧА",0.3,50% от среднегодовой СЧА,50.0,не предусмотрено,не предусмотрено,не предусмотрено,не предусмотрено,,,,,3691.70663,107.0,106.0,337.24,1244980.26,643-RUB
3664,ЗПИФ рыночных финансовых инструментов «БКС Международные Облигации»,RU000A100EP4,Закрытый,Фонд рыночных финансовых инструментов,Сформирован,АО «БКС Управление благосостоянием»,7702172846,https://www.bcswm.ru,активная,не предусмотрено,не предусмотрено,"не более 1,5% от среднегодовой СЧА",1.5,False,nav,не предусмотрено,False,"не более 0,2% от среднегодовой СЧА",0.2,"не более 2,0% от среднегодовой СЧА",2.0,не предусмотрено,не предусмотрено,не предусмотрено,не предусмотрено,,,,,427082.99762,1992.0,1987.0,2.47,1054485.97,840-USD
4618,БПИФ рыночных финансовых инструментов «Т-Капитал облигации Е»,RU000A103TD2,Биржевой,Фонд рыночных финансовых инструментов,Сформирован,ООО «Т-Капитал»,7743304530,https://t-capital-funds.ru/,активная,RUONIA (Ruble Overnight Index Average),не предусмотрено,"0,6% от среднегодовой СЧА",0.6,True,nav,не предусмотрено,False,"не более 0,04% от среднегодовой СЧА",0.04,"0,05% от среднегодовой СЧА",0.05,не предусмотрено,не предусмотрено,не предусмотрено,не предусмотрено,-0.0135891286970423,-0.0032310177705977,0.0711805555555555,0.2015579357351509,8394109.2821,5964.0,5960.0,0.1234,1036183.14,978-EUR
4685,ЗПИФ рыночных финансовых инструментов «БКС Инновации»,RU000A1040F5,Закрытый,Фонд рыночных финансовых инструментов,Сформирован,"АО УК ""БКС""",5407191291,https://bcs.ru/am,активная,не предусмотрено,не предусмотрено,"не более 1,5% от среднегодовой СЧА",1.5,False,nav,не предусмотрено,False,"не более 0,22% от среднегодовой СЧА",0.22,"не более 1,5% от среднегодовой СЧА",1.5,не предусмотрено,не предусмотрено,не предусмотрено,не предусмотрено,,,,,140454.40107,1260.0,1258.0,6.35,892295.91,840-USD
3152,ЗПИФ рыночных финансовых инструментов «Арсагера - АМ»,RU000A0JXWA1,Закрытый,Фонд рыночных финансовых инструментов,Сформирован,"ПАО ""УК ""Арсагера""",7840303927,https://www.arsagera.ru,активная,не предусмотрено,не предусмотрено,не более 1% от среднегодовой СЧА,1.0,False,nav,не предусмотрено,False,"не более 0,01% от среднегодовой СЧА",0.01,"0,19% от среднегодовой СЧА",0.19,не предусмотрено,не предусмотрено,не предусмотрено,не предусмотрено,,,,,5066.39587,317.0,317.0,166.84,845260.45,643-RUB
4500,ЗПИФ рыночных финансовых инструментов «БКС Восток-Запад»,RU000A103EX2,Закрытый,Фонд рыночных финансовых инструментов,Сформирован,"АО УК ""БКС""",5407191291,https://bcs.ru/am,активная,не предусмотрено,не предусмотрено,"не более 3,5% от среднегодовой СЧА",3.5,False,nav,не предусмотрено,False,"не более 0,22% от среднегодовой СЧА",0.22,"не более 1,5% от среднегодовой СЧА",1.5,не предусмотрено,не предусмотрено,не предусмотрено,не предусмотрено,,,,,332242.39864,2146.0,2142.0,2.36,784780.4,840-USD
4634,ЗПИФ рыночных финансовых инструментов «Т-Капитал Искусственный интеллект»,RU000A103VG1,Закрытый,Фонд рыночных финансовых инструментов,Сформирован,ООО «Т-Капитал»,7743304530,https://t-capital-funds.ru/,активная,не предусмотрено,не предусмотрено,"0,6% от среднегодовой СЧА",0.6,True,nav,не предусмотрено,False,"не более 0,04% от среднегодовой СЧА",0.04,"0,05% от среднегодовой СЧА",0.05,не предусмотрено,не предусмотрено,не предусмотрено,не предусмотрено,,,,,33742178.87725,27714.0,27710.0,0.0227,765412.69,840-USD
3161,ЗПИФ рыночных финансовых инструментов «Ингосстрах – драгоценные металлы»,-,Закрытый,Фонд рыночных финансовых инструментов,Сформирован,"АО УК ""Ингосстрах - Инвестиции""",7705136973,https://www.ingosinvest-am.ru,активная,не предусмотрено,не предусмотрено,"не более 1,9% от среднегодовой СЧА",1.9,False,nav,не предусмотрено,False,"не более 1,3% от среднегодовой СЧА",1.3,3% от среднегодовой СЧА,3.0,не предусмотрено,не предусмотрено,не предусмотрено,не предусмотрено,,,,,11594.1765087,26.0,25.0,48.26,559504.18,643-RUB
4490,ЗПИФ рыночных финансовых инструментов «Ингосстрах – облигации ЕМ»,RU000A103CZ1,Закрытый,Фонд рыночных финансовых инструментов,Сформирован,"АО УК ""Ингосстрах - Инвестиции""",7705136973,https://www.ingosinvest-am.ru,активная,не предусмотрено,не предусмотрено,"не более 0,15% от среднегодовой СЧА",0.15,False,nav,не предусмотрено,False,"не более 0,15% от среднегодовой СЧА",0.15,"0,1% от среднегодовой СЧА",0.1,не предусмотрено,не предусмотрено,не предусмотрено,не предусмотрено,,,,,43600.57968,53.0,51.0,12.18,531173.46,643-RUB
0240,"ЗПИФ рыночных финансовых инструментов ""ДОХОДЪ. Акции. Мировой рынок""",RU000A0ZYKY0,Закрытый,Фонд рыночных финансовых инструментов,Сформирован,ООО «УК «ДОХОДЪ»,7826685368,https://www.dohod.ru,активная,не предусмотрено,не предусмотрено,"0,69% от среднегодовой СЧА",0.69,True,nav,не предусмотрено,False,"не более 0,2% от среднегодовой СЧА",0.2,50% от среднегодовой СЧА,50.0,не предусмотрено,не предусмотрено,не предусмотрено,не предусмотрено,,,,,2227.92285,42.0,41.0,166.04,369923.32,643-RUB
4633,ЗПИФ рыночных финансовых инструментов «Т-Капитал Индекс ФинТех компаний»,RU000A103VH9,Закрытый,Фонд рыночных финансовых инструментов,Сформирован,ООО «Т-Капитал»,7743304530,https://t-capital-funds.ru/,активная,не предусмотрено,не предусмотрено,"0,6% от среднегодовой СЧА",0.6,True,nav,не предусмотрено,False,"не более 0,04% от среднегодовой СЧА",0.04,"0,05% от среднегодовой СЧА",0.05,не предусмотрено,не предусмотрено,не предусмотрено,не предусмотрено,,,,,44311491.0,28040.0,28038.0,0.0071,315044.73,840-USD
3145,ЗПИФ рыночных финансовых инструментов «МКБ Золото»,RU000A0JWHY4,Закрытый,Фонд рыночных финансовых инструментов,Сформирован,"АО ""УК МКБ Инвестиции""",7710186602,https://mkb-am.ru,активная,не предусмотрено,не предусмотрено,не более 2% от среднегодовой СЧА,2.0,False,nav,не предусмотрено,False,"не более 1,3% от среднегодовой СЧА",1.3,"0,5% от среднегодовой СЧА",0.5,не предусмотрено,не предусмотрено,не предусмотрено,не предусмотрено,,,,,2135.30109,87.0,86.0,135.31,288938.09,643-RUB
4252,ЗПИФ рыночных финансовых инструментов «Американский рынок»,-,Закрытый,Фонд рыночных финансовых инструментов,Сформирован,ООО «УК «А-Капитал»,7707583543,https://www.acapital-am.ru,активная,не предусмотрено,не предусмотрено,"1,5% от среднегодовой СЧА",1.5,True,nav,не предусмотрено,False,"не более 0,25% от среднегодовой СЧА",0.25,"0,5% от среднегодовой СЧА",0.5,не предусмотрено,не предусмотрено,не предусмотрено,не предусмотрено,,,,,4825.371887,4.0,4.0,59.0,284719.97,643-RUB
0620,ЗПИФ рыночных финансовых инструментов «Газпромбанк – Валютные облигации»,-,Закрытый,Фонд рыночных финансовых инструментов,Сформирован,АО «ААА Управление Капиталом»,7722515837,https://aaacapital.ru,активная,не предусмотрено,не предусмотрено,"1 руб. ежемесячно, но не более 0,01% от среднегодовой СЧА",0.01,False,mixed,не предусмотрено,False,"не более 0,2% от среднегодовой СЧА",0.2,"0,5% от среднегодовой СЧА",0.5,не предусмотрено,не предусмотрено,не предусмотрено,не предусмотрено,,,,,16.53566,941.0,941.0,15372.34,254191.76,643-RUB
2937,ЗПИФ рыночных финансовых инструментов «Ингосстрах – Международные рынки»,-,Закрытый,Фонд рыночных финансовых инструментов,Сформирован,"АО УК ""Ингосстрах - Инвестиции""",7705136973,https://www.ingosinvest-am.ru,активная,не предусмотрено,не предусмотрено,"не более 1,9% от среднегодовой СЧА",1.9,False,nav,не предусмотрено,False,"не более 1,5% от среднегодовой СЧА",1.5,"1,5% от среднегодовой СЧА",1.5,не предусмотрено,не предусмотрено,не предусмотрено,не предусмотрено,,,,,6695.5981648,49.0,48.0,37.1,248420.1,643-RUB
5666,ЗПИФ рыночных финансовых инструментов «Заблокированные активы паевого инвестиционного фонда «Тинькофф Индекс первичных публичных размещений»»,RU000A1071E3,Закрытый,Фонд рыночных финансовых инструментов,Сформирован,ООО «Т-Капитал»,7743304530,https://t-capital-funds.ru/,активная,не предусмотрено,не предусмотрено,"0,9% от среднегодовой СЧА",0.9,True,nav,не предусмотрено,False,"не более 0,05% от среднегодовой СЧА",0.05,"0,04% от среднегодовой СЧА",0.04,не предусмотрено,не предусмотрено,не предусмотрено,не предусмотрено,,,,,166250855.08577,158890.0,158884.0,0.0013,215258.12,643-RUB
4216,ЗПИФ рыночных финансовых инструментов «Т-Капитал США 500»,RU000A102EQ8,Закрытый,Фонд рыночных финансовых инструментов,Сформирован,ООО «Т-Капитал»,7743304530,https://t-capital-funds.ru/,активная,не предусмотрено,не предусмотрено,"0,7% от среднегодовой СЧА",0.7,True,nav,не предусмотрено,False,"не более 0,05% от среднегодовой СЧА",0.05,"0,04% от среднегодовой СЧА",0.04,не предусмотрено,не предусмотрено,не предусмотрено,не предусмотрено,,,,,136581985.81,210315.0,210312.0,0.001,138459.3,840-USD
2361,ЗПИФ рыночных финансовых инструментов «Газпромбанк – Золото»,-,Закрытый,Фонд рыночных финансовых инструментов,Сформирован,АО «ААА Управление Капиталом»,7722515837,https://aaacapital.ru,активная,не предусмотрено,не предусмотрено,"1 рубль ежемесячно, но не более 0,01% от среднегодовой СЧА",0.01,False,mixed,не предусмотрено,False,"не более 0,2% от среднегодовой СЧА",0.2,"0,5% от среднегодовой СЧА",0.5,не предусмотрено,не предусмотрено,не предусмотрено,не предусмотрено,,,,,952.48161,1086.0,1086.0,102.52,97652.72,643-RUB
4748,ЗПИФ рыночных финансовых инструментов «Газпромбанк – Новые рубежи»,-,Закрытый,Фонд рыночных финансовых инструментов,Сформирован,АО «ААА Управление Капиталом»,7722515837,https://aaacapital.ru,активная,не предусмотрено,не предусмотрено,"1 рубль ежемесячно, но не более 0,01% от среднегодовой СЧА",0.01,False,mixed,не предусмотрено,False,"не более 0,5% от среднегодовой СЧА",0.5,"0,5% от среднегодовой СЧА",0.5,предусмотрено,год,не предусмотрено,не предусмотрено,,,,,989.48198,5.0,3.0,91.63,90664.67,643-RUB
4786,ЗПИФ рыночных финансовых инструментов «Газпромбанк – Фонд глобальных активов»,RU000A104DF9,Закрытый,Фонд рыночных финансовых инструментов,Сформирован,АО «ААА Управление Капиталом»,7722515837,https://aaacapital.ru,активная,не предусмотрено,не предусмотрено,"1 руб. ежемесячно, но не более 0,01% от среднегодовой СЧА",0.01,False,mixed,не предусмотрено,False,"не более 0,9% от среднегодовой СЧА",0.9,"0,5% от среднегодовой СЧА",0.5,не предусмотрено,не предусмотрено,не предусмотрено,не предусмотрено,,,,,59160.0,134.0,133.0,1.41,83244.01,643-RUB
1015,ЗПИФ рыночных финансовых инструментов «Газпромбанк – Нефть»,-,Закрытый,Фонд рыночных финансовых инструментов,Сформирован,АО «ААА Управление Капиталом»,7722515837,https://aaacapital.ru,активная,не предусмотрено,не предусмотрено,"1 рубль ежемесячно, но не более 0,01% от среднегодовой СЧА",0.01,False,mixed,не предусмотрено,False,"не более 0,5% от среднегодовой СЧА",0.5,"0,5% от среднегодовой СЧА",0.5,не предусмотрено,не предусмотрено,не предусмотрено,не предусмотрено,,,,,372.90527,602.0,602.0,197.29,73569.71,643-RUB
4099,ЗПИФ рыночных финансовых инструментов «Т-Капитал Технологии»,RU000A101X68,Закрытый,Фонд рыночных финансовых инструментов,Сформирован,ООО «Т-Капитал»,7743304530,https://t-capital-funds.ru/,активная,не предусмотрено,не предусмотрено,"0,7% от среднегодовой СЧА",0.7,True,nav,не предусмотрено,False,"не более 0,05% от среднегодовой СЧА",0.05,"0,04% от среднегодовой СЧА",0.04,не предусмотрено,не предусмотрено,не предусмотрено,не предусмотрено,,,,,93820209.39,192374.0,192370.0,0.0008,72786.39,840-USD
4635,ЗПИФ рыночных финансовых инструментов «Т-Капитал Индекс акций компаний Еврозоны»,RU000A103VE6,Закрытый,Фонд рыночных финансовых инструментов,Сформирован,ООО «Т-Капитал»,7743304530,https://t-capital-funds.ru/,активная,не предусмотрено,не предусмотрено,"0,6% от среднегодовой СЧА",0.6,True,nav,не предусмотрено,False,"не более 0,04% от среднегодовой СЧА",0.04,"0,05% от среднегодовой СЧА",0.05,не предусмотрено,не предусмотрено,не предусмотрено,не предусмотрено,,,,,35475329.0,17542.0,17540.0,0.002,72677.12,840-USD
4214,ЗПИФ рыночных финансовых инструментов «Т-Капитал Индекс первичных публичных размещений»,RU000A102EM7,Закрытый,Фонд рыночных финансовых инструментов,Сформирован,ООО «Т-Капитал»,7743304530,https://t-capital-funds.ru/,активная,не предусмотрено,не предусмотрено,"0,9% от среднегодовой СЧА",0.9,True,nav,не предусмотрено,False,"не более 0,05% от среднегодовой СЧА",0.05,"0,04% от среднегодовой СЧА",0.04,не предусмотрено,не предусмотрено,не предусмотрено,не предусмотрено,,,,,79000584.73,158892.0,158888.0,0.0008,64790.25,840-USD
0687,ЗПИФ рыночных финансовых инструментов «Газпромбанк – Индия»,-,Закрытый,Фонд рыночных финансовых инструментов,Сформирован,АО «ААА Управление Капиталом»,7722515837,https://aaacapital.ru,активная,не предусмотрено,не предусмотрено,"1 рубль ежемесячно, но не более 0,01% от среднегодовой СЧА",0.01,False,mixed,не предусмотрено,False,"не более 0,5% от среднегодовой СЧА",0.5,"0,5% от среднегодовой СЧА",0.5,не предусмотрено,не предусмотрено,не предусмотрено,не предусмотрено,,,,,1762.119201,392.0,392.0,34.23,60316.43,643-RUB
4636,ЗПИФ рыночных финансовых инструментов «Т-Капитал Индекс обратного выкупа»,RU000A103VL1,Закрытый,Фонд рыночных финансовых инструментов,Сформирован,ООО «Т-Капитал»,7743304530,https://t-capital-funds.ru/,активная,не предусмотрено,не предусмотрено,"0,6% от среднегодовой СЧА",0.6,True,nav,не предусмотрено,False,"не более 0,04% от среднегодовой СЧА",0.04,"0,05% от среднегодовой СЧА",0.05,не предусмотрено,не предусмотрено,не предусмотрено,не предусмотрено,,,,,12106001.20587,9975.0,9974.0,0.0045,54281.98,840-USD
2244,ЗПИФ рыночных финансовых инструментов «Газпромбанк – Фонд международных дивидендов»,-,Закрытый,Фонд рыночных финансовых инструментов,Сформирован,АО «ААА Управление Капиталом»,7722515837,https://aaacapital.ru,активная,не предусмотрено,не предусмотрено,"1 руб. ежемесячно, но не более 0,01% от среднегодовой СЧА",0.01,False,mixed,не предусмотрено,False,"не более 0,3% от среднегодовой СЧА",0.3,"0,5% от среднегодовой СЧА",0.5,не предусмотрено,не предусмотрено,не предусмотрено,не предусмотрено,,,,,168.66212,622.0,622.0,309.97,52280.22,643-RUB
4215,ЗПИФ рыночных финансовых инструментов «Т-Капитал Биотехнологии»,RU000A102EK1,Закрытый,Фонд рыночных финансовых инструментов,Сформирован,ООО «Т-Капитал»,7743304530,https://t-capital-funds.ru/,активная,не предусмотрено,не предусмотрено,"0,7% от среднегодовой СЧА",0.7,True,nav,не предусмотрено,False,"не более 0,05% от среднегодовой СЧА",0.05,"0,04% от среднегодовой СЧА",0.04,не предусмотрено,не предусмотрено,не предусмотрено,не предусмотрено,,,,,63567845.93,133571.0,133566.0,0.0007,46330.89,840-USD
4459,ЗПИФ рыночных финансовых инструментов «Т-Капитал Индекс Экологически чистых технологий»,RU000A1039P6,Закрытый,Фонд рыночных финансовых инструментов,Сформирован,ООО «Т-Капитал»,7743304530,https://t-capital-funds.ru/,активная,не предусмотрено,не предусмотрено,"0,9% от среднегодовой СЧА",0.9,True,nav,не предусмотрено,False,"не более 0,05% от среднегодовой СЧА",0.05,"0,04% от среднегодовой СЧА",0.04,не предусмотрено,не предусмотрено,не предусмотрено,не предусмотрено,,,,,76772149.0,62056.0,62054.0,0.0006,44620.28,840-USD
4631,ЗПИФ рыночных финансовых инструментов «Т-Капитал Индекс лидеров устойчивого развития»,RU000A103VM9,Закрытый,Фонд рыночных финансовых инструментов,Сформирован,ООО «Т-Капитал»,7743304530,https://t-capital-funds.ru/,активная,не предусмотрено,не предусмотрено,"0,6% от среднегодовой СЧА",0.6,True,nav,не предусмотрено,False,"не более 0,04% от среднегодовой СЧА",0.04,"0,05% от среднегодовой СЧА",0.05,не предусмотрено,не предусмотрено,не предусмотрено,не предусмотрено,,,,,13652936.40125,13823.0,13819.0,0.0027,37228.99,840-USD
3802,ЗПИФ рыночных финансовых инструментов «Индустрии будущего»,RU000A100S25,Закрытый,Фонд рыночных финансовых инструментов,Сформирован,"ООО ""Управляющая компания ""Восток-Запад""",6454074653,https://www.ew-mc.ru,активная,не предусмотрено,не предусмотрено,1% от среднегодовой СЧА,1.0,True,nav,не предусмотрено,False,не более 2% от среднегодовой СЧА,2.0,5% от среднегодовой СЧА,5.0,не предусмотрено,не предусмотрено,не предусмотрено,не предусмотрено,,,,,10771.23119,136.0,132.0,3.24,34931.31,840-USD
4784,ЗПИФ рыночных финансовых инструментов «Газпромбанк – Акции китайских компаний»,RU000A104D51,Закрытый,Фонд рыночных финансовых инструментов,Сформирован,АО «ААА Управление Капиталом»,7722515837,https://aaacapital.ru,активная,не предусмотрено,не предусмотрено,"1 руб. ежемесячно, но не более 0,01% от среднегодовой СЧА",0.01,False,mixed,не предусмотрено,False,"не более 0,9% от среднегодовой СЧА",0.9,"0,5% от среднегодовой СЧА",0.5,не предусмотрено,не предусмотрено,не предусмотрено,не предусмотрено,,,,,22949.99999,207.0,207.0,1.45,33300.15,643-RUB
4630,ЗПИФ рыночных финансовых инструментов «Т-Капитал Индекс Развивающихся рынков»,RU000A103VJ5,Закрытый,Фонд рыночных финансовых инструментов,Сформирован,ООО «Т-Капитал»,7743304530,https://t-capital-funds.ru/,активная,не предусмотрено,не предусмотрено,"0,6% от среднегодовой СЧА",0.6,True,nav,не предусмотрено,False,"не более 0,04% от среднегодовой СЧА",0.04,"0,05% от среднегодовой СЧА",0.05,не предусмотрено,не предусмотрено,не предусмотрено,не предусмотрено,,,,,35286891.0,21165.0,21163.0,0.0009,31440.07,840-USD
4632,ЗПИФ рыночных финансовых инструментов «Т-Капитал Индекс Пан Азии»,RU000A103VK3,Закрытый,Фонд рыночных финансовых инструментов,Сформирован,ООО «Т-Капитал»,7743304530,https://t-capital-funds.ru/,активная,не предусмотрено,не предусмотрено,"0,6% от среднегодовой СЧА",0.6,True,nav,не предусмотрено,False,"не более 0,04% от среднегодовой СЧА",0.04,"0,05% от среднегодовой СЧА",0.05,не предусмотрено,не предусмотрено,не предусмотрено,не предусмотрено,,,,,47385030.0,26821.0,26817.0,0.0006,27774.36,840-USD
4628,ЗПИФ рыночных финансовых инструментов «Т-Капитал Полупроводники»,RU000A103VF3,Закрытый,Фонд рыночных финансовых инструментов,Сформирован,ООО «Т-Капитал»,7743304530,https://t-capital-funds.ru/,активная,не предусмотрено,не предусмотрено,"0,6% от среднегодовой СЧА",0.6,True,nav,не предусмотрено,False,"не более 0,04% от среднегодовой СЧА",0.04,"0,05% от среднегодовой СЧА",0.05,не предусмотрено,не предусмотрено,не предусмотрено,не предусмотрено,,,,,52792897.66463,37348.0,37346.0,0.0003,15481.97,840-USD
5954,ЗПИФ рыночных финансовых инструментов «Заблокированные активы паевого инвестиционного фонда «Солид - Глобус»»,-,Закрытый,Фонд рыночных финансовых инструментов,Сформирован,АО «СОЛИД Менеджмент»,7706150949,https://solid-mn.ru/,активная,не предусмотрено,не предусмотрено,не более 2% от среднегодовой СЧА,2.0,False,nav,не предусмотрено,False,"не более 2,7% от среднегодовой СЧА",2.7,"0,04% от среднегодовой СЧА",0.04,не предусмотрено,не предусмотрено,не предусмотрено,не предусмотрено,,,,,961.80766,110.0,110.0,13.48,12961.55,643-RUB
3858,ЗПИФ рыночных финансовых инструментов «Лидеры технологий»,RU000A100VK9,Закрытый,Фонд рыночных финансовых инструментов,Сформирован,"ООО ""Управляющая компания ""Восток-Запад""",6454074653,https://www.ew-mc.ru,активная,не предусмотрено,не предусмотрено,1% от среднегодовой СЧА,1.0,True,nav,не предусмотрено,False,не более 1% от среднегодовой СЧА,1.0,"0,5% от среднегодовой СЧА",0.5,не предусмотрено,не предусмотрено,не предусмотрено,не предусмотрено,,,,,64268.9626,1815.0,1810.0,0.03,1865.83,840-USD
5994,ЗПИФ рыночных финансовых инструментов «Заблокированные активы фонда «Лидеры технологий»,RU000A107TC5,Закрытый,Фонд рыночных финансовых инструментов,Сформирован,"ООО ""Управляющая компания ""Восток-Запад""",6454074653,https://www.ew-mc.ru,активная,не предусмотрено,не предусмотрено,1% от среднегодовой СЧА,1.0,True,nav,не предусмотрено,False,не более 1% от среднегодовой СЧА,1.0,5% от среднегодовой СЧА,5.0,не предусмотрено,не предусмотрено,не предусмотрено,не предусмотрено,,,,,7031.61496,1816.0,1810.0,0.13,896.29,643-RUB
2883,"ЗПИФ недвижимости ""КьюБиЭф Недвижимость""",RU000A0JWBT7,Закрытый,Недвижимости,В стадии прекращения,"ООО ""КБФ УА""",7704835400,https://www.qbfam.ru,активная,не предусмотрено,не предусмотрено,2% от среднегодовой СЧА,2.0,True,nav,20% от дохода от ДУ,True,не более 2% от среднегодовой СЧА,2.0,15% от среднегодовой СЧА,15.0,не предусмотрено,не предусмотрено,не предусмотрено,не предусмотрено,,,,,,,,0.0,0.0,643-RUB
5906,ЗПИФ рыночных финансовых инструментов «Заблокированные активы фонда «Первый»,RU000A107KQ4,Закрытый,Фонд рыночных финансовых инструментов,Сформирован,"ООО ""Управляющая компания ""Восток-Запад""",6454074653,https://www.ew-mc.ru,активная,не предусмотрено,не предусмотрено,1% от среднегодовой СЧА,1.0,True,nav,не предусмотрено,False,не более 2% от среднегодовой СЧА,2.0,5% от среднегодовой СЧА,5.0,не предусмотрено,не предусмотрено,не предусмотрено,не предусмотрено,,,,,7770.60866,48.0,44.0,0.0,0.0,643-RUB
0385,ЗПИФ рыночных финансовых инструментов «КМ Оверсиз»,RU000A0JPSF4,Закрытый,Фонд рыночных финансовых инструментов,Сформирован,"ООО ""УК ""КРАСНЫЙ МОСТ""",7838059090,https://redbridge-am.com,активная,не предусмотрено,не предусмотрено,1% от среднегодовой СЧА,1.0,True,nav,не предусмотрено,False,не более 1% от среднегодовой СЧА,1.0,3% от среднегодовой СЧА,3.0,не предусмотрено,не предусмотрено,не предусмотрено,не предусмотрено,,,,,27366.48319,2.0,2.0,0.0,-32710.9,643-RUB
4629,ЗПИФ рыночных финансовых инструментов «Т-Капитал Индекс Кибербезопасности»,RU000A103VN7,Закрытый,Фонд рыночных финансовых инструментов,Сформирован,ООО «Т-Капитал»,7743304530,https://t-capital-funds.ru/,активная,не предусмотрено,не предусмотрено,"0,6% от среднегодовой СЧА",0.6,True,nav,не предусмотрено,False,"не более 0,04% от среднегодовой СЧА",0.04,"0,05% от среднегодовой СЧА",0.05,не предусмотрено,не предусмотрено,не предусмотрено,не предусмотрено,,,,,45713753.0,37950.0,37946.0,0.0,-86639.23,840-USD
0995,"ЗПИФ недвижимости ""Покровский""",RU000A0JPJU2,Закрытый,Недвижимости,В стадии прекращения,"АО ""Кубанская управляющая компания""",2309084747,https://www.kubuk.ru,активная,не предусмотрено,не предусмотрено,"650 тыс. руб. в месяц, но не более 5% от среднегодовой СЧА",5.0,False,mixed,не предусмотрено,False,не более 5% от среднегодовой СЧА,5.0,20% от среднегодовой СЧА,20.0,не предусмотрено,не предусмотрено,не предусмотрено,не предусмотрено,,,,,,,,0.0,-1321909.13,643-RUB
1852,"Рентный ЗПИФ ""Перспектива-фонд второй""",RU000A0JR3F2,Закрытый,Рентный,В стадии прекращения,"ООО УК ""Джи Ай Си Эм""",7702526051,https://www.gicmuk.ru/,активная,не предусмотрено,не предусмотрено,1200 руб. в год,1200.0,True,fixed,не предусмотрено,False,не более 1% от среднегодовой СЧА,1.0,не более 10% от среднегодовой СЧА,10.0,предусмотрено,год,не предусмотрено,не предусмотрено,,,,,100000.0,2.0,1.0,0.0,-31922722.95,643-RUB
1333,"ЗПИФ рентный ""Тверская усадьба""",RU000A0JR0A9,Закрытый,Рентный,В стадии прекращения,"АО ""ГФТ ПИФ""",7719561939,https://www.gft-funds.ru,активная,не предусмотрено,не предусмотрено,"не более 0,9% от среднегодовой СЧА",0.9,False,nav,не предусмотрено,False,"не более 1,5% от среднегодовой СЧА",1.5,30% от среднегодовой СЧА,30.0,предусмотрено,месяц,не предусмотрено,не предусмотрено,,,,,,,,0.0,,643-RUB
3936,ЗПИФ недвижимости «Альфа-Капитал Арендный поток»,RU000A101HY7,Закрытый,Недвижимости,В стадии прекращения,"ООО УК ""Альфа-Капитал""",7728142469,https://www.alfacapital.ru,активная,не предусмотрено,не предусмотрено,"1,8% от среднегодовой СЧА",1.8,True,nav,не предусмотрено,False,"не более 0,5% от среднегодовой СЧА",0.5,10% от среднегодовой СЧА,10.0,предусмотрено,месяц,"0,5% — при выдаче инвестиционных паев после завершения формирования фонда; не взимается — при подаче заявки номинальным держателем или доверительным управляющим",не предусмотрено,,,,,,,,0.0,,643-RUB
