report_date,rule_number,fund_name,fund_type,status,currency_code,nav,unit_value,holders_total,units_total
2026-01-30,0007,Открытый паевой инвестиционный фонд рыночных финансовых инструментов «Первая – Фонд Рублевые сбережения»,Открытый,Сформирован,643-RUB,232192332602.51,63126.75,242170.0,3678192.685288501
2026-02-27,0007,Открытый паевой инвестиционный фонд рыночных финансовых инструментов «Первая – Фонд Рублевые сбережения»,Открытый,Сформирован,643-RUB,241533008359.35,64231.91,243696.0,3760327.519160202
2026-03-31,0007,Открытый паевой инвестиционный фонд рыночных финансовых инструментов «Первая – Фонд Рублевые сбережения»,Открытый,Сформирован,643-RUB,263083878156.28,65255.42,246837.0,4031602.0479270015
2026-04-30,0007,Открытый паевой инвестиционный фонд рыночных финансовых инструментов «Первая – Фонд Рублевые сбережения»,Открытый,Сформирован,643-RUB,300986586256.67,66223.48,254036.0,4545012.9667444
2026-05-29,0007,Открытый паевой инвестиционный фонд рыночных финансовых инструментов «Первая – Фонд Рублевые сбережения»,Открытый,Сформирован,643-RUB,328166676475.39,66503.29,263199.0,4934593.280620799
2026-06-30,0007,Открытый паевой инвестиционный фонд рыночных финансовых инструментов «Первая – Фонд Рублевые сбережения»,Открытый,Сформирован,643-RUB,317289526324.41,64632.14,267421.0,4909159.912953398
2026-07-31,0007,Открытый паевой инвестиционный фонд рыночных финансовых инструментов «Первая – Фонд Рублевые сбережения»,Открытый,Сформирован,643-RUB,289548348590.84,66003.5,261577.0,4386863.2255231
2026-01-30,0009,Открытый паевой инвестиционный фонд рыночных финансовых инструментов «Атон - Петр Столыпин»,Открытый,Сформирован,643-RUB,7864061578.49,4361.05,8614.0,1803249.9708500004
2026-02-27,0009,Открытый паевой инвестиционный фонд рыночных финансовых инструментов «Атон - Петр Столыпин»,Открытый,Сформирован,643-RUB,7888107871.28,4407.85,8589.0,1789558.2841900005
2026-03-31,0009,Открытый паевой инвестиционный фонд рыночных финансовых инструментов «Атон - Петр Столыпин»,Открытый,Сформирован,643-RUB,8159530127.94,4302.18,8591.0,1896603.1811399995
2026-04-30,0009,Открытый паевой инвестиционный фонд рыночных финансовых инструментов «Атон - Петр Столыпин»,Открытый,Сформирован,643-RUB,7808308997.1,4136.38,8562.0,1887717.36095
2026-05-29,0009,Открытый паевой инвестиционный фонд рыночных финансовых инструментов «Атон - Петр Столыпин»,Открытый,Сформирован,643-RUB,7382430306.41,4075.87,8525.0,1811250.6718199989
2026-06-30,0009,Открытый паевой инвестиционный фонд рыночных финансовых инструментов «Атон - Петр Столыпин»,Открытый,Сформирован,643-RUB,6574355088.95,3712.52,8466.0,1770860.8673799995
2026-07-31,0009,Открытый паевой инвестиционный фонд рыночных финансовых инструментов «Атон - Петр Столыпин»,Открытый,Сформирован,643-RUB,6325956272.35,3583.66,8431.0,1765223.93197
2026-01-30,0011,Открытый паевой инвестиционный фонд рыночных финансовых инструментов «Первая – Фонд российских акций»,Открытый,Сформирован,643-RUB,14055917312.16,18574.74,65713.0,756683.6435122993
2026-02-27,0011,Открытый паевой инвестиционный фонд рыночных финансовых инструментов «Первая – Фонд российских акций»,Открытый,Сформирован,643-RUB,14065771532.29,18640.75,65032.0,754532.5970773996
2026-03-31,0011,Открытый паевой инвестиционный фонд рыночных финансовых инструментов «Первая – Фонд российских акций»,Открытый,Сформирован,643-RUB,13173001708.82,18324.18,64092.0,718848.0008480998
2026-04-30,0011,Открытый паевой инвестиционный фонд рыночных финансовых инструментов «Первая – Фонд российских акций»,Открытый,Сформирован,643-RUB,14435395915.41,17306.39,83061.0,834044.3043485997
2026-05-29,0011,Открытый паевой инвестиционный фонд рыночных финансовых инструментов «Первая – Фонд российских акций»,Открытый,Сформирован,643-RUB,14018377253.47,17181.48,82075.0,815837.1509765
2026-06-30,0011,Открытый паевой инвестиционный фонд рыночных финансовых инструментов «Первая – Фонд российских акций»,Открытый,Сформирован,643-RUB,12418548644.94,15486.9,81122.0,801810.7472352997
2026-07-31,0011,Открытый паевой инвестиционный фонд рыночных финансовых инструментов «Первая – Фонд российских акций»,Открытый,Сформирован,643-RUB,12112373044.12,15248.08,80085.0,794290.4958679
2026-01-30,0012,Закрытый паевой инвестиционный фонд рыночных финансовых инструментов «РСХБ – Фонд Акций развивающихся стран»,Закрытый,Сформирован,643-RUB,389198913.37,43.05,3671.0,9041190.25521
2026-02-27,0012,Закрытый паевой инвестиционный фонд рыночных финансовых инструментов «РСХБ – Фонд Акций развивающихся стран»,Закрытый,Сформирован,643-RUB,394813843.01,43.67,3671.0,9041190.25521
2026-03-31,0012,Закрытый паевой инвестиционный фонд рыночных финансовых инструментов «РСХБ – Фонд Акций развивающихся стран»,Закрытый,Сформирован,643-RUB,415957844.76,46.01,3671.0,9041190.25523
2026-04-30,0012,Закрытый паевой инвестиционный фонд рыночных финансовых инструментов «РСХБ – Фонд Акций развивающихся стран»,Закрытый,Сформирован,643-RUB,383804256.91,42.45,3671.0,9041190.255209995
2026-05-29,0012,Закрытый паевой инвестиционный фонд рыночных финансовых инструментов «РСХБ – Фонд Акций развивающихся стран»,Закрытый,Сформирован,643-RUB,462831494.49,51.19,3671.0,9041190.25521
2026-06-30,0012,Закрытый паевой инвестиционный фонд рыночных финансовых инструментов «РСХБ – Фонд Акций развивающихся стран»,Закрытый,Сформирован,643-RUB,503676836.47,55.71,3672.0,9041190.255209995
2026-07-31,0012,Закрытый паевой инвестиционный фонд рыночных финансовых инструментов «РСХБ – Фонд Акций развивающихся стран»,Закрытый,Сформирован,643-RUB,517234922.74,57.21,3672.0,9041190.25521
2026-01-30,0017,Интервальный паевой инвестиционный фонд рыночных финансовых инструментов «Первый»,Интервальный,Сформирован,643-RUB,470101032.3,131847.75,69.0,3565.4838546
2026-02-27,0017,Интервальный паевой инвестиционный фонд рыночных финансовых инструментов «Первый»,Интервальный,Сформирован,643-RUB,472545374.99,132533.31,69.0,3565.4838546
2026-03-31,0017,Интервальный паевой инвестиционный фонд рыночных финансовых инструментов «Первый»,Интервальный,Сформирован,643-RUB,454153238.23,127893.19,68.0,3551.0354136
2026-04-30,0017,Интервальный паевой инвестиционный фонд рыночных финансовых инструментов «Первый»,Интервальный,Сформирован,643-RUB,439931852.25,123888.33,68.0,3551.0354136
2026-05-29,0017,Интервальный паевой инвестиционный фонд рыночных финансовых инструментов «Первый»,Интервальный,Сформирован,643-RUB,439920613.11,123885.17,68.0,3551.0354136
2026-06-30,0017,Интервальный паевой инвестиционный фонд рыночных финансовых инструментов «Первый»,Интервальный,Сформирован,643-RUB,411703049.18,115938.87,68.0,3551.0354136
2026-07-31,0017,Интервальный паевой инвестиционный фонд рыночных финансовых инструментов «Первый»,Интервальный,Сформирован,643-RUB,405623785.38,114226.91,68.0,3551.0354136
2026-01-30,0029,Открытый паевой инвестиционный фонд рыночных финансовых инструментов «Фонд Первый»,Открытый,Сформирован,643-RUB,4115629745.2,202.11,13839.0,20362991.29753
2026-02-27,0029,Открытый паевой инвестиционный фонд рыночных финансовых инструментов «Фонд Первый»,Открытый,Сформирован,643-RUB,4161865320.75,204.65,13839.0,20332003.55396
2026-03-31,0029,Открытый паевой инвестиционный фонд рыночных финансовых инструментов «Фонд Первый»,Открытый,Сформирован,643-RUB,3996588711.48,197.15,13836.0,20267187.93245
2026-04-30,0029,Открытый паевой инвестиционный фонд рыночных финансовых инструментов «Фонд Первый»,Открытый,Сформирован,643-RUB,3870922493.2,191.24,13838.0,20236370.29813001
2026-05-29,0029,Открытый паевой инвестиционный фонд рыночных финансовых инструментов «Фонд Первый»,Открытый,Сформирован,643-RUB,3854624246.21,190.64,13799.0,20215370.5665
2026-06-30,0029,Открытый паевой инвестиционный фонд рыночных финансовых инструментов «Фонд Первый»,Открытый,Сформирован,643-RUB,3183324402.53,176.63,13759.0,18018009.98507
2026-07-31,0029,Открытый паевой инвестиционный фонд рыночных финансовых инструментов «Фонд Первый»,Открытый,Сформирован,643-RUB,3159079129.89,175.75,13746.0,17970189.30786
2026-01-30,0034,Интервальный паевой инвестиционный фонд рыночных финансовых инструментов «Альфа-Капитал»,Интервальный,Сформирован,643-RUB,3210614243.58,158.72,1042180.0,20227888.76739
2026-02-27,0034,Интервальный паевой инвестиционный фонд рыночных финансовых инструментов «Альфа-Капитал»,Интервальный,Сформирован,643-RUB,3234508962.54,159.9,1042180.0,20227888.76739
2026-03-31,0034,Интервальный паевой инвестиционный фонд рыночных финансовых инструментов «Альфа-Капитал»,Интервальный,Сформирован,643-RUB,3130349137.02,154.75,1042548.0,20227858.76739
2026-04-30,0034,Интервальный паевой инвестиционный фонд рыночных финансовых инструментов «Альфа-Капитал»,Интервальный,Сформирован,643-RUB,3041212013.24,150.45,1042336.0,20214378.0789
2026-05-29,0034,Интервальный паевой инвестиционный фонд рыночных финансовых инструментов «Альфа-Капитал»,Интервальный,Сформирован,643-RUB,3031361900.93,149.96,1042336.0,20214378.0789
2026-06-30,0034,Интервальный паевой инвестиционный фонд рыночных финансовых инструментов «Альфа-Капитал»,Интервальный,Сформирован,643-RUB,2814354295.75,139.23,1042336.0,20214378.0789
2026-07-31,0034,Интервальный паевой инвестиционный фонд рыночных финансовых инструментов «Альфа-Капитал»,Интервальный,Сформирован,643-RUB,2829178138.66,139.96,1042336.0,20214378.0789
2026-01-30,0035,Открытый паевой инвестиционный фонд рыночных финансовых инструментов «Мономах-Перспектива»,Открытый,Сформирован,643-RUB,18225031.93,6497.29,103.0,2805.021291
2026-02-27,0035,Открытый паевой инвестиционный фонд рыночных финансовых инструментов «Мономах-Перспектива»,Открытый,Сформирован,643-RUB,18565537.34,6618.68,103.0,2805.021291
2026-03-31,0035,Открытый паевой инвестиционный фонд рыночных финансовых инструментов «Мономах-Перспектива»,Открытый,Сформирован,643-RUB,18206239.21,6490.59,103.0,2805.021291
2026-04-30,0035,Открытый паевой инвестиционный фонд рыночных финансовых инструментов «Мономах-Перспектива»,Открытый,Сформирован,643-RUB,17905911.05,6383.52,103.0,2805.021291
2026-05-29,0035,Открытый паевой инвестиционный фонд рыночных финансовых инструментов «Мономах-Перспектива»,Открытый,Сформирован,643-RUB,17711311.13,6314.14,103.0,2805.021291
2026-06-30,0035,Открытый паевой инвестиционный фонд рыночных финансовых инструментов «Мономах-Перспектива»,Открытый,Сформирован,643-RUB,16454477.79,5866.08,103.0,2805.021291
2026-07-31,0035,Открытый паевой инвестиционный фонд рыночных финансовых инструментов «Мономах-Перспектива»,Открытый,Сформирован,643-RUB,16368285.92,5835.35,103.0,2805.021291
2026-01-30,0039,Закрытый паевой инвестиционный фонд рыночных финансовых инструментов «БКС Перспектива»,Закрытый,Сформирован,643-RUB,377378481.99,147.94,12315.0,2550881.97371
2026-02-27,0039,Закрытый паевой инвестиционный фонд рыночных финансовых инструментов «БКС Перспектива»,Закрытый,Сформирован,643-RUB,382695448.61,150.02,12315.0,2550881.9737100005
2026-03-31,0039,Закрытый паевой инвестиционный фонд рыночных финансовых инструментов «БКС Перспектива»,Закрытый,Сформирован,643-RUB,402263929.29,157.7,12422.0,2550881.973709999
2026-04-30,0039,Закрытый паевой инвестиционный фонд рыночных финансовых инструментов «БКС Перспектива»,Закрытый,Сформирован,643-RUB,372828988.49,146.16,12422.0,2550881.9737099973
2026-05-29,0039,Закрытый паевой инвестиционный фонд рыночных финансовых инструментов «БКС Перспектива»,Закрытый,Сформирован,643-RUB,390019465.01,152.9,12422.0,2550881.973710001
2026-06-30,0039,Закрытый паевой инвестиционный фонд рыночных финансовых инструментов «БКС Перспектива»,Закрытый,Сформирован,643-RUB,434258291.73,170.24,12422.0,2550881.97371
2026-07-31,0039,Закрытый паевой инвестиционный фонд рыночных финансовых инструментов «БКС Перспектива»,Закрытый,Сформирован,643-RUB,422080962.56,165.46,12421.0,2550881.97371
2026-01-30,0040,"Открытый паевой инвестиционный фонд рыночных финансовых инструментов ""Солид - Инвест""",Открытый,Сформирован,643-RUB,163164737.35,802.11,1603.0,203418.97642
2026-02-27,0040,"Открытый паевой инвестиционный фонд рыночных финансовых инструментов ""Солид - Инвест""",Открытый,Сформирован,643-RUB,164667002.56,809.91,1603.0,203316.30887
2026-03-31,0040,"Открытый паевой инвестиционный фонд рыночных финансовых инструментов ""Солид - Инвест""",Открытый,Сформирован,643-RUB,160456601.88,792.21,7.0,85.68587
2026-04-30,0040,"Открытый паевой инвестиционный фонд рыночных финансовых инструментов ""Солид - Инвест""",Открытый,Сформирован,643-RUB,152776733.94,754.42,1603.0,202508.10567
2026-05-29,0040,"Открытый паевой инвестиционный фонд рыночных финансовых инструментов ""Солид - Инвест""",Открытый,Сформирован,643-RUB,147851363.47,728.59,1601.0,202927.95398999992
2026-06-30,0040,"Открытый паевой инвестиционный фонд рыночных финансовых инструментов ""Солид - Инвест""",Открытый,Сформирован,643-RUB,133959316.08,660.03,1601.0,202959.54580000005
2026-07-31,0040,"Открытый паевой инвестиционный фонд рыночных финансовых инструментов ""Солид - Инвест""",Открытый,Сформирован,643-RUB,136346582.6,671.66,1598.0,202999.46946
2026-01-30,0044,Интервальный паевой инвестиционный фонд рыночных финансовых инструментов «Энергия-инвест»,Интервальный,Сформирован,643-RUB,371584794.91,4166.85,22681.0,89176.34117799996
2026-02-27,0044,Интервальный паевой инвестиционный фонд рыночных финансовых инструментов «Энергия-инвест»,Интервальный,Сформирован,643-RUB,373198006.55,4184.94,22681.0,89176.34117799996
2026-03-31,0044,Интервальный паевой инвестиционный фонд рыночных финансовых инструментов «Энергия-инвест»,Интервальный,Сформирован,643-RUB,377683145.69,4235.24,22681.0,89176.341178
2026-04-30,0044,Интервальный паевой инвестиционный фонд рыночных финансовых инструментов «Энергия-инвест»,Интервальный,Сформирован,643-RUB,376393370.45,4231.54,22648.0,88949.49837799999
2026-05-29,0044,Интервальный паевой инвестиционный фонд рыночных финансовых инструментов «Энергия-инвест»,Интервальный,Сформирован,643-RUB,375594603.95,4222.56,22648.0,88949.49837799996
2026-06-30,0044,Интервальный паевой инвестиционный фонд рыночных финансовых инструментов «Энергия-инвест»,Интервальный,Сформирован,643-RUB,378914205.07,4268.35,22630.0,88773.002128
2026-07-31,0044,Интервальный паевой инвестиционный фонд рыночных финансовых инструментов «Энергия-инвест»,Интервальный,Сформирован,643-RUB,380373335.83,4284.79,22630.0,88773.002128
2026-01-30,0045,Открытый паевой инвестиционный фонд рыночных финансовых инструментов «Солид – пенсионный капитал»,Открытый,Сформирован,643-RUB,49731330.62,97.73,126.0,508876.11897
2026-02-27,0045,Открытый паевой инвестиционный фонд рыночных финансовых инструментов «Солид – пенсионный капитал»,Открытый,Сформирован,643-RUB,49972287.48,98.2,126.0,508906.14717
2026-03-31,0045,Открытый паевой инвестиционный фонд рыночных финансовых инструментов «Солид – пенсионный капитал»,Открытый,Сформирован,643-RUB,50307215.55,98.84,11.0,288.10243
2026-04-30,0045,Открытый паевой инвестиционный фонд рыночных финансовых инструментов «Солид – пенсионный капитал»,Открытый,Сформирован,643-RUB,49129414.18,96.53,131.0,508966.71109
2026-05-29,0045,Открытый паевой инвестиционный фонд рыночных финансовых инструментов «Солид – пенсионный капитал»,Открытый,Сформирован,643-RUB,48796918.09,95.87,132.0,508997.90638999984
2026-06-30,0045,Открытый паевой инвестиционный фонд рыночных финансовых инструментов «Солид – пенсионный капитал»,Открытый,Сформирован,643-RUB,47246740.8,92.82,131.0,509010.35428999993
2026-07-31,0045,Открытый паевой инвестиционный фонд рыночных финансовых инструментов «Солид – пенсионный капитал»,Открытый,Сформирован,643-RUB,47918096.55,94.04,131.0,509555.22564
2026-01-30,0046,"Открытый паевой инвестиционный фонд рыночных финансовых инструментов ""Агидель - акции""",Открытый,Сформирован,643-RUB,14320462.08,8696.95,113.0,1646.6069060000002
2026-02-27,0046,"Открытый паевой инвестиционный фонд рыночных финансовых инструментов ""Агидель - акции""",Открытый,Сформирован,643-RUB,14269772.1,8666.17,113.0,1646.6069060000002
2026-03-31,0046,"Открытый паевой инвестиционный фонд рыночных финансовых инструментов ""Агидель - акции""",Открытый,Сформирован,643-RUB,13616458.13,8269.4,113.0,1646.606906
2026-04-30,0046,"Открытый паевой инвестиционный фонд рыночных финансовых инструментов ""Агидель - акции""",Открытый,Сформирован,643-RUB,12380239.64,7864.66,112.0,1574.1602239999995
2026-05-29,0046,"Открытый паевой инвестиционный фонд рыночных финансовых инструментов ""Агидель - акции""",Открытый,Сформирован,643-RUB,10601126.2,7718.73,92.0,1373.4288069999998
2026-06-30,0046,"Открытый паевой инвестиционный фонд рыночных финансовых инструментов ""Агидель - акции""",Открытый,В стадии прекращения,643-RUB,6907862.9,7037.81,74.0,981.536462
2026-07-31,0046,"Открытый паевой инвестиционный фонд рыночных финансовых инструментов ""Агидель - акции""",Открытый,В стадии прекращения,643-RUB,6537366.78,6660.34,74.0,981.536462
2026-01-30,0047,Открытый паевой инвестиционный фонд рыночных финансовых инструментов «А-Капитал Сбалансированный»,Открытый,Сформирован,643-RUB,424492813.4,2769.03,2562.0,153300.25558000003
2026-02-27,0047,Открытый паевой инвестиционный фонд рыночных финансовых инструментов «А-Капитал Сбалансированный»,Открытый,Сформирован,643-RUB,426810955.82,2784.29,2561.0,153292.359804
2026-03-31,0047,Открытый паевой инвестиционный фонд рыночных финансовых инструментов «А-Капитал Сбалансированный»,Открытый,Сформирован,643-RUB,425485323.62,2778.51,2558.0,153134.33260800006
2026-04-30,0047,Открытый паевой инвестиционный фонд рыночных финансовых инструментов «А-Капитал Сбалансированный»,Открытый,Сформирован,643-RUB,410026950.08,2703.42,2556.0,151669.60114399996
2026-05-29,0047,Открытый паевой инвестиционный фонд рыночных финансовых инструментов «А-Капитал Сбалансированный»,Открытый,Сформирован,643-RUB,402646039.43,2655.73,2555.0,151614.194618
2026-06-30,0047,Открытый паевой инвестиционный фонд рыночных финансовых инструментов «А-Капитал Сбалансированный»,Открытый,Сформирован,643-RUB,376926021.12,2494.17,2553.0,151122.88372000004
2026-07-31,0047,Открытый паевой инвестиционный фонд рыночных финансовых инструментов «А-Капитал Сбалансированный»,Открытый,Сформирован,643-RUB,378457563.31,2491.46,2554.0,151901.859648
2026-01-30,0050,Открытый паевой инвестиционный фонд рыночных финансовых инструментов «Моя пенсия»,Открытый,Сформирован,643-RUB,114630408.09,25258.39,172.0,4538.3105497
2026-02-27,0050,Открытый паевой инвестиционный фонд рыночных финансовых инструментов «Моя пенсия»,Открытый,Сформирован,643-RUB,116028545.9,25568.72,171.0,4537.9102929
2026-03-31,0050,Открытый паевой инвестиционный фонд рыночных финансовых инструментов «Моя пенсия»,Открытый,Сформирован,643-RUB,110750183.31,24405.55,171.0,4537.910292899998
2026-04-30,0050,Открытый паевой инвестиционный фонд рыночных финансовых инструментов «Моя пенсия»,Открытый,Сформирован,643-RUB,107371613.79,23661.03,171.0,4537.910292899999
2026-05-29,0050,Открытый паевой инвестиционный фонд рыночных финансовых инструментов «Моя пенсия»,Открытый,Сформирован,643-RUB,106378251.78,23576.22,169.0,4512.100355599999
2026-06-30,0050,Открытый паевой инвестиционный фонд рыночных финансовых инструментов «Моя пенсия»,Открытый,Сформирован,643-RUB,96682725.65,21688.64,168.0,4457.759679999999
2026-07-31,0050,Открытый паевой инвестиционный фонд рыночных финансовых инструментов «Моя пенсия»,Открытый,Сформирован,643-RUB,96162793.33,21636.93,167.0,4444.3831222
2026-01-30,0051,"Открытый паевой инвестиционный фонд рыночных финансовых инструментов ""Первая - Сбалансированный""",Открытый,Сформирован,643-RUB,11150730167.92,144501.1,46492.0,77167.09414119997
2026-02-27,0051,"Открытый паевой инвестиционный фонд рыночных финансовых инструментов ""Первая - Сбалансированный""",Открытый,Сформирован,643-RUB,12198571863.66,145448.99,47099.0,83868.38417639991
2026-03-31,0051,"Открытый паевой инвестиционный фонд рыночных финансовых инструментов ""Первая - Сбалансированный""",Открытый,Сформирован,643-RUB,14034041257.52,143885.03,47853.0,97536.49216969998
2026-04-30,0051,"Открытый паевой инвестиционный фонд рыночных финансовых инструментов ""Первая - Сбалансированный""",Открытый,Сформирован,643-RUB,13685756970.14,138776.52,47836.0,98617.2393423
2026-05-29,0051,"Открытый паевой инвестиционный фонд рыночных финансовых инструментов ""Первая - Сбалансированный""",Открытый,Сформирован,643-RUB,13216853926.64,138159.56,47471.0,95663.6956434
2026-06-30,0051,"Открытый паевой инвестиционный фонд рыночных финансовых инструментов ""Первая - Сбалансированный""",Открытый,Сформирован,643-RUB,11294490831.42,127863.19,46733.0,88332.62423759994
2026-07-31,0051,"Открытый паевой инвестиционный фонд рыночных финансовых инструментов ""Первая - Сбалансированный""",Открытый,Сформирован,643-RUB,10588696097.69,127193.72,45905.0,83248.5794289
2026-01-30,0053,Открытый паевой инвестиционный фонд рыночных финансовых инструментов «БКС Акции роста»,Открытый,Сформирован,643-RUB,2706640147.1,166.42,37997.0,16262700.65435
2026-02-27,0053,Открытый паевой инвестиционный фонд рыночных финансовых инструментов «БКС Акции роста»,Открытый,Сформирован,643-RUB,2745956565.12,170.09,37747.0,16144610.01883
2026-03-31,0053,Открытый паевой инвестиционный фонд рыночных финансовых инструментов «БКС Акции роста»,Открытый,Сформирован,643-RUB,2602098637.41,162.34,38479.0,16019284.739010002
2026-04-30,0053,Открытый паевой инвестиционный фонд рыночных финансовых инструментов «БКС Акции роста»,Открытый,Сформирован,643-RUB,2507710933.21,157.24,38287.0,15939165.503470007
2026-05-29,0053,Открытый паевой инвестиционный фонд рыночных финансовых инструментов «БКС Акции роста»,Открытый,Сформирован,643-RUB,2479708238.01,155.91,38237.0,15895391.514330003
2026-06-30,0053,Открытый паевой инвестиционный фонд рыночных финансовых инструментов «БКС Акции роста»,Открытый,Сформирован,643-RUB,2284846424.7,143.83,38021.0,15876326.306890003
2026-07-31,0053,Открытый паевой инвестиционный фонд рыночных финансовых инструментов «БКС Акции роста»,Открытый,Сформирован,643-RUB,2302962102.57,146.42,37866.0,15719953.5024
2026-01-30,0055,Интервальный паевой инвестиционный фонд рыночных финансовых инструментов «Универсальный»,Интервальный,Сформирован,643-RUB,518840983.09,516562.81,12.0,1004.4102625
2026-02-27,0055,Интервальный паевой инвестиционный фонд рыночных финансовых инструментов «Универсальный»,Интервальный,Сформирован,643-RUB,521703718.87,519412.97,12.0,1004.4102625
2026-03-31,0055,Интервальный паевой инвестиционный фонд рыночных финансовых инструментов «Универсальный»,Интервальный,Сформирован,643-RUB,504353202.85,502138.64,12.0,1004.4102625
2026-04-30,0055,Интервальный паевой инвестиционный фонд рыночных финансовых инструментов «Универсальный»,Интервальный,Сформирован,643-RUB,489182153.88,487034.21,12.0,1004.4102625
2026-05-29,0055,Интервальный паевой инвестиционный фонд рыночных финансовых инструментов «Универсальный»,Интервальный,Сформирован,643-RUB,487669114.74,485527.81,12.0,1004.4102625
2026-06-30,0055,Интервальный паевой инвестиционный фонд рыночных финансовых инструментов «Универсальный»,Интервальный,Сформирован,643-RUB,457158741.73,455151.4,12.0,1004.4102625
2026-07-31,0055,Интервальный паевой инвестиционный фонд рыночных финансовых инструментов «Универсальный»,Интервальный,Сформирован,643-RUB,450847966.92,448868.34,12.0,1004.4102625
2026-01-30,0056,Открытый паевой инвестиционный фонд рыночных финансовых инструментов «Фонд Консервативный»,Открытый,Сформирован,643-RUB,1021286162.86,112.53,6171.0,9075668.25196
2026-02-27,0056,Открытый паевой инвестиционный фонд рыночных финансовых инструментов «Фонд Консервативный»,Открытый,Сформирован,643-RUB,1073767702.77,113.83,6414.0,9433423.85732
2026-03-31,0056,Открытый паевой инвестиционный фонд рыночных финансовых инструментов «Фонд Консервативный»,Открытый,Сформирован,643-RUB,1099304507.3,115.74,6693.0,9498247.166070009
2026-04-30,0056,Открытый паевой инвестиционный фонд рыночных финансовых инструментов «Фонд Консервативный»,Открытый,Сформирован,643-RUB,1407915487.72,117.06,7280.0,12027331.206129998
2026-05-29,0056,Открытый паевой инвестиционный фонд рыночных финансовых инструментов «Фонд Консервативный»,Открытый,Сформирован,643-RUB,1547702939.69,118.47,7795.0,13064185.96013
2026-06-30,0056,Открытый паевой инвестиционный фонд рыночных финансовых инструментов «Фонд Консервативный»,Открытый,Сформирован,643-RUB,1849501330.14,119.99,8395.0,15413388.039539998
2026-07-31,0056,Открытый паевой инвестиционный фонд рыночных финансовых инструментов «Фонд Консервативный»,Открытый,Сформирован,643-RUB,2118125027.1,121.58,8817.0,17422089.49769
2026-01-30,0060,Открытый паевой инвестиционный фонд рыночных финансовых инструментов «Апрель Капитал – Сбалансированный»,Открытый,Сформирован,643-RUB,96637886.37,675.57,,
2026-02-27,0060,Открытый паевой инвестиционный фонд рыночных финансовых инструментов «Апрель Капитал – Сбалансированный»,Открытый,Сформирован,643-RUB,98335724.69,683.34,,
2026-03-31,0060,Открытый паевой инвестиционный фонд рыночных финансовых инструментов «Апрель Капитал – Сбалансированный»,Открытый,Сформирован,643-RUB,98691239.73,685.33,113.0,144005.44759999998
2026-04-30,0060,Открытый паевой инвестиционный фонд рыночных финансовых инструментов «Апрель Капитал – Сбалансированный»,Открытый,Сформирован,643-RUB,96902095.08,672.91,112.0,144003.9026
2026-05-29,0060,Открытый паевой инвестиционный фонд рыночных финансовых инструментов «Апрель Капитал – Сбалансированный»,Открытый,Сформирован,643-RUB,95914721.67,666.37,112.0,143937.14146999994
2026-06-30,0060,Открытый паевой инвестиционный фонд рыночных финансовых инструментов «Апрель Капитал – Сбалансированный»,Открытый,Сформирован,643-RUB,90211545.69,626.65,111.0,143957.47065000003
2026-07-31,0060,Открытый паевой инвестиционный фонд рыночных финансовых инструментов «Апрель Капитал – Сбалансированный»,Открытый,Сформирован,643-RUB,89676125.71,622.91,111.0,143962.50961
2026-01-30,0065,Открытый паевой инвестиционный фонд рыночных финансовых инструментов «Солид - российские облигации»,Открытый,Сформирован,643-RUB,54312926.63,3902.01,279.0,13919.215545999998
2026-02-27,0065,Открытый паевой инвестиционный фонд рыночных финансовых инструментов «Солид - российские облигации»,Открытый,Сформирован,643-RUB,54716319.04,3920.89,295.0,13955.083677000004
2026-03-31,0065,Открытый паевой инвестиционный фонд рыночных финансовых инструментов «Солид - российские облигации»,Открытый,Сформирован,643-RUB,56241964.84,3973.62,201.0,1644.88581
2026-04-30,0065,Открытый паевой инвестиционный фонд рыночных финансовых инструментов «Солид - российские облигации»,Открытый,Сформирован,643-RUB,56556575.01,3992.69,300.0,14165.031169999997
2026-05-29,0065,Открытый паевой инвестиционный фонд рыночных финансовых инструментов «Солид - российские облигации»,Открытый,Сформирован,643-RUB,60851297.29,4027.28,301.0,15109.783799999994
2026-06-30,0065,Открытый паевой инвестиционный фонд рыночных финансовых инструментов «Солид - российские облигации»,Открытый,Сформирован,643-RUB,63415613.21,4080.64,300.0,15540.610780000005
2026-07-31,0065,Открытый паевой инвестиционный фонд рыночных финансовых инструментов «Солид - российские облигации»,Открытый,Сформирован,643-RUB,65662426.68,4137.41,296.0,15870.41527
2026-01-30,0078,Открытый паевой инвестиционный фонд рыночных финансовых инструментов «ТКБ Инвестмент Партнерс – Фонд сбалансированный»,Открытый,Сформирован,643-RUB,1000517913.11,9290.61,1877.0,107668.36014799996
2026-02-27,0078,Открытый паевой инвестиционный фонд рыночных финансовых инструментов «ТКБ Инвестмент Партнерс – Фонд сбалансированный»,Открытый,Сформирован,643-RUB,996353609.23,9402.51,1856.0,105943.77016899997
2026-03-31,0078,Открытый паевой инвестиционный фонд рыночных финансовых инструментов «ТКБ Инвестмент Партнерс – Фонд сбалансированный»,Открытый,Сформирован,643-RUB,964226824.61,9311.23,1837.0,103532.27559799996
2026-04-30,0078,Открытый паевой инвестиционный фонд рыночных финансовых инструментов «ТКБ Инвестмент Партнерс – Фонд сбалансированный»,Открытый,Сформирован,643-RUB,932610489.64,9187.81,1818.0,101482.29116200002
2026-05-29,0078,Открытый паевой инвестиционный фонд рыночных финансовых инструментов «ТКБ Инвестмент Партнерс – Фонд сбалансированный»,Открытый,Сформирован,643-RUB,911962123.7,9135.93,1805.0,99798.53250899995
2026-06-30,0078,Открытый паевой инвестиционный фонд рыночных финансовых инструментов «ТКБ Инвестмент Партнерс – Фонд сбалансированный»,Открытый,Сформирован,643-RUB,859811006.12,8785.41,1792.0,97845.08287299996
2026-07-31,0078,Открытый паевой инвестиционный фонд рыночных финансовых инструментов «ТКБ Инвестмент Партнерс – Фонд сбалансированный»,Открытый,Сформирован,643-RUB,717654379.1,8776.13,1767.0,81773.432317
2026-01-30,0081,Открытый паевой инвестиционный фонд рыночных финансовых инструментов «ТКБ Инвестмент Партнерс – Фонд облигаций»,Открытый,Сформирован,643-RUB,905329396.75,8933.75,1190.0,101315.67656699996
2026-02-27,0081,Открытый паевой инвестиционный фонд рыночных финансовых инструментов «ТКБ Инвестмент Партнерс – Фонд облигаций»,Открытый,Сформирован,643-RUB,895576431.58,9014.83,1212.0,99322.39152599998
2026-03-31,0081,Открытый паевой инвестиционный фонд рыночных финансовых инструментов «ТКБ Инвестмент Партнерс – Фонд облигаций»,Открытый,Сформирован,643-RUB,889213058.39,9160.84,1257.0,97044.350487
2026-04-30,0081,Открытый паевой инвестиционный фонд рыночных финансовых инструментов «ТКБ Инвестмент Партнерс – Фонд облигаций»,Открытый,Сформирован,643-RUB,861759057.03,9290.58,1277.0,92733.80720199998
2026-05-29,0081,Открытый паевой инвестиционный фонд рыночных финансовых инструментов «ТКБ Инвестмент Партнерс – Фонд облигаций»,Открытый,Сформирован,643-RUB,861738775.91,9294.9,1287.0,92688.45013
2026-06-30,0081,Открытый паевой инвестиционный фонд рыночных финансовых инструментов «ТКБ Инвестмент Партнерс – Фонд облигаций»,Открытый,Сформирован,643-RUB,804892552.71,9095.78,1294.0,88468.29381899998
2026-07-31,0081,Открытый паевой инвестиционный фонд рыночных финансовых инструментов «ТКБ Инвестмент Партнерс – Фонд облигаций»,Открытый,Сформирован,643-RUB,819425168.98,9258.51,1293.0,88505.111494
2026-01-30,0089,Открытый паевой инвестиционный фонд рыночных финансовых инструментов «ВИМ - Казначейский»,Открытый,Сформирован,643-RUB,32177421974.65,106.11,46895.0,303238497.75622106
2026-02-27,0089,Открытый паевой инвестиционный фонд рыночных финансовых инструментов «ВИМ - Казначейский»,Открытый,Сформирован,643-RUB,34596060080.68,108.11,54475.0,320021451.36547
2026-03-31,0089,Открытый паевой инвестиционный фонд рыночных финансовых инструментов «ВИМ - Казначейский»,Открытый,Сформирован,643-RUB,38777585629.95,110.13,55878.0,352110492.22747
2026-04-30,0089,Открытый паевой инвестиционный фонд рыночных финансовых инструментов «ВИМ - Казначейский»,Открытый,Сформирован,643-RUB,44404548502.2,111.71,62499.0,397485285.1907401
2026-05-29,0089,Открытый паевой инвестиционный фонд рыночных финансовых инструментов «ВИМ - Казначейский»,Открытый,Сформирован,643-RUB,49123771957.1,112.12,66422.0,438140981.67027
2026-06-30,0089,Открытый паевой инвестиционный фонд рыночных финансовых инструментов «ВИМ - Казначейский»,Открытый,Сформирован,643-RUB,48061688674.83,109.83,66169.0,437620066.7814598
2026-07-31,0089,Открытый паевой инвестиционный фонд рыночных финансовых инструментов «ВИМ - Казначейский»,Открытый,Сформирован,643-RUB,44843420660.88,112.47,63172.0,398719661.28451
2026-01-30,0090,Закрытый паевой инвестиционный фонд рыночных финансовых инструментов «РСХБ – Фонд Глобальных дивидендов»,Закрытый,Сформирован,643-RUB,377294624.1,34.82,2140.0,10836808.47082
2026-02-27,0090,Закрытый паевой инвестиционный фонд рыночных финансовых инструментов «РСХБ – Фонд Глобальных дивидендов»,Закрытый,Сформирован,643-RUB,382471419.24,35.29,2140.0,10836808.47082
2026-03-31,0090,Закрытый паевой инвестиционный фонд рыночных финансовых инструментов «РСХБ – Фонд Глобальных дивидендов»,Закрытый,Сформирован,643-RUB,401758871.7,37.07,2140.0,10836808.470819997
2026-04-30,0090,Закрытый паевой инвестиционный фонд рыночных финансовых инструментов «РСХБ – Фонд Глобальных дивидендов»,Закрытый,Сформирован,643-RUB,372987920.24,34.42,2140.0,10836808.47082
2026-05-29,0090,Закрытый паевой инвестиционный фонд рыночных финансовых инструментов «РСХБ – Фонд Глобальных дивидендов»,Закрытый,Сформирован,643-RUB,409345902.39,37.77,2140.0,10836808.47082
2026-06-30,0090,Закрытый паевой инвестиционный фонд рыночных финансовых инструментов «РСХБ – Фонд Глобальных дивидендов»,Закрытый,Сформирован,643-RUB,443702423.09,40.94,2140.0,10836808.470820004
2026-07-31,0090,Закрытый паевой инвестиционный фонд рыночных финансовых инструментов «РСХБ – Фонд Глобальных дивидендов»,Закрытый,Сформирован,643-RUB,449177524.45,41.45,2140.0,10836808.47082
2026-01-30,0092,Открытый паевой инвестиционный фонд рыночных финансовых инструментов «ВИМ -Сбалансированный»,Открытый,Сформирован,643-RUB,10294557095.86,21014.61,10504.0,489876.1669500002
2026-02-27,0092,Открытый паевой инвестиционный фонд рыночных финансовых инструментов «ВИМ -Сбалансированный»,Открытый,Сформирован,643-RUB,10380249256.57,21424.09,10500.0,484513.06576
2026-03-31,0092,Открытый паевой инвестиционный фонд рыночных финансовых инструментов «ВИМ -Сбалансированный»,Открытый,Сформирован,643-RUB,9962646945.36,20812.76,10486.0,478679.7942699999
2026-04-30,0092,Открытый паевой инвестиционный фонд рыночных финансовых инструментов «ВИМ -Сбалансированный»,Открытый,Сформирован,643-RUB,9690759976.32,20584.03,10437.0,470790.2482399999
2026-05-29,0092,Открытый паевой инвестиционный фонд рыночных финансовых инструментов «ВИМ -Сбалансированный»,Открытый,Сформирован,643-RUB,9712280176.49,20885.98,10381.0,465014.3194600001
2026-06-30,0092,Открытый паевой инвестиционный фонд рыночных финансовых инструментов «ВИМ -Сбалансированный»,Открытый,Сформирован,643-RUB,9083239995.14,19786.26,10282.0,459067.9652499999
2026-07-31,0092,Открытый паевой инвестиционный фонд рыночных финансовых инструментов «ВИМ - Сбалансированный»,Открытый,Сформирован,643-RUB,8714201059.19,19559.79,10110.0,445516.08749
2026-01-30,0095,Открытый паевой инвестиционный фонд рыночных финансовых инструментов «Альфа-Капитал Облигации Плюс»,Открытый,Сформирован,643-RUB,35986783341.62,6998.96,55964.0,5141733.48242
2026-02-27,0095,Открытый паевой инвестиционный фонд рыночных финансовых инструментов «Альфа-Капитал Облигации Плюс»,Открытый,Сформирован,643-RUB,39485521607.98,7112.88,57654.0,5551267.701679993
2026-03-31,0095,Открытый паевой инвестиционный фонд рыночных финансовых инструментов «Альфа-Капитал Облигации Плюс»,Открытый,Сформирован,643-RUB,47441569701.15,7214.21,61626.0,6576126.473739998
2026-04-30,0095,Открытый паевой инвестиционный фонд рыночных финансовых инструментов «Альфа-Капитал Облигации Плюс»,Открытый,Сформирован,643-RUB,55333642134.06,7313.22,65509.0,7566244.26619
2026-05-29,0095,Открытый паевой инвестиционный фонд рыночных финансовых инструментов «Альфа-Капитал Облигации Плюс»,Открытый,Сформирован,643-RUB,59395925643.09,7343.02,70343.0,8088762.960979997
2026-06-30,0095,Открытый паевой инвестиционный фонд рыночных финансовых инструментов «Альфа-Капитал Облигации Плюс»,Открытый,Сформирован,643-RUB,57416142180.84,7157.85,73281.0,8021422.5858
2026-07-31,0095,Открытый паевой инвестиционный фонд рыночных финансовых инструментов «Альфа-Капитал Облигации Плюс»,Открытый,Сформирован,643-RUB,52402667825.16,7343.31,72889.0,7136114.8185
2026-01-30,0096,Открытый паевой инвестиционный фонд рыночных финансовых инструментов «ТКБ Инвестмент Партнерс – Фонд сбалансированный с выплатой дохода»,Открытый,Сформирован,643-RUB,437167140.61,374.68,1305.0,1166790.071072
2026-02-27,0096,Открытый паевой инвестиционный фонд рыночных финансовых инструментов «ТКБ Инвестмент Партнерс – Фонд сбалансированный с выплатой дохода»,Открытый,Сформирован,643-RUB,443009545.25,374.74,1324.0,1182180.076805001
2026-03-31,0096,Открытый паевой инвестиционный фонд рыночных финансовых инструментов «ТКБ Инвестмент Партнерс – Фонд сбалансированный с выплатой дохода»,Открытый,Сформирован,643-RUB,463229959.25,377.05,1343.0,1228560.452555
2026-04-30,0096,Открытый паевой инвестиционный фонд рыночных финансовых инструментов «ТКБ Инвестмент Партнерс – Фонд сбалансированный с выплатой дохода»,Открытый,Сформирован,643-RUB,462779875.28,377.29,1350.0,1226577.8667390004
2026-05-29,0096,Открытый паевой инвестиционный фонд рыночных финансовых инструментов «ТКБ Инвестмент Партнерс – Фонд сбалансированный с выплатой дохода»,Открытый,Сформирован,643-RUB,458937911.44,374.76,1371.0,1224618.8986409998
2026-06-30,0096,Открытый паевой инвестиционный фонд рыночных финансовых инструментов «ТКБ Инвестмент Партнерс – Фонд сбалансированный с выплатой дохода»,Открытый,Сформирован,643-RUB,458140961.11,366.02,1387.0,1251672.639366001
2026-07-31,0096,Открытый паевой инвестиционный фонд рыночных финансовых инструментов «ТКБ Инвестмент Партнерс – Фонд сбалансированный с выплатой дохода»,Открытый,Сформирован,643-RUB,448967678.24,362.72,1393.0,1237779.817889
2026-01-30,0097,Открытый паевой инвестиционный фонд рыночных финансовых инструментов «Дмитрий Донской» под управлением Общества с ограниченной ответственностью Управляющей компании «Парма-Менеджмент»,Открытый,Сформирован,643-RUB,73017223.57,26440.68,87.0,2761.5486189999983
2026-02-27,0097,Открытый паевой инвестиционный фонд рыночных финансовых инструментов «Дмитрий Донской» под управлением Общества с ограниченной ответственностью Управляющей компании «Парма-Менеджмент»,Открытый,Сформирован,643-RUB,73407864.73,26625.14,86.0,2757.088594
2026-03-31,0097,Открытый паевой инвестиционный фонд рыночных финансовых инструментов «Дмитрий Донской» под управлением Общества с ограниченной ответственностью Управляющей компании «Парма-Менеджмент»,Открытый,Сформирован,643-RUB,72980348.85,26470.08,86.0,2757.088594
2026-04-30,0097,Открытый паевой инвестиционный фонд рыночных финансовых инструментов «Дмитрий Донской» под управлением Общества с ограниченной ответственностью Управляющей компании «Парма-Менеджмент»,Открытый,Сформирован,643-RUB,71614152.82,25987.88,85.0,2755.674548
2026-05-29,0097,Открытый паевой инвестиционный фонд рыночных финансовых инструментов «Дмитрий Донской» под управлением Общества с ограниченной ответственностью Управляющей компании «Парма-Менеджмент»,Открытый,Сформирован,643-RUB,71242783.91,25853.12,85.0,2755.674548
2026-06-30,0097,Открытый паевой инвестиционный фонд рыночных финансовых инструментов «Дмитрий Донской» под управлением Общества с ограниченной ответственностью Управляющей компании «Парма-Менеджмент»,Открытый,Сформирован,643-RUB,68652265.42,24913.05,85.0,2755.674548
2026-07-31,0097,Открытый паевой инвестиционный фонд рыночных финансовых инструментов «Дмитрий Донской» под управлением Общества с ограниченной ответственностью Управляющей компании «Парма-Менеджмент»,Открытый,Сформирован,643-RUB,68041667.7,24691.47,85.0,2755.674548
2026-01-30,0097а,Открытый паевой инвестиционный фонд рыночных финансовых инструментов «Финам Первый»,Открытый,Сформирован,643-RUB,36446725.97,305.57,3272.0,119275.53161000003
2026-02-27,0097а,Открытый паевой инвестиционный фонд рыночных финансовых инструментов «Финам Первый»,Открытый,Сформирован,643-RUB,36219334.96,303.66,3271.0,119277.07568
2026-03-31,0097а,Открытый паевой инвестиционный фонд рыночных финансовых инструментов «Финам Первый»,Открытый,Сформирован,643-RUB,36195041.98,303.49,3270.0,119261.92692
2026-04-30,0097а,Открытый паевой инвестиционный фонд рыночных финансовых инструментов «Финам Первый»,Открытый,Сформирован,643-RUB,33732902.26,288.93,3268.0,116749.38467
2026-05-29,0097а,Открытый паевой инвестиционный фонд рыночных финансовых инструментов «Финам Первый»,Открытый,Сформирован,643-RUB,33149442.37,283.85,3268.0,116784.81973000005
2026-06-30,0097а,Открытый паевой инвестиционный фонд рыночных финансовых инструментов «Финам Первый»,Открытый,Сформирован,643-RUB,30248900.95,259.45,3264.0,116590.31746000002
2026-07-31,0097а,Открытый паевой инвестиционный фонд рыночных финансовых инструментов «Финам Первый»,Открытый,Сформирован,643-RUB,29379155.18,252.52,3262.0,116341.99554
2026-01-30,0118,Открытый паевой инвестиционный фонд рыночных финансовых инструментов «Апрель Капитал – Акции»,Открытый,Сформирован,643-RUB,510537060.7,1317.74,1.0,9233.85395
2026-02-27,0118,Открытый паевой инвестиционный фонд рыночных финансовых инструментов «Апрель Капитал – Акции»,Открытый,Сформирован,643-RUB,516012438.29,1332.23,1.0,9233.85395
2026-03-31,0118,Открытый паевой инвестиционный фонд рыночных финансовых инструментов «Апрель Капитал – Акции»,Открытый,Сформирован,643-RUB,511295417.77,1319.17,389.0,387587.9619
2026-04-30,0118,Открытый паевой инвестиционный фонд рыночных финансовых инструментов «Апрель Капитал – Акции»,Открытый,Сформирован,643-RUB,489089629.23,1268.43,387.0,385587.4921100001
2026-05-29,0118,Открытый паевой инвестиционный фонд рыночных финансовых инструментов «Апрель Капитал – Акции»,Открытый,Сформирован,643-RUB,478342429.25,1240.68,385.0,385548.2015200002
2026-06-30,0118,Открытый паевой инвестиционный фонд рыночных финансовых инструментов «Апрель Капитал – Акции»,Открытый,Сформирован,643-RUB,432235946.72,1134.03,380.0,381151.87021
2026-07-31,0118,Открытый паевой инвестиционный фонд рыночных финансовых инструментов «Апрель Капитал – Акции»,Открытый,Сформирован,643-RUB,418694595.3,1101.46,382.0,380125.99784
2026-01-30,0120,Открытый паевой инвестиционный фонд рыночных финансовых инструментов «МКБ Акции»,Открытый,Сформирован,643-RUB,347587866.61,21146.14,651.0,16437.413989999997
2026-02-27,0120,Открытый паевой инвестиционный фонд рыночных финансовых инструментов «МКБ Акции»,Открытый,Сформирован,643-RUB,336982618.11,21603.21,617.0,15598.72633
2026-03-31,0120,Открытый паевой инвестиционный фонд рыночных финансовых инструментов «МКБ Акции»,Открытый,Сформирован,643-RUB,317259343.43,21018.02,596.0,15094.63573
2026-04-30,0120,Открытый паевой инвестиционный фонд рыночных финансовых инструментов «МКБ Акции»,Открытый,Сформирован,643-RUB,309054842.63,20752.12,584.0,14892.68429
2026-05-29,0120,Открытый паевой инвестиционный фонд рыночных финансовых инструментов «МКБ Акции»,Открытый,Сформирован,643-RUB,293918991.69,20648.56,569.0,14234.355839999998
2026-06-30,0120,Открытый паевой инвестиционный фонд рыночных финансовых инструментов «МКБ Акции»,Открытый,Сформирован,643-RUB,273637554.4,19508.68,554.0,14026.45131
2026-07-31,0120,Открытый паевой инвестиционный фонд рыночных финансовых инструментов «МКБ Акции»,Открытый,Сформирован,643-RUB,266194292.86,19137.54,546.0,13909.53828
2026-01-30,0133,Закрытый паевой инвестиционный фонд рыночных финансовых инструментов «XXII век»,Закрытый,Сформирован,643-RUB,147739420.95,126.92,8297.0,1164038.92757
2026-02-27,0133,Закрытый паевой инвестиционный фонд рыночных финансовых инструментов «XXII век»,Закрытый,Сформирован,643-RUB,149719620.26,128.62,8297.0,1164038.9275700003
2026-03-31,0133,Закрытый паевой инвестиционный фонд рыночных финансовых инструментов «XXII век»,Закрытый,Сформирован,643-RUB,157180700.63,135.03,8314.0,1164038.9275699994
2026-04-30,0133,Закрытый паевой инвестиционный фонд рыночных финансовых инструментов «XXII век»,Закрытый,Сформирован,643-RUB,145956456.67,125.39,8314.0,1164038.92757
2026-05-29,0133,Закрытый паевой инвестиционный фонд рыночных финансовых инструментов «XXII век»,Закрытый,Сформирован,643-RUB,152520206.03,131.03,8315.0,1164038.9275700003
2026-06-30,0133,Закрытый паевой инвестиционный фонд рыночных финансовых инструментов «XXII век»,Закрытый,Сформирован,643-RUB,169389293.04,145.52,8315.0,1164038.9275699996
2026-07-31,0133,Закрытый паевой инвестиционный фонд рыночных финансовых инструментов «XXII век»,Закрытый,Сформирован,643-RUB,169485942.21,145.6,8316.0,1164038.92757
2026-01-30,0140,Открытый паевой инвестиционный фонд рыночных финансовых инструментов «БКС Российские облигации»,Открытый,Сформирован,643-RUB,2918964225.22,4.06,35591.0,719129735.41873
2026-02-27,0140,Открытый паевой инвестиционный фонд рыночных финансовых инструментов «БКС Российские облигации»,Открытый,Сформирован,643-RUB,2926466039.11,4.12,35861.0,709572483.1337
2026-03-31,0140,Открытый паевой инвестиционный фонд рыночных финансовых инструментов «БКС Российские облигации»,Открытый,Сформирован,643-RUB,3027272735.09,4.2,36912.0,720774915.4594
2026-04-30,0140,Открытый паевой инвестиционный фонд рыночных финансовых инструментов «БКС Российские облигации»,Открытый,Сформирован,643-RUB,3568680096.98,4.25,37602.0,840265818.8452001
2026-05-29,0140,Открытый паевой инвестиционный фонд рыночных финансовых инструментов «БКС Российские облигации»,Открытый,Сформирован,643-RUB,3794010932.19,4.28,37765.0,886142501.0315204
2026-06-30,0140,Открытый паевой инвестиционный фонд рыночных финансовых инструментов «БКС Российские облигации»,Открытый,Сформирован,643-RUB,4048417723.66,4.26,37938.0,949446517.7184896
2026-07-31,0140,Открытый паевой инвестиционный фонд рыночных финансовых инструментов «БКС Российские облигации»,Открытый,Сформирован,643-RUB,3768109011.54,4.32,37441.0,871448281.76543
2026-01-30,0147,Открытый паевой инвестиционный фонд рыночных финансовых инструментов «Метрополь Золотое руно» под управлением ООО «УК «МЕТРОПОЛЬ»,Открытый,Сформирован,643-RUB,14341613.95,409.51,157.0,34805.38691
2026-02-27,0147,Открытый паевой инвестиционный фонд рыночных финансовых инструментов «Метрополь Золотое руно» под управлением ООО «УК «МЕТРОПОЛЬ»,Открытый,Сформирован,643-RUB,14475880.59,410.75,158.0,35026.93084000001
2026-03-31,0147,Открытый паевой инвестиционный фонд рыночных финансовых инструментов «Метрополь Золотое руно» под управлением ООО «УК «МЕТРОПОЛЬ»,Открытый,Сформирован,643-RUB,13586384.22,402.62,153.0,33528.87831000001
2026-04-30,0147,Открытый паевой инвестиционный фонд рыночных финансовых инструментов «Метрополь Золотое руно» под управлением ООО «УК «МЕТРОПОЛЬ»,Открытый,Сформирован,643-RUB,12935853.54,383.42,152.0,33522.09405
2026-05-29,0147,Открытый паевой инвестиционный фонд рыночных финансовых инструментов «Метрополь Золотое руно» под управлением ООО «УК «МЕТРОПОЛЬ»,Открытый,Сформирован,643-RUB,12442149.38,370.48,150.0,33367.73042
2026-06-30,0147,Открытый паевой инвестиционный фонд рыночных финансовых инструментов «Метрополь Золотое руно» под управлением ООО «УК «МЕТРОПОЛЬ»,Открытый,Сформирован,643-RUB,11127655.48,331.79,148.0,33322.5832
2026-07-31,0147,Открытый паевой инвестиционный фонд рыночных финансовых инструментов «Метрополь Золотое руно» под управлением ООО «УК «МЕТРОПОЛЬ»,Открытый,Сформирован,643-RUB,11566854.35,340.0,152.0,33804.79711
2026-01-30,0151,Открытый паевой инвестиционный фонд рыночных финансовых инструментов «АК БАРС – Акции»,Открытый,Сформирован,643-RUB,4269361.1,4447.68,65.0,959.90834
2026-02-27,0151,Открытый паевой инвестиционный фонд рыночных финансовых инструментов «АК БАРС – Акции»,Открытый,Сформирован,643-RUB,4383736.33,4564.76,130.0,1920.6876400000008
2026-03-31,0151,Открытый паевой инвестиционный фонд рыночных финансовых инструментов «АК БАРС – Акции»,Открытый,Сформирован,643-RUB,4193985.16,4367.17,65.0,960.34382
2026-04-30,0151,Открытый паевой инвестиционный фонд рыночных финансовых инструментов «АК БАРС – Акции»,Открытый,Сформирован,643-RUB,4160916.66,4330.71,65.0,960.79258
2026-05-29,0151,Открытый паевой инвестиционный фонд рыночных финансовых инструментов «АК БАРС – Акции»,Открытый,Сформирован,643-RUB,4118783.27,4283.77,65.0,961.48513
2026-06-30,0151,Открытый паевой инвестиционный фонд рыночных финансовых инструментов «АК БАРС – Акции»,Открытый,Сформирован,643-RUB,3827096.75,3978.45,65.0,961.95703
2026-07-31,0151,Открытый паевой инвестиционный фонд рыночных финансовых инструментов «АК БАРС – Акции»,Открытый,Сформирован,643-RUB,3760485.03,3903.91,66.0,963.26024
2026-01-30,0167,Открытый паевой инвестиционный фонд рыночных финансовых инструментов “Максвелл Капитал”,Открытый,Сформирован,643-RUB,373596704.05,1889.46,3210.0,197703.67299999995
2026-02-27,0167,Открытый паевой инвестиционный фонд рыночных финансовых инструментов “Максвелл Капитал”,Открытый,Сформирован,643-RUB,375724988.82,1914.04,6410.0,392553.2678799998
2026-03-31,0167,Открытый паевой инвестиционный фонд рыночных финансовых инструментов “Максвелл Капитал”,Открытый,Сформирован,643-RUB,365128705.7,1879.16,3196.0,194281.0154900001
2026-04-30,0167,Открытый паевой инвестиционный фонд рыночных финансовых инструментов “Максвелл Капитал”,Открытый,Сформирован,643-RUB,351588753.87,1860.39,3186.0,188963.5475700001
2026-05-29,0167,Открытый паевой инвестиционный фонд рыночных финансовых инструментов “Максвелл Капитал”,Открытый,Сформирован,643-RUB,346265228.76,1859.91,3184.0,185910.07967
2026-06-30,0167,Открытый паевой инвестиционный фонд рыночных финансовых инструментов “Максвелл Капитал”,Открытый,Сформирован,643-RUB,320446644.67,1755.48,3182.0,182278.01738
2026-07-31,0167,Открытый паевой инвестиционный фонд рыночных финансовых инструментов “Максвелл Капитал”,Открытый,Сформирован,643-RUB,314950665.42,1753.66,3177.0,179333.12239
2026-01-30,0174,Закрытый паевой инвестиционный фонд рыночных финансовых инструментов «Индигирка»,Закрытый,Сформирован,643-RUB,372925798.38,245.22,7.0,1520783.771535
2026-02-27,0174,Закрытый паевой инвестиционный фонд рыночных финансовых инструментов «Индигирка»,Закрытый,Сформирован,643-RUB,378576440.24,248.94,7.0,1520783.7715349998
2026-03-31,0174,Закрытый паевой инвестиционный фонд рыночных финансовых инструментов «Индигирка»,Закрытый,Сформирован,643-RUB,398869564.13,262.28,7.0,1520783.7715349998
2026-04-30,0174,Закрытый паевой инвестиционный фонд рыночных финансовых инструментов «Индигирка»,Закрытый,Сформирован,643-RUB,373871562.92,245.84,7.0,1520783.771535
2026-05-29,0174,Закрытый паевой инвестиционный фонд рыночных финансовых инструментов «Индигирка»,Закрытый,Сформирован,643-RUB,356632442.95,234.51,7.0,1520783.771535
2026-06-30,0174,Закрытый паевой инвестиционный фонд рыночных финансовых инструментов «Индигирка»,Закрытый,Сформирован,643-RUB,389774386.87,256.3,7.0,1520783.771535
2026-07-31,0174,Закрытый паевой инвестиционный фонд рыночных финансовых инструментов «Индигирка»,Закрытый,Сформирован,643-RUB,399722618.59,262.84,7.0,1520783.771535
2026-01-30,0177,Открытый паевой инвестиционный фонд рыночных финансовых инструментов «ВИМ - Индекс МосБиржи»,Открытый,Сформирован,643-RUB,2395178741.41,9312.24,7911.0,257207.639492
2026-02-27,0177,Открытый паевой инвестиционный фонд рыночных финансовых инструментов «ВИМ - Индекс МосБиржи»,Открытый,Сформирован,643-RUB,2396106689.97,9380.58,6406.0,237579.054116
2026-03-31,0177,Открытый паевой инвестиционный фонд рыночных финансовых инструментов «ВИМ - Индекс МосБиржи»,Открытый,Сформирован,643-RUB,2321074113.22,9275.94,7746.0,250017.691144
2026-04-30,0177,Открытый паевой инвестиционный фонд рыночных финансовых инструментов «ВИМ - Индекс МосБиржи»,Открытый,Сформирован,643-RUB,2196339401.51,8953.89,7629.0,245087.047222
2026-05-29,0177,Открытый паевой инвестиционный фонд рыночных финансовых инструментов «ВИМ - Индекс МосБиржи»,Открытый,Сформирован,643-RUB,2114259028.14,8695.31,7547.0,242942.037326
2026-06-30,0177,Открытый паевой инвестиционный фонд рыночных финансовых инструментов «ВИМ - Индекс МосБиржи»,Открытый,Сформирован,643-RUB,1914298225.19,7983.53,7455.0,239573.584177
2026-07-31,0177,Открытый паевой инвестиционный фонд рыночных финансовых инструментов «ВИМ - Индекс МосБиржи»,Открытый,Сформирован,643-RUB,1880124817.04,7869.76,7401.0,238697.537034
2026-01-30,0202,Открытый паевой инвестиционный фонд рыночных финансовых инструментов «ВИМ - Накопительный резерв»,Открытый,Сформирован,643-RUB,20795080394.9,3648.8,96491.0,5699156.572783
2026-02-27,0202,Открытый паевой инвестиционный фонд рыночных финансовых инструментов «ВИМ - Накопительный резерв»,Открытый,Сформирован,643-RUB,26959640093.13,3713.23,130042.0,7260419.041660001
2026-03-31,0202,Открытый паевой инвестиционный фонд рыночных финансовых инструментов «ВИМ - Накопительный резерв»,Открытый,Сформирован,643-RUB,30101549083.65,3638.56,148971.0,8272921.24861
2026-04-30,0202,Открытый паевой инвестиционный фонд рыночных финансовых инструментов «ВИМ - Накопительный резерв»,Открытый,Сформирован,643-RUB,31793302850.86,3604.87,156690.0,8819552.37892
2026-05-29,0202,Открытый паевой инвестиционный фонд рыночных финансовых инструментов «ВИМ - Накопительный резерв»,Открытый,Сформирован,643-RUB,32035070934.13,3598.53,160431.0,8902263.63291
2026-06-30,0202,Открытый паевой инвестиционный фонд рыночных финансовых инструментов «ВИМ - Накопительный резерв»,Открытый,Сформирован,643-RUB,29533438664.93,3405.58,157666.0,8672075.15466
2026-07-31,0202,Открытый паевой инвестиционный фонд рыночных финансовых инструментов «ВИМ - Накопительный резерв»,Открытый,Сформирован,643-RUB,27605073441.25,3415.92,150653.0,8081293.44901
2026-01-30,0211,Открытый паевой инвестиционный фонд рыночных финансовых инструментов «А-Капитал Валютные облигации»,Открытый,Сформирован,643-RUB,935193763.99,154.7,236.0,6045184.0702410005
2026-02-27,0211,Открытый паевой инвестиционный фонд рыночных финансовых инструментов «А-Капитал Валютные облигации»,Открытый,Сформирован,643-RUB,933043666.6,155.3,239.0,6007945.079894
2026-03-31,0211,Открытый паевой инвестиционный фонд рыночных финансовых инструментов «А-Капитал Валютные облигации»,Открытый,Сформирован,643-RUB,989902848.29,161.81,242.0,6117510.84584
2026-04-30,0211,Открытый паевой инвестиционный фонд рыночных финансовых инструментов «А-Капитал Валютные облигации»,Открытый,Сформирован,643-RUB,915150845.48,153.27,243.0,5970771.204042
2026-05-29,0211,Открытый паевой инвестиционный фонд рыночных финансовых инструментов «А-Капитал Валютные облигации»,Открытый,Сформирован,643-RUB,878407163.01,147.36,241.0,5960761.19644
2026-06-30,0211,Открытый паевой инвестиционный фонд рыночных финансовых инструментов «А-Капитал Валютные облигации»,Открытый,Сформирован,643-RUB,964408079.83,160.58,241.0,6005640.612713001
2026-07-31,0211,Открытый паевой инвестиционный фонд рыночных финансовых инструментов «А-Капитал Валютные облигации»,Открытый,Сформирован,643-RUB,946506303.55,160.03,239.0,5914478.932008
2026-01-30,0219,Открытый паевой инвестиционный фонд рыночных финансовых инструментов «ТКБ Инвестмент Партнерс – Перспектива»,Открытый,Сформирован,643-RUB,44550866.88,370.48,1084.0,119758.28993800005
2026-02-27,0219,Открытый паевой инвестиционный фонд рыночных финансовых инструментов «ТКБ Инвестмент Партнерс – Перспектива»,Открытый,Сформирован,643-RUB,45428248.28,377.87,1082.0,119728.06354500004
2026-03-31,0219,Открытый паевой инвестиционный фонд рыночных финансовых инструментов «ТКБ Инвестмент Партнерс – Перспектива»,Открытый,Сформирован,643-RUB,42811730.01,361.27,1079.0,118010.42761099996
2026-04-30,0219,Открытый паевой инвестиционный фонд рыночных финансовых инструментов «ТКБ Инвестмент Партнерс – Перспектива»,Открытый,Сформирован,643-RUB,41414626.05,352.41,1078.0,117025.053968
2026-05-29,0219,Открытый паевой инвестиционный фонд рыночных финансовых инструментов «ТКБ Инвестмент Партнерс – Перспектива»,Открытый,Сформирован,643-RUB,41413281.79,351.93,1078.0,117180.06791500002
2026-06-30,0219,Открытый паевой инвестиционный фонд рыночных финансовых инструментов «ТКБ Инвестмент Партнерс – Перспектива»,Открытый,Сформирован,643-RUB,38731651.66,331.42,1075.0,116371.800757
2026-07-31,0219,Открытый паевой инвестиционный фонд рыночных финансовых инструментов «ТКБ Инвестмент Партнерс – Перспектива»,Открытый,Сформирован,643-RUB,38936595.48,333.55,1076.0,116240.859578
2026-01-30,0221,Закрытый паевой инвестиционный фонд недвижимости «Строительные инвестиции»,Закрытый,Сформирован,643-RUB,1650676695.89,51583.65,15.0,32000.0
2026-02-27,0221,Закрытый паевой инвестиционный фонд недвижимости «Строительные инвестиции»,Закрытый,Окончен срок ДУ,643-RUB,1646231026.27,51444.72,15.0,32000.0
2026-03-31,0221,Закрытый паевой инвестиционный фонд недвижимости «Строительные инвестиции»,Закрытый,В стадии прекращения,643-RUB,1647070505.43,51470.95,15.0,32000.0
2026-04-30,0221,Закрытый паевой инвестиционный фонд недвижимости «Строительные инвестиции»,Закрытый,В стадии прекращения,643-RUB,1646337007.1,51448.03,15.0,32000.0
2026-05-29,0221,Закрытый паевой инвестиционный фонд недвижимости «Строительные инвестиции»,Закрытый,В стадии прекращения,643-RUB,1645703813.37,51428.24,15.0,32000.0
2026-06-30,0221,Закрытый паевой инвестиционный фонд недвижимости «Строительные инвестиции»,Закрытый,В стадии прекращения,643-RUB,1647275290.87,51477.35,15.0,32000.0
2026-07-31,0221,Закрытый паевой инвестиционный фонд недвижимости «Строительные инвестиции»,Закрытый,В стадии прекращения,643-RUB,1650184497.96,51568.27,15.0,32000.0
2026-01-30,0238,Открытый паевой инвестиционный фонд рыночных финансовых инструментов «ДОХОДЪ. Дивидендные акции. Россия»,Открытый,Сформирован,643-RUB,33435237.35,3356.48,852.0,9961.400039999997
2026-02-27,0238,Открытый паевой инвестиционный фонд рыночных финансовых инструментов «ДОХОДЪ. Дивидендные акции. Россия»,Открытый,Сформирован,643-RUB,33657098.05,3353.15,847.0,10037.461129999994
2026-03-31,0238,Открытый паевой инвестиционный фонд рыночных финансовых инструментов «ДОХОДЪ. Дивидендные акции. Россия»,Открытый,Сформирован,643-RUB,34865857.69,3390.8,857.0,10282.501870000004
2026-04-30,0238,Открытый паевой инвестиционный фонд рыночных финансовых инструментов «ДОХОДЪ. Дивидендные акции. Россия»,Открытый,Сформирован,643-RUB,33199747.06,3265.74,853.0,10166.057
2026-05-29,0238,Открытый паевой инвестиционный фонд рыночных финансовых инструментов «ДОХОДЪ. Дивидендные акции. Россия»,Открытый,Сформирован,643-RUB,32140049.18,3211.67,849.0,10007.280239999998
2026-06-30,0238,Открытый паевой инвестиционный фонд рыночных финансовых инструментов «ДОХОДЪ. Дивидендные акции. Россия»,Открытый,Сформирован,643-RUB,29688005.05,2930.17,848.0,10131.833919999995
2026-07-31,0238,Открытый паевой инвестиционный фонд рыночных финансовых инструментов «ДОХОДЪ. Дивидендные акции. Россия»,Открытый,Сформирован,643-RUB,31089880.54,3009.12,853.0,10331.89631
2026-01-30,0239,"Закрытый паевой инвестиционный фонд рыночных финансовых инструментов ""ДОХОДЪ. Глобальные инновации""",Закрытый,Сформирован,643-RUB,1249199.61,338.38,107.0,3691.70663
2026-02-27,0239,"Закрытый паевой инвестиционный фонд рыночных финансовых инструментов ""ДОХОДЪ. Глобальные инновации""",Закрытый,Сформирован,643-RUB,1248521.05,338.2,107.0,3691.70663
2026-03-31,0239,"Закрытый паевой инвестиционный фонд рыночных финансовых инструментов ""ДОХОДЪ. Глобальные инновации""",Закрытый,Сформирован,643-RUB,1248080.18,338.08,107.0,3691.70663
2026-04-30,0239,"Закрытый паевой инвестиционный фонд рыночных финансовых инструментов ""ДОХОДЪ. Глобальные инновации""",Закрытый,Сформирован,643-RUB,1246928.21,337.76,107.0,3691.70663
2026-05-29,0239,"Закрытый паевой инвестиционный фонд рыночных финансовых инструментов ""ДОХОДЪ. Глобальные инновации""",Закрытый,Сформирован,643-RUB,1245708.07,337.43,107.0,3691.7066300000006
2026-06-30,0239,"Закрытый паевой инвестиционный фонд рыночных финансовых инструментов ""ДОХОДЪ. Глобальные инновации""",Закрытый,Сформирован,643-RUB,1245679.21,337.43,107.0,3691.70663
2026-07-31,0239,"Закрытый паевой инвестиционный фонд рыночных финансовых инструментов ""ДОХОДЪ. Глобальные инновации""",Закрытый,Сформирован,643-RUB,1244980.26,337.24,107.0,3691.70663
2026-01-30,0240,"Закрытый паевой инвестиционный фонд рыночных финансовых инструментов ""ДОХОДЪ. Акции. Мировой рынок""",Закрытый,Сформирован,643-RUB,372603.18,167.24,42.0,2227.92285
2026-02-27,0240,"Закрытый паевой инвестиционный фонд рыночных финансовых инструментов ""ДОХОДЪ. Акции. Мировой рынок""",Закрытый,Сформирован,643-RUB,372244.28,167.08,42.0,2227.9228500000004
2026-03-31,0240,"Закрытый паевой инвестиционный фонд рыночных финансовых инструментов ""ДОХОДЪ. Акции. Мировой рынок""",Закрытый,Сформирован,643-RUB,372275.81,167.1,42.0,2227.92285
2026-04-30,0240,"Закрытый паевой инвестиционный фонд рыночных финансовых инструментов ""ДОХОДЪ. Акции. Мировой рынок""",Закрытый,Сформирован,643-RUB,370905.92,166.48,42.0,2227.92285
2026-05-29,0240,"Закрытый паевой инвестиционный фонд рыночных финансовых инструментов ""ДОХОДЪ. Акции. Мировой рынок""",Закрытый,Сформирован,643-RUB,369904.97,166.03,42.0,2227.92285
2026-06-30,0240,"Закрытый паевой инвестиционный фонд рыночных финансовых инструментов ""ДОХОДЪ. Акции. Мировой рынок""",Закрытый,Сформирован,643-RUB,370198.64,166.16,42.0,2227.9228500000004
2026-07-31,0240,"Закрытый паевой инвестиционный фонд рыночных финансовых инструментов ""ДОХОДЪ. Акции. Мировой рынок""",Закрытый,Сформирован,643-RUB,369923.32,166.04,42.0,2227.92285
2026-01-30,0241,Открытый паевой инвестиционный фонд рыночных финансовых инструментов «Райффайзен – Акции»,Открытый,Сформирован,643-RUB,13734795891.94,56061.27,13396.0,244996.1561
2026-02-27,0241,Открытый паевой инвестиционный фонд рыночных финансовых инструментов «Райффайзен – Акции»,Открытый,Сформирован,643-RUB,13589184943.57,55988.73,13364.0,242712.86026000013
2026-03-31,0241,Открытый паевой инвестиционный фонд рыночных финансовых инструментов «Райффайзен – Акции»,Открытый,Сформирован,643-RUB,12774311801.03,53604.93,13113.0,238304.81343999997
2026-04-30,0241,Открытый паевой инвестиционный фонд рыночных финансовых инструментов «Райффайзен – Акции»,Открытый,Сформирован,643-RUB,11968620927.88,51541.69,12886.0,232212.44358
2026-05-29,0241,Открытый паевой инвестиционный фонд рыночных финансовых инструментов «Райффайзен – Акции»,Открытый,Сформирован,643-RUB,11778228077.28,51344.76,12709.0,229394.94902000003
2026-06-30,0241,Открытый паевой инвестиционный фонд рыночных финансовых инструментов «Райффайзен – Акции»,Открытый,Сформирован,643-RUB,10354724188.59,46354.04,12449.0,223383.42782999997
2026-07-31,0241,Открытый паевой инвестиционный фонд рыночных финансовых инструментов «Райффайзен – Акции»,Открытый,Сформирован,643-RUB,10054226520.22,45740.24,12292.0,219811.38415
2026-01-30,0242,Открытый паевой инвестиционный фонд рыночных финансовых инструментов «Райффайзен – Облигации»,Открытый,Сформирован,643-RUB,11296413116.63,35989.44,8883.0,313881.30149
2026-02-27,0242,Открытый паевой инвестиционный фонд рыночных финансовых инструментов «Райффайзен – Облигации»,Открытый,Сформирован,643-RUB,12094645700.5,36637.59,9071.0,330115.7427700001
2026-03-31,0242,Открытый паевой инвестиционный фонд рыночных финансовых инструментов «Райффайзен – Облигации»,Открытый,Сформирован,643-RUB,12817225413.07,37142.41,9296.0,345083.34132
2026-04-30,0242,Открытый паевой инвестиционный фонд рыночных финансовых инструментов «Райффайзен – Облигации»,Открытый,Сформирован,643-RUB,13588287645.6,37545.58,9457.0,361914.43812
2026-05-29,0242,Открытый паевой инвестиционный фонд рыночных финансовых инструментов «Райффайзен – Облигации»,Открытый,Сформирован,643-RUB,14024912153.75,37521.4,9531.0,373784.3621099998
2026-06-30,0242,Открытый паевой инвестиционный фонд рыночных финансовых инструментов «Райффайзен – Облигации»,Открытый,Сформирован,643-RUB,13720751991.05,36262.55,9502.0,378372.54401000007
2026-07-31,0242,Открытый паевой инвестиционный фонд рыночных финансовых инструментов «Райффайзен – Облигации»,Открытый,Сформирован,643-RUB,13635080746.87,37001.77,9329.0,368498.04119
2026-01-30,0243,Открытый паевой инвестиционный фонд рыночных финансовых инструментов «Райффайзен - Компании роста»,Открытый,Сформирован,643-RUB,12151086222.18,39700.51,12820.0,306068.79743999994
2026-02-27,0243,Открытый паевой инвестиционный фонд рыночных финансовых инструментов «Райффайзен - Компании роста»,Открытый,Сформирован,643-RUB,12030661082.75,39915.96,12649.0,301399.7553699999
2026-03-31,0243,Открытый паевой инвестиционный фонд рыночных финансовых инструментов «Райффайзен - Компании роста»,Открытый,Сформирован,643-RUB,11073718850.43,37360.27,12424.0,296403.58668000007
2026-04-30,0243,Открытый паевой инвестиционный фонд рыночных финансовых инструментов «Райффайзен - Компании роста»,Открытый,Сформирован,643-RUB,10492942274.53,35996.69,12215.0,291497.4366700001
2026-05-29,0243,Открытый паевой инвестиционный фонд рыночных финансовых инструментов «Райффайзен - Компании роста»,Открытый,Сформирован,643-RUB,10274277175.65,35857.16,12049.0,286533.52362000005
2026-06-30,0243,Открытый паевой инвестиционный фонд рыночных финансовых инструментов «Райффайзен - Компании роста»,Открытый,Сформирован,643-RUB,8979980255.75,32482.33,11841.0,276457.40683999984
2026-07-31,0243,Открытый паевой инвестиционный фонд рыночных финансовых инструментов «Райффайзен - Компании роста»,Открытый,Сформирован,643-RUB,8903866025.25,32716.34,11635.0,272153.47819
2026-01-30,0252,"Закрытый паевой инвестиционный фонд недвижимости ""Коммерческая недвижимость""",Закрытый,В стадии прекращения,643-RUB,0.0,0.0,563.0,255185.02417669987
2026-02-27,0252,"Закрытый паевой инвестиционный фонд недвижимости ""Коммерческая недвижимость""",Закрытый,В стадии прекращения,643-RUB,,0.0,,
2026-01-30,0254,Открытый паевой инвестиционный фонд рыночных финансовых инструментов «МКБ Облигации»,Открытый,Сформирован,643-RUB,985392949.43,9042.98,2441.0,108967.71902999996
2026-02-27,0254,Открытый паевой инвестиционный фонд рыночных финансовых инструментов «МКБ Облигации»,Открытый,Сформирован,643-RUB,980217666.33,9188.66,2401.0,106676.83142999987
2026-03-31,0254,Открытый паевой инвестиционный фонд рыночных финансовых инструментов «МКБ Облигации»,Открытый,Сформирован,643-RUB,978114571.84,9351.92,2368.0,104589.68167
2026-04-30,0254,Открытый паевой инвестиционный фонд рыночных финансовых инструментов «МКБ Облигации»,Открытый,Сформирован,643-RUB,983587799.29,9518.22,2337.0,103337.36703
2026-05-29,0254,Открытый паевой инвестиционный фонд рыночных финансовых инструментов «МКБ Облигации»,Открытый,Сформирован,643-RUB,989108986.87,9601.64,2311.0,103014.59667999996
2026-06-30,0254,Открытый паевой инвестиционный фонд рыночных финансовых инструментов «МКБ Облигации»,Открытый,Сформирован,643-RUB,943846968.58,9546.95,2271.0,98863.71316999996
2026-07-31,0254,Открытый паевой инвестиционный фонд рыночных финансовых инструментов «МКБ Облигации»,Открытый,Сформирован,643-RUB,1044307228.94,9689.29,2198.0,107779.51248
2026-01-30,0255,Открытый паевой инвестиционный фонд рыночных финансовых инструментов «МКБ Сбалансированный»,Открытый,Сформирован,643-RUB,971986454.9,7114.06,2184.0,136628.86761
2026-02-27,0255,Открытый паевой инвестиционный фонд рыночных финансовых инструментов «МКБ Сбалансированный»,Открытый,Сформирован,643-RUB,951730080.87,7252.7,2131.0,131224.19220000002
2026-03-31,0255,Открытый паевой инвестиционный фонд рыночных финансовых инструментов «МКБ Сбалансированный»,Открытый,Сформирован,643-RUB,921935705.79,7189.62,2090.0,128231.56626
2026-04-30,0255,Открытый паевой инвестиционный фонд рыночных финансовых инструментов «МКБ Сбалансированный»,Открытый,Сформирован,643-RUB,905722104.93,7178.69,2059.0,126168.09030000004
2026-05-29,0255,Открытый паевой инвестиционный фонд рыночных финансовых инструментов «МКБ Сбалансированный»,Открытый,Сформирован,643-RUB,894085045.09,7212.14,2028.0,123969.43977
2026-06-30,0255,Открытый паевой инвестиционный фонд рыночных финансовых инструментов «МКБ Сбалансированный»,Открытый,Сформирован,643-RUB,842185073.08,6954.58,1994.0,121097.92672000005
2026-07-31,0255,Открытый паевой инвестиционный фонд рыночных финансовых инструментов «МКБ Сбалансированный»,Открытый,Сформирован,643-RUB,821204446.99,6984.62,1958.0,117573.20822
2026-01-30,0257,Открытый паевой инвестиционный фонд рыночных финансовых инструментов «ПРОМСВЯЗЬ – Перспективные вложения»,Открытый,Сформирован,643-RUB,3393286474.48,9372.14,23429.0,362061.1110400001
2026-02-27,0257,Открытый паевой инвестиционный фонд рыночных финансовых инструментов «ПРОМСВЯЗЬ – Перспективные вложения»,Открытый,Сформирован,643-RUB,3342134203.5,9455.35,23090.0,353464.8644100001
2026-03-31,0257,Открытый паевой инвестиционный фонд рыночных финансовых инструментов «ПРОМСВЯЗЬ – Перспективные вложения»,Открытый,Сформирован,643-RUB,3133705809.35,9165.04,22703.0,341919.5891299998
2026-04-30,0257,Открытый паевой инвестиционный фонд рыночных финансовых инструментов «ПРОМСВЯЗЬ – Перспективные вложения»,Открытый,Сформирован,643-RUB,2927480780.44,8829.0,22332.0,331575.70677000005
2026-05-29,0257,Открытый паевой инвестиционный фонд рыночных финансовых инструментов «Перспективные вложения»,Открытый,Сформирован,643-RUB,2804562398.35,8665.19,22036.0,323658.48134
2026-06-30,0257,Открытый паевой инвестиционный фонд рыночных финансовых инструментов «Перспективные вложения»,Открытый,Сформирован,643-RUB,2531210517.36,7988.89,21755.0,316841.30039000005
2026-07-31,0257,Открытый паевой инвестиционный фонд рыночных финансовых инструментов «Перспективные вложения»,Открытый,Сформирован,643-RUB,2456521203.65,7882.34,21486.0,311648.53417
2026-01-30,0258,"Открытый паевой инвестиционный фонд рыночных финансовых инструментов ""Финансовая подушка""",Открытый,Сформирован,643-RUB,4915011490.11,7651.72,18359.0,642341.0746399999
2026-02-27,0258,"Открытый паевой инвестиционный фонд рыночных финансовых инструментов ""Финансовая подушка""",Открытый,Сформирован,643-RUB,5275786337.24,7750.2,18842.0,680729.0623799996
2026-03-31,0258,"Открытый паевой инвестиционный фонд рыночных финансовых инструментов ""Финансовая подушка""",Открытый,Сформирован,643-RUB,5729223641.81,7859.53,19319.0,728952.9126499998
2026-04-30,0258,"Открытый паевой инвестиционный фонд рыночных финансовых инструментов ""Финансовая подушка""",Открытый,Сформирован,643-RUB,6574002430.27,7964.41,20029.0,825422.25549
2026-05-29,0258,"Открытый паевой инвестиционный фонд рыночных финансовых инструментов ""Финансовая подушка""",Открытый,Сформирован,643-RUB,7308140557.6,8048.56,20665.0,908006.0536699996
2026-06-30,0258,"Открытый паевой инвестиционный фонд рыночных финансовых инструментов ""Финансовая подушка""",Открытый,Сформирован,643-RUB,7961784244.37,8127.64,22062.0,979593.0646500002
2026-07-31,0258,"Открытый паевой инвестиционный фонд рыночных финансовых инструментов ""Финансовая подушка""",Открытый,Сформирован,643-RUB,8347103982.06,8219.4,23456.0,1015537.23005
2026-01-30,0259,Открытый паевой инвестиционный фонд рыночных финансовых инструментов «Мировой баланс»,Открытый,Сформирован,643-RUB,97891254.14,6893.17,3735.0,14201.205029999994
2026-02-27,0259,Открытый паевой инвестиционный фонд рыночных финансовых инструментов «Мировой баланс»,Открытый,Сформирован,643-RUB,103543686.03,6970.11,4265.0,14855.3872
2026-03-31,0259,Открытый паевой инвестиционный фонд рыночных финансовых инструментов «Мировой баланс»,Открытый,Сформирован,643-RUB,119835063.31,7158.96,4429.0,16739.16728
2026-04-30,0259,Открытый паевой инвестиционный фонд рыночных финансовых инструментов «Мировой баланс»,Открытый,Сформирован,643-RUB,125095219.82,6968.5,4570.0,17951.518279999997
2026-05-29,0259,Открытый паевой инвестиционный фонд рыночных финансовых инструментов «Мировой баланс»,Открытый,Сформирован,643-RUB,127727953.63,6765.21,4706.0,18880.116089999992
2026-06-30,0259,Открытый паевой инвестиционный фонд рыночных финансовых инструментов «Мировой баланс»,Открытый,Сформирован,643-RUB,139556729.44,7179.6,4722.0,19437.96487
2026-07-31,0259,Открытый паевой инвестиционный фонд рыночных финансовых инструментов «Мировой баланс»,Открытый,Сформирован,643-RUB,141123488.65,7238.92,4644.0,19495.09238
2026-01-30,0278,Открытый паевой инвестиционный фонд рыночных финансовых инструментов «БКС Российские Акции»,Открытый,Сформирован,643-RUB,4069383597.14,5.05,41280.0,805192439.33094
2026-02-27,0278,Открытый паевой инвестиционный фонд рыночных финансовых инструментов «БКС Российские Акции»,Открытый,Сформирован,643-RUB,3979050368.43,5.17,41139.0,768939245.07759
2026-03-31,0278,Открытый паевой инвестиционный фонд рыночных финансовых инструментов «БКС Российские Акции»,Открытый,Сформирован,643-RUB,3654015397.31,4.99,41161.0,731840892.6442901
2026-04-30,0278,Открытый паевой инвестиционный фонд рыночных финансовых инструментов «БКС Российские Акции»,Открытый,Сформирован,643-RUB,3509508935.78,4.85,40607.0,723753237.8346404
2026-05-29,0278,Открытый паевой инвестиционный фонд рыночных финансовых инструментов «БКС Российские Акции»,Открытый,Сформирован,643-RUB,3376589348.6,4.78,40231.0,706262457.6500702
2026-06-30,0278,Открытый паевой инвестиционный фонд рыночных финансовых инструментов «БКС Российские Акции»,Открытый,Сформирован,643-RUB,3080424141.02,4.44,40362.0,693009473.3749396
2026-07-31,0278,Открытый паевой инвестиционный фонд рыночных финансовых инструментов «БКС Российские Акции»,Открытый,Сформирован,643-RUB,3035747270.06,4.39,39947.0,691904898.14655
2026-01-30,0288,Открытый паевой инвестиционный фонд рыночных финансовых инструментов «Премиум»,Открытый,Сформирован,643-RUB,210417097.25,4332.7,984.0,48564.87362
2026-02-27,0288,Открытый паевой инвестиционный фонд рыночных финансовых инструментов «Премиум»,Открытый,Сформирован,643-RUB,209520388.36,4321.7,983.0,48480.99633
2026-03-31,0288,Открытый паевой инвестиционный фонд рыночных финансовых инструментов «Премиум»,Открытый,Сформирован,643-RUB,200682786.85,4139.41,983.0,48480.99633
2026-04-30,0288,Открытый паевой инвестиционный фонд рыночных финансовых инструментов «Премиум»,Открытый,Сформирован,643-RUB,188090951.53,3884.38,982.0,48422.34147
2026-05-29,0288,Открытый паевой инвестиционный фонд рыночных финансовых инструментов «Премиум»,Открытый,Сформирован,643-RUB,176961961.46,3657.29,981.0,48386.13835
2026-06-30,0288,Открытый паевой инвестиционный фонд рыночных финансовых инструментов «Премиум»,Открытый,Сформирован,643-RUB,158133104.31,3268.15,981.0,48386.13835
2026-07-31,0288,Открытый паевой инвестиционный фонд рыночных финансовых инструментов «Премиум»,Открытый,Сформирован,643-RUB,153641058.42,3175.31,981.0,48386.13835
2026-01-30,0295,Открытый паевой инвестиционный фонд рыночных финансовых инструментов «АК БАРС – Цифровые лидеры»,Открытый,Сформирован,643-RUB,14748589.28,6299.84,110.0,2341.10698
2026-02-27,0295,Открытый паевой инвестиционный фонд рыночных финансовых инструментов «АК БАРС – Цифровые лидеры»,Открытый,Сформирован,643-RUB,15368126.49,6564.47,220.0,4682.213960000001
2026-03-31,0295,Открытый паевой инвестиционный фонд рыночных финансовых инструментов «АК БАРС – Цифровые лидеры»,Открытый,Сформирован,643-RUB,14484068.79,6186.85,110.0,2341.10698
2026-04-30,0295,Открытый паевой инвестиционный фонд рыночных финансовых инструментов «АК БАРС – Цифровые лидеры»,Открытый,Сформирован,643-RUB,14236820.2,6081.23,110.0,2341.10698
2026-05-29,0295,Открытый паевой инвестиционный фонд рыночных финансовых инструментов «АК БАРС – Цифровые лидеры»,Открытый,Сформирован,643-RUB,14097340.83,6021.66,110.0,2341.10698
2026-06-30,0295,Открытый паевой инвестиционный фонд рыночных финансовых инструментов «АК БАРС – Цифровые лидеры»,Открытый,Сформирован,643-RUB,12758797.21,5449.9,110.0,2341.10698
2026-07-31,0295,"Открытый паевой инвестиционный фонд рыночных финансовых инструментов ""АК БАРС – Цифровые лидеры""",Открытый,Сформирован,643-RUB,13103632.08,5597.19,110.0,2341.10698
2026-01-30,0296,"Открытый паевой инвестиционный фонд рыночных финансовых инструментов ""Лидер - облигации""",Открытый,Сформирован,643-RUB,658742407.13,25514.84,3.0,25818.01266
2026-02-27,0296,"Открытый паевой инвестиционный фонд рыночных финансовых инструментов ""Лидер - облигации""",Открытый,Сформирован,643-RUB,668642869.46,25898.31,3.0,25818.01266
2026-03-31,0296,"Открытый паевой инвестиционный фонд рыночных финансовых инструментов ""Лидер - облигации""",Открытый,Сформирован,643-RUB,680360914.16,26352.18,3.0,25818.01266
2026-04-30,0296,"Открытый паевой инвестиционный фонд рыночных финансовых инструментов ""Лидер - облигации""",Открытый,Сформирован,643-RUB,690305541.2,26737.36,3.0,25818.01266
2026-05-29,0296,"Открытый паевой инвестиционный фонд рыночных финансовых инструментов ""Лидер - облигации""",Открытый,Сформирован,643-RUB,696315229.4,26970.13,3.0,25818.01266
2026-06-30,0296,"Открытый паевой инвестиционный фонд рыночных финансовых инструментов ""Лидер - облигации""",Открытый,Сформирован,643-RUB,692339926.64,26816.16,3.0,25818.01266
2026-07-31,0296,"Открытый паевой инвестиционный фонд рыночных финансовых инструментов ""Лидер - облигации""",Открытый,Сформирован,643-RUB,700981457.01,27150.87,3.0,25818.01266
2026-01-30,0297,"Открытый паевой инвестиционный фонд рыночных финансовых инструментов ""Лидер - акции""",Открытый,Сформирован,643-RUB,30514079.07,38725.38,91.0,787.96065
2026-02-27,0297,"Открытый паевой инвестиционный фонд рыночных финансовых инструментов ""Лидер - акции""",Открытый,Сформирован,643-RUB,30401777.26,38582.86,91.0,787.96065
2026-03-31,0297,"Открытый паевой инвестиционный фонд рыночных финансовых инструментов ""Лидер - акции""",Открытый,Сформирован,643-RUB,29314086.77,37202.48,92.0,787.96065
2026-04-30,0297,"Открытый паевой инвестиционный фонд рыночных финансовых инструментов ""Лидер - акции""",Открытый,Сформирован,643-RUB,27614277.64,35045.25,92.0,787.9606500000001
2026-05-29,0297,"Открытый паевой инвестиционный фонд рыночных финансовых инструментов ""Лидер - акции""",Открытый,Сформирован,643-RUB,27014405.13,34283.95,92.0,787.96065
2026-06-30,0297,"Открытый паевой инвестиционный фонд рыночных финансовых инструментов ""Лидер - акции""",Открытый,Сформирован,643-RUB,24620798.47,31246.23,92.0,787.9606499999999
2026-07-31,0297,"Открытый паевой инвестиционный фонд рыночных финансовых инструментов ""Лидер - акции""",Открытый,Сформирован,643-RUB,24235976.91,30757.85,92.0,787.96065
2026-01-30,0298,"Открытый паевой инвестиционный фонд рыночных финансовых инструментов ""Лидер - смешанные инвестиции""",Открытый,Сформирован,643-RUB,42544424.77,32275.61,12.0,1318.1601099999998
2026-02-27,0298,"Открытый паевой инвестиционный фонд рыночных финансовых инструментов ""Лидер - смешанные инвестиции""",Открытый,Сформирован,643-RUB,42708380.44,32399.99,12.0,1318.1601099999998
2026-03-31,0298,"Открытый паевой инвестиционный фонд рыночных финансовых инструментов ""Лидер - смешанные инвестиции""",Открытый,Сформирован,643-RUB,42315344.76,32101.82,12.0,1318.1601099999998
2026-04-30,0298,"Открытый паевой инвестиционный фонд рыночных финансовых инструментов ""Лидер - смешанные инвестиции""",Открытый,Сформирован,643-RUB,41528402.44,31504.82,12.0,1318.16011
2026-05-29,0298,"Открытый паевой инвестиционный фонд рыночных финансовых инструментов ""Лидер - смешанные инвестиции""",Открытый,Сформирован,643-RUB,41237686.6,31284.28,12.0,1318.16011
2026-06-30,0298,"Открытый паевой инвестиционный фонд рыночных финансовых инструментов ""Лидер - смешанные инвестиции""",Открытый,Сформирован,643-RUB,39617428.1,30055.1,12.0,1318.1601099999998
2026-07-31,0298,"Открытый паевой инвестиционный фонд рыночных финансовых инструментов ""Лидер - смешанные инвестиции""",Открытый,Сформирован,643-RUB,39395368.01,29886.63,12.0,1318.16011
2026-01-30,0311,Открытый паевой инвестиционный Фонд рыночных финансовых инструментов «АК БАРС - Консервативный с выплатой дохода»,Открытый,Сформирован,643-RUB,24882174.42,883.92,157.0,28149.729680000004
2026-02-27,0311,Открытый паевой инвестиционный Фонд рыночных финансовых инструментов «АК БАРС - Консервативный с выплатой дохода»,Открытый,Сформирован,643-RUB,23906151.29,851.37,312.0,56159.049359999975
2026-03-31,0311,Открытый паевой инвестиционный Фонд рыночных финансовых инструментов «АК БАРС - Консервативный с выплатой дохода»,Открытый,Сформирован,643-RUB,24317850.5,868.09,155.0,28012.94165
2026-04-30,0311,Открытый паевой инвестиционный Фонд рыночных финансовых инструментов «АК БАРС - Консервативный с выплатой дохода»,Открытый,Сформирован,643-RUB,24547113.05,879.33,154.0,27915.55733
2026-05-29,0311,Открытый паевой инвестиционный Фонд рыночных финансовых инструментов «АК БАРС - Консервативный с выплатой дохода»,Открытый,Сформирован,643-RUB,23824061.97,853.43,154.0,27915.557329999992
2026-06-30,0311,Открытый паевой инвестиционный Фонд рыночных финансовых инструментов «АК БАРС - Консервативный с выплатой дохода»,Открытый,Сформирован,643-RUB,23575158.95,844.57,154.0,27913.94214
2026-07-31,0311,Открытый паевой инвестиционный Фонд рыночных финансовых инструментов «АК БАРС - Консервативный с выплатой дохода»,Открытый,Сформирован,643-RUB,22899723.83,863.53,154.0,26518.80853
2026-01-30,0326,Интервальный паевой инвестиционный фонд рыночных финансовых инструментов «Аз-Капитал»,Интервальный,Сформирован,643-RUB,31005122.06,4.6,,
2026-02-27,0326,Интервальный паевой инвестиционный фонд рыночных финансовых инструментов «Аз-Капитал»,Интервальный,Сформирован,643-RUB,31111247.0,4.62,,
2026-03-31,0326,Интервальный паевой инвестиционный фонд рыночных финансовых инструментов «Аз-Капитал»,Интервальный,Сформирован,643-RUB,31186855.7,4.63,4302.0,6738652.7949
2026-04-30,0326,Интервальный паевой инвестиционный фонд рыночных финансовых инструментов «Аз-Капитал»,Интервальный,Сформирован,643-RUB,29546433.37,4.39,4280.0,6735217.7949
2026-05-29,0326,Интервальный паевой инвестиционный фонд рыночных финансовых инструментов «Аз-Капитал»,Интервальный,Сформирован,643-RUB,28719813.99,4.26,4280.0,6735217.7949
2026-06-30,0326,Интервальный паевой инвестиционный фонд рыночных финансовых инструментов «Аз-Капитал»,Интервальный,Сформирован,643-RUB,26291647.06,3.9,4280.0,6735217.7949
2026-07-31,0326,Интервальный паевой инвестиционный фонд рыночных финансовых инструментов «Аз-Капитал»,Интервальный,Сформирован,643-RUB,26019110.92,3.86,4280.0,6735217.7949
2026-01-30,0335,Открытый паевой инвестиционный фонд рыночных финансовых инструментов «ПРОМСВЯЗЬ-Облигации»,Открытый,Сформирован,643-RUB,14485727112.28,6530.67,32501.0,2218107.482440001
2026-02-27,0335,Открытый паевой инвестиционный фонд рыночных финансовых инструментов «ПРОМСВЯЗЬ-Облигации»,Открытый,Сформирован,643-RUB,15202517548.08,6660.62,32999.0,2282448.1480000005
2026-03-31,0335,Открытый паевой инвестиционный фонд рыночных финансовых инструментов «ПРОМСВЯЗЬ-Облигации»,Открытый,Сформирован,643-RUB,16451163506.11,6766.07,33545.0,2431420.125970001
2026-04-30,0335,Открытый паевой инвестиционный фонд рыночных финансовых инструментов «ПРОМСВЯЗЬ-Облигации»,Открытый,Сформирован,643-RUB,17924216611.55,6847.1,34248.0,2617782.0881700004
2026-05-29,0335,Открытый паевой инвестиционный фонд рыночных финансовых инструментов «Просто. Облигации»,Открытый,Сформирован,643-RUB,19169823706.47,6904.41,35123.0,2776461.22413
2026-06-30,0335,Открытый паевой инвестиционный фонд рыночных финансовых инструментов «Просто. Облигации»,Открытый,Сформирован,643-RUB,20321994360.28,6886.06,35933.0,2951177.83683
2026-07-31,0335,Открытый паевой инвестиционный фонд рыночных финансовых инструментов «Просто. Облигации»,Открытый,Сформирован,643-RUB,20805136392.09,6976.71,35871.0,2982083.96526
2026-01-30,0336,Открытый паевой инвестиционный фонд рыночных финансовых инструментов «ПРОМСВЯЗЬ - Акции»,Открытый,Сформирован,643-RUB,2757525997.36,11592.59,12065.0,237869.73141
2026-02-27,0336,Открытый паевой инвестиционный фонд рыночных финансовых инструментов «ПРОМСВЯЗЬ - Акции»,Открытый,Сформирован,643-RUB,2727802006.66,11649.29,11932.0,234160.32485
2026-03-31,0336,Открытый паевой инвестиционный фонд рыночных финансовых инструментов «ПРОМСВЯЗЬ - Акции»,Открытый,Сформирован,643-RUB,2578975036.15,11295.17,11751.0,228325.47144
2026-04-30,0336,Открытый паевой инвестиционный фонд рыночных финансовых инструментов «ПРОМСВЯЗЬ - Акции»,Открытый,Сформирован,643-RUB,2404058902.5,10848.76,11591.0,221597.59671
2026-05-29,0336,Открытый паевой инвестиционный фонд рыночных финансовых инструментов «Просто. Акции»,Открытый,Сформирован,643-RUB,2301030121.28,10679.17,11459.0,215468.98423
2026-06-30,0336,Открытый паевой инвестиционный фонд рыночных финансовых инструментов «Просто. Акции»,Открытый,Сформирован,643-RUB,2064755361.59,9792.59,11311.0,210848.76202
2026-07-31,0336,Открытый паевой инвестиционный фонд рыночных финансовых инструментов «Просто. Акции»,Открытый,Сформирован,643-RUB,1974204284.72,9717.19,11102.0,203166.18045
2026-01-30,0337,Открытый паевой инвестиционный фонд рыночных финансовых инструментов «ПРОМСВЯЗЬ – Фонд смешанных инвестиций»,Открытый,Сформирован,643-RUB,4179746654.73,7828.28,16445.0,533929.2057500001
2026-02-27,0337,Открытый паевой инвестиционный фонд рыночных финансовых инструментов «ПРОМСВЯЗЬ – Фонд смешанных инвестиций»,Открытый,Сформирован,643-RUB,4253721372.73,7930.3,16254.0,536388.45768
2026-03-31,0337,Открытый паевой инвестиционный фонд рыночных финансовых инструментов «ПРОМСВЯЗЬ – Фонд смешанных инвестиций»,Открытый,Сформирован,643-RUB,4128338065.91,7762.23,16246.0,531849.17013
2026-04-30,0337,Открытый паевой инвестиционный фонд рыночных финансовых инструментов «ПРОМСВЯЗЬ – Фонд смешанных инвестиций»,Открытый,Сформирован,643-RUB,3986983169.89,7634.39,16453.0,522240.1156899998
2026-05-29,0337,Открытый паевой инвестиционный фонд рыночных финансовых инструментов «Просто. Баланс»,Открытый,Сформирован,643-RUB,3802498063.42,7560.41,16625.0,502948.3314299999
2026-06-30,0337,Открытый паевой инвестиционный фонд рыночных финансовых инструментов «Просто. Баланс»,Открытый,Сформирован,643-RUB,3502842445.54,7164.5,16406.0,488916.31065000006
2026-07-31,0337,Открытый паевой инвестиционный фонд рыночных финансовых инструментов «Просто. Баланс»,Открытый,Сформирован,643-RUB,3374820455.09,7130.52,16078.0,473292.39149
2026-01-30,0351,Открытый паевой инвестиционный фонд рыночных финансовых инструментов «Солид – Индекс МосБиржи»,Открытый,Сформирован,643-RUB,91706109.67,426709.82,294.0,214.91446
2026-02-27,0351,Открытый паевой инвестиционный фонд рыночных финансовых инструментов «Солид – Индекс МосБиржи»,Открытый,Сформирован,643-RUB,92035837.09,428033.94,294.0,215.01995000000005
2026-03-31,0351,Открытый паевой инвестиционный фонд рыночных финансовых инструментов «Солид – Индекс МосБиржи»,Открытый,Сформирован,643-RUB,89634684.33,416522.97,25.0,1.68113
2026-04-30,0351,Открытый паевой инвестиционный фонд рыночных финансовых инструментов «Солид – Индекс МосБиржи»,Открытый,Сформирован,643-RUB,85368345.92,396312.58,294.0,215.40659999999997
2026-05-29,0351,Открытый паевой инвестиционный фонд рыночных финансовых инструментов «Солид – Индекс МосБиржи»,Открытый,Сформирован,643-RUB,83121870.13,386047.39,293.0,215.3152
2026-06-30,0351,Открытый паевой инвестиционный фонд рыночных финансовых инструментов «Солид – Индекс МосБиржи»,Открытый,Сформирован,643-RUB,76232133.5,350853.07,293.0,217.27652
2026-07-31,0351,Открытый паевой инвестиционный фонд рыночных финансовых инструментов «Солид – Индекс МосБиржи»,Открытый,Сформирован,643-RUB,75049007.22,342859.05,291.0,218.89172
2026-01-30,0360,Закрытый паевой инвестиционный фонд недвижимости «Ермолаевский»,Закрытый,Сформирован,643-RUB,387134735.72,11827.43,1.0,32731.944
2026-02-27,0360,Закрытый паевой инвестиционный фонд недвижимости «Ермолаевский»,Закрытый,Сформирован,643-RUB,389327935.68,11894.43,1.0,32731.944
2026-03-31,0360,Закрытый паевой инвестиционный фонд недвижимости «Ермолаевский»,Закрытый,Сформирован,643-RUB,369630817.91,11292.66,1.0,32731.944
2026-04-30,0360,Закрытый паевой инвестиционный фонд недвижимости «Ермолаевский»,Закрытый,Сформирован,643-RUB,371503308.1,11349.87,1.0,32731.944
2026-05-29,0360,Закрытый паевой инвестиционный фонд недвижимости «Ермолаевский»,Закрытый,Сформирован,643-RUB,368891206.23,11270.07,1.0,32731.944
2026-06-30,0360,Закрытый паевой инвестиционный фонд недвижимости «Ермолаевский»,Закрытый,Сформирован,643-RUB,359579273.54,10985.58,1.0,32731.944
2026-07-31,0360,Закрытый паевой инвестиционный фонд недвижимости «Ермолаевский»,Закрытый,Сформирован,643-RUB,361052329.11,11030.58,1.0,32731.944
2026-01-30,0363,открытый паевой инвестиционный фонд рыночных финансовых инструментов «Арсагера - фонд акций»,Открытый,Сформирован,643-RUB,2796425796.01,15533.33,659.0,27355.6607144
2026-02-27,0363,открытый паевой инвестиционный фонд рыночных финансовых инструментов «Арсагера - фонд акций»,Открытый,Сформирован,643-RUB,2814835307.45,15590.52,663.0,27355.6607144
2026-03-31,0363,открытый паевой инвестиционный фонд рыночных финансовых инструментов «Арсагера - фонд акций»,Открытый,Сформирован,643-RUB,2768116488.63,15307.42,3244.0,180834.9235762
2026-04-30,0363,открытый паевой инвестиционный фонд рыночных финансовых инструментов «Арсагера - фонд акций»,Открытый,Сформирован,643-RUB,2676387839.45,14719.26,3233.0,181828.92955459983
2026-05-29,0363,открытый паевой инвестиционный фонд рыночных финансовых инструментов «Арсагера - фонд акций»,Открытый,Сформирован,643-RUB,2533737314.26,13868.69,3206.0,182694.76967420004
2026-06-30,0363,открытый паевой инвестиционный фонд рыночных финансовых инструментов «Арсагера - фонд акций»,Открытый,Сформирован,643-RUB,2338961288.84,12579.41,3202.0,185935.7129717
2026-07-31,0363,открытый паевой инвестиционный фонд рыночных финансовых инструментов «Арсагера - фонд акций»,Открытый,Сформирован,643-RUB,2424883311.84,12716.21,3193.0,190692.3324834
2026-01-30,0364,открытый паевой инвестиционный фонд рыночных финансовых инструментов «Арсагера - фонд смешанных инвестиций»,Открытый,Сформирован,643-RUB,593507741.32,11152.88,87.0,2939.0534323
2026-02-27,0364,открытый паевой инвестиционный фонд рыночных финансовых инструментов «Арсагера - фонд смешанных инвестиций»,Открытый,Сформирован,643-RUB,608014531.03,11290.12,98.0,3003.8293103
2026-03-31,0364,открытый паевой инвестиционный фонд рыночных финансовых инструментов «Арсагера - фонд смешанных инвестиций»,Открытый,Сформирован,643-RUB,612110103.99,11269.71,1530.0,54314.64406100001
2026-04-30,0364,открытый паевой инвестиционный фонд рыночных финансовых инструментов «Арсагера - фонд смешанных инвестиций»,Открытый,Сформирован,643-RUB,592219135.76,11031.56,1530.0,53684.07809759998
2026-05-29,0364,открытый паевой инвестиционный фонд рыночных финансовых инструментов «Арсагера - фонд смешанных инвестиций»,Открытый,Сформирован,643-RUB,572747190.01,10715.05,1513.0,53452.6163689
2026-06-30,0364,открытый паевой инвестиционный фонд рыночных финансовых инструментов «Арсагера - фонд смешанных инвестиций»,Открытый,Сформирован,643-RUB,535729395.24,10062.3,1508.0,53241.22823969998
2026-07-31,0364,открытый паевой инвестиционный фонд рыночных финансовых инструментов «Арсагера - фонд смешанных инвестиций»,Открытый,Сформирован,643-RUB,537996149.75,10143.27,1486.0,53039.6927012
2026-01-30,0385,Закрытый паевой инвестиционный фонд рыночных финансовых инструментов «КМ Оверсиз»,Закрытый,Сформирован,643-RUB,-34328.18,0.0,2.0,27366.48319
2026-02-27,0385,Закрытый паевой инвестиционный фонд рыночных финансовых инструментов «КМ Оверсиз»,Закрытый,Сформирован,643-RUB,-33226.74,0.0,2.0,27366.48319
2026-03-31,0385,Закрытый паевой инвестиционный фонд рыночных финансовых инструментов «КМ Оверсиз»,Закрытый,Сформирован,643-RUB,-32541.3,0.0,2.0,27366.48319
2026-04-30,0385,Закрытый паевой инвестиционный фонд рыночных финансовых инструментов «КМ Оверсиз»,Закрытый,Сформирован,643-RUB,-31859.7,0.0,2.0,27366.48319
2026-05-29,0385,Закрытый паевой инвестиционный фонд рыночных финансовых инструментов «КМ Оверсиз»,Закрытый,Сформирован,643-RUB,-31843.06,0.0,2.0,27366.48319
2026-06-30,0385,Закрытый паевой инвестиционный фонд рыночных финансовых инструментов «КМ Оверсиз»,Закрытый,Сформирован,643-RUB,-34511.22,0.0,2.0,27366.48319
2026-07-31,0385,Закрытый паевой инвестиционный фонд рыночных финансовых инструментов «КМ Оверсиз»,Закрытый,Сформирован,643-RUB,-32710.9,0.0,2.0,27366.48319
2026-01-30,0386,Закрытый паевой инвестиционный фонд рыночных финансовых инструментов «Альфа-Капитал Еврооблигации»,Закрытый,Сформирован,643-RUB,1960730347.98,1483.7,23820.0,1321513.77067
2026-02-27,0386,Закрытый паевой инвестиционный фонд рыночных финансовых инструментов «Альфа-Капитал Еврооблигации»,Закрытый,Сформирован,643-RUB,1563142568.34,1182.84,23819.0,1321513.7706700002
2026-03-31,0386,Закрытый паевой инвестиционный фонд рыночных финансовых инструментов «Альфа-Капитал Еврооблигации»,Закрытый,Сформирован,643-RUB,1658633783.17,1255.1,23817.0,1321513.7706700005
2026-04-30,0386,Закрытый паевой инвестиционный фонд рыночных финансовых инструментов «Альфа-Капитал Еврооблигации»,Закрытый,Сформирован,643-RUB,1573111530.5,1190.39,23818.0,1321513.7706700005
2026-05-29,0386,Закрытый паевой инвестиционный фонд рыночных финансовых инструментов «Альфа-Капитал Еврооблигации»,Закрытый,Сформирован,643-RUB,1498179089.51,1133.68,23818.0,1321513.7706699995
2026-06-30,0386,Закрытый паевой инвестиционный фонд рыночных финансовых инструментов «Альфа-Капитал Еврооблигации»,Закрытый,Сформирован,643-RUB,1567185481.21,1185.9,23818.0,1321513.7706700005
2026-07-31,0386,Закрытый паевой инвестиционный фонд рыночных финансовых инструментов «Альфа-Капитал Еврооблигации»,Закрытый,Сформирован,643-RUB,1380163998.34,1188.05,23820.0,1161702.91417
2026-01-30,0387,Открытый паевой инвестиционный фонд рыночных финансовых инструментов «Альфа-Капитал Ликвидные акции»,Открытый,Сформирован,643-RUB,24239843765.24,8928.39,104179.0,2714917.1470999992
2026-02-27,0387,Открытый паевой инвестиционный фонд рыночных финансовых инструментов «Альфа-Капитал Ликвидные акции»,Открытый,Сформирован,643-RUB,23838992495.6,8998.45,103166.0,2649232.3268100005
2026-03-31,0387,Открытый паевой инвестиционный фонд рыночных финансовых инструментов «Альфа-Капитал Ликвидные акции»,Открытый,Сформирован,643-RUB,22122732101.59,8580.41,102117.0,2578284.4172599977
2026-04-30,0387,Открытый паевой инвестиционный фонд рыночных финансовых инструментов «Альфа-Капитал Ликвидные акции»,Открытый,Сформирован,643-RUB,20306774035.46,8157.69,101159.0,2489279.578069999
2026-05-29,0387,Открытый паевой инвестиционный фонд рыночных финансовых инструментов «Альфа-Капитал Ликвидные акции»,Открытый,Сформирован,643-RUB,19474579232.03,8076.4,100602.0,2411295.627310001
2026-06-30,0387,Открытый паевой инвестиционный фонд рыночных финансовых инструментов «Альфа-Капитал Ликвидные акции»,Открытый,Сформирован,643-RUB,17107996854.23,7269.53,99854.0,2353383.500549999
2026-07-31,0387,Открытый паевой инвестиционный фонд рыночных финансовых инструментов «Альфа-Капитал Ликвидные акции»,Открытый,Сформирован,643-RUB,16838849523.71,7218.91,99204.0,2332603.22779
2026-01-30,0424,Открытый паевой инвестиционный фонд рыночных финансовых инструментов «Апрель Капитал – Облигации плюс»,Открытый,Сформирован,643-RUB,9112490.52,149.61,,
2026-02-27,0424,Открытый паевой инвестиционный фонд рыночных финансовых инструментов «Апрель Капитал – Облигации плюс»,Открытый,Сформирован,643-RUB,9289737.97,152.27,,
2026-03-31,0424,Открытый паевой инвестиционный фонд рыночных финансовых инструментов «Апрель Капитал – Облигации плюс»,Открытый,Сформирован,643-RUB,9415172.33,154.5,38.0,60938.712470000006
2026-04-30,0424,Открытый паевой инвестиционный фонд рыночных финансовых инструментов «Апрель Капитал – Облигации плюс»,Открытый,Сформирован,643-RUB,12018806.61,156.51,39.0,76791.92581999999
2026-05-29,0424,Открытый паевой инвестиционный фонд рыночных финансовых инструментов «Апрель Капитал – Облигации плюс»,Открытый,Сформирован,643-RUB,12039937.3,156.75,39.0,76811.06661
2026-06-30,0424,Открытый паевой инвестиционный фонд рыночных финансовых инструментов «Апрель Капитал – Облигации плюс»,Открытый,Сформирован,643-RUB,11579474.46,150.11,39.0,77137.86050999997
2026-07-31,0424,Открытый паевой инвестиционный фонд рыночных финансовых инструментов «Апрель Капитал – Облигации плюс»,Открытый,Сформирован,643-RUB,11809131.49,154.87,38.0,76249.57457
2026-01-30,0426,"Закрытый паевой инвестиционный фонд недвижимости ""ТФГ - Ангара""",Закрытый,Сформирован,643-RUB,1620433127.42,297.62,1.0,5444659.0
2026-02-27,0426,"Закрытый паевой инвестиционный фонд недвижимости ""ТФГ - Ангара""",Закрытый,Сформирован,643-RUB,1632408120.6,299.82,1.0,5444659.0
2026-03-31,0426,"Закрытый паевой инвестиционный фонд недвижимости ""ТФГ - Ангара""",Закрытый,Сформирован,643-RUB,1625529944.38,298.55,1.0,5444659.0
2026-04-30,0426,"Закрытый паевой инвестиционный фонд недвижимости ""ТФГ - Ангара""",Закрытый,Сформирован,643-RUB,1641194423.22,301.43,1.0,5444659.0
2026-05-29,0426,"Закрытый паевой инвестиционный фонд недвижимости ""ТФГ - Ангара""",Закрытый,Сформирован,643-RUB,1656529162.8,304.25,1.0,5444659.0
2026-06-30,0426,"Закрытый паевой инвестиционный фонд недвижимости ""ТФГ - Ангара""",Закрытый,Сформирован,643-RUB,1628331690.53,299.07,1.0,5444659.0
2026-07-31,0426,"Закрытый паевой инвестиционный фонд недвижимости ""ТФГ - Ангара""",Закрытый,Сформирован,643-RUB,1649197326.86,302.9,1.0,5444659.0
2026-01-30,0439,открытый паевой инвестиционный фонд рыночных финансовых инструментов «Арсагера – акции 6.4»,Открытый,Сформирован,643-RUB,1637669187.53,12833.06,272.0,9952.7458329
2026-02-27,0439,открытый паевой инвестиционный фонд рыночных финансовых инструментов «Арсагера – акции 6.4»,Открытый,Сформирован,643-RUB,1653740518.25,12893.53,273.0,9982.7158551
2026-03-31,0439,открытый паевой инвестиционный фонд рыночных финансовых инструментов «Арсагера – акции 6.4»,Открытый,Сформирован,643-RUB,1596239431.59,12497.75,1690.0,127722.1472619
2026-04-30,0439,открытый паевой инвестиционный фонд рыночных финансовых инструментов «Арсагера – акции 6.4»,Открытый,Сформирован,643-RUB,1535458351.47,11969.28,1684.0,128283.3088663
2026-05-29,0439,открытый паевой инвестиционный фонд рыночных финансовых инструментов «Арсагера – акции 6.4»,Открытый,Сформирован,643-RUB,1465743350.96,11354.13,1669.0,129093.36947950002
2026-06-30,0439,открытый паевой инвестиционный фонд рыночных финансовых инструментов «Арсагера – акции 6.4»,Открытый,Сформирован,643-RUB,1315614161.1,10250.18,1671.0,128350.40355849998
2026-07-31,0439,открытый паевой инвестиционный фонд рыночных финансовых инструментов «Арсагера – акции 6.4»,Открытый,Сформирован,643-RUB,1344887209.27,10458.73,1652.0,128589.8951047
2026-01-30,0450,Открытый паевой инвестиционный фонд рыночных финансовых инструментов «А-Капитал Облигации»,Открытый,Сформирован,643-RUB,1638644710.52,542.02,474.0,3023238.059623
2026-02-27,0450,Открытый паевой инвестиционный фонд рыночных финансовых инструментов «А-Капитал Облигации»,Открытый,Сформирован,643-RUB,1707750281.61,551.65,483.0,3095724.540311
2026-03-31,0450,Открытый паевой инвестиционный фонд рыночных финансовых инструментов «А-Капитал Облигации»,Открытый,Сформирован,643-RUB,1783347079.02,561.92,491.0,3173663.8966820003
2026-04-30,0450,Открытый паевой инвестиционный фонд рыночных финансовых инструментов «А-Капитал Облигации»,Открытый,Сформирован,643-RUB,1879672430.32,571.04,503.0,3291680.603908
2026-05-29,0450,Открытый паевой инвестиционный фонд рыночных финансовых инструментов «А-Капитал Облигации»,Открытый,Сформирован,643-RUB,1918698859.1,575.49,511.0,3334037.519784
2026-06-30,0450,Открытый паевой инвестиционный фонд рыночных финансовых инструментов «А-Капитал Облигации»,Открытый,Сформирован,643-RUB,1926948732.86,572.86,518.0,3363760.873223
2026-07-31,0450,Открытый паевой инвестиционный фонд рыночных финансовых инструментов «А-Капитал Облигации»,Открытый,Сформирован,643-RUB,2008031340.61,581.88,518.0,3450938.240123
2026-01-30,0464,"Закрытый рентный паевой инвестиционный фонд ""Капитальные вложения""",Закрытый,Сформирован,643-RUB,9455595438.65,258.49,937.0,36580314.87652
2026-02-27,0464,"Закрытый рентный паевой инвестиционный фонд ""Капитальные вложения""",Закрытый,В стадии прекращения,643-RUB,12168649377.91,332.66,936.0,36580314.87652
2026-03-31,0464,"Закрытый рентный паевой инвестиционный фонд ""Капитальные вложения""",Закрытый,В стадии прекращения,643-RUB,12875132827.55,351.97,936.0,36580314.87652
2026-04-30,0464,"Закрытый рентный паевой инвестиционный фонд ""Капитальные вложения""",Закрытый,В стадии прекращения,643-RUB,15333331372.59,419.17,936.0,36580314.87652
2026-05-29,0464,"Закрытый рентный паевой инвестиционный фонд ""Капитальные вложения""",Закрытый,В стадии прекращения,643-RUB,15586254200.88,426.08,936.0,36580314.87652
2026-06-30,0464,"Закрытый рентный паевой инвестиционный фонд ""Капитальные вложения""",Закрытый,В стадии прекращения,643-RUB,,0.0,,
2026-01-30,0465,"Закрытый паевой инвестиционный фонд недвижимости ""Фонд ""Реконструкция и Развитие""",Закрытый,Сформирован,643-RUB,11752178047.1,1175.22,7.0,10000000.0
2026-02-27,0465,"Закрытый паевой инвестиционный фонд недвижимости ""Фонд ""Реконструкция и Развитие""",Закрытый,Сформирован,643-RUB,11512945388.78,1151.29,7.0,10000000.0
2026-03-31,0465,"Закрытый паевой инвестиционный фонд недвижимости ""Фонд ""Реконструкция и Развитие""",Закрытый,Сформирован,643-RUB,11377390578.76,1137.74,7.0,10000000.0
2026-04-30,0465,"Закрытый паевой инвестиционный фонд недвижимости ""Фонд ""Реконструкция и Развитие""",Закрытый,Сформирован,643-RUB,11359677468.16,1135.97,7.0,10000000.0
2026-05-29,0465,"Закрытый паевой инвестиционный фонд недвижимости ""Фонд ""Реконструкция и Развитие""",Закрытый,Сформирован,643-RUB,10913866825.63,1091.39,7.0,10000000.0
2026-06-30,0465,"Закрытый паевой инвестиционный фонд недвижимости ""Фонд ""Реконструкция и Развитие""",Закрытый,Сформирован,643-RUB,11075805489.71,1107.58,7.0,10000000.0
2026-07-31,0465,"Закрытый паевой инвестиционный фонд недвижимости ""Фонд ""Реконструкция и Развитие""",Закрытый,Сформирован,643-RUB,10991646424.48,1099.16,7.0,10000000.0
2026-01-30,0478,Открытый паевой инвестиционный фонд рыночных финансовых инструментов «ТКБ Инвестмент Партнерс – Премиум. Фонд акций»,Открытый,Сформирован,643-RUB,968349514.82,3324.23,4863.0,291300.437154
2026-02-27,0478,Открытый паевой инвестиционный фонд рыночных финансовых инструментов «ТКБ Инвестмент Партнерс – Премиум. Фонд акций»,Открытый,Сформирован,643-RUB,957921465.08,3356.24,4844.0,285414.991604
2026-03-31,0478,Открытый паевой инвестиционный фонд рыночных финансовых инструментов «ТКБ Инвестмент Партнерс – Премиум. Фонд акций»,Открытый,Сформирован,643-RUB,895418297.56,3186.37,4834.0,281014.8164399999
2026-04-30,0478,Открытый паевой инвестиционный фонд рыночных финансовых инструментов «ТКБ Инвестмент Партнерс – Премиум. Фонд акций»,Открытый,Сформирован,643-RUB,855303729.92,3074.87,4820.0,278158.93970200006
2026-05-29,0478,Открытый паевой инвестиционный фонд рыночных финансовых инструментов «ТКБ Инвестмент Партнерс – Премиум. Фонд акций»,Открытый,Сформирован,643-RUB,842529219.96,3051.61,4813.0,276093.7898749999
2026-06-30,0478,Открытый паевой инвестиционный фонд рыночных финансовых инструментов «ТКБ Инвестмент Партнерс – Премиум. Фонд акций»,Открытый,Сформирован,643-RUB,770916619.95,2820.15,4797.0,273359.9945529999
2026-07-31,0478,Открытый паевой инвестиционный фонд рыночных финансовых инструментов «ТКБ Инвестмент Партнерс – Премиум. Фонд акций»,Открытый,Сформирован,643-RUB,750567610.84,2831.47,4791.0,265080.782144
2026-01-30,0491,"Закрытый паевой инвестиционный рентный фонд ""Югра Рентный Фонд""",Закрытый,Сформирован,643-RUB,196931399.15,11832.22,5.0,16643.65102
2026-02-27,0491,"Закрытый паевой инвестиционный рентный фонд ""Югра Рентный Фонд""",Закрытый,Сформирован,643-RUB,198177924.22,11907.12,5.0,16643.651019999998
2026-03-31,0491,"Закрытый паевой инвестиционный рентный фонд ""Югра Рентный Фонд""",Закрытый,Сформирован,643-RUB,173444457.56,11978.23,5.0,14479.97638
2026-04-30,0491,"Закрытый паевой инвестиционный рентный фонд ""Югра Рентный Фонд""",Закрытый,Сформирован,643-RUB,174366664.98,12041.92,5.0,14479.976379999998
2026-05-29,0491,"Закрытый паевой инвестиционный рентный фонд ""Югра Рентный Фонд""",Закрытый,Сформирован,643-RUB,175298367.03,12106.26,5.0,14479.976379999998
2026-06-30,0491,"Закрытый паевой инвестиционный рентный фонд ""Югра Рентный Фонд""",Закрытый,Сформирован,643-RUB,176293679.84,12175.0,5.0,14479.97638
2026-07-31,0491,"Закрытый паевой инвестиционный рентный фонд ""Югра Рентный Фонд""",Закрытый,Сформирован,643-RUB,177091573.4,12230.1,5.0,14479.97638
2026-01-30,0493,"Закрытый паевой инвестиционный фонд недвижимости ""Краснопресненский""",Закрытый,Сформирован,643-RUB,768130698.89,289860.64,1.0,2650.0
2026-02-27,0493,"Закрытый паевой инвестиционный фонд недвижимости ""Краснопресненский""",Закрытый,Сформирован,643-RUB,771361875.37,291079.95,1.0,2650.0
2026-03-31,0493,"Закрытый паевой инвестиционный фонд недвижимости ""Краснопресненский""",Закрытый,Сформирован,643-RUB,769093923.77,290224.12,1.0,2650.0
2026-04-30,0493,"Закрытый паевой инвестиционный фонд недвижимости ""Краснопресненский""",Закрытый,Сформирован,643-RUB,769897863.39,290527.5,1.0,2650.0
2026-05-29,0493,"Закрытый паевой инвестиционный фонд недвижимости ""Краснопресненский""",Закрытый,Сформирован,643-RUB,772493646.01,291507.04,1.0,2650.0
2026-06-30,0493,"Закрытый паевой инвестиционный фонд недвижимости ""Краснопресненский""",Закрытый,Сформирован,643-RUB,773177661.85,291765.16,1.0,2650.0
2026-07-31,0493,"Закрытый паевой инвестиционный фонд недвижимости ""Краснопресненский""",Закрытый,Сформирован,643-RUB,777665582.48,293458.71,1.0,2650.0
2026-01-30,0500,Открытый паевой инвестиционный фонд рыночных финансовых инструментов «Альфа-Капитал Баланс»,Открытый,Сформирован,643-RUB,22605435474.58,4310.26,71473.0,5244567.777319999
2026-02-27,0500,Открытый паевой инвестиционный фонд рыночных финансовых инструментов «Альфа-Капитал Баланс»,Открытый,Сформирован,643-RUB,22339488493.83,4360.58,70687.0,5123051.186629998
2026-03-31,0500,Открытый паевой инвестиционный фонд рыночных финансовых инструментов «Альфа-Капитал Баланс»,Открытый,Сформирован,643-RUB,20829479882.06,4210.95,69749.0,4946505.498660001
2026-04-30,0500,Открытый паевой инвестиционный фонд рыночных финансовых инструментов «Альфа-Капитал Баланс»,Открытый,Сформирован,643-RUB,18411539714.18,4097.71,68950.0,4493126.957579998
2026-05-29,0500,Открытый паевой инвестиционный фонд рыночных финансовых инструментов «Альфа-Капитал Баланс»,Открытый,Сформирован,643-RUB,17693957894.62,4086.81,68537.0,4329525.493150002
2026-06-30,0500,Открытый паевой инвестиционный фонд рыночных финансовых инструментов «Альфа-Капитал Баланс»,Открытый,Сформирован,643-RUB,15867031321.94,3742.14,67956.0,4240092.007250001
2026-07-31,0500,Открытый паевой инвестиционный фонд рыночных финансовых инструментов «Альфа-Капитал Баланс»,Открытый,Сформирован,643-RUB,15396822070.39,3733.52,67301.0,4123946.72211
2026-01-30,0519,Закрытый паевой инвестиционный фонд недвижимости «РФЦ-Шуваловские высоты»,Закрытый,Сформирован,643-RUB,214891219.68,1113363.25,6.0,193.01088
2026-02-27,0519,Закрытый паевой инвестиционный фонд недвижимости «РФЦ-Шуваловские высоты»,Закрытый,Сформирован,643-RUB,216452665.42,1121453.18,6.0,193.01088
2026-03-31,0519,Закрытый паевой инвестиционный фонд недвижимости «РФЦ-Шуваловские высоты»,Закрытый,Сформирован,643-RUB,213638437.44,1106872.51,6.0,193.01088
2026-04-30,0519,Закрытый паевой инвестиционный фонд недвижимости «РФЦ-Шуваловские высоты»,Закрытый,В стадии прекращения,643-RUB,218348550.24,1131275.87,6.0,193.01088
2026-05-29,0519,Закрытый паевой инвестиционный фонд недвижимости «РФЦ-Шуваловские высоты»,Закрытый,В стадии прекращения,643-RUB,219991452.09,1139787.83,6.0,193.01088
2026-06-30,0519,Закрытый паевой инвестиционный фонд недвижимости «РФЦ-Шуваловские высоты»,Закрытый,В стадии прекращения,643-RUB,0.0,0.0,6.0,193.01088
2026-01-30,0568,Открытый паевой инвестиционный фонд рыночных финансовых инструментов «Атон - Фонд Еврооблигаций»,Открытый,Сформирован,643-RUB,3146045814.2,2004.95,1104.0,1569141.23953
2026-02-27,0568,Открытый паевой инвестиционный фонд рыночных финансовых инструментов «Атон - Фонд Еврооблигаций»,Открытый,Сформирован,643-RUB,3081576980.73,2010.65,1092.0,1532630.377110001
2026-03-31,0568,Открытый паевой инвестиционный фонд рыночных финансовых инструментов «Атон - Фонд Еврооблигаций»,Открытый,Сформирован,643-RUB,3036042334.05,2092.19,1099.0,1451133.6141299997
2026-04-30,0568,Открытый паевой инвестиционный фонд рыночных финансовых инструментов «Атон - Фонд Еврооблигаций»,Открытый,Сформирован,643-RUB,2839645762.66,1989.11,1097.0,1427595.05747
2026-05-29,0568,Открытый паевой инвестиционный фонд рыночных финансовых инструментов «Атон - Фонд Еврооблигаций»,Открытый,Сформирован,643-RUB,2819139244.83,1914.06,1100.0,1472859.9203900003
2026-06-30,0568,Открытый паевой инвестиционный фонд рыночных финансовых инструментов «Атон - Фонд Еврооблигаций»,Открытый,Сформирован,643-RUB,2669358948.94,2125.48,1094.0,1255886.44104
2026-07-31,0568,Открытый паевой инвестиционный фонд рыночных финансовых инструментов «Атон - Фонд Еврооблигаций»,Открытый,Сформирован,643-RUB,3067391315.59,2069.21,1102.0,1482398.14196
2026-01-30,0597,Открытый паевой инвестиционный фонд рыночных финансовых инструментов «Первая – Природные ресурсы»,Открытый,Сформирован,643-RUB,5861544777.34,2433.23,60494.0,2408925.96252
2026-02-27,0597,Открытый паевой инвестиционный фонд рыночных финансовых инструментов «Первая – Природные ресурсы»,Открытый,Сформирован,643-RUB,5552121173.99,2423.64,59565.0,2290785.422549304
2026-03-31,0597,Открытый паевой инвестиционный фонд рыночных финансовых инструментов «Первая – Природные ресурсы»,Открытый,Сформирован,643-RUB,5251364666.37,2422.29,58689.0,2167904.7247596
2026-04-30,0597,Открытый паевой инвестиционный фонд рыночных финансовых инструментов «Первая – Природные ресурсы»,Открытый,Сформирован,643-RUB,4717513615.6,2254.31,57954.0,2092632.4743932995
2026-05-29,0597,Открытый паевой инвестиционный фонд рыночных финансовых инструментов «Первая – Природные ресурсы»,Открытый,Сформирован,643-RUB,4485236274.09,2185.38,57458.0,2052356.8412435
2026-06-30,0597,Открытый паевой инвестиционный фонд рыночных финансовых инструментов «Первая – Природные ресурсы»,Открытый,Сформирован,643-RUB,3985502638.61,1975.51,56940.0,2017422.3568876984
2026-07-31,0597,Открытый паевой инвестиционный фонд рыночных финансовых инструментов «Первая – Природные ресурсы»,Открытый,Сформирован,643-RUB,4135467986.54,1904.25,56362.0,2171676.4768806
2026-01-30,0603,"Закрытый паевой инвестиционный фонд недвижимости ""Созидатель""",Закрытый,Сформирован,643-RUB,179844924.67,2.38,5.0,75700431.376
2026-02-27,0603,"Закрытый паевой инвестиционный фонд недвижимости ""Созидатель""",Закрытый,Сформирован,643-RUB,187252115.74,2.47,5.0,75700431.376
2026-03-31,0603,"Закрытый паевой инвестиционный фонд недвижимости ""Созидатель""",Закрытый,Сформирован,643-RUB,190144502.18,2.51,5.0,75700431.376
2026-04-30,0603,"Закрытый паевой инвестиционный фонд недвижимости ""Созидатель""",Закрытый,Сформирован,643-RUB,183406423.32,2.42,5.0,75700431.376
2026-05-29,0603,"Закрытый паевой инвестиционный фонд недвижимости ""Созидатель""",Закрытый,Сформирован,643-RUB,186487244.62,2.46,5.0,75700431.376
2026-06-30,0603,"Закрытый паевой инвестиционный фонд недвижимости ""Созидатель""",Закрытый,Сформирован,643-RUB,189318200.91,2.5,5.0,75700431.376
2026-07-31,0603,"Закрытый паевой инвестиционный фонд недвижимости ""Созидатель""",Закрытый,Сформирован,643-RUB,182631662.84,2.41,5.0,75700431.376
2026-01-30,0619,Открытый паевой инвестиционный фонд рыночных финансовых инструментов «Газпромбанк – Акции»,Открытый,Сформирован,643-RUB,822051274.61,3200.31,1282.0,256866.5401100001
2026-02-27,0619,Открытый паевой инвестиционный фонд рыночных финансовых инструментов «Газпромбанк – Акции»,Открытый,Сформирован,643-RUB,818260591.42,3253.36,1269.0,251512.75846
2026-03-31,0619,Открытый паевой инвестиционный фонд рыночных финансовых инструментов «Газпромбанк – Акции»,Открытый,Сформирован,643-RUB,780034240.45,3148.63,1253.0,247737.86006
2026-04-30,0619,Открытый паевой инвестиционный фонд рыночных финансовых инструментов «Газпромбанк – Акции»,Открытый,Сформирован,643-RUB,726151985.1,3014.51,1229.0,240885.2748400001
2026-05-29,0619,Открытый паевой инвестиционный фонд рыночных финансовых инструментов «Газпромбанк – Акции»,Открытый,Сформирован,643-RUB,696877778.58,2919.7,1220.0,238681.26963
2026-06-30,0619,Открытый паевой инвестиционный фонд рыночных финансовых инструментов «Газпромбанк – Акции»,Открытый,Сформирован,643-RUB,634852875.85,2686.27,1209.0,236332.39977999995
2026-07-31,0619,Открытый паевой инвестиционный фонд рыночных финансовых инструментов «Газпромбанк – Акции»,Открытый,Сформирован,643-RUB,628178493.07,2687.57,1197.0,233735.1183
2026-01-30,0620,Закрытый паевой инвестиционный фонд рыночных финансовых инструментов «Газпромбанк – Валютные облигации»,Закрытый,Сформирован,643-RUB,726328.22,15373.45,942.0,47.24562999999999
2026-02-27,0620,Закрытый паевой инвестиционный фонд рыночных финансовых инструментов «Газпромбанк – Валютные облигации»,Закрытый,Сформирован,643-RUB,726326.22,15373.41,942.0,47.245630000000006
2026-03-31,0620,Закрытый паевой инвестиционный фонд рыночных финансовых инструментов «Газпромбанк – Валютные облигации»,Закрытый,Сформирован,643-RUB,726287.22,15372.58,943.0,47.24562999999999
2026-04-30,0620,Закрытый паевой инвестиционный фонд рыночных финансовых инструментов «Газпромбанк – Валютные облигации»,Закрытый,Сформирован,643-RUB,254194.76,15372.52,941.0,16.53566
2026-05-29,0620,Закрытый паевой инвестиционный фонд рыночных финансовых инструментов «Газпромбанк – Валютные облигации»,Закрытый,Сформирован,643-RUB,254193.76,15372.46,941.0,16.53566
2026-06-30,0620,Закрытый паевой инвестиционный фонд рыночных финансовых инструментов «Газпромбанк – Валютные облигации»,Закрытый,Сформирован,643-RUB,254192.76,15372.4,941.0,16.535659999999996
2026-07-31,0620,Закрытый паевой инвестиционный фонд рыночных финансовых инструментов «Газпромбанк – Валютные облигации»,Закрытый,Сформирован,643-RUB,254191.76,15372.34,941.0,16.53566
2026-01-30,0622,Открытый паевой инвестиционный фонд рыночных финансовых инструментов «Газпромбанк – Сбалансированный»,Открытый,Сформирован,643-RUB,3023239128.64,3822.69,4207.0,790867.5041199999
2026-02-27,0622,Открытый паевой инвестиционный фонд рыночных финансовых инструментов «Газпромбанк – Сбалансированный»,Открытый,Сформирован,643-RUB,3014517364.53,3887.43,4138.0,775453.0322000005
2026-03-31,0622,Открытый паевой инвестиционный фонд рыночных финансовых инструментов «Газпромбанк – Сбалансированный»,Открытый,Сформирован,643-RUB,2975731883.39,3901.74,4075.0,762667.7056299999
2026-04-30,0622,Открытый паевой инвестиционный фонд рыночных финансовых инструментов «Газпромбанк – Сбалансированный»,Открытый,Сформирован,643-RUB,2859277212.64,3812.71,4018.0,749932.3079799999
2026-05-29,0622,Открытый паевой инвестиционный фонд рыночных финансовых инструментов «Газпромбанк – Сбалансированный»,Открытый,Сформирован,643-RUB,2800919883.94,3784.75,3966.0,740053.4176399997
2026-06-30,0622,Открытый паевой инвестиционный фонд рыночных финансовых инструментов «Газпромбанк – Сбалансированный»,Открытый,Сформирован,643-RUB,2604947498.61,3609.39,3914.0,721713.4544400004
2026-07-31,0622,Открытый паевой инвестиционный фонд рыночных финансовых инструментов «Газпромбанк – Сбалансированный»,Открытый,Сформирован,643-RUB,2570795463.75,3620.44,3860.0,710078.21334
2026-01-30,0626,Открытый паевой инвестиционный фонд рыночных финансовых инструментов «ТФГ – Рублевые облигации»,Открытый,Сформирован,643-RUB,4855772795.76,570.01,17.0,8518717.189690001
2026-02-27,0626,Открытый паевой инвестиционный фонд рыночных финансовых инструментов «ТФГ – Рублевые облигации»,Открытый,Сформирован,643-RUB,4934778314.97,579.29,17.0,8518717.18969
2026-03-31,0626,Открытый паевой инвестиционный фонд рыночных финансовых инструментов «ТФГ – Рублевые облигации»,Открытый,Сформирован,643-RUB,5014919142.93,588.94,17.0,8515217.18969
2026-04-30,0626,Открытый паевой инвестиционный фонд рыночных финансовых инструментов «ТФГ – Рублевые облигации»,Открытый,Сформирован,643-RUB,5088744081.72,597.61,17.0,8515217.18969
2026-05-29,0626,Открытый паевой инвестиционный фонд рыночных финансовых инструментов «ТФГ – Рублевые облигации»,Открытый,Сформирован,643-RUB,5138587371.12,603.46,17.0,8515217.18969
2026-06-30,0626,Открытый паевой инвестиционный фонд рыночных финансовых инструментов «ТФГ – Рублевые облигации»,Открытый,В стадии прекращения,643-RUB,5108925034.49,600.12,16.0,8513202.27022
2026-07-31,0626,Открытый паевой инвестиционный фонд рыночных финансовых инструментов «ТФГ – Рублевые облигации»,Открытый,В стадии прекращения,643-RUB,5201643904.01,611.01,16.0,8513202.27022
2026-01-30,0642,Закрытый паевой инвестиционный фонд недвижимости «АТЛАНТ»,Закрытый,Сформирован,643-RUB,2084258466.73,12047736.8,1.0,173.0
2026-02-27,0642,Закрытый паевой инвестиционный фонд недвижимости «АТЛАНТ»,Закрытый,Сформирован,643-RUB,2052941698.54,11866715.02,1.0,173.0
2026-03-31,0642,Закрытый паевой инвестиционный фонд недвижимости «АТЛАНТ»,Закрытый,Сформирован,643-RUB,2051489664.56,11858321.76,1.0,173.0
2026-04-30,0642,Закрытый паевой инвестиционный фонд недвижимости «АТЛАНТ»,Закрытый,Сформирован,643-RUB,2060369834.19,11909652.22,1.0,173.0
2026-05-29,0642,Закрытый паевой инвестиционный фонд недвижимости «АТЛАНТ»,Закрытый,Сформирован,643-RUB,2047558733.02,11835599.61,1.0,173.0
2026-06-30,0642,Закрытый паевой инвестиционный фонд недвижимости «АТЛАНТ»,Закрытый,Сформирован,643-RUB,2054744842.82,11877137.82,1.0,173.0
2026-07-31,0642,Закрытый паевой инвестиционный фонд недвижимости «АТЛАНТ»,Закрытый,Сформирован,643-RUB,2055257042.79,11880098.51,1.0,173.0
2026-01-30,0645,Интервальный паевой инвестиционный фонд рыночных финансовых инструментов «Инвестбаланс»,Интервальный,Сформирован,643-RUB,314813561.32,2853293.77,5.0,110.3333853
2026-02-27,0645,Интервальный паевой инвестиционный фонд рыночных финансовых инструментов «Инвестбаланс»,Интервальный,Сформирован,643-RUB,316437372.5,2868011.09,5.0,110.3333853
2026-03-31,0645,Интервальный паевой инвестиционный фонд рыночных финансовых инструментов «Инвестбаланс»,Интервальный,Сформирован,643-RUB,305082613.86,2765097.92,5.0,110.3333853
2026-04-30,0645,Интервальный паевой инвестиционный фонд рыночных финансовых инструментов «Инвестбаланс»,Интервальный,Сформирован,643-RUB,295739512.06,2680417.28,5.0,110.3333853
2026-05-29,0645,Интервальный паевой инвестиционный фонд рыночных финансовых инструментов «Инвестбаланс»,Интервальный,Сформирован,643-RUB,295554982.35,2678744.8,5.0,110.3333853
2026-06-30,0645,Интервальный паевой инвестиционный фонд рыночных финансовых инструментов «Инвестбаланс»,Интервальный,Сформирован,643-RUB,276460137.45,2505679.82,5.0,110.3333853
2026-07-31,0645,Интервальный паевой инвестиционный фонд рыночных финансовых инструментов «Инвестбаланс»,Интервальный,Сформирован,643-RUB,272060999.71,2465808.5,5.0,110.3333853
2026-01-30,0668,"Открытый паевой инвестиционный фонд рыночных финансовых инструментов ""КМ Меркури""",Открытый,Сформирован,643-RUB,13472390.81,2891.57,237.0,4659.193950000001
2026-02-27,0668,"Открытый паевой инвестиционный фонд рыночных финансовых инструментов ""КМ Меркури""",Открытый,Сформирован,643-RUB,13623963.97,2924.1,237.0,4659.193950000002
2026-03-31,0668,"Открытый паевой инвестиционный фонд рыночных финансовых инструментов ""КМ Меркури""",Открытый,Сформирован,643-RUB,13410115.18,2878.2,237.0,4659.193949999999
2026-04-30,0668,"Открытый паевой инвестиционный фонд рыночных финансовых инструментов ""КМ Меркури""",Открытый,Сформирован,643-RUB,13031480.65,2796.94,237.0,4659.193950000001
2026-05-29,0668,"Открытый паевой инвестиционный фонд рыночных финансовых инструментов ""КМ Меркури""",Открытый,Сформирован,643-RUB,12518468.99,2686.83,237.0,4659.19395
2026-06-30,0668,"Открытый паевой инвестиционный фонд рыночных финансовых инструментов ""КМ Меркури""",Открытый,Сформирован,643-RUB,11424990.83,2452.14,237.0,4659.193950000002
2026-07-31,0668,"Открытый паевой инвестиционный фонд рыночных финансовых инструментов ""КМ Меркури""",Открытый,Сформирован,643-RUB,11365949.87,2439.47,237.0,4659.19395
2026-01-30,0687,Закрытый паевой инвестиционный фонд рыночных финансовых инструментов «Газпромбанк – Индия»,Закрытый,Сформирован,643-RUB,60316.43,34.23,392.0,1762.1192009999995
2026-02-27,0687,Закрытый паевой инвестиционный фонд рыночных финансовых инструментов «Газпромбанк – Индия»,Закрытый,Сформирован,643-RUB,60316.43,34.23,392.0,1762.119201
2026-03-31,0687,Закрытый паевой инвестиционный фонд рыночных финансовых инструментов «Газпромбанк – Индия»,Закрытый,Сформирован,643-RUB,60316.43,34.23,392.0,1762.119201
2026-04-30,0687,Закрытый паевой инвестиционный фонд рыночных финансовых инструментов «Газпромбанк – Индия»,Закрытый,Сформирован,643-RUB,60316.43,34.23,392.0,1762.119201
2026-05-29,0687,Закрытый паевой инвестиционный фонд рыночных финансовых инструментов «Газпромбанк – Индия»,Закрытый,Сформирован,643-RUB,60316.43,34.23,392.0,1762.1192009999995
2026-06-30,0687,Закрытый паевой инвестиционный фонд рыночных финансовых инструментов «Газпромбанк – Индия»,Закрытый,Сформирован,643-RUB,60316.43,34.23,392.0,1762.1192010000002
2026-07-31,0687,Закрытый паевой инвестиционный фонд рыночных финансовых инструментов «Газпромбанк – Индия»,Закрытый,Сформирован,643-RUB,60316.43,34.23,392.0,1762.119201
2026-01-30,0698,Открытый паевой инвестиционный фонд рыночных финансовых инструментов «Альфа-Капитал Ресурсы»,Открытый,Сформирован,643-RUB,4237167720.45,4011.7,68876.0,1056201.4983100004
2026-02-27,0698,Открытый паевой инвестиционный фонд рыночных финансовых инструментов «Альфа-Капитал Ресурсы»,Открытый,Сформирован,643-RUB,4178309624.02,3994.51,68377.0,1046012.5104099992
2026-03-31,0698,Открытый паевой инвестиционный фонд рыночных финансовых инструментов «Альфа-Капитал Ресурсы»,Открытый,Сформирован,643-RUB,4207421475.25,3931.87,67925.0,1070073.1681500005
2026-04-30,0698,Открытый паевой инвестиционный фонд рыночных финансовых инструментов «Альфа-Капитал Ресурсы»,Открытый,Сформирован,643-RUB,3835017459.66,3656.02,67512.0,1048951.0231600003
2026-05-29,0698,Открытый паевой инвестиционный фонд рыночных финансовых инструментов «Альфа-Капитал Ресурсы»,Открытый,Сформирован,643-RUB,3765855602.83,3624.28,67233.0,1039054.23835
2026-06-30,0698,Открытый паевой инвестиционный фонд рыночных финансовых инструментов «Альфа-Капитал Ресурсы»,Открытый,Сформирован,643-RUB,3306208152.86,3240.06,66898.0,1020407.9675499996
2026-07-31,0698,Открытый паевой инвестиционный фонд рыночных финансовых инструментов «Альфа-Капитал Ресурсы»,Открытый,Сформирован,643-RUB,3186282827.91,3175.93,66628.0,1003261.35217
2026-01-30,0699,Закрытый паевой инвестиционный фонд рыночных финансовых инструментов «Альфа-Капитал Технологии»,Закрытый,Сформирован,643-RUB,6705098723.75,3405.87,102956.0,1968691.13852
2026-02-27,0699,Закрытый паевой инвестиционный фонд рыночных финансовых инструментов «Альфа-Капитал Технологии»,Закрытый,Сформирован,643-RUB,6417321083.97,3259.69,102955.0,1968691.1385200007
2026-03-31,0699,Закрытый паевой инвестиционный фонд рыночных финансовых инструментов «Альфа-Капитал Технологии»,Закрытый,Сформирован,643-RUB,6756881533.22,3432.17,102974.0,1967687.53055
2026-04-30,0699,Закрытый паевой инвестиционный фонд рыночных финансовых инструментов «Альфа-Капитал Технологии»,Закрытый,Сформирован,643-RUB,6234270095.26,3166.71,102974.0,1968691.13852
2026-05-29,0699,Закрытый паевой инвестиционный фонд рыночных финансовых инструментов «Альфа-Капитал Технологии»,Закрытый,Сформирован,643-RUB,5961017111.44,3027.91,102974.0,1968691.13852
2026-06-30,0699,Закрытый паевой инвестиционный фонд рыночных финансовых инструментов «Альфа-Капитал Технологии»,Закрытый,Сформирован,643-RUB,6451634353.16,3277.12,102974.0,1968691.13852
2026-07-31,0699,Закрытый паевой инвестиционный фонд рыночных финансовых инструментов «Альфа-Капитал Технологии»,Закрытый,Сформирован,643-RUB,6653026175.44,3379.42,102974.0,1968691.13852
2026-01-30,0716,Закрытый паевой инвестиционный фонд рыночных финансовых инструментов «Первая – Глобальный»,Закрытый,Сформирован,643-RUB,2608362694.42,1583.48,43617.0,1647093.3391327
2026-02-27,0716,Закрытый паевой инвестиционный фонд рыночных финансовых инструментов «Первая – Глобальный»,Закрытый,Сформирован,643-RUB,2638578006.46,1601.82,43617.0,1647093.3391327038
2026-03-31,0716,Закрытый паевой инвестиционный фонд рыночных финансовых инструментов «Первая – Глобальный»,Закрытый,Сформирован,643-RUB,3451818642.81,2095.52,43620.0,1647093.3391327
2026-04-30,0716,Закрытый паевой инвестиционный фонд рыночных финансовых инструментов «Первая – Глобальный»,Закрытый,Сформирован,643-RUB,3193237907.08,1938.54,43620.0,1647093.3391326994
2026-05-29,0716,Закрытый паевой инвестиционный фонд рыночных финансовых инструментов «Первая – Глобальный»,Закрытый,Сформирован,643-RUB,3047970746.08,1850.35,43620.0,1647093.3391327
2026-06-30,0716,Закрытый паевой инвестиционный фонд рыночных финансовых инструментов «Первая – Глобальный»,Закрытый,Сформирован,643-RUB,3304277534.31,2005.95,43620.0,1647093.3391327
2026-07-31,0716,Закрытый паевой инвестиционный фонд рыночных финансовых инструментов «Первая – Глобальный»,Закрытый,Сформирован,643-RUB,3391898073.51,2059.14,43620.0,1647093.3391327
2026-01-30,0723,Закрытый паевой инвестиционный фонд недвижимости «Прагматик» под управлением Общества с ограниченной ответственностью «Управляющая компания «Прагма Капитал»,Закрытый,Сформирован,643-RUB,12394174.63,109.96,,
2026-02-27,0723,Закрытый паевой инвестиционный фонд недвижимости «Прагматик» под управлением Общества с ограниченной ответственностью «Управляющая компания «Прагма Капитал»,Закрытый,Сформирован,643-RUB,12293875.43,109.07,,
2026-03-31,0723,Закрытый паевой инвестиционный фонд недвижимости «Прагматик» под управлением Общества с ограниченной ответственностью «Управляющая компания «Прагма Капитал»,Закрытый,Сформирован,643-RUB,12469556.47,110.63,10.0,112712.73
2026-04-30,0723,Закрытый паевой инвестиционный фонд недвижимости «Прагматик» под управлением Общества с ограниченной ответственностью «Управляющая компания «Прагма Капитал»,Закрытый,Сформирован,643-RUB,12633425.26,112.09,10.0,112712.73
2026-05-29,0723,Закрытый паевой инвестиционный фонд недвижимости «Прагматик» под управлением Общества с ограниченной ответственностью «Управляющая компания «Прагма Капитал»,Закрытый,Сформирован,643-RUB,12531286.42,111.18,10.0,112712.73
2026-06-30,0723,Закрытый паевой инвестиционный фонд недвижимости «Прагматик» под управлением Общества с ограниченной ответственностью «Управляющая компания «Прагма Капитал»,Закрытый,Сформирован,643-RUB,12395073.26,109.97,10.0,112712.73
2026-07-31,0723,Закрытый паевой инвестиционный фонд недвижимости «Прагматик» под управлением Общества с ограниченной ответственностью «Управляющая компания «Прагма Капитал»,Закрытый,Сформирован,643-RUB,12284698.24,108.99,10.0,112712.73
2026-01-30,0729,"Открытый паевой инвестиционный фонд рыночных финансовых инструментов ""Атон - Фонд облигаций""",Открытый,Сформирован,643-RUB,2312305581.92,4074.27,2314.0,567538.4177200001
2026-02-27,0729,"Открытый паевой инвестиционный фонд рыночных финансовых инструментов ""Атон - Фонд облигаций""",Открытый,Сформирован,643-RUB,2340989142.28,4156.82,2346.0,563168.8461300001
2026-03-31,0729,"Открытый паевой инвестиционный фонд рыночных финансовых инструментов ""Атон - Фонд облигаций""",Открытый,Сформирован,643-RUB,2534539473.63,4202.05,2414.0,603166.8298200002
2026-04-30,0729,"Открытый паевой инвестиционный фонд рыночных финансовых инструментов ""Атон - Фонд облигаций""",Открытый,Сформирован,643-RUB,2669707766.09,4251.01,2488.0,628016.6442699998
2026-05-29,0729,"Открытый паевой инвестиционный фонд рыночных финансовых инструментов ""Атон - Фонд облигаций""",Открытый,Сформирован,643-RUB,2749225203.83,4258.41,2561.0,645599.2013099997
2026-06-30,0729,"Открытый паевой инвестиционный фонд рыночных финансовых инструментов ""Атон - Фонд облигаций""",Открытый,Сформирован,643-RUB,2583999532.48,4075.44,2582.0,634041.8226499999
2026-07-31,0729,"Открытый паевой инвестиционный фонд рыночных финансовых инструментов ""Атон - Фонд облигаций""",Открытый,Сформирован,643-RUB,2684070543.01,4204.88,2527.0,638322.95032
2026-01-30,0734,Открытый паевой инвестиционный фонд рыночных финансовых инструментов «ДОХОДЪ. Российские акции. Первый эшелон»,Открытый,Сформирован,643-RUB,33053469.86,3043.17,463.0,10861.53006
2026-02-27,0734,Открытый паевой инвестиционный фонд рыночных финансовых инструментов «ДОХОДЪ. Российские акции. Первый эшелон»,Открытый,Сформирован,643-RUB,33183257.51,3074.97,467.0,10791.391819999992
2026-03-31,0734,Открытый паевой инвестиционный фонд рыночных финансовых инструментов «ДОХОДЪ. Российские акции. Первый эшелон»,Открытый,Сформирован,643-RUB,37525425.87,3002.43,461.0,12498.35306
2026-04-30,0734,Открытый паевой инвестиционный фонд рыночных финансовых инструментов «ДОХОДЪ. Российские акции. Первый эшелон»,Открытый,Сформирован,643-RUB,31217318.26,2914.83,456.0,10709.8368
2026-05-29,0734,Открытый паевой инвестиционный фонд рыночных финансовых инструментов «ДОХОДЪ. Российские акции. Первый эшелон»,Открытый,Сформирован,643-RUB,30037256.69,2824.31,448.0,10635.25889
2026-06-30,0734,Открытый паевой инвестиционный фонд рыночных финансовых инструментов «ДОХОДЪ. Российские акции. Первый эшелон»,Открытый,Сформирован,643-RUB,27741634.95,2578.03,448.0,10760.793910000002
2026-07-31,0734,Открытый паевой инвестиционный фонд рыночных финансовых инструментов «ДОХОДЪ. Российские акции. Первый эшелон»,Открытый,Сформирован,643-RUB,29243140.91,2687.38,452.0,10881.6378
2026-01-30,0754,Закрытый паевой инвестиционный фонд недвижимости «Саввинские палаты»,Закрытый,Сформирован,643-RUB,2539038425.88,25115.97,1.0,101092.58706
2026-02-27,0754,Закрытый паевой инвестиционный фонд недвижимости «Саввинские палаты»,Закрытый,Сформирован,643-RUB,2541872926.62,25144.01,1.0,101092.58706
2026-03-31,0754,Закрытый паевой инвестиционный фонд недвижимости «Саввинские палаты»,Закрытый,Сформирован,643-RUB,2676900726.79,26479.69,1.0,101092.58706
2026-04-30,0754,Закрытый паевой инвестиционный фонд недвижимости «Саввинские палаты»,Закрытый,Сформирован,643-RUB,2684427507.97,26554.15,1.0,101092.58706
2026-05-29,0754,Закрытый паевой инвестиционный фонд недвижимости «Саввинские палаты»,Закрытый,Сформирован,643-RUB,2695792693.3,26666.57,1.0,101092.58706
2026-06-30,0754,Закрытый паевой инвестиционный фонд недвижимости «Саввинские палаты»,Закрытый,Сформирован,643-RUB,2694103641.8,26649.86,1.0,101092.58706
2026-07-31,0754,Закрытый паевой инвестиционный фонд недвижимости «Саввинские палаты»,Закрытый,Сформирован,643-RUB,2707255921.75,26779.96,1.0,101092.58706
2026-01-30,0757,Открытый паевой инвестиционный фонд рыночных финансовых инструментов «Первая – Новые возможности»,Открытый,Сформирован,643-RUB,2746551977.72,2073.86,26201.0,1324130.3537816005
2026-02-27,0757,Открытый паевой инвестиционный фонд рыночных финансовых инструментов «Первая – Новые возможности»,Открытый,Сформирован,643-RUB,2870707665.08,2124.63,25946.0,1350923.6602824014
2026-03-31,0757,Открытый паевой инвестиционный фонд рыночных финансовых инструментов «Первая – Новые возможности»,Открытый,Сформирован,643-RUB,2540942214.26,1973.85,25542.0,1287068.4500212998
2026-01-30,0806,"Закрытый паевой инвестиционный фонд смешанных инвестиций ""Стратегические активы""",Закрытый,Сформирован,643-RUB,81081930061.76,144789.16,1.0,560000.0
2026-02-27,0806,"Закрытый паевой инвестиционный фонд смешанных инвестиций ""Стратегические активы""",Закрытый,Сформирован,643-RUB,81923399614.14,146291.79,1.0,560000.0
2026-03-31,0806,"Закрытый паевой инвестиционный фонд смешанных инвестиций ""Стратегические активы""",Закрытый,Сформирован,643-RUB,83222607047.48,148611.8,1.0,560000.0
2026-04-30,0806,"Закрытый паевой инвестиционный фонд смешанных инвестиций ""Стратегические активы""",Закрытый,Сформирован,643-RUB,84322443056.81,150575.79,1.0,560000.0
2026-05-29,0806,"Закрытый паевой инвестиционный фонд смешанных инвестиций ""Стратегические активы""",Закрытый,Сформирован,643-RUB,84521694254.26,150931.6,1.0,560000.0
2026-06-30,0806,"Закрытый паевой инвестиционный фонд смешанных инвестиций ""Стратегические активы""",Закрытый,Сформирован,643-RUB,84829328421.28,151480.94,1.0,560000.0
2026-07-31,0806,"Закрытый паевой инвестиционный фонд смешанных инвестиций ""Стратегические активы""",Закрытый,Сформирован,643-RUB,86460116331.52,154393.06,1.0,560000.0
2026-01-30,0809,Открытый паевой инвестиционный фонд рыночных финансовых инструментов «ДОХОДЪ. Перспективные облигации. Россия»,Открытый,Сформирован,643-RUB,62184131.54,2563.96,1236.0,24253.15293999999
2026-02-27,0809,Открытый паевой инвестиционный фонд рыночных финансовых инструментов «ДОХОДЪ. Перспективные облигации. Россия»,Открытый,Сформирован,643-RUB,64565143.12,2601.27,1324.0,24820.63514000002
2026-03-31,0809,Открытый паевой инвестиционный фонд рыночных финансовых инструментов «ДОХОДЪ. Перспективные облигации. Россия»,Открытый,Сформирован,643-RUB,86301223.56,2665.85,1516.0,32372.88518
2026-04-30,0809,Открытый паевой инвестиционный фонд рыночных финансовых инструментов «ДОХОДЪ. Перспективные облигации. Россия»,Открытый,Сформирован,643-RUB,120448181.53,2703.58,1845.0,44551.37408
2026-05-29,0809,Открытый паевой инвестиционный фонд рыночных финансовых инструментов «ДОХОДЪ. Перспективные облигации. Россия»,Открытый,Сформирован,643-RUB,121335700.82,2738.59,2137.0,44305.96671999998
2026-06-30,0809,Открытый паевой инвестиционный фонд рыночных финансовых инструментов «ДОХОДЪ. Перспективные облигации. Россия»,Открытый,Сформирован,643-RUB,140508580.95,2750.4,2408.0,51086.67878
2026-07-31,0809,Открытый паевой инвестиционный фонд рыночных финансовых инструментов «ДОХОДЪ. Перспективные облигации. Россия»,Открытый,Сформирован,643-RUB,128985082.57,2808.75,2274.0,45922.6592
2026-01-30,0811,"Закрытый паевой инвестиционный фонд рыночных финансовых инструментов ""ДОХОДЪ. Валютные облигации. Мировой рынок""",Закрытый,Сформирован,643-RUB,1274175.68,118.4,47.0,10761.317869999995
2026-02-27,0811,"Закрытый паевой инвестиционный фонд рыночных финансовых инструментов ""ДОХОДЪ. Валютные облигации. Мировой рынок""",Закрытый,Сформирован,643-RUB,1273646.26,118.35,47.0,10761.31787
2026-03-31,0811,"Закрытый паевой инвестиционный фонд рыночных финансовых инструментов ""ДОХОДЪ. Валютные облигации. Мировой рынок""",Закрытый,Сформирован,643-RUB,1273274.21,118.32,47.0,10761.31787
2026-04-30,0811,"Закрытый паевой инвестиционный фонд рыночных финансовых инструментов ""ДОХОДЪ. Валютные облигации. Мировой рынок""",Закрытый,Сформирован,643-RUB,1272343.92,118.23,47.0,10761.31787
2026-05-29,0811,"Закрытый паевой инвестиционный фонд рыночных финансовых инструментов ""ДОХОДЪ. Валютные облигации. Мировой рынок""",Закрытый,Сформирован,643-RUB,1271558.71,118.16,47.0,10761.31787
2026-06-30,0811,"Закрытый паевой инвестиционный фонд рыночных финансовых инструментов ""ДОХОДЪ. Валютные облигации. Мировой рынок""",Закрытый,Сформирован,643-RUB,1271443.05,118.15,47.0,10761.31787
2026-07-31,0811,"Закрытый паевой инвестиционный фонд рыночных финансовых инструментов ""ДОХОДЪ. Валютные облигации. Мировой рынок""",Закрытый,Сформирован,643-RUB,1271116.75,118.12,47.0,10761.31787
2026-01-30,0812,Открытый паевой инвестиционный фонд рыночных финансовых инструментов «ДОХОДЪ. Мультифакторные инвестиции. Россия»,Открытый,Сформирован,643-RUB,17857355.13,1196.51,450.0,14924.49507
2026-02-27,0812,Открытый паевой инвестиционный фонд рыночных финансовых инструментов «ДОХОДЪ. Мультифакторные инвестиции. Россия»,Открытый,Сформирован,643-RUB,17838610.5,1203.43,449.0,14823.155590000004
2026-03-31,0812,Открытый паевой инвестиционный фонд рыночных финансовых инструментов «ДОХОДЪ. Мультифакторные инвестиции. Россия»,Открытый,Сформирован,643-RUB,17331557.82,1160.53,452.0,14934.16534
2026-04-30,0812,Открытый паевой инвестиционный фонд рыночных финансовых инструментов «ДОХОДЪ. Мультифакторные инвестиции. Россия»,Открытый,Сформирован,643-RUB,17235174.93,1133.96,453.0,15199.11025
2026-05-29,0812,Открытый паевой инвестиционный фонд рыночных финансовых инструментов «ДОХОДЪ. Мультифакторные инвестиции. Россия»,Открытый,Сформирован,643-RUB,17176204.8,1118.05,452.0,15362.59147
2026-06-30,0812,Открытый паевой инвестиционный фонд рыночных финансовых инструментов «ДОХОДЪ. Мультифакторные инвестиции. Россия»,Открытый,Сформирован,643-RUB,16142881.78,1031.37,457.0,15651.810699999998
2026-07-31,0812,Открытый паевой инвестиционный фонд рыночных финансовых инструментов «ДОХОДЪ. Мультифакторные инвестиции. Россия»,Открытый,Сформирован,643-RUB,15923707.54,1000.85,460.0,15910.18827
2026-01-30,0813,Закрытый паевой инвестиционный фонд недвижимости «АНТЕЙ СЕВЕР»,Закрытый,Сформирован,643-RUB,758192539.75,14866520.39,4.0,51.0
2026-02-27,0813,Закрытый паевой инвестиционный фонд недвижимости «АНТЕЙ СЕВЕР»,Закрытый,Сформирован,643-RUB,758281306.84,14868260.92,4.0,51.0
2026-03-31,0813,Закрытый паевой инвестиционный фонд недвижимости «АНТЕЙ СЕВЕР»,Закрытый,Сформирован,643-RUB,754758283.89,14799182.04,4.0,51.0
2026-04-30,0813,Закрытый паевой инвестиционный фонд недвижимости «АНТЕЙ СЕВЕР»,Закрытый,Сформирован,643-RUB,757644104.22,14855766.75,4.0,51.0
2026-05-29,0813,Закрытый паевой инвестиционный фонд недвижимости «АНТЕЙ СЕВЕР»,Закрытый,Сформирован,643-RUB,757799536.57,14858814.44,4.0,51.0
2026-06-30,0813,Закрытый паевой инвестиционный фонд недвижимости «АНТЕЙ СЕВЕР»,Закрытый,Сформирован,643-RUB,765090757.17,15001779.55,4.0,51.0
2026-07-31,0813,Закрытый паевой инвестиционный фонд недвижимости «АНТЕЙ СЕВЕР»,Закрытый,Сформирован,643-RUB,756181822.92,14827094.57,4.0,51.0
2026-01-30,0814,Закрытый паевой инвестиционный фонд недвижимости «АНТЕЙ ВОСТОК»,Закрытый,Сформирован,643-RUB,1050924208.41,20606357.03,4.0,51.0
2026-02-27,0814,Закрытый паевой инвестиционный фонд недвижимости «АНТЕЙ ВОСТОК»,Закрытый,Сформирован,643-RUB,1052211396.39,20631596.01,4.0,51.0
2026-03-31,0814,Закрытый паевой инвестиционный фонд недвижимости «АНТЕЙ ВОСТОК»,Закрытый,Сформирован,643-RUB,1050501130.01,20598061.37,4.0,51.0
2026-04-30,0814,Закрытый паевой инвестиционный фонд недвижимости «АНТЕЙ ВОСТОК»,Закрытый,Сформирован,643-RUB,1052667927.97,20640547.61,4.0,51.0
2026-05-29,0814,Закрытый паевой инвестиционный фонд недвижимости «АНТЕЙ ВОСТОК»,Закрытый,Сформирован,643-RUB,1053534337.48,20657536.03,4.0,51.0
2026-06-30,0814,Закрытый паевой инвестиционный фонд недвижимости «АНТЕЙ ВОСТОК»,Закрытый,Сформирован,643-RUB,1068496704.33,20950915.77,4.0,51.0
2026-07-31,0814,Закрытый паевой инвестиционный фонд недвижимости «АНТЕЙ ВОСТОК»,Закрытый,Сформирован,643-RUB,1060775648.12,20799522.51,4.0,51.0
2026-01-30,0822,Закрытый паевой инвестиционный фонд недвижимости «АНТЕЙ ЮГ»,Закрытый,Сформирован,643-RUB,648990327.64,12725300.54,1.0,51.0
2026-02-27,0822,Закрытый паевой инвестиционный фонд недвижимости «АНТЕЙ ЮГ»,Закрытый,Сформирован,643-RUB,649757219.54,12740337.64,1.0,51.0
2026-03-31,0822,Закрытый паевой инвестиционный фонд недвижимости «АНТЕЙ ЮГ»,Закрытый,Сформирован,643-RUB,651380918.39,12772174.87,1.0,51.0
2026-04-30,0822,Закрытый паевой инвестиционный фонд недвижимости «АНТЕЙ ЮГ»,Закрытый,Сформирован,643-RUB,650663787.64,12758113.48,1.0,51.0
2026-05-29,0822,Закрытый паевой инвестиционный фонд недвижимости «АНТЕЙ ЮГ»,Закрытый,Сформирован,643-RUB,644811156.72,12643356.01,1.0,51.0
2026-06-30,0822,Закрытый паевой инвестиционный фонд недвижимости «АНТЕЙ ЮГ»,Закрытый,Сформирован,643-RUB,648692356.16,12719457.96,1.0,51.0
2026-07-31,0822,Закрытый паевой инвестиционный фонд недвижимости «АНТЕЙ ЮГ»,Закрытый,Сформирован,643-RUB,648012742.7,12706132.21,1.0,51.0
2026-01-30,0846,Открытый паевой инвестиционный фонд рыночных финансовых инструментов «Апрель Капитал – Акции сырьевых компаний»,Открытый,Сформирован,643-RUB,57485222.55,561.23,1.0,3e-05
2026-02-27,0846,Открытый паевой инвестиционный фонд рыночных финансовых инструментов «Апрель Капитал – Акции сырьевых компаний»,Открытый,Сформирован,643-RUB,56777952.17,559.69,1.0,3e-05
2026-03-31,0846,Открытый паевой инвестиционный фонд рыночных финансовых инструментов «Апрель Капитал – Акции сырьевых компаний»,Открытый,Сформирован,643-RUB,55875633.04,556.88,139.0,100336.12403
2026-04-30,0846,Открытый паевой инвестиционный фонд рыночных финансовых инструментов «Апрель Капитал – Акции сырьевых компаний»,Открытый,Сформирован,643-RUB,49582860.28,523.75,132.0,94669.09512
2026-05-29,0846,Открытый паевой инвестиционный фонд рыночных финансовых инструментов «Апрель Капитал – Акции сырьевых компаний»,Открытый,Сформирован,643-RUB,47586429.96,502.66,137.0,94669.09511999998
2026-06-30,0846,Открытый паевой инвестиционный фонд рыночных финансовых инструментов «Апрель Капитал – Акции сырьевых компаний»,Открытый,Сформирован,643-RUB,42725103.44,451.6,135.0,94609.04892999998
2026-07-31,0846,Открытый паевой инвестиционный фонд рыночных финансовых инструментов «Апрель Капитал – Акции сырьевых компаний»,Открытый,Сформирован,643-RUB,42388153.26,448.01,134.0,94613.8158
2026-01-30,0847,Открытый паевой инвестиционный фонд рыночных финансовых инструментов «Апрель Капитал – Акции несырьевых компаний»,Открытый,Сформирован,643-RUB,16528810.24,126.8,,
2026-02-27,0847,Открытый паевой инвестиционный фонд рыночных финансовых инструментов «Апрель Капитал – Акции несырьевых компаний»,Открытый,Сформирован,643-RUB,16920561.5,129.81,,
2026-03-31,0847,Открытый паевой инвестиционный фонд рыночных финансовых инструментов «Апрель Капитал – Акции несырьевых компаний»,Открытый,Сформирован,643-RUB,16218664.85,124.75,49.0,130009.61635
2026-04-30,0847,Открытый паевой инвестиционный фонд рыночных финансовых инструментов «Апрель Капитал – Акции несырьевых компаний»,Открытый,Сформирован,643-RUB,15850486.64,122.24,49.0,129663.61635
2026-05-29,0847,Открытый паевой инвестиционный фонд рыночных финансовых инструментов «Апрель Капитал – Акции несырьевых компаний»,Открытый,Сформирован,643-RUB,15853284.56,122.26,49.0,129663.61634999998
2026-06-30,0847,Открытый паевой инвестиционный фонд рыночных финансовых инструментов «Апрель Капитал – Акции несырьевых компаний»,Открытый,Сформирован,643-RUB,14501123.76,111.97,47.0,129513.14855
2026-07-31,0847,Открытый паевой инвестиционный фонд рыночных финансовых инструментов «Апрель Капитал – Акции несырьевых компаний»,Открытый,Сформирован,643-RUB,14565636.57,112.46,47.0,129513.14855
2026-01-30,0853,Закрытый паевой инвестиционный рентный фонд «Казанский земельный инвестиционный фонд»,Закрытый,Сформирован,643-RUB,28056954471.91,77470.24,5.0,362164.30005
2026-02-27,0853,Закрытый паевой инвестиционный рентный фонд «Казанский земельный инвестиционный фонд»,Закрытый,Сформирован,643-RUB,14901976023.55,80680.18,4.0,184704.30005
2026-03-31,0853,Закрытый паевой инвестиционный рентный фонд «Казанский земельный инвестиционный фонд»,Закрытый,Сформирован,643-RUB,15688425243.86,84938.06,4.0,184704.30005
2026-04-30,0853,Закрытый паевой инвестиционный рентный фонд «Казанский земельный инвестиционный фонд»,Закрытый,Сформирован,643-RUB,15722825794.25,85124.31,5.0,184704.30005
2026-05-29,0853,Закрытый паевой инвестиционный рентный фонд «Казанский земельный инвестиционный фонд»,Закрытый,Сформирован,643-RUB,15752139484.93,85283.01,5.0,184704.30005
2026-06-30,0853,Закрытый паевой инвестиционный рентный фонд «Казанский земельный инвестиционный фонд»,Закрытый,Сформирован,643-RUB,7812559075.85,84551.23,4.0,92400.30005
2026-07-31,0853,Закрытый паевой инвестиционный рентный фонд «Казанский земельный инвестиционный фонд»,Закрытый,Сформирован,643-RUB,7847006410.94,84924.04,4.0,92400.30005
2026-01-30,0907,Закрытый паевой инвестиционный фонд рыночных финансовых инструментов «Альфа-Капитал Глобальный баланс»,Закрытый,Сформирован,643-RUB,6975119072.51,1056.03,30980.0,6605013.002059999
2026-02-27,0907,Закрытый паевой инвестиционный фонд рыночных финансовых инструментов «Альфа-Капитал Глобальный баланс»,Закрытый,Сформирован,643-RUB,6763685591.64,1024.02,30979.0,6605013.002059998
2026-03-31,0907,Закрытый паевой инвестиционный фонд рыночных финансовых инструментов «Альфа-Капитал Глобальный баланс»,Закрытый,Сформирован,643-RUB,7138632309.96,1080.79,31004.0,6605013.002059997
2026-04-30,0907,Закрытый паевой инвестиционный фонд рыночных финансовых инструментов «Альфа-Капитал Глобальный баланс»,Закрытый,Сформирован,643-RUB,6612545659.8,1001.14,30998.0,6605013.002060002
2026-05-29,0907,Закрытый паевой инвестиционный фонд рыночных финансовых инструментов «Альфа-Капитал Глобальный баланс»,Закрытый,Сформирован,643-RUB,6301564833.52,954.06,30998.0,6605013.002059999
2026-06-30,0907,Закрытый паевой инвестиционный фонд рыночных финансовых инструментов «Альфа-Капитал Глобальный баланс»,Закрытый,Сформирован,643-RUB,6834544742.03,1034.75,31000.0,6605013.002060001
2026-07-31,0907,Закрытый паевой инвестиционный фонд рыночных финансовых инструментов «Альфа-Капитал Глобальный баланс»,Закрытый,Сформирован,643-RUB,7014233357.58,1061.96,31002.0,6605013.00206
2026-01-30,0908,Закрытый паевой инвестиционный фонд рыночных финансовых инструментов «Альфа-Капитал Золото»,Закрытый,Сформирован,643-RUB,721698477.36,707.27,33005.0,1020400.07887
2026-02-27,0908,Закрытый паевой инвестиционный фонд рыночных финансовых инструментов «Альфа-Капитал Золото»,Закрытый,Сформирован,643-RUB,806610223.26,790.48,33005.0,1020400.07887
2026-03-31,0908,Закрытый паевой инвестиционный фонд рыночных финансовых инструментов «Альфа-Капитал Золото»,Закрытый,Сформирован,643-RUB,850122178.03,833.13,33004.0,1020400.07886
2026-04-30,0908,Закрытый паевой инвестиционный фонд рыночных финансовых инструментов «Альфа-Капитал Золото»,Закрытый,Сформирован,643-RUB,783140409.13,767.48,33004.0,1020400.07887
2026-05-29,0908,Закрытый паевой инвестиционный фонд рыночных финансовых инструментов «Альфа-Капитал Золото»,Закрытый,Сформирован,643-RUB,746485312.44,731.56,33004.0,1020400.0788700004
2026-06-30,0908,Закрытый паевой инвестиционный фонд рыночных финансовых инструментов «Альфа-Капитал Золото»,Закрытый,Сформирован,643-RUB,813046492.86,796.79,33006.0,1020400.07887
2026-07-31,0908,Закрытый паевой инвестиционный фонд рыночных финансовых инструментов «Альфа-Капитал Золото»,Закрытый,Сформирован,643-RUB,834961331.9,818.27,33006.0,1020400.07887
2026-01-30,0913,Закрытый паевой инвестиционный фонд рыночных финансовых инструментов «Первая – Финансовый сектор»,Закрытый,Сформирован,643-RUB,475088231.44,717.44,5973.0,662203.5034236003
2026-02-27,0913,Закрытый паевой инвестиционный фонд рыночных финансовых инструментов «Первая – Финансовый сектор»,Закрытый,Сформирован,643-RUB,481725090.7,727.46,5973.0,662203.5034236006
2026-03-31,0913,Закрытый паевой инвестиционный фонд рыночных финансовых инструментов «Первая – Финансовый сектор»,Закрытый,Сформирован,643-RUB,342317651.76,516.94,5973.0,662203.5034236002
2026-04-30,0913,Закрытый паевой инвестиционный фонд рыночных финансовых инструментов «Первая – Финансовый сектор»,Закрытый,Сформирован,643-RUB,273646180.68,466.93,5973.0,586050.1005262
2026-05-29,0913,Закрытый паевой инвестиционный фонд рыночных финансовых инструментов «Первая – Финансовый сектор»,Закрытый,Сформирован,643-RUB,256977827.36,438.49,5973.0,586050.1005261999
2026-06-30,0913,Закрытый паевой инвестиционный фонд рыночных финансовых инструментов «Первая – Финансовый сектор»,Закрытый,Сформирован,643-RUB,286033306.1,488.07,5978.0,586050.1005262003
2026-07-31,0913,Закрытый паевой инвестиционный фонд рыночных финансовых инструментов «Первая – Финансовый сектор»,Закрытый,Сформирован,643-RUB,284115783.96,484.8,5978.0,586050.1005262
2026-01-30,0958,Закрытый паевой инвестиционный фонд рыночных финансовых инструментов «РСХБ – Фонд Еврооблигаций развивающихся рынков»,Закрытый,Сформирован,643-RUB,113041688.93,6.39,3774.0,17692320.962419998
2026-02-27,0958,Закрытый паевой инвестиционный фонд рыночных финансовых инструментов «РСХБ – Фонд Еврооблигаций развивающихся рынков»,Закрытый,Сформирован,643-RUB,117780699.83,6.66,3774.0,17692320.962419994
2026-03-31,0958,Закрытый паевой инвестиционный фонд рыночных финансовых инструментов «РСХБ – Фонд Еврооблигаций развивающихся рынков»,Закрытый,Сформирован,643-RUB,118170369.59,6.68,3775.0,17692320.962419994
2026-04-30,0958,Закрытый паевой инвестиционный фонд рыночных финансовых инструментов «РСХБ – Фонд Еврооблигаций развивающихся рынков»,Закрытый,Сформирован,643-RUB,112623163.22,6.37,3775.0,17692320.962429997
2026-05-29,0958,Закрытый паевой инвестиционный фонд рыночных финансовых инструментов «РСХБ – Фонд Еврооблигаций развивающихся рынков»,Закрытый,Сформирован,643-RUB,109657784.03,6.2,3775.0,17692320.96243
2026-06-30,0958,Закрытый паевой инвестиционный фонд рыночных финансовых инструментов «РСХБ – Фонд Еврооблигаций развивающихся рынков»,Закрытый,Сформирован,643-RUB,117201253.91,6.62,3777.0,17692320.96243
2026-07-31,0958,Закрытый паевой инвестиционный фонд рыночных финансовых инструментов «РСХБ – Фонд Еврооблигаций развивающихся рынков»,Закрытый,Сформирован,643-RUB,83960835.37,6.75,3777.0,12437701.63624
2026-01-30,0959,Открытый паевой инвестиционный фонд рыночных финансовых инструментов «РСХБ – Фонд Компаний малой и средней капитализации»,Открытый,Сформирован,643-RUB,752965878.81,29.34,2948.0,25661378.07468
2026-02-27,0959,Открытый паевой инвестиционный фонд рыночных финансовых инструментов «РСХБ – Фонд Компаний малой и средней капитализации»,Открытый,Сформирован,643-RUB,753430850.83,29.9,2899.0,25267450.97467
2026-03-31,0959,Открытый паевой инвестиционный фонд рыночных финансовых инструментов «РСХБ – Фонд Компаний малой и средней капитализации»,Открытый,Сформирован,643-RUB,682551906.33,27.69,2832.0,24645583.24409
2026-04-30,0959,Открытый паевой инвестиционный фонд рыночных финансовых инструментов «РСХБ – Фонд Компаний малой и средней капитализации»,Открытый,Сформирован,643-RUB,599064908.78,26.57,2771.0,22542668.358610004
2026-05-29,0959,Открытый паевой инвестиционный фонд рыночных финансовых инструментов «РСХБ – Фонд Компаний малой и средней капитализации»,Открытый,Сформирован,643-RUB,578072104.16,25.89,2741.0,22327125.02464001
2026-06-30,0959,Открытый паевой инвестиционный фонд рыночных финансовых инструментов «РСХБ – Фонд Компаний малой и средней капитализации»,Открытый,Сформирован,643-RUB,530150948.8,23.99,2702.0,22094508.90734
2026-07-31,0959,Открытый паевой инвестиционный фонд рыночных финансовых инструментов «РСХБ – Фонд Компаний малой и средней капитализации»,Открытый,Сформирован,643-RUB,531151051.85,24.32,2678.0,21836796.97878
2026-01-30,0960,Открытый паевой инвестиционный фонд рыночных финансовых инструментов «ВИМ - Нефтегазовый сектор»,Открытый,Сформирован,643-RUB,2531698242.09,39.15,9062.0,64666132.01416
2026-02-27,0960,Открытый паевой инвестиционный фонд рыночных финансовых инструментов «ВИМ - Нефтегазовый сектор»,Открытый,Сформирован,643-RUB,2460651030.18,38.67,8922.0,63635016.73706
2026-03-31,0960,Открытый паевой инвестиционный фонд рыночных финансовых инструментов «ВИМ - Нефтегазовый сектор»,Открытый,Сформирован,643-RUB,2622136436.59,40.64,9217.0,64516141.0079
2026-04-30,0960,Открытый паевой инвестиционный фонд рыночных финансовых инструментов «ВИМ - Нефтегазовый сектор»,Открытый,Сформирован,643-RUB,2415061391.9,38.46,9201.0,62794987.629360005
2026-05-29,0960,Открытый паевой инвестиционный фонд рыночных финансовых инструментов «ВИМ - Нефтегазовый сектор»,Открытый,Сформирован,643-RUB,2293382876.6,37.35,9058.0,61394829.73926999
2026-06-30,0960,Открытый паевой инвестиционный фонд рыночных финансовых инструментов «ВИМ - Нефтегазовый сектор»,Открытый,Сформирован,643-RUB,2020273624.88,33.55,8883.0,60222258.56796002
2026-07-31,0960,Открытый паевой инвестиционный фонд рыночных финансовых инструментов «ВИМ - Нефтегазовый сектор»,Открытый,Сформирован,643-RUB,2090653856.38,35.02,8820.0,59700807.8388
2026-01-30,0961,Открытый паевой инвестиционный фонд рыночных финансовых инструментов «ВИМ - Металлургия»,Открытый,Сформирован,643-RUB,975574694.61,14.99,5732.0,65096380.75237
2026-02-27,0961,Открытый паевой инвестиционный фонд рыночных финансовых инструментов «ВИМ - Металлургия»,Открытый,Сформирован,643-RUB,936540354.2,15.07,5735.0,62149063.28356001
2026-03-31,0961,Открытый паевой инвестиционный фонд рыночных финансовых инструментов «ВИМ - Металлургия»,Открытый,Сформирован,643-RUB,813306296.83,13.44,5625.0,60525259.59102999
2026-04-30,0961,Открытый паевой инвестиционный фонд рыночных финансовых инструментов «ВИМ - Металлургия»,Открытый,Сформирован,643-RUB,740455601.34,12.45,5544.0,59497711.26374999
2026-05-29,0961,Открытый паевой инвестиционный фонд рыночных финансовых инструментов «ВИМ - Металлургия»,Открытый,Сформирован,643-RUB,754792076.8,12.84,5493.0,58775382.64478999
2026-06-30,0961,Открытый паевой инвестиционный фонд рыночных финансовых инструментов «ВИМ - Металлургия»,Открытый,Сформирован,643-RUB,679217305.92,11.65,5428.0,58309871.72363998
2026-07-31,0961,Открытый паевой инвестиционный фонд рыночных финансовых инструментов «ВИМ - Металлургия»,Открытый,Сформирован,643-RUB,652789992.76,11.36,5383.0,57458567.12113
2026-01-30,0962,Открытый паевой инвестиционный фонд рыночных финансовых инструментов «ВИМ - Сбалансированные инвестиции»,Открытый,Сформирован,643-RUB,11404067935.18,50.25,23492.0,226927521.19925
2026-02-27,0962,Открытый паевой инвестиционный фонд рыночных финансовых инструментов «ВИМ - Сбалансированные инвестиции»,Открытый,Сформирован,643-RUB,11565185693.76,51.18,24198.0,225961049.21003
2026-03-31,0962,Открытый паевой инвестиционный фонд рыночных финансовых инструментов «ВИМ - Сбалансированные инвестиции»,Открытый,Сформирован,643-RUB,11025603965.87,49.42,24769.0,223080256.93662992
2026-04-30,0962,Открытый паевой инвестиционный фонд рыночных финансовых инструментов «ВИМ - Сбалансированные инвестиции»,Открытый,Сформирован,643-RUB,10620134223.72,48.65,24953.0,218305538.34363997
2026-05-29,0962,Открытый паевой инвестиционный фонд рыночных финансовых инструментов «ВИМ - Сбалансированные инвестиции»,Открытый,Сформирован,643-RUB,10842403104.92,50.31,24880.0,215521963.68506
2026-06-30,0962,Открытый паевой инвестиционный фонд рыночных финансовых инструментов «ВИМ - Сбалансированные инвестиции»,Открытый,Сформирован,643-RUB,10137291021.12,47.51,24879.0,213384353.16414
2026-07-31,0962,Открытый паевой инвестиционный фонд рыночных финансовых инструментов «ВИМ - Сбалансированные инвестиции»,Открытый,Сформирован,643-RUB,9748736664.25,47.23,24535.0,206425482.97004
2026-01-30,0964,Закрытый паевой инвестиционный фонд рыночных финансовых инструментов «РСХБ – Фонд «Мировые премиальные бренды»,Закрытый,Сформирован,643-RUB,359285596.22,6.19,3515.0,58079897.5245402
2026-02-27,0964,Закрытый паевой инвестиционный фонд рыночных финансовых инструментов «РСХБ – Фонд «Мировые премиальные бренды»,Закрытый,Сформирован,643-RUB,362097654.33,6.23,3515.0,58079897.52454019
2026-03-31,0964,Закрытый паевой инвестиционный фонд рыночных финансовых инструментов «РСХБ – Фонд «Мировые премиальные бренды»,Закрытый,Сформирован,643-RUB,375243507.02,6.46,3515.0,58079897.52453998
2026-04-30,0964,Закрытый паевой инвестиционный фонд рыночных финансовых инструментов «РСХБ – Фонд «Мировые премиальные бренды»,Закрытый,Сформирован,643-RUB,351491109.18,6.05,3515.0,58079897.52454001
2026-05-29,0964,Закрытый паевой инвестиционный фонд рыночных финансовых инструментов «РСХБ – Фонд «Мировые премиальные бренды»,Закрытый,Сформирован,643-RUB,308042812.71,5.3,3515.0,58079897.52453998
2026-06-30,0964,Закрытый паевой инвестиционный фонд рыночных финансовых инструментов «РСХБ – Фонд «Мировые премиальные бренды»,Закрытый,Сформирован,643-RUB,329088510.67,5.67,3515.0,58079897.52454
2026-07-31,0964,Закрытый паевой инвестиционный фонд рыночных финансовых инструментов «РСХБ – Фонд «Мировые премиальные бренды»,Закрытый,Сформирован,643-RUB,336857946.58,5.8,3515.0,58079897.52454
2026-01-30,0965,Открытый паевой инвестиционный фонд рыночных финансовых инструментов «ВИМ - Инновационный»,Открытый,Сформирован,643-RUB,405131732.86,9.66,4899.0,
2026-02-27,0965,Открытый паевой инвестиционный фонд рыночных финансовых инструментов «ВИМ - Инновационный»,Открытый,Сформирован,643-RUB,437033820.1,10.22,5125.0,42748809.85152
2026-03-31,0965,Открытый паевой инвестиционный фонд рыночных финансовых инструментов «ВИМ - Инновационный»,Открытый,Сформирован,643-RUB,388751822.19,9.43,5244.0,41204380.53468001
2026-04-30,0965,Открытый паевой инвестиционный фонд рыночных финансовых инструментов «ВИМ - Инновационный»,Открытый,Сформирован,643-RUB,374935390.35,9.23,5251.0,40625322.43792
2026-05-29,0965,Открытый паевой инвестиционный фонд рыночных финансовых инструментов «ВИМ - Инновационный»,Открытый,Сформирован,643-RUB,367127328.25,9.12,5216.0,40252995.70825
2026-06-30,0965,Открытый паевой инвестиционный фонд рыночных финансовых инструментов «ВИМ - Инновационный»,Открытый,Сформирован,643-RUB,330619731.2,8.33,5189.0,39677851.58685002
2026-07-31,0965,Открытый паевой инвестиционный фонд рыночных финансовых инструментов «ВИМ - Инновационный»,Открытый,Сформирован,643-RUB,339106976.17,8.6,5177.0,39415012.8559
2026-01-30,0966,Открытый паевой инвестиционный фонд рыночных финансовых инструментов «ВИМ – Сбалансированный. Консервативный»,Открытый,Сформирован,643-RUB,1547757514.18,55.68,11319.0,27796309.181410003
2026-02-27,0966,Открытый паевой инвестиционный фонд рыночных финансовых инструментов «ВИМ – Сбалансированный. Консервативный»,Открытый,Сформирован,643-RUB,1965642999.1,56.61,12676.0,34724244.950500004
2026-03-31,0966,Открытый паевой инвестиционный фонд рыночных финансовых инструментов «ВИМ – Сбалансированный. Консервативный»,Открытый,Сформирован,643-RUB,2570289417.44,57.03,14304.0,45070379.420149975
2026-04-30,0966,Открытый паевой инвестиционный фонд рыночных финансовых инструментов «ВИМ – Сбалансированный. Консервативный»,Открытый,Сформирован,643-RUB,3249272073.75,57.64,16364.0,56368646.41738002
2026-05-29,0966,Открытый паевой инвестиционный фонд рыночных финансовых инструментов «ВИМ – Сбалансированный. Консервативный»,Открытый,Сформирован,643-RUB,3639076038.72,57.91,17403.0,62837787.45535
2026-06-30,0966,Открытый паевой инвестиционный фонд рыночных финансовых инструментов «ВИМ – Сбалансированный. Консервативный»,Открытый,Сформирован,643-RUB,3392051434.93,56.15,17495.0,60412774.98138001
2026-07-31,0966,Открытый паевой инвестиционный фонд рыночных финансовых инструментов «ВИМ – Сбалансированный. Консервативный»,Открытый,Сформирован,643-RUB,3154550557.1,56.88,17230.0,55463368.10292
2026-01-30,0967,Закрытый паевой инвестиционный фонд рыночных финансовых инструментов «РСХБ – Фонд Технологий будущего»,Закрытый,Сформирован,643-RUB,3305552612.04,15.57,12064.0,212286408.00591
2026-02-27,0967,Закрытый паевой инвестиционный фонд рыночных финансовых инструментов «РСХБ – Фонд Технологий будущего»,Закрытый,Сформирован,643-RUB,3352463778.48,15.79,12065.0,212286408.00591004
2026-03-31,0967,Закрытый паевой инвестиционный фонд рыночных финансовых инструментов «РСХБ – Фонд Технологий будущего»,Закрытый,Сформирован,643-RUB,3525223377.37,16.61,12068.0,212286408.0059101
2026-04-30,0967,Закрытый паевой инвестиционный фонд рыночных финансовых инструментов «РСХБ – Фонд Технологий будущего»,Закрытый,Сформирован,643-RUB,3265157746.14,15.38,12066.0,212286408.00591
2026-05-29,0967,Закрытый паевой инвестиционный фонд рыночных финансовых инструментов «РСХБ – Фонд Технологий будущего»,Закрытый,Сформирован,643-RUB,3493139209.88,16.45,12071.0,212286408.00591
2026-06-30,0967,Закрытый паевой инвестиционный фонд рыночных финансовых инструментов «РСХБ – Фонд Технологий будущего»,Закрытый,Сформирован,643-RUB,3789264023.74,17.85,12073.0,212286408.00591
2026-07-31,0967,Закрытый паевой инвестиционный фонд рыночных финансовых инструментов «РСХБ – Фонд Технологий будущего»,Закрытый,Сформирован,643-RUB,3888385098.77,18.32,12073.0,212286408.00591
2026-01-30,0968,Открытый паевой инвестиционный фонд рыночных финансовых инструментов «ВИМ - Акции»,Открытый,Сформирован,643-RUB,11048100058.61,55.44,10277.0,199293358.51404
2026-02-27,0968,Открытый паевой инвестиционный фонд рыночных финансовых инструментов «ВИМ - Акции»,Открытый,Сформирован,643-RUB,11543626088.62,56.48,26354.0,204390096.53719
2026-03-31,0968,Открытый паевой инвестиционный фонд рыночных финансовых инструментов «ВИМ - Акции»,Открытый,Сформирован,643-RUB,11288297178.45,53.33,27955.0,211653143.67446
2026-04-30,0968,Открытый паевой инвестиционный фонд рыночных финансовых инструментов «ВИМ - Акции»,Открытый,Сформирован,643-RUB,11557615213.7,51.7,28793.0,223568215.23530003
2026-05-29,0968,Открытый паевой инвестиционный фонд рыночных финансовых инструментов «ВИМ - Акции»,Открытый,Сформирован,643-RUB,11962079475.27,51.86,28916.0,230659357.23839003
2026-06-30,0968,Открытый паевой инвестиционный фонд рыночных финансовых инструментов «ВИМ - Акции»,Открытый,Сформирован,643-RUB,10883806071.85,47.38,28532.0,229705260.70187
2026-07-31,0968,Открытый паевой инвестиционный фонд рыночных финансовых инструментов «ВИМ - Акции»,Открытый,Сформирован,643-RUB,10503323549.31,46.09,28136.0,227908651.95893
2026-01-30,0976,"Открытый паевой инвестиционный фонд рыночных финансовых инструментов ""КМ Секьюритиз""",Открытый,Сформирован,643-RUB,1729668.29,4451.45,58.0,388.5631330000001
2026-02-27,0976,"Открытый паевой инвестиционный фонд рыночных финансовых инструментов ""КМ Секьюритиз""",Открытый,Сформирован,643-RUB,1751291.77,4507.1,58.0,388.5631330000001
2026-03-31,0976,"Открытый паевой инвестиционный фонд рыночных финансовых инструментов ""КМ Секьюритиз""",Открытый,Сформирован,643-RUB,1760563.82,4530.96,57.0,388.563133
2026-04-30,0976,"Открытый паевой инвестиционный фонд рыночных финансовых инструментов ""КМ Секьюритиз""",Открытый,Сформирован,643-RUB,1771942.89,4560.24,57.0,388.563133
2026-05-29,0976,"Открытый паевой инвестиционный фонд рыночных финансовых инструментов ""КМ Секьюритиз""",Открытый,Сформирован,643-RUB,1760957.05,4531.97,57.0,388.563133
2026-06-30,0976,"Открытый паевой инвестиционный фонд рыночных финансовых инструментов ""КМ Секьюритиз""",Открытый,Сформирован,643-RUB,1705101.78,4388.22,57.0,388.563133
2026-07-31,0976,"Открытый паевой инвестиционный фонд рыночных финансовых инструментов ""КМ Секьюритиз""",Открытый,Сформирован,643-RUB,1727577.35,4446.07,57.0,388.563133
2026-01-30,0987,Открытый паевой инвестиционный фонд рыночных финансовых инструментов «Райффайзен – Сырьевой сектор»,Открытый,Сформирован,643-RUB,4963450028.77,69810.32,7849.0,71099.09091
2026-02-27,0987,Открытый паевой инвестиционный фонд рыночных финансовых инструментов «Райффайзен – Сырьевой сектор»,Открытый,Сформирован,643-RUB,4820135249.39,69305.04,7737.0,69549.55947000004
2026-03-31,0987,Открытый паевой инвестиционный фонд рыночных финансовых инструментов «Райффайзен – Сырьевой сектор»,Открытый,Сформирован,643-RUB,4675872859.03,67896.26,7717.0,68867.89746000001
2026-04-30,0987,Открытый паевой инвестиционный фонд рыночных финансовых инструментов «Райффайзен – Сырьевой сектор»,Открытый,Сформирован,643-RUB,4257201461.24,63334.54,7594.0,67217.68474000001
2026-05-29,0987,Открытый паевой инвестиционный фонд рыночных финансовых инструментов «Райффайзен – Сырьевой сектор»,Открытый,Сформирован,643-RUB,4025128941.82,61249.46,7487.0,65716.96888999999
2026-06-30,0987,Открытый паевой инвестиционный фонд рыночных финансовых инструментов «Райффайзен – Сырьевой сектор»,Открытый,Сформирован,643-RUB,3516946104.8,55098.07,7335.0,63830.65715000003
2026-07-31,0987,Открытый паевой инвестиционный фонд рыночных финансовых инструментов «Райффайзен – Сырьевой сектор»,Открытый,Сформирован,643-RUB,3469344965.69,54974.93,7224.0,63107.76101
2026-01-30,0988,Открытый паевой инвестиционный фонд рыночных финансовых инструментов «Райффайзен — Акции роста»,Открытый,Сформирован,643-RUB,,0.0,,
2026-01-30,0991,Открытый паевой инвестиционный фонд рыночных финансовых инструментов «ТКБ Инвестмент Партнерс – Фонд валютных облигаций»,Открытый,Сформирован,643-RUB,765661167.98,31719.05,445.0,24138.843632999997
2026-02-27,0991,Открытый паевой инвестиционный фонд рыночных финансовых инструментов «ТКБ Инвестмент Партнерс – Фонд валютных облигаций»,Открытый,Сформирован,643-RUB,690410955.92,31777.18,,
2026-03-31,0991,Открытый паевой инвестиционный фонд рыночных финансовых инструментов «ТКБ Инвестмент Партнерс – Фонд валютных облигаций»,Открытый,Сформирован,643-RUB,696629095.79,33022.76,419.0,21095.425514999995
2026-04-30,0991,Открытый паевой инвестиционный фонд рыночных финансовых инструментов «ТКБ Инвестмент Партнерс – Фонд валютных облигаций»,Открытый,Сформирован,643-RUB,638859655.14,31535.05,406.0,20258.71835
2026-05-29,0991,Открытый паевой инвестиционный фонд рыночных финансовых инструментов «ТКБ Инвестмент Партнерс – Фонд валютных облигаций»,Открытый,Сформирован,643-RUB,561184781.99,30069.23,398.0,18663.09121
2026-06-30,0991,Открытый паевой инвестиционный фонд рыночных финансовых инструментов «ТКБ Инвестмент Партнерс – Фонд валютных облигаций»,Открытый,Сформирован,643-RUB,610709414.63,33026.23,394.0,18491.645593
2026-07-31,0991,Открытый паевой инвестиционный фонд рыночных финансовых инструментов «ТКБ Инвестмент Партнерс – Фонд валютных облигаций»,Открытый,Сформирован,643-RUB,544237383.18,32061.95,393.0,16974.557521
2026-01-30,0995,"Закрытый паевой инвестиционный фонд недвижимости ""Покровский""",Закрытый,В стадии прекращения,643-RUB,1690195.36,2.38,,
2026-02-27,0995,"Закрытый паевой инвестиционный фонд недвижимости ""Покровский""",Закрытый,В стадии прекращения,643-RUB,497584.87,0.7,,
2026-03-31,0995,"Закрытый паевой инвестиционный фонд недвижимости ""Покровский""",Закрытый,В стадии прекращения,643-RUB,4081611.5,5.75,,
2026-04-30,0995,"Закрытый паевой инвестиционный фонд недвижимости ""Покровский""",Закрытый,В стадии прекращения,643-RUB,2668741.46,3.76,0.0,0.0
2026-05-29,0995,"Закрытый паевой инвестиционный фонд недвижимости ""Покровский""",Закрытый,В стадии прекращения,643-RUB,1474030.96,2.08,,
2026-06-30,0995,"Закрытый паевой инвестиционный фонд недвижимости ""Покровский""",Закрытый,В стадии прекращения,643-RUB,1471630.96,2.07,,
2026-07-31,0995,"Закрытый паевой инвестиционный фонд недвижимости ""Покровский""",Закрытый,В стадии прекращения,643-RUB,-1321909.13,0.0,,
2026-01-30,0997,Открытый паевой инвестиционный фонд рыночных финансовых инструментов «ВИМ - Облигации. Ответственные инвестиции»,Открытый,Сформирован,643-RUB,534209012.16,3406.46,1892.0,
2026-02-27,0997,Открытый паевой инвестиционный фонд рыночных финансовых инструментов «ВИМ - Облигации. Ответственные инвестиции»,Открытый,Сформирован,643-RUB,548088772.39,3467.36,1896.0,158070.78275
2026-03-31,0997,Открытый паевой инвестиционный фонд рыночных финансовых инструментов «ВИМ - Облигации. Ответственные инвестиции»,Открытый,Сформирован,643-RUB,571824582.54,3525.68,1927.0,162188.52024999997
2026-04-30,0997,Открытый паевой инвестиционный фонд рыночных финансовых инструментов «ВИМ - Облигации. Ответственные инвестиции»,Открытый,Сформирован,643-RUB,594863558.1,3581.94,1967.0,166073.16232
2026-05-29,0997,Открытый паевой инвестиционный фонд рыночных финансовых инструментов «ВИМ - Облигации. Ответственные инвестиции»,Открытый,Сформирован,643-RUB,624752554.79,3617.02,1980.0,172725.94078
2026-06-30,0997,Открытый паевой инвестиционный фонд рыночных финансовых инструментов «ВИМ - Облигации. Ответственные инвестиции»,Открытый,Сформирован,643-RUB,642198191.95,3630.6,1978.0,176884.75535999998
2026-07-31,0997,Открытый паевой инвестиционный фонд рыночных финансовых инструментов «ВИМ - Облигации. Ответственные инвестиции»,Открытый,Сформирован,643-RUB,653498468.69,3687.7,1968.0,177210.14072
2026-01-30,0998,Открытый паевой инвестиционный фонд рыночных финансовых инструментов «ВИМ - Перспективные размещения»,Открытый,Сформирован,643-RUB,232694310.12,1857.59,2903.0,125266.97570999998
2026-02-27,0998,Открытый паевой инвестиционный фонд рыночных финансовых инструментов «ВИМ - Перспективные размещения»,Открытый,Сформирован,643-RUB,246023463.63,1964.92,2869.0,125207.831
2026-03-31,0998,Открытый паевой инвестиционный фонд рыночных финансовых инструментов «ВИМ - Перспективные размещения»,Открытый,Сформирован,643-RUB,226646951.06,1830.02,2811.0,123849.72340999998
2026-04-30,0998,Открытый паевой инвестиционный фонд рыночных финансовых инструментов «ВИМ - Перспективные размещения»,Открытый,Сформирован,643-RUB,222440515.04,1818.04,2752.0,122351.9199
2026-05-29,0998,Открытый паевой инвестиционный фонд рыночных финансовых инструментов «ВИМ - Перспективные размещения»,Открытый,Сформирован,643-RUB,219700792.67,1806.98,2727.0,121584.43655
2026-06-30,0998,Открытый паевой инвестиционный фонд рыночных финансовых инструментов «ВИМ - Перспективные размещения»,Открытый,Сформирован,643-RUB,199107774.85,1661.29,2678.0,119851.08694999995
2026-07-31,0998,Открытый паевой инвестиционный фонд рыночных финансовых инструментов «ВИМ - Перспективные размещения»,Открытый,Сформирован,643-RUB,204019667.36,1720.07,2669.0,118610.91975
2026-01-30,1008,Открытый паевой инвестиционный фонд рыночных финансовых инструментов «Атон – Эшелон 2.0»,Открытый,Сформирован,643-RUB,4297560602.78,2108.33,1911.0,2038373.19204
2026-02-27,1008,Открытый паевой инвестиционный фонд рыночных финансовых инструментов «Атон – Эшелон 2.0»,Открытый,Сформирован,643-RUB,4187259881.89,2141.39,1870.0,1955390.3698900004
2026-03-31,1008,Открытый паевой инвестиционный фонд рыночных финансовых инструментов «Атон – Эшелон 2.0»,Открытый,Сформирован,643-RUB,3242800673.61,2016.54,1826.0,1608097.6382100002
2026-04-30,1008,Открытый паевой инвестиционный фонд рыночных финансовых инструментов «Атон – Эшелон 2.0»,Открытый,Сформирован,643-RUB,2991104948.62,1943.9,1775.0,1538714.14786
2026-05-29,1008,Открытый паевой инвестиционный фонд рыночных финансовых инструментов «Атон – Эшелон 2.0»,Открытый,Сформирован,643-RUB,2844507943.94,1903.83,1745.0,1494095.9344700002
2026-06-30,1008,Открытый паевой инвестиционный фонд рыночных финансовых инструментов «Атон – Эшелон 2.0»,Открытый,Сформирован,643-RUB,2558626983.21,1752.02,1694.0,1460384.8226200002
2026-07-31,1008,Открытый паевой инвестиционный фонд рыночных финансовых инструментов «Атон – Эшелон 2.0»,Открытый,Сформирован,643-RUB,2553148641.83,1726.9,1662.0,1478456.60876
2026-01-30,1009,Открытый паевой инвестиционный фонд рыночных финансовых инструментов «Атон - Фонд высоких технологий»,Открытый,Сформирован,643-RUB,364814935.15,438.47,897.0,832016.6253300004
2026-02-27,1009,Открытый паевой инвестиционный фонд рыночных финансовых инструментов «Атон - Фонд высоких технологий»,Открытый,Сформирован,643-RUB,373027913.4,454.26,891.0,821179.5385600002
2026-03-31,1009,Открытый паевой инвестиционный фонд рыночных финансовых инструментов «Атон - Фонд высоких технологий»,Открытый,Сформирован,643-RUB,271693004.07,421.17,890.0,645087.7273600001
2026-04-30,1009,Открытый паевой инвестиционный фонд рыночных финансовых инструментов «Атон - Фонд высоких технологий»,Открытый,Сформирован,643-RUB,250255293.66,406.71,872.0,615309.86197
2026-05-29,1009,Открытый паевой инвестиционный фонд рыночных финансовых инструментов «Атон - Фонд высоких технологий»,Открытый,Сформирован,643-RUB,241502500.61,396.72,861.0,608740.88938
2026-06-30,1009,Открытый паевой инвестиционный фонд рыночных финансовых инструментов «Атон - Фонд высоких технологий»,Открытый,Сформирован,643-RUB,212969610.33,354.3,854.0,601099.4915200002
2026-07-31,1009,Открытый паевой инвестиционный фонд рыночных финансовых инструментов «Атон - Фонд высоких технологий»,Открытый,Сформирован,643-RUB,209043421.58,357.95,846.0,583998.44216
2026-01-30,1014,Открытый паевой инвестиционный фонд рыночных финансовых инструментов «Газпромбанк – Электроэнергетика»,Открытый,Сформирован,643-RUB,107061644.31,763.1,557.0,140298.85597
2026-02-27,1014,Открытый паевой инвестиционный фонд рыночных финансовых инструментов «Газпромбанк – Электроэнергетика»,Открытый,Сформирован,643-RUB,104910833.91,756.35,552.0,138707.14491999993
2026-03-31,1014,Открытый паевой инвестиционный фонд рыночных финансовых инструментов «Газпромбанк – Электроэнергетика»,Открытый,Сформирован,643-RUB,101851235.12,739.01,549.0,137820.47814999998
2026-04-30,1014,Открытый паевой инвестиционный фонд рыночных финансовых инструментов «Газпромбанк – Электроэнергетика»,Открытый,Сформирован,643-RUB,97866525.16,726.21,543.0,134762.74297000002
2026-05-29,1014,Открытый паевой инвестиционный фонд рыночных финансовых инструментов «Газпромбанк – Электроэнергетика»,Открытый,Сформирован,643-RUB,92193645.95,684.04,543.0,134777.56402999998
2026-06-30,1014,Открытый паевой инвестиционный фонд рыночных финансовых инструментов «Газпромбанк – Электроэнергетика»,Открытый,Сформирован,643-RUB,82185048.93,623.09,538.0,131898.56787000003
2026-07-31,1014,Открытый паевой инвестиционный фонд рыночных финансовых инструментов «Газпромбанк – Электроэнергетика»,Открытый,Сформирован,643-RUB,85366334.83,648.09,538.0,131719.86975
2026-01-30,1015,Закрытый паевой инвестиционный фонд рыночных финансовых инструментов «Газпромбанк – Нефть»,Закрытый,Сформирован,643-RUB,73569.71,197.29,599.0,372.90527
2026-02-27,1015,Закрытый паевой инвестиционный фонд рыночных финансовых инструментов «Газпромбанк – Нефть»,Закрытый,Сформирован,643-RUB,73569.71,197.29,599.0,372.90527
2026-03-31,1015,Закрытый паевой инвестиционный фонд рыночных финансовых инструментов «Газпромбанк – Нефть»,Закрытый,Сформирован,643-RUB,73569.71,197.29,603.0,372.9052699999999
2026-04-30,1015,Закрытый паевой инвестиционный фонд рыночных финансовых инструментов «Газпромбанк – Нефть»,Закрытый,Сформирован,643-RUB,73569.71,197.29,602.0,372.90527
2026-05-29,1015,Закрытый паевой инвестиционный фонд рыночных финансовых инструментов «Газпромбанк – Нефть»,Закрытый,Сформирован,643-RUB,73569.71,197.29,602.0,372.90527
2026-06-30,1015,Закрытый паевой инвестиционный фонд рыночных финансовых инструментов «Газпромбанк – Нефть»,Закрытый,Сформирован,643-RUB,73569.71,197.29,602.0,372.90527
2026-07-31,1015,Закрытый паевой инвестиционный фонд рыночных финансовых инструментов «Газпромбанк – Нефть»,Закрытый,Сформирован,643-RUB,73569.71,197.29,602.0,372.90527
2026-01-30,1024,"Закрытый паевой инвестиционный фонд смешанных инвестиций ""РВМ Русский Транзит""",Закрытый,Сформирован,643-RUB,3343359251.3,83510.49,1.0,40035.200436
2026-02-27,1024,"Закрытый паевой инвестиционный фонд смешанных инвестиций ""РВМ Русский Транзит""",Закрытый,Сформирован,643-RUB,3353595568.88,83766.17,2.0,80070.400872
2026-03-31,1024,"Закрытый паевой инвестиционный фонд смешанных инвестиций ""РВМ Русский Транзит""",Закрытый,Сформирован,643-RUB,3363847583.76,84022.25,1.0,40035.200436
2026-04-30,1024,"Закрытый паевой инвестиционный фонд смешанных инвестиций ""РВМ Русский Транзит""",Закрытый,Сформирован,643-RUB,3363856888.23,84022.48,1.0,40035.200436
2026-05-29,1024,"Закрытый паевой инвестиционный фонд смешанных инвестиций ""РВМ Русский Транзит""",Закрытый,Сформирован,643-RUB,3391208489.42,84705.67,1.0,40035.200436
2026-06-30,1024,"Закрытый паевой инвестиционный фонд смешанных инвестиций ""РВМ Русский Транзит""",Закрытый,Сформирован,643-RUB,3359927310.75,83924.33,1.0,40035.200436
2026-07-31,1024,"Закрытый паевой инвестиционный фонд смешанных инвестиций ""РВМ Русский Транзит""",Закрытый,Сформирован,643-RUB,3371996555.14,84225.79,1.0,40035.200436
2026-01-30,1028,Закрытый паевой инвестиционный фонд недвижимости «РВМ - Подмосковный»,Закрытый,Сформирован,643-RUB,749970463.47,116.65,212.0,6429209.76656
2026-02-27,1028,Закрытый паевой инвестиционный фонд недвижимости «РВМ - Подмосковный»,Закрытый,Сформирован,643-RUB,729459920.0,113.46,424.0,12858419.53312
2026-03-31,1028,Закрытый паевой инвестиционный фонд недвижимости «РВМ - Подмосковный»,Закрытый,Сформирован,643-RUB,731770628.59,113.82,206.0,6429209.76656
2026-04-30,1028,Закрытый паевой инвестиционный фонд недвижимости «РВМ - Подмосковный»,Закрытый,Сформирован,643-RUB,734721542.68,114.28,207.0,6429209.76656
2026-05-29,1028,Закрытый паевой инвестиционный фонд недвижимости «РВМ - Подмосковный»,Закрытый,Сформирован,643-RUB,742761664.45,115.53,206.0,6428929.76656
2026-06-30,1028,Закрытый паевой инвестиционный фонд недвижимости «РВМ - Подмосковный»,Закрытый,Сформирован,643-RUB,730270056.83,113.59,205.0,6428929.76656
2026-07-31,1028,Закрытый паевой инвестиционный фонд недвижимости «РВМ - Подмосковный»,Закрытый,Сформирован,643-RUB,748855479.96,116.48,205.0,6428929.76656
2026-01-30,1080,Закрытый паевой инвестиционный фонд недвижимости «Рождественский» под управлением Общества с ограниченной ответственностью «Управляющая компания «Прагма Капитал»,Закрытый,Сформирован,643-RUB,5400443.09,13.11,3.0,3670.0
2026-02-27,1080,Закрытый паевой инвестиционный фонд недвижимости «Рождественский» под управлением Общества с ограниченной ответственностью «Управляющая компания «Прагма Капитал»,Закрытый,Сформирован,643-RUB,5609170.03,13.62,3.0,3670.0
2026-03-31,1080,Закрытый паевой инвестиционный фонд недвижимости «Рождественский» под управлением Общества с ограниченной ответственностью «Управляющая компания «Прагма Капитал»,Закрытый,Сформирован,643-RUB,5043858.95,12.25,13.0,411690.6136
2026-04-30,1080,Закрытый паевой инвестиционный фонд недвижимости «Рождественский» под управлением Общества с ограниченной ответственностью «Управляющая компания «Прагма Капитал»,Закрытый,Сформирован,643-RUB,1498219.38,3.64,13.0,411690.6136
2026-05-29,1080,Закрытый паевой инвестиционный фонд недвижимости «Рождественский» под управлением Общества с ограниченной ответственностью «Управляющая компания «Прагма Капитал»,Закрытый,Сформирован,643-RUB,1798607.99,4.37,13.0,411690.6136
2026-06-30,1080,Закрытый паевой инвестиционный фонд недвижимости «Рождественский» под управлением Общества с ограниченной ответственностью «Управляющая компания «Прагма Капитал»,Закрытый,Сформирован,643-RUB,1393311.27,3.38,13.0,411690.6136
2026-07-31,1080,Закрытый паевой инвестиционный фонд недвижимости «Рождественский» под управлением Общества с ограниченной ответственностью «Управляющая компания «Прагма Капитал»,Закрытый,Сформирован,643-RUB,2372140.84,5.76,13.0,411690.6136
2026-01-30,1082,"Закрытый паевой инвестиционный фонд недвижимости ""Город""",Закрытый,Сформирован,643-RUB,48325684.65,1895.12,2.0,51000.0
2026-02-27,1082,"Закрытый паевой инвестиционный фонд недвижимости ""Город""",Закрытый,Сформирован,643-RUB,48166908.92,1888.9,1.0,25500.0
2026-03-31,1082,"Закрытый паевой инвестиционный фонд недвижимости ""Город""",Закрытый,Сформирован,643-RUB,47856891.06,1876.74,1.0,25500.0
2026-04-30,1082,"Закрытый паевой инвестиционный фонд недвижимости ""Город""",Закрытый,Сформирован,643-RUB,47665470.42,1869.23,1.0,25500.0
2026-05-29,1082,"Закрытый паевой инвестиционный фонд недвижимости ""Город""",Закрытый,Сформирован,643-RUB,47532758.23,1864.03,1.0,25500.0
2026-06-30,1082,"Закрытый паевой инвестиционный фонд недвижимости ""Город""",Закрытый,Сформирован,643-RUB,49399079.15,1937.22,1.0,25500.0
2026-07-31,1082,"Закрытый паевой инвестиционный фонд недвижимости ""Город""",Закрытый,Сформирован,643-RUB,49200555.31,1929.43,1.0,25000.0
2026-01-30,1084,"Закрытый паевой инвестиционный фонд недвижимости ""Недвижимость пенсионного фонда""",Закрытый,В стадии прекращения,643-RUB,128147903.45,1817.38,1.0,70512.62732
2026-02-27,1084,"Закрытый паевой инвестиционный фонд недвижимости ""Недвижимость пенсионного фонда""",Закрытый,В стадии прекращения,643-RUB,130402436.1,1849.35,1.0,70512.62732
2026-03-31,1084,"Закрытый паевой инвестиционный фонд недвижимости ""Недвижимость пенсионного фонда""",Закрытый,В стадии прекращения,643-RUB,133517313.54,1893.52,1.0,70512.62732
2026-04-30,1084,"Закрытый паевой инвестиционный фонд недвижимости ""Недвижимость пенсионного фонда""",Закрытый,В стадии прекращения,643-RUB,133636669.51,1895.22,1.0,70512.62732
2026-01-30,1090,"Закрытый паевой инвестиционный фонд недвижимости ""Семейные сбережения""",Закрытый,Сформирован,643-RUB,61075562.54,203.59,2.0,600000.0
2026-02-27,1090,"Закрытый паевой инвестиционный фонд недвижимости ""Семейные сбережения""",Закрытый,Сформирован,643-RUB,61094199.14,203.65,1.0,300000.0
2026-03-31,1090,"Закрытый паевой инвестиционный фонд недвижимости ""Семейные сбережения""",Закрытый,Сформирован,643-RUB,60110861.29,200.37,2.0,300000.0
2026-04-30,1090,"Закрытый паевой инвестиционный фонд недвижимости ""Семейные сбережения""",Закрытый,Сформирован,643-RUB,60155510.73,200.52,1.0,300000.0
2026-05-29,1090,"Закрытый паевой инвестиционный фонд недвижимости ""Семейные сбережения""",Закрытый,Сформирован,643-RUB,60229307.23,200.76,1.0,300000.0
2026-06-30,1090,"Закрытый паевой инвестиционный фонд недвижимости ""Семейные сбережения""",Закрытый,Сформирован,643-RUB,60120115.67,200.4,1.0,300000.0
2026-07-31,1090,"Закрытый паевой инвестиционный фонд недвижимости ""Семейные сбережения""",Закрытый,Сформирован,643-RUB,59682266.65,198.94,1.0,300000.0
2026-01-30,1091,"Закрытый паевой инвестиционный фонд рентный ""Михайловский - Рентный II""",Закрытый,Сформирован,643-RUB,4274688915.96,387.81,29.0,11022727.44622
2026-02-27,1091,"Закрытый паевой инвестиционный фонд рентный ""Михайловский - Рентный II""",Закрытый,Сформирован,643-RUB,3995051307.55,362.44,29.0,11022727.44622
2026-03-31,1091,"Закрытый паевой инвестиционный фонд рентный ""Михайловский - Рентный II""",Закрытый,Сформирован,643-RUB,3992928748.42,362.25,29.0,11022727.44622
2026-04-30,1091,"Закрытый паевой инвестиционный фонд рентный ""Михайловский - Рентный II""",Закрытый,Сформирован,643-RUB,3988991121.79,361.89,29.0,11022727.44622
2026-05-29,1091,"Закрытый паевой инвестиционный фонд рентный ""Михайловский - Рентный II""",Закрытый,Сформирован,643-RUB,3985820363.72,361.6,28.0,11022727.44622
2026-06-30,1091,"Закрытый паевой инвестиционный фонд рентный ""Михайловский - Рентный II""",Закрытый,Сформирован,643-RUB,3891175193.43,353.01,28.0,11022727.44622
2026-07-31,1091,"Закрытый паевой инвестиционный фонд рентный ""Михайловский - Рентный II""",Закрытый,Сформирован,643-RUB,3889405422.61,352.85,28.0,11022727.44622
2026-01-30,1142,Закрытый паевой инвестиционный фонд рыночных финансовых инструментов «Глобальные инновации»,Закрытый,Сформирован,643-RUB,69727757.45,73.58,2798.0,947637.3867
2026-02-27,1142,Закрытый паевой инвестиционный фонд рыночных финансовых инструментов «Глобальные инновации»,Закрытый,Сформирован,643-RUB,71182541.51,75.12,2798.0,947637.3867
2026-03-31,1142,Закрытый паевой инвестиционный фонд рыночных финансовых инструментов «Глобальные инновации»,Закрытый,Сформирован,643-RUB,76265158.1,80.48,2815.0,947637.3867
2026-04-30,1142,Закрытый паевой инвестиционный фонд рыночных финансовых инструментов «Глобальные инновации»,Закрытый,Сформирован,643-RUB,68612948.57,72.4,2816.0,947637.3867
2026-05-29,1142,Закрытый паевой инвестиционный фонд рыночных финансовых инструментов «Глобальные инновации»,Закрытый,Сформирован,643-RUB,107690858.98,113.64,2816.0,947637.3867
2026-06-30,1142,Закрытый паевой инвестиционный фонд рыночных финансовых инструментов «Глобальные инновации»,Закрытый,Сформирован,643-RUB,125544069.31,132.48,2815.0,947637.3867000004
2026-07-31,1142,Закрытый паевой инвестиционный фонд рыночных финансовых инструментов «Глобальные инновации»,Закрытый,Сформирован,643-RUB,125485758.82,132.42,2814.0,947637.3867
2026-01-30,1148,Открытый паевой инвестиционный фонд рыночных финансовых инструментов «Мой сейф»,Открытый,Сформирован,643-RUB,1020806055.37,14651.36,231.0,69673.13139590003
2026-02-27,1148,Открытый паевой инвестиционный фонд рыночных финансовых инструментов «Мой сейф»,Открытый,Сформирован,643-RUB,1034870932.39,14846.13,231.0,69706.43725189999
2026-03-31,1148,Открытый паевой инвестиционный фонд рыночных финансовых инструментов «Мой сейф»,Открытый,Сформирован,643-RUB,1053295090.49,15095.99,232.0,69773.18439330002
2026-04-30,1148,Открытый паевой инвестиционный фонд рыночных финансовых инструментов «Мой сейф»,Открытый,Сформирован,643-RUB,1061355141.17,15211.5,232.0,69773.18439329999
2026-05-29,1148,Открытый паевой инвестиционный фонд рыночных финансовых инструментов «Мой сейф»,Открытый,Сформирован,643-RUB,5076350022.22,15324.14,231.0,331264.86968360003
2026-06-30,1148,Открытый паевой инвестиционный фонд рыночных финансовых инструментов «Мой сейф»,Открытый,Сформирован,643-RUB,12137193513.93,15447.9,231.0,785685.7982141
2026-07-31,1148,Открытый паевой инвестиционный фонд рыночных финансовых инструментов «Мой сейф»,Открытый,Сформирован,643-RUB,13282148782.27,15619.96,231.0,850331.9285291
2026-01-30,1149,Открытый паевой инвестиционный фонд рыночных финансовых инструментов «Мои акции»,Открытый,Сформирован,643-RUB,93660245.05,10669.12,201.0,8778.630954300002
2026-02-27,1149,Открытый паевой инвестиционный фонд рыночных финансовых инструментов «Мои акции»,Открытый,Сформирован,643-RUB,93991494.65,10777.99,200.0,8720.686656500002
2026-03-31,1149,Открытый паевой инвестиционный фонд рыночных финансовых инструментов «Мои акции»,Открытый,Сформирован,643-RUB,87757462.49,10166.62,199.0,8631.917349
2026-04-30,1149,Открытый паевой инвестиционный фонд рыночных финансовых инструментов «Мои акции»,Открытый,Сформирован,643-RUB,83649658.13,9691.75,198.0,8631.0146652
2026-05-29,1149,Открытый паевой инвестиционный фонд рыночных финансовых инструментов «Мои акции»,Открытый,Сформирован,643-RUB,82187619.93,9538.59,196.0,8616.331331500001
2026-06-30,1149,Открытый паевой инвестиционный фонд рыночных финансовых инструментов «Мои акции»,Открытый,Сформирован,643-RUB,74891897.33,8691.85,196.0,8616.331331500001
2026-07-31,1149,Открытый паевой инвестиционный фонд рыночных финансовых инструментов «Мои акции»,Открытый,Сформирован,643-RUB,71953795.13,8374.85,195.0,8591.6547794
2026-01-30,1177,"Закрытый паевой инвестиционный рентный фонд ""Казанский рентный инвестиционный фонд""",Закрытый,Сформирован,643-RUB,6802520112.36,103.49,4.0,65729057.55063
2026-02-27,1177,"Закрытый паевой инвестиционный рентный фонд ""Казанский рентный инвестиционный фонд""",Закрытый,Сформирован,643-RUB,3474221467.41,103.64,3.0,33521820.55063
2026-03-31,1177,"Закрытый паевой инвестиционный рентный фонд ""Казанский рентный инвестиционный фонд""",Закрытый,Сформирован,643-RUB,3464163739.55,103.34,3.0,33521820.55063
2026-04-30,1177,"Закрытый паевой инвестиционный рентный фонд ""Казанский рентный инвестиционный фонд""",Закрытый,Сформирован,643-RUB,3461158972.34,103.25,3.0,33521820.55063
2026-05-29,1177,"Закрытый паевой инвестиционный рентный фонд ""Казанский рентный инвестиционный фонд""",Закрытый,Сформирован,643-RUB,3466532277.26,103.41,3.0,33521820.55063
2026-06-30,1177,"Закрытый паевой инвестиционный рентный фонд ""Казанский рентный инвестиционный фонд""",Закрытый,Сформирован,643-RUB,3467079136.5,103.43,3.0,33521820.55063
2026-07-31,1177,"Закрытый паевой инвестиционный рентный фонд ""Казанский рентный инвестиционный фонд""",Закрытый,Сформирован,643-RUB,3437840036.99,121.59,2.0,28273517.55063
2026-01-30,1201,Закрытый паевой инвестиционный фонд недвижимости «ИнвестСтрой» под управлением Общества с ограниченной ответственностью «Управляющая компания «Новые инвестиционные технологии»,Закрытый,В стадии прекращения,643-RUB,44804192.39,179.22,2.0,500000.0
2026-02-27,1201,Закрытый паевой инвестиционный фонд недвижимости «ИнвестСтрой» под управлением Общества с ограниченной ответственностью «Управляющая компания «Новые инвестиционные технологии»,Закрытый,В стадии прекращения,643-RUB,45008802.2,180.04,2.0,500000.0
2026-03-31,1201,Закрытый паевой инвестиционный фонд недвижимости «ИнвестСтрой» под управлением Общества с ограниченной ответственностью «Управляющая компания «Новые инвестиционные технологии»,Закрытый,В стадии прекращения,643-RUB,45194780.17,180.78,1.0,250000.0
2026-04-30,1201,Закрытый паевой инвестиционный фонд недвижимости «ИнвестСтрой» под управлением Общества с ограниченной ответственностью «Управляющая компания «Новые инвестиционные технологии»,Закрытый,В стадии прекращения,643-RUB,45370802.91,181.48,1.0,250000.0
2026-05-29,1201,Закрытый паевой инвестиционный фонд недвижимости «ИнвестСтрой» под управлением Общества с ограниченной ответственностью «Управляющая компания «Новые инвестиционные технологии»,Закрытый,В стадии прекращения,643-RUB,45560264.25,182.24,1.0,250000.0
2026-06-30,1201,Закрытый паевой инвестиционный фонд недвижимости «ИнвестСтрой» под управлением Общества с ограниченной ответственностью «Управляющая компания «Новые инвестиционные технологии»,Закрытый,В стадии прекращения,643-RUB,44953527.44,179.81,1.0,250000.0
2026-07-31,1201,Закрытый паевой инвестиционный фонд недвижимости «ИнвестСтрой» под управлением Общества с ограниченной ответственностью «Управляющая компания «Новые инвестиционные технологии»,Закрытый,В стадии прекращения,643-RUB,45126079.64,180.5,1.0,250000.0
2026-01-30,1214,Закрытый паевой инвестиционный фонд рентный «Третий Земельный»,Закрытый,Сформирован,643-RUB,1463158133.0,5045.37,6.0,290000.0
2026-02-27,1214,Закрытый паевой инвестиционный фонд рентный «Третий Земельный»,Закрытый,Сформирован,643-RUB,1461447887.21,5039.48,6.0,290000.0
2026-03-31,1214,Закрытый паевой инвестиционный фонд рентный «Третий Земельный»,Закрытый,Сформирован,643-RUB,1459563284.96,5032.98,6.0,290000.0
2026-04-30,1214,Закрытый паевой инвестиционный фонд рентный «Третий Земельный»,Закрытый,Сформирован,643-RUB,1438883520.4,4961.67,6.0,290000.0
2026-05-29,1214,Закрытый паевой инвестиционный фонд рентный «Третий Земельный»,Закрытый,Сформирован,643-RUB,1389526766.06,4791.47,6.0,290000.0
2026-06-30,1214,Закрытый паевой инвестиционный фонд рентный «Третий Земельный»,Закрытый,Сформирован,643-RUB,1350318629.35,4656.27,6.0,290000.0
2026-07-31,1214,Закрытый паевой инвестиционный фонд рентный «Третий Земельный»,Закрытый,Сформирован,643-RUB,1356085883.76,4676.16,6.0,290000.0
2026-01-30,1244,"Закрытый паевой инвестиционный фонд недвижимости ""Проектный""",Закрытый,Сформирован,643-RUB,238246780.3,181609.6,1.0,1311.86229
2026-02-27,1244,"Закрытый паевой инвестиционный фонд недвижимости ""Проектный""",Закрытый,Сформирован,643-RUB,232416183.63,177165.08,1.0,1311.86229
2026-03-31,1244,"Закрытый паевой инвестиционный фонд недвижимости ""Проектный""",Закрытый,Сформирован,643-RUB,188240432.24,179363.75,1.0,1049.48983
2026-04-30,1244,"Закрытый паевой инвестиционный фонд недвижимости ""Проектный""",Закрытый,Сформирован,643-RUB,190196146.63,181227.24,1.0,1049.48983
2026-05-29,1244,"Закрытый паевой инвестиционный фонд недвижимости ""Проектный""",Закрытый,Сформирован,643-RUB,192093053.45,183034.7,1.0,1049.48983
2026-06-30,1244,"Закрытый паевой инвестиционный фонд недвижимости ""Проектный""",Закрытый,Сформирован,643-RUB,194164534.21,185008.5,1.0,1049.48983
2026-07-31,1244,"Закрытый паевой инвестиционный фонд недвижимости ""Проектный""",Закрытый,Сформирован,643-RUB,196158727.4,186908.65,1.0,1049.48983
2026-01-30,1245,Закрытый паевой инвестиционный фонд недвижимости «Сибирский» под управлением Общества с ограниченной ответственностью Управляющая компания «Парма-Менеджмент»,Закрытый,Сформирован,643-RUB,206589556.47,484234.29,2.0,426.631407
2026-02-27,1245,Закрытый паевой инвестиционный фонд недвижимости «Сибирский» под управлением Общества с ограниченной ответственностью Управляющая компания «Парма-Менеджмент»,Закрытый,Сформирован,643-RUB,206437837.59,483878.67,2.0,426.631407
2026-03-31,1245,Закрытый паевой инвестиционный фонд недвижимости «Сибирский» под управлением Общества с ограниченной ответственностью Управляющая компания «Парма-Менеджмент»,Закрытый,Сформирован,643-RUB,204502202.06,479341.65,2.0,426.631407
2026-04-30,1245,Закрытый паевой инвестиционный фонд недвижимости «Сибирский» под управлением Общества с ограниченной ответственностью Управляющая компания «Парма-Менеджмент»,Закрытый,Сформирован,643-RUB,197186597.37,462194.28,2.0,426.631407
2026-05-29,1245,Закрытый паевой инвестиционный фонд недвижимости «Сибирский» под управлением Общества с ограниченной ответственностью Управляющая компания «Парма-Менеджмент»,Закрытый,Сформирован,643-RUB,196365784.84,460270.34,2.0,426.631407
2026-06-30,1245,Закрытый паевой инвестиционный фонд недвижимости «Сибирский» под управлением Общества с ограниченной ответственностью Управляющая компания «Парма-Менеджмент»,Закрытый,Сформирован,643-RUB,192016356.63,450075.53,2.0,426.631407
2026-07-31,1245,Закрытый паевой инвестиционный фонд недвижимости «Сибирский» под управлением Общества с ограниченной ответственностью Управляющая компания «Парма-Менеджмент»,Закрытый,Сформирован,643-RUB,192211740.93,450533.5,2.0,426.631407
2026-01-30,1247,Закрытый паевой инвестиционный фонд недвижимости «ИАРТ Девелопмент»,Закрытый,Сформирован,643-RUB,1306584175.95,186654.88,3.0,7000.0
2026-02-27,1247,Закрытый паевой инвестиционный фонд недвижимости «ИАРТ Девелопмент»,Закрытый,Сформирован,643-RUB,1311750699.0,187392.96,3.0,7000.0
2026-03-31,1247,Закрытый паевой инвестиционный фонд недвижимости «ИАРТ Девелопмент»,Закрытый,Сформирован,643-RUB,1295631267.95,185090.18,3.0,7000.0
2026-04-30,1247,Закрытый паевой инвестиционный фонд недвижимости «ИАРТ Девелопмент»,Закрытый,Сформирован,643-RUB,1306456371.28,186636.62,3.0,7000.0
2026-05-29,1247,Закрытый паевой инвестиционный фонд недвижимости «ИАРТ Девелопмент»,Закрытый,Сформирован,643-RUB,1313048525.19,187578.36,3.0,7000.0
2026-06-30,1247,Закрытый паевой инвестиционный фонд недвижимости «ИАРТ Девелопмент»,Закрытый,Сформирован,643-RUB,1317908525.14,188272.65,3.0,7000.0
2026-07-31,1247,Закрытый паевой инвестиционный фонд недвижимости «ИАРТ Девелопмент»,Закрытый,Сформирован,643-RUB,1317815761.1,188259.39,3.0,7000.0
2026-01-30,1282,Закрытый паевой инвестиционный фонд недвижимости «Шаляпин»,Закрытый,Сформирован,643-RUB,3483330105.15,7411.34,1.0,470000.0
2026-02-27,1282,Закрытый паевой инвестиционный фонд недвижимости «Шаляпин»,Закрытый,Сформирован,643-RUB,3482344063.01,7409.24,1.0,470000.0
2026-03-31,1282,Закрытый паевой инвестиционный фонд недвижимости «Шаляпин»,Закрытый,Сформирован,643-RUB,3676481714.49,7822.3,1.0,470000.0
2026-04-30,1282,Закрытый паевой инвестиционный фонд недвижимости «Шаляпин»,Закрытый,Сформирован,643-RUB,3676707972.93,7822.78,1.0,470000.0
2026-05-29,1282,Закрытый паевой инвестиционный фонд недвижимости «Шаляпин»,Закрытый,Сформирован,643-RUB,3708060210.56,7889.49,1.0,470000.0
2026-06-30,1282,Закрытый паевой инвестиционный фонд недвижимости «Шаляпин»,Закрытый,Сформирован,643-RUB,3704100775.31,7881.07,1.0,470000.0
2026-07-31,1282,Закрытый паевой инвестиционный фонд недвижимости «Шаляпин»,Закрытый,Сформирован,643-RUB,3712092726.31,7898.07,1.0,470000.0
2026-01-30,1326,"Закрытый паевой инвестиционный фонд недвижимости ""СТРОЙКОМ-КАПИТАЛ""",Закрытый,В стадии прекращения,643-RUB,,0.0,,
2026-02-27,1326,"Закрытый паевой инвестиционный фонд недвижимости ""СТРОЙКОМ-КАПИТАЛ""",Закрытый,В стадии прекращения,643-RUB,,0.0,0.0,0.0
2026-01-30,1333,"Закрытый паевой инвестиционный фонд рентный ""Тверская усадьба""",Закрытый,В стадии прекращения,643-RUB,19413493.72,428.38,58.0,45318.20428
2026-02-27,1333,"Закрытый паевой инвестиционный фонд рентный ""Тверская усадьба""",Закрытый,В стадии прекращения,643-RUB,19391094.9,427.89,58.0,45318.20428
2026-03-31,1333,"Закрытый паевой инвестиционный фонд рентный ""Тверская усадьба""",Закрытый,В стадии прекращения,643-RUB,19366366.86,427.34,58.0,45318.20428
2026-04-30,1333,"Закрытый паевой инвестиционный фонд рентный ""Тверская усадьба""",Закрытый,В стадии прекращения,643-RUB,19340494.34,426.77,58.0,45318.20428
2026-05-29,1333,"Закрытый паевой инвестиционный фонд рентный ""Тверская усадьба""",Закрытый,В стадии прекращения,643-RUB,19318179.74,426.28,59.0,45318.20428
2026-06-30,1333,"Закрытый паевой инвестиционный фонд рентный ""Тверская усадьба""",Закрытый,В стадии прекращения,643-RUB,19214799.6,424.0,57.0,45318.20428
2026-07-31,1333,"Закрытый паевой инвестиционный фонд рентный ""Тверская усадьба""",Закрытый,В стадии прекращения,643-RUB,,0.0,,
2026-01-30,1405,"Закрытый паевой инвестиционный фонд недвижимости ""Казанский гастроном""",Закрытый,Сформирован,643-RUB,6818141452.57,18679.84,1.0,365000.0
2026-02-27,1405,"Закрытый паевой инвестиционный фонд недвижимости ""Казанский гастроном""",Закрытый,Сформирован,643-RUB,6786132735.06,18592.14,1.0,365000.0
2026-03-31,1405,"Закрытый паевой инвестиционный фонд недвижимости ""Казанский гастроном""",Закрытый,Сформирован,643-RUB,6751256587.04,18496.59,1.0,365000.0
2026-04-30,1405,"Закрытый паевой инвестиционный фонд недвижимости ""Казанский гастроном""",Закрытый,Сформирован,643-RUB,6803438729.21,18639.56,1.0,365000.0
2026-05-29,1405,"Закрытый паевой инвестиционный фонд недвижимости ""Казанский гастроном""",Закрытый,Сформирован,643-RUB,6896910624.01,18895.65,1.0,365000.0
2026-06-30,1405,"Закрытый паевой инвестиционный фонд недвижимости ""Казанский гастроном""",Закрытый,Сформирован,643-RUB,6883076987.84,18857.75,1.0,365000.0
2026-07-31,1405,"Закрытый паевой инвестиционный фонд недвижимости ""Казанский гастроном""",Закрытый,Сформирован,643-RUB,6879589516.57,18848.19,1.0,365000.0
2026-01-30,1407,Закрытый паевой инвестиционный фонд рыночных финансовых инструментов «РСХБ – Фонд Золото»,Закрытый,Сформирован,643-RUB,1364783789.33,1685.47,4171.0,809735.564219998
2026-02-27,1407,Закрытый паевой инвестиционный фонд рыночных финансовых инструментов «РСХБ – Фонд Золото»,Закрытый,Сформирован,643-RUB,1384161510.67,1709.4,4172.0,809735.564219998
2026-03-31,1407,Закрытый паевой инвестиционный фонд рыночных финансовых инструментов «РСХБ – Фонд Золото»,Закрытый,Сформирован,643-RUB,1456627326.78,1798.89,4172.0,809735.56422
2026-04-30,1407,Закрытый паевой инвестиционный фонд рыночных финансовых инструментов «РСХБ – Фонд Золото»,Закрытый,Сформирован,643-RUB,1346603709.7,1663.02,4172.0,809735.5642199998
2026-05-29,1407,Закрытый паевой инвестиционный фонд рыночных финансовых инструментов «РСХБ – Фонд Золото»,Закрытый,Сформирован,643-RUB,1663756734.31,2054.69,4172.0,809735.56422
2026-06-30,1407,Закрытый паевой инвестиционный фонд рыночных финансовых инструментов «РСХБ – Фонд Золото»,Закрытый,Сформирован,643-RUB,1808011793.41,2232.84,4172.0,809735.5642200001
2026-07-31,1407,Закрытый паевой инвестиционный фонд рыночных финансовых инструментов «РСХБ – Фонд Золото»,Закрытый,Сформирован,643-RUB,1855941123.78,2292.03,4173.0,809735.56422
2026-01-30,1426,Открытый паевой инвестиционный фонд рыночных финансовых инструментов «ГЕРФИН – фонд облигаций»,Открытый,В стадии прекращения,643-RUB,,0.0,,
2026-02-27,1426,Открытый паевой инвестиционный фонд рыночных финансовых инструментов «ГЕРФИН – фонд облигаций»,Открытый,В стадии прекращения,643-RUB,,0.0,,
2026-01-30,1434,"Закрытый паевой инвестиционный фонд недвижимости ""Рентный 3""",Закрытый,В стадии прекращения,643-RUB,65690848.87,147.07,1.0,446655.0
2026-02-27,1434,"Закрытый паевой инвестиционный фонд недвижимости ""Рентный 3""",Закрытый,В стадии прекращения,643-RUB,65660530.75,147.01,1.0,446655.0
2026-03-31,1434,"Закрытый паевой инвестиционный фонд недвижимости ""Рентный 3""",Закрытый,В стадии прекращения,643-RUB,65576237.96,146.82,1.0,446655.0
2026-04-30,1434,"Закрытый паевой инвестиционный фонд недвижимости ""Рентный 3""",Закрытый,В стадии прекращения,643-RUB,65340398.89,146.29,1.0,446655.0
2026-05-29,1434,"Закрытый паевой инвестиционный фонд недвижимости ""Рентный 3""",Закрытый,В стадии прекращения,643-RUB,65310242.52,146.22,1.0,446655.0
2026-06-30,1434,"Закрытый паевой инвестиционный фонд недвижимости ""Рентный 3""",Закрытый,В стадии прекращения,643-RUB,65276927.17,146.15,1.0,446655.0
2026-07-31,1434,"Закрытый паевой инвестиционный фонд недвижимости ""Рентный 3""",Закрытый,В стадии прекращения,643-RUB,65240457.55,146.06,1.0,446655.0
2026-01-30,1438,"Закрытый паевой инвестиционный рентный фонд ""Своя земля - рентный""",Закрытый,Сформирован,643-RUB,497208658.03,695.08,6.0,715328.7783
2026-02-27,1438,"Закрытый паевой инвестиционный рентный фонд ""Своя земля - рентный""",Закрытый,Сформирован,643-RUB,496750131.25,694.44,6.0,715328.7783
2026-03-31,1438,"Закрытый паевой инвестиционный рентный фонд ""Своя земля - рентный""",Закрытый,Сформирован,643-RUB,516550701.32,722.12,6.0,715328.7783
2026-04-30,1438,"Закрытый паевой инвестиционный рентный фонд ""Своя земля - рентный""",Закрытый,Сформирован,643-RUB,511858192.98,715.56,6.0,715328.7783
2026-05-29,1438,"Закрытый паевой инвестиционный рентный фонд ""Своя земля - рентный""",Закрытый,Сформирован,643-RUB,501647489.13,701.28,6.0,715328.7783
2026-06-30,1438,"Закрытый паевой инвестиционный рентный фонд ""Своя земля - рентный""",Закрытый,Сформирован,643-RUB,470947436.92,658.37,6.0,715328.7783
2026-07-31,1438,"Закрытый паевой инвестиционный рентный фонд ""Своя земля - рентный""",Закрытый,Сформирован,643-RUB,226193691.16,316.21,6.0,715328.7783
2026-01-30,1443,"Закрытый паевой инвестиционный фонд недвижимости ""Инженер""",Закрытый,Сформирован,643-RUB,255854324.17,5380.13,1.0,47555.459
2026-02-27,1443,"Закрытый паевой инвестиционный фонд недвижимости ""Инженер""",Закрытый,Сформирован,643-RUB,255447403.66,5371.57,1.0,47555.459
2026-03-31,1443,"Закрытый паевой инвестиционный фонд недвижимости ""Инженер""",Закрытый,Сформирован,643-RUB,256518317.06,5394.09,1.0,47555.459
2026-04-30,1443,"Закрытый паевой инвестиционный фонд недвижимости ""Инженер""",Закрытый,Сформирован,643-RUB,232303110.7,4884.89,1.0,47555.459
2026-05-29,1443,"Закрытый паевой инвестиционный фонд недвижимости ""Инженер""",Закрытый,Сформирован,643-RUB,242340241.61,5095.95,1.0,47555.459
2026-06-30,1443,"Закрытый паевой инвестиционный фонд недвижимости ""Инженер""",Закрытый,Сформирован,643-RUB,245822466.76,5169.17,1.0,47555.459
2026-07-31,1443,"Закрытый паевой инвестиционный фонд недвижимости ""Инженер""",Закрытый,Сформирован,643-RUB,247258852.72,5199.38,1.0,47555.459
2026-01-30,1448,"Закрытый паевой инвестиционный фонд рентный ""Первый Рентный""",Закрытый,В стадии прекращения,643-RUB,1022816806.42,636.64,1.0,1606594.0831106
2026-02-27,1448,"Закрытый паевой инвестиционный фонд рентный ""Первый Рентный""",Закрытый,В стадии прекращения,643-RUB,1028113372.37,639.93,1.0,1606594.0831106
2026-03-31,1448,"Закрытый паевой инвестиционный фонд рентный ""Первый Рентный""",Закрытый,В стадии прекращения,643-RUB,1030777977.89,641.59,1.0,1606594.0831106
2026-04-30,1448,"Закрытый паевой инвестиционный фонд рентный ""Первый Рентный""",Закрытый,В стадии прекращения,643-RUB,1034111268.0,643.67,1.0,1606594.0831106
2026-05-29,1448,"Закрытый паевой инвестиционный фонд рентный ""Первый Рентный""",Закрытый,В стадии прекращения,643-RUB,1009419693.96,628.3,1.0,1606594.0831106
2026-06-30,1448,"Закрытый паевой инвестиционный фонд рентный ""Первый Рентный""",Закрытый,В стадии прекращения,643-RUB,969304399.98,603.33,1.0,1606594.0831106
2026-07-31,1448,"Закрытый паевой инвестиционный фонд рентный ""Первый Рентный""",Закрытый,В стадии прекращения,643-RUB,946628978.06,589.21,1.0,1606594.0831106
2026-01-30,1451,Закрытый паевой инвестиционный фонд недвижимости «Ай Пи Ти - Недвижимость»,Закрытый,Сформирован,643-RUB,7471127603.74,6791.93,5.0,1100000.0
2026-02-27,1451,Закрытый паевой инвестиционный фонд недвижимости «Ай Пи Ти - Недвижимость»,Закрытый,Сформирован,643-RUB,7469593500.75,6790.54,5.0,1100000.0
2026-03-31,1451,Закрытый паевой инвестиционный фонд недвижимости «Ай Пи Ти - Недвижимость»,Закрытый,Сформирован,643-RUB,7276320396.09,6614.84,5.0,1100000.0
2026-04-30,1451,Закрытый паевой инвестиционный фонд недвижимости «Ай Пи Ти - Недвижимость»,Закрытый,Сформирован,643-RUB,7342328291.88,6674.84,5.0,1100000.0
2026-05-29,1451,Закрытый паевой инвестиционный фонд недвижимости «Ай Пи Ти - Недвижимость»,Закрытый,Сформирован,643-RUB,7498194455.2,6816.54,5.0,1100000.0
2026-06-30,1451,Закрытый паевой инвестиционный фонд недвижимости «Ай Пи Ти - Недвижимость»,Закрытый,Сформирован,643-RUB,7816067133.93,7105.52,5.0,1100000.0
2026-07-31,1451,Закрытый паевой инвестиционный фонд недвижимости «Ай Пи Ти - Недвижимость»,Закрытый,Сформирован,643-RUB,7571617612.34,6883.29,5.0,1100000.0
2026-01-30,1504,"Закрытый паевой инвестиционный рентный фонд ""АК БАРС - Горизонт""",Закрытый,Сформирован,643-RUB,21524003833.77,35601.27,4.0,604585.32792
2026-02-27,1504,"Закрытый паевой инвестиционный рентный фонд ""АК БАРС - Горизонт""",Закрытый,Сформирован,643-RUB,20892145287.82,34556.16,8.0,1209170.65584
2026-03-31,1504,"Закрытый паевой инвестиционный рентный фонд ""АК БАРС - Горизонт""",Закрытый,Сформирован,643-RUB,19614748829.72,32443.31,4.0,604585.3279200001
2026-04-30,1504,"Закрытый паевой инвестиционный рентный фонд ""АК БАРС - Горизонт""",Закрытый,Сформирован,643-RUB,19617110780.4,32447.22,4.0,604585.32792
2026-05-29,1504,"Закрытый паевой инвестиционный рентный фонд ""АК БАРС - Горизонт""",Закрытый,Сформирован,643-RUB,19326591631.19,31966.69,4.0,604585.32792
2026-06-30,1504,"Закрытый паевой инвестиционный рентный фонд ""АК БАРС - Горизонт""",Закрытый,Сформирован,643-RUB,18447639933.36,30512.88,4.0,604585.32792
2026-07-31,1504,"Закрытый паевой инвестиционный рентный фонд ""АК БАРС - Горизонт""",Закрытый,Сформирован,643-RUB,18340091232.61,30334.99,4.0,604585.32792
2026-01-30,1507,Закрытый паевой инвестиционный фонд недвижимости «Азимут»,Закрытый,Сформирован,643-RUB,1271265810.36,3503.44,1.0,362862.4353
2026-02-27,1507,Закрытый паевой инвестиционный фонд недвижимости «Азимут»,Закрытый,Сформирован,643-RUB,1276851924.55,3518.83,1.0,362862.4353
2026-03-31,1507,Закрытый паевой инвестиционный фонд недвижимости «Азимут»,Закрытый,Сформирован,643-RUB,1421527566.32,3917.54,1.0,362862.4353
2026-04-30,1507,Закрытый паевой инвестиционный фонд недвижимости «Азимут»,Закрытый,Сформирован,643-RUB,1427327272.44,3933.52,1.0,362862.4353
2026-05-29,1507,Закрытый паевой инвестиционный фонд недвижимости «Азимут»,Закрытый,Сформирован,643-RUB,1434115020.26,3952.23,1.0,362862.4353
2026-06-30,1507,Закрытый паевой инвестиционный фонд недвижимости «Азимут»,Закрытый,Сформирован,643-RUB,1430577491.23,3942.48,1.0,362862.4353
2026-07-31,1507,Закрытый паевой инвестиционный фонд недвижимости «Азимут»,Закрытый,Сформирован,643-RUB,1434335873.94,3952.84,1.0,362862.4353
2026-01-30,1513,"Закрытый паевой инвестиционный фонд недвижимости ""Финансы и недвижимость""",Закрытый,Сформирован,643-RUB,284037621.92,2840376.22,3.0,100.0
2026-02-27,1513,"Закрытый паевой инвестиционный фонд недвижимости ""Финансы и недвижимость""",Закрытый,Сформирован,643-RUB,280594505.19,2805945.05,3.0,100.0
2026-03-31,1513,"Закрытый паевой инвестиционный фонд недвижимости ""Финансы и недвижимость""",Закрытый,Сформирован,643-RUB,280826639.25,2808266.39,3.0,100.0
2026-04-30,1513,"Закрытый паевой инвестиционный фонд недвижимости ""Финансы и недвижимость""",Закрытый,Сформирован,643-RUB,279330640.35,2793306.4,3.0,100.0
2026-05-29,1513,"Закрытый паевой инвестиционный фонд недвижимости ""Финансы и недвижимость""",Закрытый,Сформирован,643-RUB,276547356.57,2765473.57,3.0,100.0
2026-06-30,1513,"Закрытый паевой инвестиционный фонд недвижимости ""Финансы и недвижимость""",Закрытый,Сформирован,643-RUB,276713042.83,2767130.43,3.0,100.0
2026-07-31,1513,"Закрытый паевой инвестиционный фонд недвижимости ""Финансы и недвижимость""",Закрытый,Сформирован,643-RUB,274829056.66,2748290.57,3.0,100.0
2026-01-30,1638,Открытый паевой инвестиционный фонд рыночных финансовых инструментов «ВербаКапитал»,Открытый,Сформирован,643-RUB,719726418.76,442.26,4.0,1627370.41157
2026-02-27,1638,Открытый паевой инвестиционный фонд рыночных финансовых инструментов «ВербаКапитал»,Открытый,Сформирован,643-RUB,726571523.77,446.47,4.0,1627370.41157
2026-03-31,1638,Открытый паевой инвестиционный фонд рыночных финансовых инструментов «ВербаКапитал»,Открытый,Сформирован,643-RUB,716656816.86,440.38,4.0,1627370.41157
2026-04-30,1638,Открытый паевой инвестиционный фонд рыночных финансовых инструментов «ВербаКапитал»,Открытый,Сформирован,643-RUB,701358511.71,430.98,4.0,1627370.41157
2026-05-29,1638,Открытый паевой инвестиционный фонд рыночных финансовых инструментов «ВербаКапитал»,Открытый,Сформирован,643-RUB,699238208.98,429.67,4.0,1627370.41157
2026-06-30,1638,Открытый паевой инвестиционный фонд рыночных финансовых инструментов «ВербаКапитал»,Открытый,Сформирован,643-RUB,667637381.24,410.26,4.0,1627370.41157
2026-07-31,1638,Открытый паевой инвестиционный фонд рыночных финансовых инструментов «ВербаКапитал»,Открытый,Сформирован,643-RUB,686668386.81,421.95,4.0,1627370.41157
2026-01-30,1640,"Закрытый паевой инвестиционный фонд недвижимости ""КОВЧЕГ""",Закрытый,Сформирован,643-RUB,451994691.99,96655.57,1.0,4676.34395
2026-02-27,1640,"Закрытый паевой инвестиционный фонд недвижимости ""КОВЧЕГ""",Закрытый,Сформирован,643-RUB,451678323.03,96587.92,1.0,4676.34395
2026-03-31,1640,"Закрытый паевой инвестиционный фонд недвижимости ""КОВЧЕГ""",Закрытый,Сформирован,643-RUB,452351437.2,96305.85,1.0,4697.02956
2026-04-30,1640,"Закрытый паевой инвестиционный фонд недвижимости ""КОВЧЕГ""",Закрытый,Сформирован,643-RUB,434883058.7,92586.83,1.0,4697.02956
2026-05-29,1640,"Закрытый паевой инвестиционный фонд недвижимости ""КОВЧЕГ""",Закрытый,Сформирован,643-RUB,435524405.52,92723.37,1.0,4697.02956
2026-06-30,1640,"Закрытый паевой инвестиционный фонд недвижимости ""КОВЧЕГ""",Закрытый,Сформирован,643-RUB,378410841.89,80563.86,1.0,4697.02956
2026-07-31,1640,"Закрытый паевой инвестиционный фонд недвижимости ""КОВЧЕГ""",Закрытый,Сформирован,643-RUB,376940445.09,80250.81,1.0,4697.02956
2026-01-30,1649,"Закрытый паевой инвестиционный фонд рентный ""Михайловский - Рентный""",Закрытый,Сформирован,643-RUB,21380499971.66,4920.51,3.0,4345184.0510467
2026-02-27,1649,"Закрытый паевой инвестиционный фонд рентный ""Михайловский - Рентный""",Закрытый,Сформирован,643-RUB,21397228372.3,4924.35,3.0,4345184.0510467
2026-03-31,1649,"Закрытый паевой инвестиционный фонд рентный ""Михайловский - Рентный""",Закрытый,Сформирован,643-RUB,21895852946.23,5039.11,3.0,4345184.0510467
2026-04-30,1649,"Закрытый паевой инвестиционный фонд рентный ""Михайловский - Рентный""",Закрытый,Сформирован,643-RUB,21868657254.92,5032.85,3.0,4345184.0510467
2026-05-29,1649,"Закрытый паевой инвестиционный фонд рентный ""Михайловский - Рентный""",Закрытый,Сформирован,643-RUB,22069675658.89,5079.11,3.0,4345184.0510467
2026-06-30,1649,"Закрытый паевой инвестиционный фонд рентный ""Михайловский - Рентный""",Закрытый,Сформирован,643-RUB,19219483805.75,4423.17,3.0,4345184.0510467
2026-07-31,1649,"Закрытый паевой инвестиционный фонд рентный ""Михайловский - Рентный""",Закрытый,Сформирован,643-RUB,19115763506.98,4399.3,3.0,4345184.0510467
2026-01-30,1676,"Закрытый паевой инвестиционный фонд недвижимости ""Югра""",Закрытый,Сформирован,643-RUB,380278054.98,12472.65,1.0,30488.95548
2026-02-27,1676,"Закрытый паевой инвестиционный фонд недвижимости ""Югра""",Закрытый,Сформирован,643-RUB,368154030.95,12075.0,1.0,30488.95548
2026-03-31,1676,"Закрытый паевой инвестиционный фонд недвижимости ""Югра""",Закрытый,Сформирован,643-RUB,299193246.36,12266.46,1.0,24391.16438
2026-04-30,1676,"Закрытый паевой инвестиционный фонд недвижимости ""Югра""",Закрытый,Сформирован,643-RUB,301353686.66,12355.03,1.0,24391.16438
2026-05-29,1676,"Закрытый паевой инвестиционный фонд недвижимости ""Югра""",Закрытый,Сформирован,643-RUB,303495685.21,12442.85,1.0,24391.16438
2026-06-30,1676,"Закрытый паевой инвестиционный фонд недвижимости ""Югра""",Закрытый,Сформирован,643-RUB,305988195.57,12545.04,1.0,24391.16438
2026-07-31,1676,"Закрытый паевой инвестиционный фонд недвижимости ""Югра""",Закрытый,Сформирован,643-RUB,308591247.38,12651.76,1.0,24391.16438
2026-01-30,1698,"Закрытый паевой инвестиционный фонд недвижимости ""Эверест Центр""",Закрытый,В стадии прекращения,643-RUB,848156253.2,1346279.77,1.0,630.0
2026-02-27,1698,"Закрытый паевой инвестиционный фонд недвижимости ""Эверест Центр""",Закрытый,В стадии прекращения,643-RUB,849707708.91,1348742.4,1.0,630.0
2026-03-31,1698,"Закрытый паевой инвестиционный фонд недвижимости ""Эверест Центр""",Закрытый,В стадии прекращения,643-RUB,702818172.47,1115584.4,1.0,630.0
2026-04-30,1698,"Закрытый паевой инвестиционный фонд недвижимости ""Эверест Центр""",Закрытый,В стадии прекращения,643-RUB,692815284.83,1099706.8,1.0,630.0
2026-05-29,1698,"Закрытый паевой инвестиционный фонд недвижимости ""Эверест Центр""",Закрытый,В стадии прекращения,643-RUB,696793564.38,1106021.53,1.0,630.0
2026-06-30,1698,"Закрытый паевой инвестиционный фонд недвижимости ""Эверест Центр""",Закрытый,В стадии прекращения,643-RUB,705185024.83,1119341.31,1.0,630.0
2026-07-31,1698,"Закрытый паевой инвестиционный фонд недвижимости ""Эверест Центр""",Закрытый,В стадии прекращения,643-RUB,713788849.07,1132998.17,1.0,630.0
2026-01-30,1702,"Закрытый паевой инвестиционный рентный фонд ""Экорент"" под управлением ООО ""УК ""МЕТРОПОЛЬ""",Закрытый,Сформирован,643-RUB,409113285.47,5566.17,2.0,73500.0
2026-02-27,1702,"Закрытый паевой инвестиционный рентный фонд ""Экорент"" под управлением ООО ""УК ""МЕТРОПОЛЬ""",Закрытый,Сформирован,643-RUB,408554383.15,5558.56,2.0,73500.0
2026-03-31,1702,"Закрытый паевой инвестиционный рентный фонд ""Экорент"" под управлением ООО ""УК ""МЕТРОПОЛЬ""",Закрытый,Сформирован,643-RUB,407782968.02,5548.07,2.0,73500.0
2026-04-30,1702,"Закрытый паевой инвестиционный рентный фонд ""Экорент"" под управлением ООО ""УК ""МЕТРОПОЛЬ""",Закрытый,Сформирован,643-RUB,406747976.68,5533.99,2.0,73500.0
2026-05-29,1702,"Закрытый паевой инвестиционный рентный фонд ""Экорент"" под управлением ООО ""УК ""МЕТРОПОЛЬ""",Закрытый,Сформирован,643-RUB,406363736.58,5528.76,2.0,73500.0
2026-06-30,1702,"Закрытый паевой инвестиционный рентный фонд ""Экорент"" под управлением ООО ""УК ""МЕТРОПОЛЬ""",Закрытый,Сформирован,643-RUB,528791264.81,7194.44,2.0,73500.0
2026-07-31,1702,"Закрытый паевой инвестиционный рентный фонд ""Экорент"" под управлением ООО ""УК ""МЕТРОПОЛЬ""",Закрытый,Сформирован,643-RUB,527045789.39,7170.69,2.0,73500.0
2026-01-30,1732,"Закрытый паевой инвестиционный фонд недвижимости ""ФОРУМ""",Закрытый,Сформирован,643-RUB,654165898.61,20703.51,,
2026-02-27,1732,"Закрытый паевой инвестиционный фонд недвижимости ""ФОРУМ""",Закрытый,Сформирован,643-RUB,531174839.59,21013.75,,
2026-03-31,1732,"Закрытый паевой инвестиционный фонд недвижимости ""ФОРУМ""",Закрытый,Сформирован,643-RUB,532688182.59,21073.62,1.0,25277.4912
2026-04-30,1732,"Закрытый паевой инвестиционный фонд недвижимости ""ФОРУМ""",Закрытый,Сформирован,643-RUB,398522153.39,19320.94,1.0,20626.43282
2026-05-29,1732,"Закрытый паевой инвестиционный фонд недвижимости ""ФОРУМ""",Закрытый,Сформирован,643-RUB,374856055.75,18173.58,1.0,20626.43282
2026-06-30,1732,"Закрытый паевой инвестиционный фонд недвижимости ""ФОРУМ""",Закрытый,Сформирован,643-RUB,319643321.1,15496.78,1.0,20626.43282
2026-07-31,1732,"Закрытый паевой инвестиционный фонд недвижимости ""ФОРУМ""",Закрытый,Сформирован,643-RUB,318547345.25,15443.65,1.0,20626.43282
2026-01-30,1756,"Закрытый паевой инвестиционный фонд недвижимости ""Первобанк-Недвижимость""",Закрытый,В стадии прекращения,643-RUB,133566389.26,445.22,1.0,300000.0
2026-02-27,1756,"Закрытый паевой инвестиционный фонд недвижимости ""Первобанк-Недвижимость""",Закрытый,В стадии прекращения,643-RUB,133834464.22,446.11,1.0,300000.0
2026-03-31,1756,"Закрытый паевой инвестиционный фонд недвижимости ""Первобанк-Недвижимость""",Закрытый,В стадии прекращения,643-RUB,133637406.19,445.46,1.0,300000.0
2026-04-30,1756,"Закрытый паевой инвестиционный фонд недвижимости ""Первобанк-Недвижимость""",Закрытый,В стадии прекращения,643-RUB,133767494.13,445.89,1.0,300000.0
2026-05-29,1756,"Закрытый паевой инвестиционный фонд недвижимости ""Первобанк-Недвижимость""",Закрытый,В стадии прекращения,643-RUB,133767230.32,445.89,1.0,300000.0
2026-06-30,1756,"Закрытый паевой инвестиционный фонд недвижимости ""Первобанк-Недвижимость""",Закрытый,В стадии прекращения,643-RUB,133638218.92,445.46,1.0,300000.0
2026-07-31,1756,"Закрытый паевой инвестиционный фонд недвижимости ""Первобанк-Недвижимость""",Закрытый,В стадии прекращения,643-RUB,133806888.11,446.02,1.0,300000.0
2026-01-30,1771,Закрытый паевой инвестиционный фонд смешанных инвестиций «Региональный фонд инвестиций в субъекты малого и среднего предпринимательства Республики Мордовия»,Закрытый,В стадии прекращения,643-RUB,349723888.43,87430.97,,
2026-02-27,1771,Закрытый паевой инвестиционный фонд смешанных инвестиций «Региональный фонд инвестиций в субъекты малого и среднего предпринимательства Республики Мордовия»,Закрытый,В стадии прекращения,643-RUB,,0.0,,
2026-03-31,1771,Закрытый паевой инвестиционный фонд смешанных инвестиций «Региональный фонд инвестиций в субъекты малого и среднего предпринимательства Республики Мордовия»,Закрытый,В стадии прекращения,643-RUB,,0.0,,
2026-04-30,1771,Закрытый паевой инвестиционный фонд смешанных инвестиций «Региональный фонд инвестиций в субъекты малого и среднего предпринимательства Республики Мордовия»,Закрытый,В стадии прекращения,643-RUB,,0.0,0.0,0.0
2026-01-30,1820,Закрытый паевой инвестиционный фонд недвижимости «РВМ Мегаполис»,Закрытый,Сформирован,643-RUB,13335853776.23,398888.48,1.0,33432.53699
2026-02-27,1820,Закрытый паевой инвестиционный фонд недвижимости «РВМ Мегаполис»,Закрытый,Сформирован,643-RUB,13472068268.84,402962.79,1.0,33432.53699
2026-03-31,1820,Закрытый паевой инвестиционный фонд недвижимости «РВМ Мегаполис»,Закрытый,Сформирован,643-RUB,13573771931.96,406004.84,1.0,33432.53699
2026-04-30,1820,Закрытый паевой инвестиционный фонд недвижимости «РВМ Мегаполис»,Закрытый,Сформирован,643-RUB,14086971965.24,421355.16,1.0,33432.53699
2026-05-29,1820,Закрытый паевой инвестиционный фонд недвижимости «РВМ Мегаполис»,Закрытый,Сформирован,643-RUB,14225164115.57,425488.62,1.0,33432.53699
2026-06-30,1820,Закрытый паевой инвестиционный фонд недвижимости «РВМ Мегаполис»,Закрытый,Сформирован,643-RUB,14203455188.85,424839.29,1.0,33432.53699
2026-07-31,1820,Закрытый паевой инвестиционный фонд недвижимости «РВМ Мегаполис»,Закрытый,Сформирован,643-RUB,14364570242.54,429658.4,1.0,33432.53699
2026-01-30,1852,"Рентный закрытый паевой инвестиционный фонд ""Перспектива-фонд второй""",Закрытый,В стадии прекращения,643-RUB,-31922721.95,0.0,2.0,100000.0
2026-02-27,1852,"Рентный закрытый паевой инвестиционный фонд ""Перспектива-фонд второй""",Закрытый,В стадии прекращения,643-RUB,-31922721.95,0.0,2.0,100000.0
2026-03-31,1852,"Рентный закрытый паевой инвестиционный фонд ""Перспектива-фонд второй""",Закрытый,В стадии прекращения,643-RUB,-31922722.95,0.0,2.0,100000.0
2026-04-30,1852,"Рентный закрытый паевой инвестиционный фонд ""Перспектива-фонд второй""",Закрытый,В стадии прекращения,643-RUB,-31922722.95,0.0,2.0,100000.0
2026-05-29,1852,"Рентный закрытый паевой инвестиционный фонд ""Перспектива-фонд второй""",Закрытый,В стадии прекращения,643-RUB,-31922722.95,0.0,2.0,100000.0
2026-06-30,1852,"Рентный закрытый паевой инвестиционный фонд ""Перспектива-фонд второй""",Закрытый,В стадии прекращения,643-RUB,-31922722.95,0.0,2.0,100000.0
2026-07-31,1852,"Рентный закрытый паевой инвестиционный фонд ""Перспектива-фонд второй""",Закрытый,В стадии прекращения,643-RUB,-31922722.95,0.0,2.0,100000.0
2026-01-30,1866,"Закрытый паевой инвестиционный фонд акций ""Альтернативные инвестиции""",Закрытый,Сформирован,643-RUB,3634411840.79,375649.8,2.0,9675.0
2026-02-27,1866,"Закрытый паевой инвестиционный фонд акций ""Альтернативные инвестиции""",Закрытый,Сформирован,643-RUB,3631761768.91,375375.89,2.0,9675.0
2026-03-31,1866,"Закрытый паевой инвестиционный фонд акций ""Альтернативные инвестиции""",Закрытый,Сформирован,643-RUB,3628852760.81,375075.22,2.0,9675.0
2026-04-30,1866,"Закрытый паевой инвестиционный фонд акций ""Альтернативные инвестиции""",Закрытый,Сформирован,643-RUB,3625618232.94,374740.9,2.0,9675.0
2026-05-29,1866,"Закрытый паевой инвестиционный фонд акций ""Альтернативные инвестиции""",Закрытый,Сформирован,643-RUB,3622877448.71,374457.62,2.0,9675.0
2026-06-30,1866,"Закрытый паевой инвестиционный фонд акций ""Альтернативные инвестиции""",Закрытый,Сформирован,643-RUB,3696729917.41,382090.95,2.0,9675.0
2026-07-31,1866,"Закрытый паевой инвестиционный фонд акций ""Альтернативные инвестиции""",Закрытый,Сформирован,643-RUB,3693144089.13,381720.32,2.0,9675.0
2026-01-30,1879,"Закрытый паевой инвестиционный фонд недвижимости ""Москва -Ритейл""",Закрытый,Сформирован,643-RUB,1128576959.12,2364830.42,1.0,477.23378
2026-02-27,1879,"Закрытый паевой инвестиционный фонд недвижимости ""Москва -Ритейл""",Закрытый,Сформирован,643-RUB,1131273181.55,2370480.11,1.0,477.23378
2026-03-31,1879,"Закрытый паевой инвестиционный фонд недвижимости ""Москва -Ритейл""",Закрытый,Сформирован,643-RUB,1138275745.04,2385153.34,1.0,477.23378
2026-04-30,1879,"Закрытый паевой инвестиционный фонд недвижимости ""Москва -Ритейл""",Закрытый,Сформирован,643-RUB,1141891337.28,2392729.49,1.0,477.23378
2026-05-29,1879,"Закрытый паевой инвестиционный фонд недвижимости ""Москва -Ритейл""",Закрытый,Сформирован,643-RUB,1145382362.99,2400044.61,1.0,477.23378
2026-06-30,1879,"Закрытый паевой инвестиционный фонд недвижимости ""Москва -Ритейл""",Закрытый,Сформирован,643-RUB,1141174731.18,2391227.9,1.0,477.23378
2026-07-31,1879,"Закрытый паевой инвестиционный фонд недвижимости ""Москва -Ритейл""",Закрытый,Сформирован,643-RUB,1144202116.88,2397571.51,1.0,477.23378
2026-01-30,1899,"Закрытый Паевой Инвестиционный Фонд Недвижимости ""АТРИУМ""",Закрытый,Сформирован,643-RUB,2362162017.86,1845.44,839.0,1245264.0
2026-02-27,1899,"Закрытый Паевой Инвестиционный Фонд Недвижимости ""АТРИУМ""",Закрытый,Сформирован,643-RUB,2360448358.8,1844.1,1751.0,2525264.0
2026-03-31,1899,"Закрытый Паевой Инвестиционный Фонд Недвижимости ""АТРИУМ""",Закрытый,Сформирован,643-RUB,2487020345.55,1942.98,911.0,1280002.0
2026-04-30,1899,"Закрытый Паевой Инвестиционный Фонд Недвижимости ""АТРИУМ""",Закрытый,Сформирован,643-RUB,2485218816.61,1941.58,940.0,1279792.0
2026-05-29,1899,"Закрытый Паевой Инвестиционный Фонд Недвижимости ""АТРИУМ""",Закрытый,Сформирован,643-RUB,2482884463.47,1939.75,963.0,1280000.0
2026-06-30,1899,"Закрытый Паевой Инвестиционный Фонд Недвижимости ""АТРИУМ""",Закрытый,Сформирован,643-RUB,2478004572.68,1935.94,977.0,1280000.0
2026-07-31,1899,"Закрытый Паевой Инвестиционный Фонд Недвижимости ""АТРИУМ""",Закрытый,Сформирован,643-RUB,2475952053.34,1934.34,1001.0,1280002.0
2026-01-30,1900,Закрытый Паевой Инвестиционный Фонд Недвижимости «Торговая недвижимость»,Закрытый,Сформирован,643-RUB,1850595436.14,7584.41,5.0,244000.0
2026-02-27,1900,Закрытый Паевой Инвестиционный Фонд Недвижимости «Торговая недвижимость»,Закрытый,Сформирован,643-RUB,1849927004.71,7581.67,5.0,244000.0
2026-03-31,1900,Закрытый Паевой Инвестиционный Фонд Недвижимости «Торговая недвижимость»,Закрытый,Сформирован,643-RUB,1909127676.19,7824.29,5.0,244000.0
2026-04-30,1900,Закрытый Паевой Инвестиционный Фонд Недвижимости «Торговая недвижимость»,Закрытый,Сформирован,643-RUB,1908635527.4,7822.28,5.0,244000.0
2026-05-29,1900,Закрытый Паевой Инвестиционный Фонд Недвижимости «Торговая недвижимость»,Закрытый,Сформирован,643-RUB,1906758123.81,7814.58,5.0,244000.0
2026-06-30,1900,Закрытый Паевой Инвестиционный Фонд Недвижимости «Торговая недвижимость»,Закрытый,Сформирован,643-RUB,1901734012.76,7793.99,5.0,244000.0
2026-07-31,1900,Закрытый Паевой Инвестиционный Фонд Недвижимости «Торговая недвижимость»,Закрытый,Сформирован,643-RUB,1900440751.55,7788.69,5.0,244000.0
2026-01-30,1903,Открытый паевой инвестиционный фонд рыночных финансовых инструментов «Солид – Глобус»,Открытый,Сформирован,643-RUB,20632728.32,1934.34,122.0,10666.525719999998
2026-02-27,1903,Открытый паевой инвестиционный фонд рыночных финансовых инструментов «Солид – Глобус»,Открытый,Сформирован,643-RUB,20649626.72,1937.89,120.0,10655.71374
2026-03-31,1903,Открытый паевой инвестиционный фонд рыночных финансовых инструментов «Солид – Глобус»,Открытый,Сформирован,643-RUB,20291609.85,1905.24,15.0,292.05036
2026-04-30,1903,Открытый паевой инвестиционный фонд рыночных финансовых инструментов «Солид – Глобус»,Открытый,Сформирован,643-RUB,18773839.93,1762.64,120.0,10650.98821
2026-05-29,1903,Открытый паевой инвестиционный фонд рыночных финансовых инструментов «Солид – Глобус»,Открытый,Сформирован,643-RUB,18155269.83,1705.08,119.0,10647.73326
2026-06-30,1903,Открытый паевой инвестиционный фонд рыночных финансовых инструментов «Солид – Глобус»,Открытый,Сформирован,643-RUB,16717306.09,1569.83,118.0,10649.13397
2026-07-31,1903,Открытый паевой инвестиционный фонд рыночных финансовых инструментов «Солид – Глобус»,Открытый,Сформирован,643-RUB,16933310.28,1597.3,117.0,10601.23511
2026-01-30,1970,Открытый паевой инвестиционный фонд рыночных финансовых инструментов «САН – Смешанные инвестиции»,Открытый,Сформирован,643-RUB,282682161.24,4474.72,5.0,63173.11884
2026-02-27,1970,Открытый паевой инвестиционный фонд рыночных финансовых инструментов «САН – Смешанные инвестиции»,Открытый,Сформирован,643-RUB,283226035.55,4483.33,5.0,63173.11884
2026-03-31,1970,Открытый паевой инвестиционный фонд рыночных финансовых инструментов «САН – Смешанные инвестиции»,Открытый,Сформирован,643-RUB,280226945.68,4435.86,5.0,63173.11884
2026-04-30,1970,Открытый паевой инвестиционный фонд рыночных финансовых инструментов «САН – Смешанные инвестиции»,Открытый,Сформирован,643-RUB,273052743.14,4246.12,5.0,64306.35064
2026-05-29,1970,Открытый паевой инвестиционный фонд рыночных финансовых инструментов «САН – Смешанные инвестиции»,Открытый,Сформирован,643-RUB,264550323.32,4113.91,5.0,64306.35064
2026-06-30,1970,Открытый паевой инвестиционный фонд рыночных финансовых инструментов «САН – Смешанные инвестиции»,Открытый,Сформирован,643-RUB,243699422.52,3789.66,5.0,64306.35064
2026-07-31,1970,Открытый паевой инвестиционный фонд рыночных финансовых инструментов «САН – Смешанные инвестиции»,Открытый,Сформирован,643-RUB,254896649.14,3883.67,5.0,65633.00119
2026-01-30,1976,Закрытый паевой инвестиционный фонд недвижимости «Капитальные активы 1»,Закрытый,В стадии прекращения,643-RUB,309436464.98,391.28,1.0,790840.0
2026-02-27,1976,Закрытый паевой инвестиционный фонд недвижимости «Капитальные активы 1»,Закрытый,В стадии прекращения,643-RUB,309293651.62,391.1,1.0,790840.0
2026-03-31,1976,Закрытый паевой инвестиционный фонд недвижимости «Капитальные активы 1»,Закрытый,В стадии прекращения,643-RUB,309085079.35,390.83,1.0,790840.0
2026-04-30,1976,Закрытый паевой инвестиционный фонд недвижимости «Капитальные активы 1»,Закрытый,В стадии прекращения,643-RUB,308819106.74,390.5,1.0,790840.0
2026-05-29,1976,Закрытый паевой инвестиционный фонд недвижимости «Капитальные активы 1»,Закрытый,В стадии прекращения,643-RUB,308676578.31,390.31,1.0,790840.0
2026-06-30,1976,Закрытый паевой инвестиционный фонд недвижимости «Капитальные активы 1»,Закрытый,В стадии прекращения,643-RUB,308519119.59,390.12,1.0,790840.0
2026-07-31,1976,Закрытый паевой инвестиционный фонд недвижимости «Капитальные активы 1»,Закрытый,В стадии прекращения,643-RUB,308346752.77,389.9,1.0,790840.0
2026-01-30,1977,Закрытый паевой инвестиционный фонд недвижимости «Капитальные активы 2»,Закрытый,В стадии прекращения,643-RUB,102412071.72,171.95,1.0,595603.0
2026-02-27,1977,Закрытый паевой инвестиционный фонд недвижимости «Капитальные активы 2»,Закрытый,В стадии прекращения,643-RUB,102364805.75,171.87,1.0,595603.0
2026-03-31,1977,Закрытый паевой инвестиционный фонд недвижимости «Капитальные активы 2»,Закрытый,В стадии прекращения,643-RUB,102261789.77,171.69,1.0,595603.0
2026-04-30,1977,Закрытый паевой инвестиционный фонд недвижимости «Капитальные активы 2»,Закрытый,В стадии прекращения,643-RUB,102006345.95,171.27,1.0,595603.0
2026-05-29,1977,Закрытый паевой инвестиционный фонд недвижимости «Капитальные активы 2»,Закрытый,В стадии прекращения,643-RUB,101959267.24,171.19,1.0,595603.0
2026-06-30,1977,Закрытый паевой инвестиционный фонд недвижимости «Капитальные активы 2»,Закрытый,В стадии прекращения,643-RUB,101907256.9,171.1,1.0,595603.0
2026-07-31,1977,Закрытый паевой инвестиционный фонд недвижимости «Капитальные активы 2»,Закрытый,В стадии прекращения,643-RUB,101850322.24,171.0,1.0,595603.0
2026-01-30,2003,Открытый паевой инвестиционный фонд рыночных финансовых инструментов «РОНИН фонд сбалансированный»,Открытый,Сформирован,643-RUB,33770408.23,2814.2,1.0,12000.0
2026-02-27,2003,Открытый паевой инвестиционный фонд рыночных финансовых инструментов «РОНИН фонд сбалансированный»,Открытый,Сформирован,643-RUB,34220899.61,2851.74,1.0,12000.0
2026-03-31,2003,Открытый паевой инвестиционный фонд рыночных финансовых инструментов «РОНИН фонд сбалансированный»,Открытый,Сформирован,643-RUB,34690214.6,2890.85,1.0,12000.0
2026-04-30,2003,Открытый паевой инвестиционный фонд рыночных финансовых инструментов «РОНИН фонд сбалансированный»,Открытый,Сформирован,643-RUB,34797905.06,2899.83,1.0,12000.0
2026-05-29,2003,Открытый паевой инвестиционный фонд рыночных финансовых инструментов «РОНИН фонд сбалансированный»,Открытый,Сформирован,643-RUB,34768617.86,2897.38,1.0,12000.0
2026-06-30,2003,Открытый паевой инвестиционный фонд рыночных финансовых инструментов «РОНИН фонд сбалансированный»,Открытый,Сформирован,643-RUB,34040540.94,2836.71,1.0,12000.0
2026-07-31,2003,Открытый паевой инвестиционный фонд рыночных финансовых инструментов «РОНИН фонд сбалансированный»,Открытый,Сформирован,643-RUB,34640449.65,2886.7,1.0,12000.0
2026-01-30,2004,Открытый паевой инвестиционный фонд рыночных финансовых инструментов «ПРОМСВЯЗЬ – Оборонный»,Открытый,Сформирован,643-RUB,9642192401.03,2223.78,37837.0,4335949.863899997
2026-02-27,2004,Открытый паевой инвестиционный фонд рыночных финансовых инструментов «ПРОМСВЯЗЬ – Оборонный»,Открытый,Сформирован,643-RUB,10417498193.5,2256.03,38817.0,4617619.060489997
2026-03-31,2004,Открытый паевой инвестиционный фонд рыночных финансовых инструментов «ПРОМСВЯЗЬ – Оборонный»,Открытый,Сформирован,643-RUB,11435791415.02,2288.26,39961.0,4997596.812100002
2026-04-30,2004,Открытый паевой инвестиционный фонд рыночных финансовых инструментов «ПРОМСВЯЗЬ – Оборонный»,Открытый,Сформирован,643-RUB,12348353978.4,2311.85,40867.0,5341339.835609997
2026-05-29,2004,Открытый паевой инвестиционный фонд рыночных финансовых инструментов «ПРОМСВЯЗЬ – Оборонный»,Открытый,Сформирован,643-RUB,12999325970.26,2335.16,41362.0,5566782.899169997
2026-06-30,2004,Открытый паевой инвестиционный фонд рыночных финансовых инструментов «Оборонный»,Открытый,Сформирован,643-RUB,13518887978.72,2344.73,42082.0,5765647.520799999
2026-07-31,2004,Открытый паевой инвестиционный фонд рыночных финансовых инструментов «Оборонный»,Открытый,Сформирован,643-RUB,13678621341.44,2372.55,42328.0,5765371.98537
2026-01-30,2006,Интервальный паевой инвестиционный фонд рыночных финансовых инструментов «КОНСЕРВАТОРия»,Интервальный,Сформирован,643-RUB,391157054.59,2110.78,75.0,185314.0
2026-02-27,2006,Интервальный паевой инвестиционный фонд рыночных финансовых инструментов «КОНСЕРВАТОРия»,Интервальный,Сформирован,643-RUB,396233550.93,2138.17,74.0,185314.0
2026-03-31,2006,Интервальный паевой инвестиционный фонд рыночных финансовых инструментов «КОНСЕРВАТОРия»,Интервальный,Сформирован,643-RUB,403916628.1,2179.63,73.0,185314.0
2026-04-30,2006,Интервальный паевой инвестиционный фонд рыночных финансовых инструментов «КОНСЕРВАТОРия»,Интервальный,Сформирован,643-RUB,403757660.15,2178.78,72.0,185314.0
2026-05-29,2006,Интервальный паевой инвестиционный фонд рыночных финансовых инструментов «КОНСЕРВАТОРия»,Интервальный,Сформирован,643-RUB,404467522.47,2182.61,72.0,185314.0
2026-06-30,2006,Интервальный паевой инвестиционный фонд рыночных финансовых инструментов «КОНСЕРВАТОРия»,Интервальный,Сформирован,643-RUB,358922285.3,2203.14,68.0,162914.0
2026-07-31,2006,Интервальный паевой инвестиционный фонд рыночных финансовых инструментов «КОНСЕРВАТОРия»,Интервальный,Сформирован,643-RUB,363584997.78,2231.76,70.0,162914.0
2026-01-30,2009,Закрытый паевой инвестиционный фонд недвижимости «Стратегия – Деловая недвижимость»,Закрытый,В стадии прекращения,643-RUB,30476286.9,9523.84,2.0,3200.0
2026-02-27,2009,Закрытый паевой инвестиционный фонд недвижимости «Стратегия – Деловая недвижимость»,Закрытый,В стадии прекращения,643-RUB,30465575.91,9520.49,2.0,3200.0
2026-03-31,2009,Закрытый паевой инвестиционный фонд недвижимости «Стратегия – Деловая недвижимость»,Закрытый,В стадии прекращения,643-RUB,12095443.5,3779.83,2.0,3200.0
2026-04-30,2009,Закрытый паевой инвестиционный фонд недвижимости «Стратегия – Деловая недвижимость»,Закрытый,В стадии прекращения,643-RUB,11749163.55,3671.61,2.0,3200.0
2026-05-29,2009,Закрытый паевой инвестиционный фонд недвижимости «Стратегия – Деловая недвижимость»,Закрытый,В стадии прекращения,643-RUB,0.0,0.0,1.0,2279.0
2026-06-30,2009,Закрытый паевой инвестиционный фонд недвижимости «Стратегия – Деловая недвижимость»,Закрытый,В стадии прекращения,643-RUB,0.0,0.0,1.0,2279.0
2026-01-30,2026,Открытый паевой инвестиционный фонд рыночных финансовых инструментов «ТКБ Инвестмент Партнерс – Золото»,Открытый,Сформирован,643-RUB,1015632722.45,5716.92,445.0,177653.87249200008
2026-02-27,2026,Открытый паевой инвестиционный фонд рыночных финансовых инструментов «ТКБ Инвестмент Партнерс – Золото»,Открытый,Сформирован,643-RUB,1046004208.79,6047.78,461.0,172956.75705700004
2026-03-31,2026,Открытый паевой инвестиционный фонд рыночных финансовых инструментов «ТКБ Инвестмент Партнерс – Золото»,Открытый,Сформирован,643-RUB,933798035.57,5516.36,459.0,169277.99876800002
2026-04-30,2026,Открытый паевой инвестиционный фонд рыночных финансовых инструментов «ТКБ Инвестмент Партнерс – Золото»,Открытый,Сформирован,643-RUB,856790692.6,5126.02,455.0,167145.34199099996
2026-05-29,2026,Открытый паевой инвестиционный фонд рыночных финансовых инструментов «ТКБ Инвестмент Партнерс – Золото»,Открытый,Сформирован,643-RUB,770534628.26,4781.44,451.0,161151.04744800003
2026-06-30,2026,Открытый паевой инвестиционный фонд рыночных финансовых инструментов «ТКБ Инвестмент Партнерс – Золото»,Открытый,Сформирован,643-RUB,743108045.14,4658.94,453.0,159501.41067399998
2026-07-31,2026,Открытый паевой инвестиционный фонд рыночных финансовых инструментов «ТКБ Инвестмент Партнерс – Золото»,Открытый,Сформирован,643-RUB,731712671.36,4678.13,452.0,156411.365086
2026-01-30,2097,Закрытый паевой инвестиционный фонд рентный «Четвертый Земельный»,Закрытый,Сформирован,643-RUB,660971728.64,6609.72,4.0,100000.00001
2026-02-27,2097,Закрытый паевой инвестиционный фонд рентный «Четвертый Земельный»,Закрытый,Сформирован,643-RUB,660757016.66,6607.57,4.0,100000.00001
2026-03-31,2097,Закрытый паевой инвестиционный фонд рентный «Четвертый Земельный»,Закрытый,Сформирован,643-RUB,657853900.43,6578.54,4.0,100000.00001
2026-04-30,2097,Закрытый паевой инвестиционный фонд рентный «Четвертый Земельный»,Закрытый,Сформирован,643-RUB,656709242.05,6567.09,4.0,100000.00001
2026-05-29,2097,Закрытый паевой инвестиционный фонд рентный «Четвертый Земельный»,Закрытый,Сформирован,643-RUB,656500582.59,6565.01,4.0,100000.00001
2026-06-30,2097,Закрытый паевой инвестиционный фонд рентный «Четвертый Земельный»,Закрытый,Сформирован,643-RUB,651471871.9,6514.72,4.0,100000.00001
2026-07-31,2097,Закрытый паевой инвестиционный фонд рентный «Четвертый Земельный»,Закрытый,Сформирован,643-RUB,650949600.86,6509.5,4.0,100000.00001
2026-01-30,2154,"Закрытый паевой инвестиционный фонд акций ""Системные инвестиции""",Закрытый,Сформирован,643-RUB,2944745334.0,298051.15,2.0,9880.0
2026-02-27,2154,"Закрытый паевой инвестиционный фонд акций ""Системные инвестиции""",Закрытый,Сформирован,643-RUB,2942353754.4,297809.08,2.0,9880.0
2026-03-31,2154,"Закрытый паевой инвестиционный фонд акций ""Системные инвестиции""",Закрытый,Сформирован,643-RUB,2939720133.35,297542.52,2.0,9880.0
2026-04-30,2154,"Закрытый паевой инвестиционный фонд акций ""Системные инвестиции""",Закрытый,Сформирован,643-RUB,2936844553.31,297251.47,2.0,9880.0
2026-05-29,2154,"Закрытый паевой инвестиционный фонд акций ""Системные инвестиции""",Закрытый,Сформирован,643-RUB,2934380954.66,297002.12,2.0,9880.0
2026-06-30,2154,"Закрытый паевой инвестиционный фонд акций ""Системные инвестиции""",Закрытый,Сформирован,643-RUB,3042641820.88,307959.7,2.0,9880.0
2026-07-31,2154,"Закрытый паевой инвестиционный фонд акций ""Системные инвестиции""",Закрытый,Сформирован,643-RUB,3039420246.77,307633.63,2.0,9880.0
2026-01-30,2161,Закрытый паевой инвестиционный фонд рыночных финансовых инструментов «Первая – Глобальный Интернет»,Закрытый,Сформирован,643-RUB,5698527395.26,2876.71,39423.0,1980724.7009799995
2026-02-27,2161,Закрытый паевой инвестиционный фонд рыночных финансовых инструментов «Первая – Глобальный Интернет»,Закрытый,Сформирован,643-RUB,5780198047.43,2917.94,39435.0,1980724.70098
2026-03-31,2161,Закрытый паевой инвестиционный фонд рыночных финансовых инструментов «Первая – Глобальный Интернет»,Закрытый,Сформирован,643-RUB,5790649918.92,2923.22,39440.0,1980724.7009799995
2026-04-30,2161,Закрытый паевой инвестиционный фонд рыночных финансовых инструментов «Первая – Глобальный Интернет»,Закрытый,Сформирован,643-RUB,5290169045.82,2670.57,39441.0,1980724.70098
2026-05-29,2161,Закрытый паевой инвестиционный фонд рыночных финансовых инструментов «Первая – Глобальный Интернет»,Закрытый,Сформирован,643-RUB,5041454737.69,2545.01,39447.0,1980724.70098
2026-06-30,2161,Закрытый паевой инвестиционный фонд рыночных финансовых инструментов «Первая – Глобальный Интернет»,Закрытый,Сформирован,643-RUB,5440806537.19,2746.61,39450.0,1980724.70098
2026-07-31,2161,Закрытый паевой инвестиционный фонд рыночных финансовых инструментов «Первая – Глобальный Интернет»,Закрытый,Сформирован,643-RUB,5569826352.03,2811.74,39450.0,1980724.70098
2026-01-30,2164,"Закрытый Паевой Инвестиционный Фонд Недвижимости ""Межотраслевая недвижимость""",Закрытый,Сформирован,643-RUB,161851767.78,31.02,6.0,5194506.496
2026-02-27,2164,Закрытый Паевой Инвестиционный Фонд Недвижимости «Межотраслевой»,Закрытый,Сформирован,643-RUB,163066634.14,31.25,12.0,10389012.992
2026-03-31,2164,Закрытый Паевой Инвестиционный Фонд Недвижимости «Межотраслевой»,Закрытый,Сформирован,643-RUB,164719569.74,31.56,6.0,5194506.496
2026-04-30,2164,Закрытый Паевой Инвестиционный Фонд Недвижимости «Межотраслевой»,Закрытый,Сформирован,643-RUB,133290350.42,31.93,6.0,4155605.1968
2026-05-29,2164,Закрытый Паевой Инвестиционный Фонд Недвижимости «Межотраслевой»,Закрытый,Сформирован,643-RUB,137224109.44,32.87,6.0,4155605.1968
2026-06-30,2164,Закрытый Паевой Инвестиционный Фонд Недвижимости «Межотраслевой»,Закрытый,Сформирован,643-RUB,137005787.34,32.82,6.0,4155605.1968
2026-07-31,2164,Закрытый Паевой Инвестиционный Фонд Недвижимости «Межотраслевой»,Закрытый,В стадии прекращения,643-RUB,137576033.67,32.95,6.0,4155605.1968
2026-01-30,2204,открытый паевой инвестиционный фонд рыночных финансовых инструментов «Доверительная - фонд Резервный»,Открытый,Сформирован,643-RUB,13642690140.73,167.49,3.0,81452578.44751
2026-02-27,2204,открытый паевой инвестиционный фонд рыночных финансовых инструментов «Доверительная - фонд Резервный»,Открытый,Сформирован,643-RUB,13834541584.91,169.85,3.0,81452578.44751
2026-03-31,2204,открытый паевой инвестиционный фонд рыночных финансовых инструментов «Доверительная - фонд Резервный»,Открытый,Сформирован,643-RUB,14065428869.67,172.68,3.0,81452578.44750999
2026-04-30,2204,открытый паевой инвестиционный фонд рыночных финансовых инструментов «Доверительная - фонд Резервный»,Открытый,Сформирован,643-RUB,14232334150.21,174.73,3.0,81452578.44750999
2026-05-29,2204,открытый паевой инвестиционный фонд рыночных финансовых инструментов «Доверительная - фонд Резервный»,Открытый,Сформирован,643-RUB,14359738791.08,176.3,3.0,81452578.44751
2026-06-30,2204,открытый паевой инвестиционный фонд рыночных финансовых инструментов «Доверительная - фонд Резервный»,Открытый,Сформирован,643-RUB,14286521163.33,175.4,3.0,81452578.44751
2026-07-31,2204,открытый паевой инвестиционный фонд рыночных финансовых инструментов «Доверительная - фонд Резервный»,Открытый,Сформирован,643-RUB,14427951420.99,177.13,3.0,81452578.44751
2026-01-30,2241,Открытый паевой инвестиционный фонд рыночных финансовых инструментов «Райффайзен – Золото»,Открытый,Сформирован,643-RUB,9300192821.7,38360.92,10616.0,242439.25689
2026-02-27,2241,Открытый паевой инвестиционный фонд рыночных финансовых инструментов «Райффайзен – Золото»,Открытый,Сформирован,643-RUB,9997579195.78,40571.47,11776.0,246418.94062000007
2026-03-31,2241,Открытый паевой инвестиционный фонд рыночных финансовых инструментов «Райффайзен – Золото»,Открытый,Сформирован,643-RUB,9370136048.85,37065.01,11981.0,252802.77139
2026-04-30,2241,Открытый паевой инвестиционный фонд рыночных финансовых инструментов «Райффайзен – Золото»,Открытый,Сформирован,643-RUB,8751919067.01,34433.14,12093.0,254171.40314
2026-05-29,2241,Открытый паевой инвестиционный фонд рыночных финансовых инструментов «Райффайзен – Золото»,Открытый,Сформирован,643-RUB,8143943499.08,32140.16,11945.0,253388.4202099999
2026-06-30,2241,Открытый паевой инвестиционный фонд рыночных финансовых инструментов «Райффайзен – Золото»,Открытый,Сформирован,643-RUB,7929432943.77,31333.65,11662.0,253064.47122000004
2026-07-31,2241,Открытый паевой инвестиционный фонд рыночных финансовых инструментов «Райффайзен – Золото»,Открытый,Сформирован,643-RUB,8016861429.19,31725.9,11557.0,252691.39464
2026-01-30,2244,Закрытый паевой инвестиционный фонд рыночных финансовых инструментов «Газпромбанк – Фонд международных дивидендов»,Закрытый,Сформирован,643-RUB,52280.22,309.97,622.0,168.66211999999993
2026-02-27,2244,Закрытый паевой инвестиционный фонд рыночных финансовых инструментов «Газпромбанк – Фонд международных дивидендов»,Закрытый,Сформирован,643-RUB,52280.22,309.97,622.0,168.6621199999999
2026-03-31,2244,Закрытый паевой инвестиционный фонд рыночных финансовых инструментов «Газпромбанк – Фонд международных дивидендов»,Закрытый,Сформирован,643-RUB,52280.22,309.97,622.0,168.66211999999996
2026-04-30,2244,Закрытый паевой инвестиционный фонд рыночных финансовых инструментов «Газпромбанк – Фонд международных дивидендов»,Закрытый,Сформирован,643-RUB,52280.22,309.97,622.0,168.66212000000002
2026-05-29,2244,Закрытый паевой инвестиционный фонд рыночных финансовых инструментов «Газпромбанк – Фонд международных дивидендов»,Закрытый,Сформирован,643-RUB,52280.22,309.97,622.0,168.66211999999996
2026-06-30,2244,Закрытый паевой инвестиционный фонд рыночных финансовых инструментов «Газпромбанк – Фонд международных дивидендов»,Закрытый,Сформирован,643-RUB,52280.22,309.97,622.0,168.66211999999996
2026-07-31,2244,Закрытый паевой инвестиционный фонд рыночных финансовых инструментов «Газпромбанк – Фонд международных дивидендов»,Закрытый,Сформирован,643-RUB,52280.22,309.97,622.0,168.66212
2026-01-30,2260,Открытый паевой инвестиционный фонд рыночных финансовых инструментов «Райффайзен – Корпоративные облигации»,Открытый,Сформирован,643-RUB,25201405973.22,25149.92,10848.0,1002047.26345
2026-02-27,2260,Открытый паевой инвестиционный фонд рыночных финансовых инструментов «Райффайзен – Корпоративные облигации»,Открытый,Сформирован,643-RUB,26103546293.3,25619.35,11048.0,1018899.55058
2026-03-31,2260,Открытый паевой инвестиционный фонд рыночных финансовых инструментов «Райффайзен – Корпоративные облигации»,Открытый,Сформирован,643-RUB,27575974570.87,25870.04,11312.0,1065942.6282899997
2026-04-30,2260,Открытый паевой инвестиционный фонд рыночных финансовых инструментов «Райффайзен – Корпоративные облигации»,Открытый,Сформирован,643-RUB,28575713282.14,26175.99,11608.0,1091676.39835
2026-05-29,2260,Открытый паевой инвестиционный фонд рыночных финансовых инструментов «Райффайзен – Корпоративные облигации»,Открытый,Сформирован,643-RUB,29044796967.64,26257.04,11785.0,1106171.72583
2026-06-30,2260,Открытый паевой инвестиционный фонд рыночных финансовых инструментов «Райффайзен – Корпоративные облигации»,Открытый,Сформирован,643-RUB,29008941255.04,25751.31,11820.0,1126503.6994200002
2026-07-31,2260,Открытый паевой инвестиционный фонд рыночных финансовых инструментов «Райффайзен – Корпоративные облигации»,Открытый,Сформирован,643-RUB,28962738994.36,26272.42,11574.0,1102400.83024
2026-01-30,2271,"Закрытый паевой инвестиционный фонд недвижимости ""Сельскохозяйственный"" под управлением Общества с ограниченной ответственностью ""Управляющая компания ""Резерв Эссет Менеджмент""",Закрытый,Сформирован,643-RUB,6576793472.79,65767934.73,1.0,100.0
2026-02-27,2271,"Закрытый паевой инвестиционный фонд недвижимости ""Сельскохозяйственный"" под управлением Общества с ограниченной ответственностью ""Управляющая компания ""Резерв Эссет Менеджмент""",Закрытый,Сформирован,643-RUB,6840362730.92,68403627.31,1.0,100.0
2026-03-31,2271,"Закрытый паевой инвестиционный фонд недвижимости ""Сельскохозяйственный"" под управлением Общества с ограниченной ответственностью ""Управляющая компания ""Резерв Эссет Менеджмент""",Закрытый,Сформирован,643-RUB,6786886627.87,67868866.28,1.0,100.0
2026-04-30,2271,"Закрытый паевой инвестиционный фонд недвижимости ""Сельскохозяйственный"" под управлением Общества с ограниченной ответственностью ""Управляющая компания ""Резерв Эссет Менеджмент""",Закрытый,Сформирован,643-RUB,6790752646.41,67907526.46,1.0,100.0
2026-05-29,2271,"Закрытый паевой инвестиционный фонд недвижимости ""Сельскохозяйственный"" под управлением Общества с ограниченной ответственностью ""Управляющая компания ""Резерв Эссет Менеджмент""",Закрытый,Сформирован,643-RUB,6756560731.79,67565607.32,1.0,100.0
2026-06-30,2271,Закрытый паевой инвестиционный фонд недвижимости «Сельскохозяйственный» под управлением Общества с ограниченной ответственностью Управляющая компания «Резерв Эссет Менеджмент»,Закрытый,Сформирован,643-RUB,6568506096.85,65685060.97,1.0,100.0
2026-07-31,2271,Закрытый паевой инвестиционный фонд недвижимости «Сельскохозяйственный» под управлением Общества с ограниченной ответственностью Управляющая компания «Резерв Эссет Менеджмент»,Закрытый,Сформирован,643-RUB,6700508988.56,67005089.89,1.0,100.0
2026-01-30,2275,Закрытый паевой инвестиционный фонд рыночных финансовых инструментов «Валютные облигации»,Закрытый,Сформирован,643-RUB,51489376.94,1592.99,2211.0,32322.534294
2026-02-27,2275,Закрытый паевой инвестиционный фонд рыночных финансовых инструментов «Валютные облигации»,Закрытый,Сформирован,643-RUB,52453262.04,1622.81,2217.0,32322.53429000001
2026-03-31,2275,Закрытый паевой инвестиционный фонд рыночных финансовых инструментов «Валютные облигации»,Закрытый,Сформирован,643-RUB,56506170.8,1748.2,2217.0,32322.53429
2026-04-30,2275,Закрытый паевой инвестиционный фонд рыночных финансовых инструментов «Валютные облигации»,Закрытый,Сформирован,643-RUB,55152508.69,1706.32,2217.0,32322.534289999992
2026-05-29,2275,Закрытый паевой инвестиционный фонд рыночных финансовых инструментов «Валютные облигации»,Закрытый,Сформирован,643-RUB,53623877.09,1659.02,2217.0,32322.534290000007
2026-06-30,2275,Закрытый паевой инвестиционный фонд рыночных финансовых инструментов «Валютные облигации»,Закрытый,Сформирован,643-RUB,60488169.51,1871.39,2217.0,32322.53429
2026-07-31,2275,Закрытый паевой инвестиционный фонд рыночных финансовых инструментов «Валютные облигации»,Закрытый,Сформирован,643-RUB,51258380.89,1813.43,2217.0,28266.0563
2026-01-30,2277,Закрытый паевой инвестиционный фонд рыночных финансовых инструментов «Золото»,Закрытый,Сформирован,643-RUB,406581031.55,892.65,1436.0,455477.102042
2026-02-27,2277,Закрытый паевой инвестиционный фонд рыночных финансовых инструментов «Золото»,Закрытый,Сформирован,643-RUB,411618145.49,903.71,1430.0,455477.1020600001
2026-03-31,2277,Закрытый паевой инвестиционный фонд рыночных финансовых инструментов «Золото»,Закрытый,Сформирован,643-RUB,433004577.15,950.66,1430.0,455477.10205000016
2026-04-30,2277,Закрытый паевой инвестиционный фонд рыночных финансовых инструментов «Золото»,Закрытый,Сформирован,643-RUB,400803525.15,879.96,1430.0,455477.10205
2026-05-29,2277,Закрытый паевой инвестиционный фонд рыночных финансовых инструментов «Золото»,Закрытый,Сформирован,643-RUB,422188648.79,926.92,1430.0,455477.10205
2026-06-30,2277,Закрытый паевой инвестиционный фонд рыночных финансовых инструментов «Золото»,Закрытый,Сформирован,643-RUB,470850659.63,1033.75,1430.0,455477.1020400001
2026-07-31,2277,Закрытый паевой инвестиционный фонд рыночных финансовых инструментов «Золото»,Закрытый,Сформирован,643-RUB,471124145.51,1034.35,1430.0,455477.10204
2026-01-30,2299,"""Закрытый паевой инвестиционный фонд недвижимости ""Протон""",Закрытый,Сформирован,643-RUB,36099213.53,708.8,3.0,50930.27359
2026-02-27,2299,"""Закрытый паевой инвестиционный фонд недвижимости ""Протон""",Закрытый,Сформирован,643-RUB,36486839.26,716.41,3.0,50930.27359
2026-03-31,2299,"""Закрытый паевой инвестиционный фонд недвижимости ""Протон""",Закрытый,Сформирован,643-RUB,37194851.88,730.31,3.0,50930.27359
2026-04-30,2299,"""Закрытый паевой инвестиционный фонд недвижимости ""Протон""",Закрытый,Сформирован,643-RUB,37464077.8,735.6,3.0,50930.27359
2026-05-29,2299,"""Закрытый паевой инвестиционный фонд недвижимости ""Протон""",Закрытый,Сформирован,643-RUB,37537106.2,737.03,3.0,50930.27359
2026-06-30,2299,"""Закрытый паевой инвестиционный фонд недвижимости ""Протон""",Закрытый,Сформирован,643-RUB,37281070.0,732.0,3.0,50930.27359
2026-07-31,2299,"""Закрытый паевой инвестиционный фонд недвижимости ""Протон""",Закрытый,Сформирован,643-RUB,37389615.43,734.13,3.0,50930.27359
2026-01-30,2308,"Рентный закрытый паевой инвестиционный фонд ""Земельные ресурсы""",Закрытый,В стадии прекращения,643-RUB,119567614.65,20750.55,2.0,5762.1432
2026-02-27,2308,"Рентный закрытый паевой инвестиционный фонд ""Земельные ресурсы""",Закрытый,В стадии прекращения,643-RUB,119567614.65,20750.55,2.0,5762.1432
2026-03-31,2308,"Рентный закрытый паевой инвестиционный фонд ""Земельные ресурсы""",Закрытый,В стадии прекращения,643-RUB,119485548.65,20736.3,2.0,5762.1432
2026-04-30,2308,"Рентный закрытый паевой инвестиционный фонд ""Земельные ресурсы""",Закрытый,В стадии прекращения,643-RUB,119485548.65,20736.3,2.0,5762.1432
2026-05-29,2308,"Рентный закрытый паевой инвестиционный фонд ""Земельные ресурсы""",Закрытый,В стадии прекращения,643-RUB,119485548.65,20736.3,2.0,5762.1432
2026-06-30,2308,"Рентный закрытый паевой инвестиционный фонд ""Земельные ресурсы""",Закрытый,В стадии прекращения,643-RUB,119484482.65,20736.12,2.0,5762.1432
2026-07-31,2308,"Рентный закрытый паевой инвестиционный фонд ""Земельные ресурсы""",Закрытый,В стадии прекращения,643-RUB,118456613.37,20557.74,2.0,5762.1432
2026-01-30,2317,"Закрытый паевой инвестиционный фонд недвижимости ""Берег""",Закрытый,Сформирован,643-RUB,875779535.12,3207.82,1.0,273013.60551
2026-02-27,2317,"Закрытый паевой инвестиционный фонд недвижимости ""Берег""",Закрытый,Сформирован,643-RUB,877304762.68,3213.41,1.0,273013.60551
2026-03-31,2317,"Закрытый паевой инвестиционный фонд недвижимости ""Берег""",Закрытый,Сформирован,643-RUB,886366099.72,3246.6,1.0,273013.60551
2026-04-30,2317,"Закрытый паевой инвестиционный фонд недвижимости ""Берег""",Закрытый,Сформирован,643-RUB,840974017.77,3080.34,1.0,273013.60551
2026-05-29,2317,"Закрытый паевой инвестиционный фонд недвижимости ""Берег""",Закрытый,Сформирован,643-RUB,856280593.07,3136.4,1.0,273013.60551
2026-06-30,2317,"Закрытый паевой инвестиционный фонд недвижимости ""Берег""",Закрытый,Сформирован,643-RUB,776162070.75,2842.94,1.0,273013.60551
2026-07-31,2317,"Закрытый паевой инвестиционный фонд недвижимости ""Берег""",Закрытый,Сформирован,643-RUB,796102845.5,2915.98,1.0,273013.60551
2026-01-30,2321,«Закрытый паевой инвестиционный фонд смешанных инвестиций «Коммерческие Инвестиции»,Закрытый,Сформирован,643-RUB,7137708837.08,3681.38,2.0,1938867.06911
2026-02-27,2321,«Закрытый паевой инвестиционный фонд смешанных инвестиций «Коммерческие Инвестиции»,Закрытый,Сформирован,643-RUB,6870901866.74,3543.77,2.0,1938867.06911
2026-03-31,2321,«Закрытый паевой инвестиционный фонд смешанных инвестиций «Коммерческие Инвестиции»,Закрытый,Сформирован,643-RUB,6702214471.45,3456.77,2.0,1938867.06911
2026-04-30,2321,«Закрытый паевой инвестиционный фонд смешанных инвестиций «Коммерческие Инвестиции»,Закрытый,Сформирован,643-RUB,6607697661.89,3408.02,2.0,1938867.06911
2026-05-29,2321,«Закрытый паевой инвестиционный фонд смешанных инвестиций «Коммерческие Инвестиции»,Закрытый,Сформирован,643-RUB,6488013430.21,3346.29,2.0,1938867.06911
2026-06-30,2321,«Закрытый паевой инвестиционный фонд смешанных инвестиций «Коммерческие Инвестиции»,Закрытый,Сформирован,643-RUB,6721115903.79,3466.52,2.0,1938867.06911
2026-07-31,2321,«Закрытый паевой инвестиционный фонд смешанных инвестиций «Коммерческие Инвестиции»,Закрытый,Сформирован,643-RUB,6674426009.99,3442.44,2.0,1938867.06911
2026-01-30,2331,"Закрытый паевой инвестиционный фонд недвижимости ""Заречье"" под управлением ООО ""ТЕТИС Кэпитал""",Закрытый,Сформирован,643-RUB,137036343.86,5481.45,2.0,25000.0
2026-02-27,2331,"Закрытый паевой инвестиционный фонд недвижимости ""Заречье"" под управлением ООО ""ТЕТИС Кэпитал""",Закрытый,Сформирован,643-RUB,136712017.81,5468.48,2.0,25000.0
2026-03-31,2331,"Закрытый паевой инвестиционный фонд недвижимости ""Заречье"" под управлением ООО ""ТЕТИС Кэпитал""",Закрытый,Сформирован,643-RUB,137082438.87,5483.3,2.0,25000.0
2026-04-30,2331,"Закрытый паевой инвестиционный фонд недвижимости ""Заречье"" под управлением ООО ""ТЕТИС Кэпитал""",Закрытый,Сформирован,643-RUB,137938562.96,5517.54,2.0,25000.0
2026-05-29,2331,"Закрытый паевой инвестиционный фонд недвижимости ""Заречье"" под управлением ООО ""ТЕТИС Кэпитал""",Закрытый,Сформирован,643-RUB,135996318.52,5439.85,2.0,25000.0
2026-06-30,2331,"Закрытый паевой инвестиционный фонд недвижимости ""Заречье"" под управлением ООО ""ТЕТИС Кэпитал""",Закрытый,Сформирован,643-RUB,135650816.89,5426.03,2.0,25000.0
2026-07-31,2331,"Закрытый паевой инвестиционный фонд недвижимости ""Заречье"" под управлением ООО ""ТЕТИС Кэпитал""",Закрытый,Сформирован,643-RUB,135283528.69,5411.34,2.0,25000.0
2026-01-30,2334,Закрытый паевой инвестиционный фонд недвижимости «Печора»,Закрытый,Сформирован,643-RUB,1096901832.82,203242.88,1.0,5397.0
2026-02-27,2334,Закрытый паевой инвестиционный фонд недвижимости «Печора»,Закрытый,Сформирован,643-RUB,1110093864.13,205687.21,1.0,5397.0
2026-03-31,2334,Закрытый паевой инвестиционный фонд недвижимости «Печора»,Закрытый,Сформирован,643-RUB,1105770648.85,204886.17,1.0,5397.0
2026-04-30,2334,Закрытый паевой инвестиционный фонд недвижимости «Печора»,Закрытый,Сформирован,643-RUB,1113855705.58,206384.23,1.0,5397.0
2026-05-29,2334,Закрытый паевой инвестиционный фонд недвижимости «Печора»,Закрытый,Сформирован,643-RUB,1127019519.78,208823.33,1.0,5397.0
2026-06-30,2334,Закрытый паевой инвестиционный фонд недвижимости «Печора»,Закрытый,Сформирован,643-RUB,1105519195.79,204839.58,1.0,5397.0
2026-07-31,2334,Закрытый паевой инвестиционный фонд недвижимости «Печора»,Закрытый,Сформирован,643-RUB,1119402970.36,207412.08,1.0,5397.0
2026-01-30,2342,Закрытый паевой инвестиционный фонд рыночных финансовых инструментов «Рынок драгоценных металлов»,Закрытый,Сформирован,643-RUB,179429593.83,118.97,1188.0,1508253.76139
2026-02-27,2342,Закрытый паевой инвестиционный фонд рыночных финансовых инструментов «Рынок драгоценных металлов»,Закрытый,Сформирован,643-RUB,220150322.79,145.96,1188.0,1508253.76139
2026-03-31,2342,Закрытый паевой инвестиционный фонд рыночных финансовых инструментов «Рынок драгоценных металлов»,Закрытый,Сформирован,643-RUB,230035422.1,152.52,1189.0,1508253.7613900003
2026-04-30,2342,Закрытый паевой инвестиционный фонд рыночных финансовых инструментов «Рынок драгоценных металлов»,Закрытый,Сформирован,643-RUB,215160853.86,142.66,1188.0,1508253.76139
2026-05-29,2342,Закрытый паевой инвестиционный фонд рыночных финансовых инструментов «Рынок драгоценных металлов»,Закрытый,Сформирован,643-RUB,204727135.84,135.74,1188.0,1508253.76139
2026-06-30,2342,Закрытый паевой инвестиционный фонд рыночных финансовых инструментов «Рынок драгоценных металлов»,Закрытый,Сформирован,643-RUB,224268560.55,148.69,1188.0,1508253.7613899997
2026-07-31,2342,Закрытый паевой инвестиционный фонд рыночных финансовых инструментов «Рынок драгоценных металлов»,Закрытый,Сформирован,643-RUB,198137715.77,148.76,1188.0,1331938.89662
2026-01-30,2356,Открытый паевой инвестиционный фонд рыночных финансовых инструментов «Райффайзен – Мультивалютные облигации»,Открытый,Сформирован,643-RUB,8822816138.68,20533.47,3008.0,429679.67124000005
2026-02-27,2356,Открытый паевой инвестиционный фонд рыночных финансовых инструментов «Райффайзен – Мультивалютные облигации»,Открытый,Сформирован,643-RUB,8892276245.54,20673.31,3017.0,430133.24267000007
2026-03-31,2356,Открытый паевой инвестиционный фонд рыночных финансовых инструментов «Райффайзен – Мультивалютные облигации»,Открытый,Сформирован,643-RUB,9285615324.2,21514.04,3051.0,431607.13615
2026-04-30,2356,Открытый паевой инвестиционный фонд рыночных финансовых инструментов «Райффайзен – Мультивалютные облигации»,Открытый,Сформирован,643-RUB,8932911977.74,20646.31,3044.0,432663.87241000007
2026-05-29,2356,Открытый паевой инвестиционный фонд рыночных финансовых инструментов «Райффайзен – Мультивалютные облигации»,Открытый,Сформирован,643-RUB,8783673554.67,20038.43,3046.0,438341.32813
2026-06-30,2356,Открытый паевой инвестиционный фонд рыночных финансовых инструментов «Райффайзен – Мультивалютные облигации»,Открытый,Сформирован,643-RUB,9585760234.47,21427.37,3059.0,447360.5790200001
2026-07-31,2356,Открытый паевой инвестиционный фонд рыночных финансовых инструментов «Райффайзен – Мультивалютные облигации»,Открытый,Сформирован,643-RUB,9591538207.56,21223.78,3058.0,451924.18225
2026-01-30,2361,Закрытый паевой инвестиционный фонд рыночных финансовых инструментов «Газпромбанк – Золото»,Закрытый,Сформирован,643-RUB,97652.72,102.52,1086.0,952.4816099999998
2026-02-27,2361,Закрытый паевой инвестиционный фонд рыночных финансовых инструментов «Газпромбанк – Золото»,Закрытый,Сформирован,643-RUB,97652.72,102.52,1086.0,952.4816099999998
2026-03-31,2361,Закрытый паевой инвестиционный фонд рыночных финансовых инструментов «Газпромбанк – Золото»,Закрытый,Сформирован,643-RUB,97652.72,102.52,1088.0,952.4816100000002
2026-04-30,2361,Закрытый паевой инвестиционный фонд рыночных финансовых инструментов «Газпромбанк – Золото»,Закрытый,Сформирован,643-RUB,97652.72,102.52,1086.0,952.48161
2026-05-29,2361,Закрытый паевой инвестиционный фонд рыночных финансовых инструментов «Газпромбанк – Золото»,Закрытый,Сформирован,643-RUB,97652.72,102.52,1086.0,952.48161
2026-06-30,2361,Закрытый паевой инвестиционный фонд рыночных финансовых инструментов «Газпромбанк – Золото»,Закрытый,Сформирован,643-RUB,97652.72,102.52,1086.0,952.4816099999996
2026-07-31,2361,Закрытый паевой инвестиционный фонд рыночных финансовых инструментов «Газпромбанк – Золото»,Закрытый,Сформирован,643-RUB,97652.72,102.52,1086.0,952.48161
2026-01-30,2389,"Закрытый паевой инвестиционный фонд рентный ""Рантье""",Закрытый,Сформирован,643-RUB,342488257.58,1566.25,10.0,218667.34261
2026-02-27,2389,"Закрытый паевой инвестиционный фонд рентный ""Рантье""",Закрытый,Сформирован,643-RUB,341044009.0,1559.65,10.0,218667.34261
2026-03-31,2389,"Закрытый паевой инвестиционный фонд рентный ""Рантье""",Закрытый,Сформирован,643-RUB,340191485.51,1555.75,10.0,218667.34261
2026-04-30,2389,"Закрытый паевой инвестиционный фонд рентный ""Рантье""",Закрытый,Сформирован,643-RUB,341288422.38,1560.77,10.0,218667.34261
2026-05-29,2389,"Закрытый паевой инвестиционный фонд рентный ""Рантье""",Закрытый,Сформирован,643-RUB,337160575.83,1541.89,10.0,218667.34261
2026-06-30,2389,"Закрытый паевой инвестиционный фонд рентный ""Рантье""",Закрытый,Сформирован,643-RUB,336656709.21,1539.58,10.0,218667.34261
2026-07-31,2389,"Закрытый паевой инвестиционный фонд рентный ""Рантье""",Закрытый,Сформирован,643-RUB,375188227.09,1715.79,11.0,218667.34261
2026-01-30,2398,"Закрытый паевой инвестиционный фонд недвижимости ""Стрит Ритейл""",Закрытый,Сформирован,643-RUB,370406430.02,2648.86,15.0,139836.05491
2026-02-27,2398,"Закрытый паевой инвестиционный фонд недвижимости ""Стрит Ритейл""",Закрытый,Сформирован,643-RUB,355001320.22,2538.7,15.0,139836.05491
2026-03-31,2398,"Закрытый паевой инвестиционный фонд недвижимости ""Стрит Ритейл""",Закрытый,Сформирован,643-RUB,355752053.56,2544.07,15.0,139836.05491
2026-04-30,2398,"Закрытый паевой инвестиционный фонд недвижимости ""Стрит Ритейл""",Закрытый,Сформирован,643-RUB,356410740.08,2548.78,15.0,139836.05491
2026-05-29,2398,"Закрытый паевой инвестиционный фонд недвижимости ""Стрит Ритейл""",Закрытый,Сформирован,643-RUB,358487399.47,2563.63,15.0,139836.05491
2026-06-30,2398,"Закрытый паевой инвестиционный фонд недвижимости ""Стрит Ритейл""",Закрытый,Сформирован,643-RUB,354897015.29,2537.95,15.0,139836.05491
2026-07-31,2398,"Закрытый паевой инвестиционный фонд недвижимости ""Стрит Ритейл""",Закрытый,Сформирован,643-RUB,382844356.64,2737.81,15.0,139836.05491
2026-01-30,2416,"Закрытый паевой инвестиционный фонд недвижимости ""СТРОЙПРОЕКТ""",Закрытый,Сформирован,643-RUB,734344412.9,8708.88,27.0,84321.386
2026-02-27,2416,"Закрытый паевой инвестиционный фонд недвижимости ""СТРОЙПРОЕКТ""",Закрытый,Сформирован,643-RUB,737286033.98,8743.76,29.0,84321.386
2026-03-31,2416,"Закрытый паевой инвестиционный фонд недвижимости ""СТРОЙПРОЕКТ""",Закрытый,Сформирован,643-RUB,723596421.32,8581.41,29.0,84321.386
2026-04-30,2416,"Закрытый паевой инвестиционный фонд недвижимости ""СТРОЙПРОЕКТ""",Закрытый,Сформирован,643-RUB,731378931.61,8673.71,28.0,84321.386
2026-05-29,2416,"Закрытый паевой инвестиционный фонд недвижимости ""СТРОЙПРОЕКТ""",Закрытый,Сформирован,643-RUB,735630445.47,8724.13,28.0,84321.386
2026-06-30,2416,"Закрытый паевой инвестиционный фонд недвижимости ""СТРОЙПРОЕКТ""",Закрытый,Сформирован,643-RUB,750799830.87,8904.03,28.0,84321.386
2026-07-31,2416,"Закрытый паевой инвестиционный фонд недвижимости ""СТРОЙПРОЕКТ""",Закрытый,Сформирован,643-RUB,758405120.82,8994.22,28.0,84321.386
2026-01-30,2423,"Рентный Закрытый Паевой Инвестиционный Фонд ""ТРЦ Перловский""",Закрытый,Сформирован,643-RUB,1334974512.17,1668.72,216.0,797008.0
2026-02-27,2423,"Рентный Закрытый Паевой Инвестиционный Фонд ""ТРЦ Перловский""",Закрытый,Сформирован,643-RUB,1336559481.83,1670.7,508.0,1600000.0
2026-03-31,2423,"Рентный Закрытый Паевой Инвестиционный Фонд ""ТРЦ Перловский""",Закрытый,Сформирован,643-RUB,1330844449.71,1663.56,269.0,800000.0
2026-04-30,2423,"Рентный Закрытый Паевой Инвестиционный Фонд ""ТРЦ Перловский""",Закрытый,Сформирован,643-RUB,1342279047.38,1677.85,270.0,800000.0
2026-05-29,2423,"Рентный Закрытый Паевой Инвестиционный Фонд ""ТРЦ Перловский""",Закрытый,Сформирован,643-RUB,1343894568.52,1679.87,267.0,800000.0
2026-06-30,2423,"Рентный Закрытый Паевой Инвестиционный Фонд ""ТРЦ Перловский""",Закрытый,Сформирован,643-RUB,1197666006.27,1497.08,273.0,800000.0
2026-07-31,2423,"Рентный Закрытый Паевой Инвестиционный Фонд ""ТРЦ Перловский""",Закрытый,Сформирован,643-RUB,1206308888.08,1507.89,291.0,799928.0
2026-01-30,2451,"Закрытый паевой инвестиционный фонд рентный ""Пятый Земельный""",Закрытый,Сформирован,643-RUB,211529744.43,2115.3,1.0,100000.0
2026-02-27,2451,"Закрытый паевой инвестиционный фонд рентный ""Пятый Земельный""",Закрытый,Сформирован,643-RUB,212146307.62,2121.46,1.0,100000.0
2026-03-31,2451,"Закрытый паевой инвестиционный фонд рентный ""Пятый Земельный""",Закрытый,Сформирован,643-RUB,212873852.55,2128.74,1.0,100000.0
2026-04-30,2451,"Закрытый паевой инвестиционный фонд рентный ""Пятый Земельный""",Закрытый,Сформирован,643-RUB,213338593.48,2133.39,1.0,100000.0
2026-05-29,2451,"Закрытый паевой инвестиционный фонд рентный ""Пятый Земельный""",Закрытый,Сформирован,643-RUB,212893562.92,2128.94,1.0,100000.0
2026-06-30,2451,"Закрытый паевой инвестиционный фонд рентный ""Пятый Земельный""",Закрытый,Сформирован,643-RUB,213567433.9,2135.67,1.0,100000.0
2026-07-31,2451,Закрытый паевой инвестиционный фонд недвижимости «Пятый Земельный»,Закрытый,Сформирован,643-RUB,214245531.43,2142.46,1.0,100000.0
2026-01-30,2476,"Рентный закрытый паевой инвестиционный фонд ""Региональная недвижимость""",Закрытый,В стадии прекращения,643-RUB,237673931.79,4753478.64,1.0,50.0
2026-02-27,2476,"Рентный закрытый паевой инвестиционный фонд ""Региональная недвижимость""",Закрытый,В стадии прекращения,643-RUB,237165400.26,4743308.01,1.0,50.0
2026-03-31,2476,"Рентный закрытый паевой инвестиционный фонд ""Региональная недвижимость""",Закрытый,В стадии прекращения,643-RUB,235711376.53,4714227.53,1.0,50.0
2026-04-30,2476,"Рентный закрытый паевой инвестиционный фонд ""Региональная недвижимость""",Закрытый,В стадии прекращения,643-RUB,234866780.57,4697335.61,1.0,50.0
2026-05-29,2476,"Рентный закрытый паевой инвестиционный фонд ""Региональная недвижимость""",Закрытый,В стадии прекращения,643-RUB,234128148.33,4682562.97,1.0,50.0
2026-06-30,2476,"Рентный закрытый паевой инвестиционный фонд ""Региональная недвижимость""",Закрытый,В стадии прекращения,643-RUB,242067071.39,4841341.43,1.0,50.0
2026-07-31,2476,"Рентный закрытый паевой инвестиционный фонд ""Региональная недвижимость""",Закрытый,В стадии прекращения,643-RUB,241156758.37,4823135.17,1.0,50.0
2026-01-30,2487,Открытый паевой инвестиционный фонд рыночных финансовых инструментов «Атон – Дивидендные акции: Рантье»,Открытый,Сформирован,643-RUB,616177075.75,2331.33,786.0,264302.56417
2026-02-27,2487,Открытый паевой инвестиционный фонд рыночных финансовых инструментов «Атон – Дивидендные акции: Рантье»,Открытый,Сформирован,643-RUB,589828295.25,2386.93,784.0,247107.7192200001
2026-03-31,2487,Открытый паевой инвестиционный фонд рыночных финансовых инструментов «Атон – Дивидендные акции: Рантье»,Открытый,Сформирован,643-RUB,553331412.0,2270.14,783.0,243743.45495000004
2026-04-30,2487,Открытый паевой инвестиционный фонд рыночных финансовых инструментов «Атон – Дивидендные акции: Рантье»,Открытый,Сформирован,643-RUB,537017948.13,2208.03,771.0,243211.55771
2026-05-29,2487,Открытый паевой инвестиционный фонд рыночных финансовых инструментов «Атон – Дивидендные акции: Рантье»,Открытый,Сформирован,643-RUB,478372023.08,2185.99,767.0,218835.31897
2026-06-30,2487,Открытый паевой инвестиционный фонд рыночных финансовых инструментов «Атон – Дивидендные акции: Рантье»,Открытый,Сформирован,643-RUB,442646167.84,1990.97,764.0,222327.40251000004
2026-07-31,2487,Открытый паевой инвестиционный фонд рыночных финансовых инструментов «Атон – Дивидендные акции: Рантье»,Открытый,Сформирован,643-RUB,448109474.31,1978.09,760.0,226536.73659
2026-01-30,2515,Открытый паевой инвестиционный фонд рыночных финансовых инструментов «БКС Драгоценные Металлы»,Открытый,Сформирован,643-RUB,1073013901.77,339.41,7001.0,3161404.6239400003
2026-02-27,2515,Открытый паевой инвестиционный фонд рыночных финансовых инструментов «БКС Драгоценные Металлы»,Открытый,Сформирован,643-RUB,1080459630.09,358.06,7193.0,3017516.92755
2026-03-31,2515,Открытый паевой инвестиционный фонд рыночных финансовых инструментов «БКС Драгоценные Металлы»,Открытый,Сформирован,643-RUB,981610954.97,326.61,7301.0,3005487.7755599995
2026-04-30,2515,Открытый паевой инвестиционный фонд рыночных финансовых инструментов «БКС Драгоценные Металлы»,Открытый,Сформирован,643-RUB,909195721.41,303.43,7265.0,2996413.3581699994
2026-05-29,2515,Открытый паевой инвестиционный фонд рыночных финансовых инструментов «БКС Драгоценные Металлы»,Открытый,Сформирован,643-RUB,848826085.12,283.07,7242.0,2998607.175890001
2026-06-30,2515,Открытый паевой инвестиционный фонд рыночных финансовых инструментов «БКС Драгоценные Металлы»,Открытый,Сформирован,643-RUB,832898093.32,275.72,7163.0,3020775.80196
2026-07-31,2515,Открытый паевой инвестиционный фонд рыночных финансовых инструментов «БКС Драгоценные Металлы»,Открытый,Сформирован,643-RUB,805241018.84,279.41,7068.0,2881907.79224
2026-01-30,2539,Закрытый паевой инвестиционный фонд рентный «Перспектива» под управлением Общества с ограниченной ответственностью «Управляющая компания «Прагма Капитал»,Закрытый,Сформирован,643-RUB,1860399929.67,2782.29,1.0,668657.0128
2026-02-27,2539,Закрытый паевой инвестиционный фонд рентный «Перспектива» под управлением Общества с ограниченной ответственностью «Управляющая компания «Прагма Капитал»,Закрытый,Сформирован,643-RUB,1734105556.4,2593.42,1.0,668657.0128
2026-03-31,2539,Закрытый паевой инвестиционный фонд рентный «Перспектива» под управлением Общества с ограниченной ответственностью «Управляющая компания «Прагма Капитал»,Закрытый,Сформирован,643-RUB,1730476215.09,2587.99,1.0,668657.0128
2026-04-30,2539,Закрытый паевой инвестиционный фонд рентный «Перспектива» под управлением Общества с ограниченной ответственностью «Управляющая компания «Прагма Капитал»,Закрытый,Сформирован,643-RUB,1538170480.75,2300.39,1.0,668657.0128
2026-05-29,2539,Закрытый паевой инвестиционный фонд рентный «Перспектива» под управлением Общества с ограниченной ответственностью «Управляющая компания «Прагма Капитал»,Закрытый,Сформирован,643-RUB,1356757626.35,2029.08,1.0,668657.0128
2026-06-30,2539,Закрытый паевой инвестиционный фонд рентный «Перспектива» под управлением Общества с ограниченной ответственностью «Управляющая компания «Прагма Капитал»,Закрытый,Сформирован,643-RUB,1275646521.82,1907.77,1.0,668657.0128
2026-07-31,2539,Закрытый паевой инвестиционный фонд рентный «Перспектива» под управлением Общества с ограниченной ответственностью «Управляющая компания «Прагма Капитал»,Закрытый,Сформирован,643-RUB,1244614548.35,1861.36,1.0,668657.0128
2026-01-30,2547,Открытый паевой инвестиционный фонд рыночных финансовых инструментов «Газпромбанк - Облигации плюс»,Открытый,Сформирован,643-RUB,10352075477.06,2652.61,16827.0,3902602.66922
2026-02-27,2547,Открытый паевой инвестиционный фонд рыночных финансовых инструментов «Газпромбанк - Облигации плюс»,Открытый,Сформирован,643-RUB,10482019895.05,2692.9,16809.0,3892469.066769999
2026-03-31,2547,Открытый паевой инвестиционный фонд рыночных финансовых инструментов «Газпромбанк - Облигации плюс»,Открытый,Сформирован,643-RUB,10574325338.96,2731.9,16782.0,3870683.108860001
2026-04-30,2547,Открытый паевой инвестиционный фонд рыночных финансовых инструментов «Газпромбанк - Облигации плюс»,Открытый,Сформирован,643-RUB,10673373208.26,2770.12,16722.0,3853039.2533800006
2026-05-29,2547,Открытый паевой инвестиционный фонд рыночных финансовых инструментов «Газпромбанк - Облигации плюс»,Открытый,Сформирован,643-RUB,10674466209.03,2793.56,16701.0,3821093.600220001
2026-06-30,2547,Открытый паевой инвестиционный фонд рыночных финансовых инструментов «Газпромбанк - Облигации плюс»,Открытый,Сформирован,643-RUB,10670105622.54,2779.02,16738.0,3839519.923179999
2026-07-31,2547,Открытый паевой инвестиционный фонд рыночных финансовых инструментов «Газпромбанк - Облигации плюс»,Открытый,Сформирован,643-RUB,10644861019.17,2808.07,16659.0,3790811.17418
2026-01-30,2565,"Открытый паевой инвестиционный фонд рыночных финансовых инструментов ""Арикапитал - Чистые деньги""",Открытый,Сформирован,643-RUB,1404236950.96,2349.23,63.0,597744.16678
2026-02-27,2565,"Открытый паевой инвестиционный фонд рыночных финансовых инструментов ""Арикапитал - Чистые деньги""",Открытый,Сформирован,643-RUB,1394005406.35,2386.08,62.0,584224.8712899999
2026-03-31,2565,"Открытый паевой инвестиционный фонд рыночных финансовых инструментов ""Арикапитал - Чистые деньги""",Открытый,Сформирован,643-RUB,1487376925.98,2545.88,62.0,584228.9946399999
2026-04-30,2565,"Открытый паевой инвестиционный фонд рыночных финансовых инструментов ""Арикапитал - Чистые деньги""",Открытый,Сформирован,643-RUB,1449626690.26,2450.37,62.0,591594.2936200001
2026-05-29,2565,"Открытый паевой инвестиционный фонд рыночных финансовых инструментов ""Арикапитал - Чистые деньги""",Открытый,Сформирован,643-RUB,1402064768.93,2381.87,61.0,588639.7932600001
2026-06-30,2565,"Открытый паевой инвестиционный фонд рыночных финансовых инструментов ""Арикапитал - Чистые деньги""",Открытый,Сформирован,643-RUB,1533645996.66,2586.11,60.0,593032.22056
2026-07-31,2565,"Открытый паевой инвестиционный фонд рыночных финансовых инструментов ""Арикапитал - Чистые деньги""",Открытый,Сформирован,643-RUB,1543072396.34,2601.9,60.0,593056.37086
2026-01-30,2566,"Открытый паевой инвестиционный фонд рыночных финансовых инструментов ""РСХБ - Фонд Сбалансированный""",Открытый,Сформирован,643-RUB,5742584795.13,3341.77,27390.0,1718425.24016
2026-02-27,2566,"Открытый паевой инвестиционный фонд рыночных финансовых инструментов ""РСХБ - Фонд Сбалансированный""",Открытый,Сформирован,643-RUB,5631992314.45,3385.27,26463.0,1663673.6301600002
2026-03-31,2566,"Открытый паевой инвестиционный фонд рыночных финансовых инструментов ""РСХБ - Фонд Сбалансированный""",Открытый,Сформирован,643-RUB,5305747357.61,3352.65,21321.0,1582553.5826900003
2026-04-30,2566,"Открытый паевой инвестиционный фонд рыночных финансовых инструментов ""РСХБ - Фонд Сбалансированный""",Открытый,Сформирован,643-RUB,4980597915.83,3264.71,20468.0,1525585.4199099997
2026-05-29,2566,"Открытый паевой инвестиционный фонд рыночных финансовых инструментов ""РСХБ - Фонд Сбалансированный""",Открытый,Сформирован,643-RUB,4841401727.96,3249.86,19861.0,1489728.2755199992
2026-06-30,2566,"Открытый паевой инвестиционный фонд рыночных финансовых инструментов ""РСХБ - Фонд Сбалансированный""",Открытый,Сформирован,643-RUB,4413393297.88,3087.29,19200.0,1429538.5668800003
2026-07-31,2566,"Открытый паевой инвестиционный фонд рыночных финансовых инструментов ""РСХБ - Фонд Сбалансированный""",Открытый,Сформирован,643-RUB,4321561214.42,3112.1,18726.0,1388632.00226
2026-01-30,2567,Открытый паевой инвестиционный фонд рыночных финансовых инструментов «РСХБ – Фонд Облигаций»,Открытый,Сформирован,643-RUB,19702982088.12,3131.76,44495.0,6291350.065330001
2026-02-27,2567,Открытый паевой инвестиционный фонд рыночных финансовых инструментов «РСХБ – Фонд Облигаций»,Открытый,Сформирован,643-RUB,20760370094.1,3178.92,46622.0,6530640.732619951
2026-03-31,2567,Открытый паевой инвестиционный фонд рыночных финансовых инструментов «РСХБ – Фонд Облигаций»,Открытый,Сформирован,643-RUB,23185684412.09,3230.94,50182.0,7176138.310129999
2026-04-30,2567,Открытый паевой инвестиционный фонд рыночных финансовых инструментов «РСХБ – Фонд Облигаций»,Открытый,Сформирован,643-RUB,26707490061.15,3279.3,53996.0,8144258.7107
2026-05-29,2567,Открытый паевой инвестиционный фонд рыночных финансовых инструментов «РСХБ – Фонд Облигаций»,Открытый,Сформирован,643-RUB,28883044623.23,3300.57,55921.0,8750938.483669998
2026-06-30,2567,Открытый паевой инвестиционный фонд рыночных финансовых инструментов «РСХБ – Фонд Облигаций»,Открытый,Сформирован,643-RUB,29205618348.37,3247.81,56631.0,8992398.460910002
2026-07-31,2567,Открытый паевой инвестиционный фонд рыночных финансовых инструментов «РСХБ – Фонд Облигаций»,Открытый,Сформирован,643-RUB,28777425891.65,3302.53,55067.0,8713745.8994
2026-01-30,2568,Открытый паевой инвестиционный фонд рыночных финансовых инструментов «РСХБ – Фонд Акций»,Открытый,Сформирован,643-RUB,2510870764.54,4719.15,5531.0,532059.9871200001
2026-02-27,2568,Открытый паевой инвестиционный фонд рыночных финансовых инструментов «РСХБ – Фонд Акций»,Открытый,Сформирован,643-RUB,2491715551.72,4759.02,5380.0,523577.46864
2026-03-31,2568,Открытый паевой инвестиционный фонд рыночных финансовых инструментов «РСХБ – Фонд Акций»,Открытый,Сформирован,643-RUB,2278624970.43,4560.58,5199.0,499635.0033099999
2026-04-30,2568,Открытый паевой инвестиционный фонд рыночных финансовых инструментов «РСХБ – Фонд Акций»,Открытый,Сформирован,643-RUB,2153278730.16,4379.57,5065.0,491664.29732
2026-05-29,2568,Открытый паевой инвестиционный фонд рыночных финансовых инструментов «РСХБ – Фонд Акций»,Открытый,Сформирован,643-RUB,2098831777.89,4358.81,4933.0,481514.8070900001
2026-06-30,2568,Открытый паевой инвестиционный фонд рыночных финансовых инструментов «РСХБ – Фонд Акций»,Открытый,Сформирован,643-RUB,1881900588.95,3985.44,4803.0,472194.1099900001
2026-07-31,2568,Открытый паевой инвестиционный фонд рыночных финансовых инструментов «РСХБ – Фонд Акций»,Открытый,Сформирован,643-RUB,1847237864.85,3952.89,4738.0,467312.75114
2026-01-30,2569,Открытый паевой инвестиционный фонд рыночных финансовых инструментов «Первая – Валютные сбережения»,Открытый,Сформирован,643-RUB,13321803017.87,1834.38,17149.0,7262288.473548802
2026-02-27,2569,Открытый паевой инвестиционный фонд рыночных финансовых инструментов «Первая – Валютные сбережения»,Открытый,Сформирован,643-RUB,13541911683.03,1851.59,17332.0,7313681.0055428995
2026-03-31,2569,Открытый паевой инвестиционный фонд рыночных финансовых инструментов «Первая – Валютные сбережения»,Открытый,Сформирован,643-RUB,14162992067.78,1932.97,17624.0,7327053.428688999
2026-04-30,2569,Открытый паевой инвестиционный фонд рыночных финансовых инструментов «Первая – Валютные сбережения»,Открытый,Сформирован,643-RUB,12996259499.57,1829.03,17460.0,7105536.097584001
2026-05-29,2569,Открытый паевой инвестиционный фонд рыночных финансовых инструментов «Первая – Валютные сбережения»,Открытый,Сформирован,643-RUB,12517577604.0,1765.59,17244.0,7089761.230082601
2026-06-30,2569,Открытый паевой инвестиционный фонд рыночных финансовых инструментов «Первая – Валютные сбережения»,Открытый,Сформирован,643-RUB,14187969488.47,1913.53,17105.0,7414569.754695503
2026-07-31,2569,Открытый паевой инвестиционный фонд рыночных финансовых инструментов «Первая – Валютные сбережения»,Открытый,Сформирован,643-RUB,13728002616.88,1934.87,17058.0,7095061.3680062
2026-01-30,2586,Закрытый паевой инвестиционный фонд рыночных финансовых инструментов «Валютные акции»,Закрытый,Сформирован,643-RUB,1158927190.11,2127.36,5790.0,544772.8518230001
2026-02-27,2586,Закрытый паевой инвестиционный фонд рыночных финансовых инструментов «Валютные акции»,Закрытый,Сформирован,643-RUB,1173817488.58,2154.69,5754.0,544772.8518199997
2026-03-31,2586,Закрытый паевой инвестиционный фонд рыночных финансовых инструментов «Валютные акции»,Закрытый,Сформирован,643-RUB,1234042181.8,2265.24,5677.0,544772.8518200001
2026-04-30,2586,Закрытый паевой инвестиционный фонд рыночных финансовых инструментов «Валютные акции»,Закрытый,Сформирован,643-RUB,1145134579.3,2102.04,5754.0,544772.8518200001
2026-05-29,2586,Закрытый паевой инвестиционный фонд рыночных финансовых инструментов «Валютные акции»,Закрытый,Сформирован,643-RUB,1259913835.78,2312.73,5754.0,544772.8518200001
2026-06-30,2586,Закрытый паевой инвестиционный фонд рыночных финансовых инструментов «Валютные акции»,Закрытый,Сформирован,643-RUB,1402159883.23,2573.84,5754.0,544772.85182
2026-07-31,2586,Закрытый паевой инвестиционный фонд рыночных финансовых инструментов «Валютные акции»,Закрытый,Сформирован,643-RUB,1402835255.72,2575.62,5752.0,544658.95812
2026-01-30,2598,Закрытый паевой инвестиционный фонд недвижимости «Алексеевский»,Закрытый,Сформирован,643-RUB,73055514.85,62936.87,3.0,1160.77458
2026-02-27,2598,Закрытый паевой инвестиционный фонд недвижимости «Алексеевский»,Закрытый,Сформирован,643-RUB,73101552.31,62976.53,3.0,1160.77458
2026-03-31,2598,Закрытый паевой инвестиционный фонд недвижимости «Алексеевский»,Закрытый,Сформирован,643-RUB,74039756.45,63784.78,3.0,1160.77458
2026-04-30,2598,Закрытый паевой инвестиционный фонд недвижимости «Алексеевский»,Закрытый,Сформирован,643-RUB,74194837.81,63918.39,3.0,1160.77458
2026-05-29,2598,Закрытый паевой инвестиционный фонд недвижимости «Алексеевский»,Закрытый,Сформирован,643-RUB,74218814.78,63939.04,3.0,1160.77458
2026-06-30,2598,Закрытый паевой инвестиционный фонд недвижимости «Алексеевский»,Закрытый,Сформирован,643-RUB,74101640.53,63838.1,3.0,1160.77458
2026-07-31,2598,Закрытый паевой инвестиционный фонд недвижимости «Алексеевский»,Закрытый,Сформирован,643-RUB,74072962.0,63813.39,3.0,1160.77458
2026-01-30,2608,Открытый паевой инвестиционный фонд рыночных финансовых инструментов «Глобальный рынок облигаций»,Открытый,Сформирован,643-RUB,86982572.27,199.82,705.0,435313.59949
2026-02-27,2608,Открытый паевой инвестиционный фонд рыночных финансовых инструментов «Глобальный рынок облигаций»,Открытый,Сформирован,643-RUB,87011792.78,200.91,702.0,433090.34381
2026-03-31,2608,Открытый паевой инвестиционный фонд рыночных финансовых инструментов «Глобальный рынок облигаций»,Открытый,Сформирован,643-RUB,89553934.87,210.09,698.0,426264.15998000005
2026-04-30,2608,Открытый паевой инвестиционный фонд рыночных финансовых инструментов «Глобальный рынок облигаций»,Открытый,Сформирован,643-RUB,83293873.74,200.27,695.0,415906.35115000006
2026-05-29,2608,Открытый паевой инвестиционный фонд рыночных финансовых инструментов «Глобальный рынок облигаций»,Открытый,Сформирован,643-RUB,80942587.54,194.75,694.0,415612.96915000014
2026-06-30,2608,Открытый паевой инвестиционный фонд рыночных финансовых инструментов «Глобальный рынок облигаций»,Открытый,Сформирован,643-RUB,87111763.3,211.03,691.0,412800.87115
2026-07-31,2608,Открытый паевой инвестиционный фонд рыночных финансовых инструментов «Глобальный рынок облигаций»,Открытый,Сформирован,643-RUB,86456005.83,209.41,692.0,412850.2685
2026-01-30,2610,Закрытый паевой инвестиционный фонд рыночных финансовых инструментов «Глобальный рынок акций»,Закрытый,Сформирован,643-RUB,27995031.64,97.75,463.0,286405.6775
2026-02-27,2610,Закрытый паевой инвестиционный фонд рыночных финансовых инструментов «Глобальный рынок акций»,Закрытый,Сформирован,643-RUB,28338332.73,98.94,463.0,286405.6775
2026-03-31,2610,Закрытый паевой инвестиционный фонд рыночных финансовых инструментов «Глобальный рынок акций»,Закрытый,Сформирован,643-RUB,29765622.56,103.93,465.0,286405.6775
2026-04-30,2610,Закрытый паевой инвестиционный фонд рыночных финансовых инструментов «Глобальный рынок акций»,Закрытый,Сформирован,643-RUB,27458382.06,95.87,465.0,286405.6775
2026-05-29,2610,Закрытый паевой инвестиционный фонд рыночных финансовых инструментов «Глобальный рынок акций»,Закрытый,Сформирован,643-RUB,32051164.92,111.91,465.0,286405.67750000017
2026-06-30,2610,Закрытый паевой инвестиционный фонд рыночных финансовых инструментов «Глобальный рынок акций»,Закрытый,Сформирован,643-RUB,35804266.96,125.01,465.0,286405.67750000005
2026-07-31,2610,Закрытый паевой инвестиционный фонд рыночных финансовых инструментов «Глобальный рынок акций»,Закрытый,Сформирован,643-RUB,34090994.92,119.03,465.0,286405.6775
2026-01-30,2622,Открытый паевой инвестиционный фонд рыночных финансовых инструментов «Ингосстрах-валютные облигации»,Открытый,Сформирован,643-RUB,137540909.28,2221.19,49.0,61922.1433722
2026-02-27,2622,Открытый паевой инвестиционный фонд рыночных финансовых инструментов «Ингосстрах-валютные облигации»,Открытый,Сформирован,643-RUB,138480953.32,2236.37,49.0,61922.1433722
2026-03-31,2622,Открытый паевой инвестиционный фонд рыночных финансовых инструментов «Ингосстрах-валютные облигации»,Открытый,Сформирован,643-RUB,145012607.23,2341.85,49.0,61922.1433722
2026-04-30,2622,Открытый паевой инвестиционный фонд рыночных финансовых инструментов «Ингосстрах-валютные облигации»,Открытый,Сформирован,643-RUB,138745193.24,2242.58,48.0,61868.5670009
2026-05-29,2622,Открытый паевой инвестиционный фонд рыночных финансовых инструментов «Ингосстрах-валютные облигации»,Открытый,Сформирован,643-RUB,133365400.63,2155.62,48.0,61868.5670009
2026-06-30,2622,Открытый паевой инвестиционный фонд рыночных финансовых инструментов «Ингосстрах-валютные облигации»,Открытый,Сформирован,643-RUB,144573380.87,2336.78,48.0,61868.5670009
2026-07-31,2622,Открытый паевой инвестиционный фонд рыночных финансовых инструментов «Ингосстрах-валютные облигации»,Открытый,Сформирован,643-RUB,148147762.13,2394.56,48.0,61868.5670009
2026-01-30,2671,открытый паевой инвестиционный фонд рыночных финансовых инструментов «Доверительная - фонд Резервный. Валютный»,Открытый,Сформирован,643-RUB,5231635119.3,205.91,1.0,25406907.50298
2026-02-27,2671,открытый паевой инвестиционный фонд рыночных финансовых инструментов «Доверительная - фонд Резервный. Валютный»,Открытый,Сформирован,643-RUB,5266827962.63,207.3,1.0,25406907.50298
2026-03-31,2671,открытый паевой инвестиционный фонд рыночных финансовых инструментов «Доверительная - фонд Резервный. Валютный»,Открытый,Сформирован,643-RUB,5511770404.9,216.94,1.0,25406907.50298
2026-04-30,2671,открытый паевой инвестиционный фонд рыночных финансовых инструментов «Доверительная - фонд Резервный. Валютный»,Открытый,Сформирован,643-RUB,5227287250.54,205.74,1.0,25406907.50298
2026-05-29,2671,открытый паевой инвестиционный фонд рыночных финансовых инструментов «Доверительная - фонд Резервный. Валютный»,Открытый,Сформирован,643-RUB,5033833233.05,198.13,1.0,25406907.50298
2026-06-30,2671,открытый паевой инвестиционный фонд рыночных финансовых инструментов «Доверительная - фонд Резервный. Валютный»,Открытый,Сформирован,643-RUB,5571130944.23,219.28,1.0,25406907.50298
2026-07-31,2671,открытый паевой инвестиционный фонд рыночных финансовых инструментов «Доверительная - фонд Резервный. Валютный»,Открытый,Сформирован,643-RUB,5505851477.3,216.71,1.0,25406907.50298
2026-01-30,2699,"Закрытый паевой инвестиционный фонд недвижимости ""Касимово""",Закрытый,Сформирован,643-RUB,846639184.55,17060.05,1.0,49627.0
2026-02-27,2699,"Закрытый паевой инвестиционный фонд недвижимости ""Касимово""",Закрытый,Сформирован,643-RUB,831857606.54,16762.2,1.0,49627.0
2026-03-31,2699,"Закрытый паевой инвестиционный фонд недвижимости ""Касимово""",Закрытый,Сформирован,643-RUB,821965917.79,16562.88,1.0,49627.0
2026-04-30,2699,"Закрытый паевой инвестиционный фонд недвижимости ""Касимово""",Закрытый,Сформирован,643-RUB,825803995.49,16640.22,1.0,49627.0
2026-05-29,2699,"Закрытый паевой инвестиционный фонд недвижимости ""Касимово""",Закрытый,Сформирован,643-RUB,823947276.91,16602.8,1.0,49627.0
2026-06-30,2699,"Закрытый паевой инвестиционный фонд недвижимости ""Касимово""",Закрытый,Сформирован,643-RUB,782691193.0,15771.48,1.0,49627.0
2026-07-31,2699,"Закрытый паевой инвестиционный фонд недвижимости ""Касимово""",Закрытый,Сформирован,643-RUB,783675098.58,15791.31,1.0,49627.0
2026-01-30,2700,"Закрытый паевой инвестиционный рентный фонд ""Возрождение Подмосковья""",Закрытый,Сформирован,643-RUB,120289340.34,2736.2,3.0,43962.16
2026-02-27,2700,"Закрытый паевой инвестиционный рентный фонд ""Возрождение Подмосковья""",Закрытый,Сформирован,643-RUB,120148291.65,2732.99,3.0,43962.16
2026-03-31,2700,"Закрытый паевой инвестиционный рентный фонд ""Возрождение Подмосковья""",Закрытый,Сформирован,643-RUB,119908581.85,2727.54,3.0,43962.16
2026-04-30,2700,"Закрытый паевой инвестиционный рентный фонд ""Возрождение Подмосковья""",Закрытый,Сформирован,643-RUB,120584537.93,2742.92,3.0,43962.16
2026-05-29,2700,"Закрытый паевой инвестиционный рентный фонд ""Возрождение Подмосковья""",Закрытый,Сформирован,643-RUB,120440702.48,2739.64,3.0,43962.16
2026-06-30,2700,"Закрытый паевой инвестиционный рентный фонд ""Возрождение Подмосковья""",Закрытый,Сформирован,643-RUB,120129318.96,2732.56,3.0,43962.16
2026-07-31,2700,"Закрытый паевой инвестиционный рентный фонд ""Возрождение Подмосковья""",Закрытый,Сформирован,643-RUB,113202077.64,2574.99,3.0,43962.16
2026-01-30,2716,Закрытый паевой инвестиционный фонд рыночных финансовых инструментов «ТРИНФИКО Глобал.ру»,Закрытый,Сформирован,643-RUB,16408710.89,734.85,17.0,22329.46771
2026-02-27,2716,Закрытый паевой инвестиционный фонд рыночных финансовых инструментов «ТРИНФИКО Глобал.ру»,Закрытый,Сформирован,643-RUB,16391721.76,734.08,17.0,22329.46771
2026-03-31,2716,Закрытый паевой инвестиционный фонд рыночных финансовых инструментов «ТРИНФИКО Глобал.ру»,Закрытый,Сформирован,643-RUB,16405484.35,734.7,17.0,22329.46771
2026-04-30,2716,Закрытый паевой инвестиционный фонд рыночных финансовых инструментов «ТРИНФИКО Глобал.ру»,Закрытый,Сформирован,643-RUB,18004236.09,806.3,17.0,22329.46771
2026-05-29,2716,Закрытый паевой инвестиционный фонд рыночных финансовых инструментов «ТРИНФИКО Глобал.ру»,Закрытый,Сформирован,643-RUB,18014961.16,806.78,17.0,22329.46771
2026-06-30,2716,Закрытый паевой инвестиционный фонд рыночных финансовых инструментов «ТРИНФИКО Глобал.ру»,Закрытый,Сформирован,643-RUB,18028367.75,807.38,17.0,22329.46771
2026-07-31,2716,Закрытый паевой инвестиционный фонд рыночных финансовых инструментов «ТРИНФИКО Глобал.ру»,Закрытый,Сформирован,643-RUB,18041600.39,807.97,17.0,22329.46771
2026-01-30,2721,"открытый паевой инвестиционный фонд рыночных финансовых инструментов ""Арсагера - фонд облигаций КР 1.55""",Открытый,Сформирован,643-RUB,316540571.42,2859.42,184.0,14212.1980144
2026-02-27,2721,"открытый паевой инвестиционный фонд рыночных финансовых инструментов ""Арсагера - фонд облигаций КР 1.55""",Открытый,Сформирован,643-RUB,333450875.51,2919.75,196.0,15309.2918517
2026-03-31,2721,"открытый паевой инвестиционный фонд рыночных финансовых инструментов ""Арсагера - фонд облигаций КР 1.55""",Открытый,Сформирован,643-RUB,353542775.01,2957.71,961.0,119532.56816799995
2026-04-30,2721,"открытый паевой инвестиционный фонд рыночных финансовых инструментов ""Арсагера - фонд облигаций КР 1.55""",Открытый,Сформирован,643-RUB,362136070.68,2970.38,988.0,121915.82153789996
2026-05-29,2721,"открытый паевой инвестиционный фонд рыночных финансовых инструментов ""Арсагера - фонд облигаций КР 1.55""",Открытый,Сформирован,643-RUB,369142115.43,2982.07,1003.0,123787.37634670004
2026-06-30,2721,"открытый паевой инвестиционный фонд рыночных финансовых инструментов ""Арсагера - фонд облигаций КР 1.55""",Открытый,Сформирован,643-RUB,354979779.04,2899.37,1006.0,122433.37930820002
2026-07-31,2721,"открытый паевой инвестиционный фонд рыночных финансовых инструментов ""Арсагера - фонд облигаций КР 1.55""",Открытый,Сформирован,643-RUB,355188047.28,2927.56,995.0,121325.4262735
2026-01-30,2726,Закрытый паевой инвестиционный фонд смешанных инвестиций «Каскад» под управлением ООО «Баланс Эссет Менеджмент»,Закрытый,Сформирован,643-RUB,996701014.55,315.74,1.0,3156687.21097
2026-02-27,2726,Закрытый паевой инвестиционный фонд смешанных инвестиций «Каскад» под управлением ООО «Баланс Эссет Менеджмент»,Закрытый,Сформирован,643-RUB,996783750.57,315.77,1.0,3156687.21097
2026-03-31,2726,Закрытый паевой инвестиционный фонд смешанных инвестиций «Каскад» под управлением ООО «Баланс Эссет Менеджмент»,Закрытый,В стадии прекращения,643-RUB,1007718371.24,319.23,1.0,3156687.21097
2026-04-30,2726,Закрытый паевой инвестиционный фонд смешанных инвестиций «Каскад» под управлением ООО «Баланс Эссет Менеджмент»,Закрытый,В стадии прекращения,643-RUB,1019779631.26,323.05,1.0,3156687.21097
2026-01-30,2729,Закрытый паевой инвестиционный фонд недвижимости «РВМ Капитальный»,Закрытый,Сформирован,643-RUB,1802596182.36,1184279.68,1.0,1522.103447
2026-02-27,2729,Закрытый паевой инвестиционный фонд недвижимости «РВМ Капитальный»,Закрытый,Сформирован,643-RUB,1815628580.2,1192841.78,2.0,3044.206894
2026-03-31,2729,Закрытый паевой инвестиционный фонд недвижимости «РВМ Капитальный»,Закрытый,Сформирован,643-RUB,1813502228.52,1191444.79,1.0,1522.103447
2026-04-30,2729,Закрытый паевой инвестиционный фонд недвижимости «РВМ Капитальный»,Закрытый,Сформирован,643-RUB,1849108372.98,1214837.52,1.0,1522.103447
2026-05-29,2729,Закрытый паевой инвестиционный фонд недвижимости «РВМ Капитальный»,Закрытый,Сформирован,643-RUB,1899172457.64,1247728.9,1.0,1522.103447
2026-06-30,2729,Закрытый паевой инвестиционный фонд недвижимости «РВМ Капитальный»,Закрытый,Сформирован,643-RUB,1852809154.34,1217268.88,1.0,1522.103447
2026-07-31,2729,Закрытый паевой инвестиционный фонд недвижимости «РВМ Капитальный»,Закрытый,Сформирован,643-RUB,2110596627.5,1386631.53,1.0,1522.103447
2026-01-30,2744,открытый паевой инвестиционный фонд рыночных финансовых инструментов «Доверительная - фонд Российские акции»,Открытый,Сформирован,643-RUB,135737727.29,113.82,3121.0,1192579.2706600006
2026-02-27,2744,открытый паевой инвестиционный фонд рыночных финансовых инструментов «Доверительная - фонд Российские акции»,Открытый,Сформирован,643-RUB,139131024.79,116.84,3121.0,1190809.5612500007
2026-03-31,2744,открытый паевой инвестиционный фонд рыночных финансовых инструментов «Доверительная - фонд Российские акции»,Открытый,Сформирован,643-RUB,126022035.7,109.29,3116.0,1153070.9846400002
2026-04-30,2744,открытый паевой инвестиционный фонд рыночных финансовых инструментов «Доверительная - фонд Российские акции»,Открытый,Сформирован,643-RUB,119458358.21,106.57,3108.0,1120924.1806200007
2026-05-29,2744,открытый паевой инвестиционный фонд рыночных финансовых инструментов «Доверительная - фонд Российские акции»,Открытый,Сформирован,643-RUB,118133926.36,105.46,3104.0,1120128.06092
2026-06-30,2744,открытый паевой инвестиционный фонд рыночных финансовых инструментов «Доверительная - фонд Российские акции»,Открытый,Сформирован,643-RUB,107976966.05,98.28,3105.0,1098659.8948300008
2026-07-31,2744,открытый паевой инвестиционный фонд рыночных финансовых инструментов «Доверительная - фонд Российские акции»,Открытый,Сформирован,643-RUB,102887605.14,94.17,3105.0,1092564.89929
2026-01-30,2795,Открытый паевой инвестиционный фонд рыночных финансовых инструментов «РСХБ – Валютные облигации»,Открытый,Сформирован,643-RUB,1266846285.42,3133.44,2375.0,404299.1772399991
2026-02-27,2795,Открытый паевой инвестиционный фонд рыночных финансовых инструментов «РСХБ – Валютные облигации»,Открытый,Сформирован,643-RUB,1260620349.17,3144.8,2379.0,400858.4995899989
2026-03-31,2795,Открытый паевой инвестиционный фонд рыночных финансовых инструментов «РСХБ – Валютные облигации»,Открытый,Сформирован,643-RUB,1319905415.39,3281.03,2345.0,402283.2942499998
2026-04-30,2795,Открытый паевой инвестиционный фонд рыночных финансовых инструментов «РСХБ – Валютные облигации»,Открытый,Сформирован,643-RUB,1241316054.01,3108.03,2334.0,399389.93726
2026-05-29,2795,Открытый паевой инвестиционный фонд рыночных финансовых инструментов «РСХБ – Валютные облигации»,Открытый,Сформирован,643-RUB,1214169449.82,3000.51,2322.0,404653.6920499999
2026-06-30,2795,Открытый паевой инвестиционный фонд рыночных финансовых инструментов «РСХБ – Валютные облигации»,Открытый,Сформирован,643-RUB,1315441732.59,3259.49,2309.0,403572.5200699998
2026-07-31,2795,Открытый паевой инвестиционный фонд рыночных финансовых инструментов «РСХБ – Валютные облигации»,Открытый,Сформирован,643-RUB,1311399061.77,3262.23,2298.0,401994.82813
2026-01-30,2796,"Закрытый паевой инвестиционный фонд рыночных финансовых инструментов «РСХБ – Золото, серебро, платина»",Закрытый,Сформирован,643-RUB,237432527.89,1087.14,1645.0,218400.68841
2026-02-27,2796,"Закрытый паевой инвестиционный фонд рыночных финансовых инструментов «РСХБ – Золото, серебро, платина»",Закрытый,Сформирован,643-RUB,240906720.11,1103.05,1645.0,218400.68841
2026-03-31,2796,"Закрытый паевой инвестиционный фонд рыночных финансовых инструментов «РСХБ – Золото, серебро, платина»",Закрытый,Сформирован,643-RUB,253771490.59,1161.95,1647.0,218400.68841
2026-04-30,2796,"Закрытый паевой инвестиционный фонд рыночных финансовых инструментов «РСХБ – Золото, серебро, платина»",Закрытый,Сформирован,643-RUB,234371611.14,1073.13,1645.0,218400.68841
2026-05-29,2796,"Закрытый паевой инвестиционный фонд рыночных финансовых инструментов «РСХБ – Золото, серебро, платина»",Закрытый,Сформирован,643-RUB,295706106.58,1353.96,1645.0,218400.68841000003
2026-06-30,2796,"Закрытый паевой инвестиционный фонд рыночных финансовых инструментов «РСХБ – Золото, серебро, платина»",Закрытый,Сформирован,643-RUB,321696530.88,1472.96,1645.0,218400.68841
2026-07-31,2796,"Закрытый паевой инвестиционный фонд рыночных финансовых инструментов «РСХБ – Золото, серебро, платина»",Закрытый,Сформирован,643-RUB,330359300.65,1512.63,1645.0,218400.68841
2026-01-30,2797,Открытый паевой инвестиционный фонд рыночных финансовых инструментов «РСХБ – Казначейский»,Открытый,Сформирован,643-RUB,58548796.84,3149.14,47.0,18591.99357
2026-02-27,2797,Открытый паевой инвестиционный фонд рыночных финансовых инструментов «РСХБ – Казначейский»,Открытый,Сформирован,643-RUB,68707756.42,3185.85,80.0,21566.53518
2026-03-31,2797,Открытый паевой инвестиционный фонд рыночных финансовых инструментов «РСХБ – Казначейский»,Открытый,Сформирован,643-RUB,93840806.69,3227.35,119.0,29076.69269
2026-04-30,2797,Открытый паевой инвестиционный фонд рыночных финансовых инструментов «РСХБ – Казначейский»,Открытый,Сформирован,643-RUB,110822745.37,3261.83,157.0,33975.67304
2026-05-29,2797,Открытый паевой инвестиционный фонд рыночных финансовых инструментов «РСХБ – Казначейский»,Открытый,Сформирован,643-RUB,117044525.52,3293.12,164.0,35542.11757
2026-06-30,2797,Открытый паевой инвестиционный фонд рыночных финансовых инструментов «РСХБ – Казначейский»,Открытый,Сформирован,643-RUB,159930853.57,3325.99,183.0,48085.1691
2026-07-31,2797,Открытый паевой инвестиционный фонд рыночных финансовых инструментов «РСХБ – Казначейский»,Открытый,Сформирован,643-RUB,394076739.72,3358.84,382.0,117325.13075
2026-01-30,2800,Открытый паевой инвестиционный фонд рыночных финансовых инструментов «РСХБ – Лучшие отрасли»,Открытый,Сформирован,643-RUB,621229078.6,3255.27,4377.0,190837.74634
2026-02-27,2800,Открытый паевой инвестиционный фонд рыночных финансовых инструментов «РСХБ – Лучшие отрасли»,Открытый,Сформирован,643-RUB,607596235.32,3279.75,4239.0,185256.94565
2026-03-31,2800,Открытый паевой инвестиционный фонд рыночных финансовых инструментов «РСХБ – Лучшие отрасли»,Открытый,Сформирован,643-RUB,558035360.24,3178.72,4044.0,175553.38093
2026-04-30,2800,Открытый паевой инвестиционный фонд рыночных финансовых инструментов «РСХБ – Лучшие отрасли»,Открытый,Сформирован,643-RUB,510203979.11,3027.33,3894.0,168532.91734999997
2026-05-29,2800,Открытый паевой инвестиционный фонд рыночных финансовых инструментов «РСХБ – Лучшие отрасли»,Открытый,Сформирован,643-RUB,479170033.48,2984.87,3768.0,160532.9274
2026-06-30,2800,Открытый паевой инвестиционный фонд рыночных финансовых инструментов «РСХБ – Лучшие отрасли»,Открытый,Сформирован,643-RUB,424077336.11,2756.74,3615.0,153832.87799
2026-07-31,2800,Открытый паевой инвестиционный фонд рыночных финансовых инструментов «РСХБ – Лучшие отрасли»,Открытый,Сформирован,643-RUB,419334580.75,2760.23,3518.0,151920.26186
2026-01-30,2824,"Закрытый паевой инвестиционный фонд недвижимости ""Панорама""",Закрытый,Сформирован,643-RUB,695366976.59,1198259.74,1.0,580.31406
2026-02-27,2824,"Закрытый паевой инвестиционный фонд недвижимости ""Панорама""",Закрытый,Сформирован,643-RUB,673131464.29,1159943.4,1.0,580.31406
2026-03-31,2824,"Закрытый паевой инвестиционный фонд недвижимости ""Панорама""",Закрытый,Сформирован,643-RUB,676670393.56,1166041.7,1.0,580.31406
2026-04-30,2824,"Закрытый паевой инвестиционный фонд недвижимости ""Панорама""",Закрытый,Сформирован,643-RUB,678333286.64,1168907.21,1.0,580.31406
2026-05-29,2824,"Закрытый паевой инвестиционный фонд недвижимости ""Панорама""",Закрытый,Сформирован,643-RUB,611276823.65,1053355.18,1.0,580.31406
2026-06-30,2824,"Закрытый паевой инвестиционный фонд недвижимости ""Панорама""",Закрытый,Сформирован,643-RUB,325026053.87,560086.47,1.0,580.31406
2026-07-31,2824,"Закрытый паевой инвестиционный фонд недвижимости ""Панорама""",Закрытый,Сформирован,643-RUB,550297636.91,1185344.44,1.0,464.25125
2026-01-30,2831,"Закрытый паевой инвестиционный фонд недвижимости ""Жилой дом""",Закрытый,Сформирован,643-RUB,2164248369.4,4661.59,1.0,464272.22591
2026-02-27,2831,"Закрытый паевой инвестиционный фонд недвижимости ""Жилой дом""",Закрытый,Сформирован,643-RUB,2203586247.25,4746.32,1.0,464272.22591
2026-03-31,2831,"Закрытый паевой инвестиционный фонд недвижимости ""Жилой дом""",Закрытый,Сформирован,643-RUB,2175235397.68,4685.26,1.0,464272.22591
2026-04-30,2831,"Закрытый паевой инвестиционный фонд недвижимости ""Жилой дом""",Закрытый,Сформирован,643-RUB,2177453879.62,4690.04,1.0,464272.22591
2026-05-29,2831,"Закрытый паевой инвестиционный фонд недвижимости ""Жилой дом""",Закрытый,Сформирован,643-RUB,2174415527.58,4683.49,1.0,464272.22591
2026-06-30,2831,"Закрытый паевой инвестиционный фонд недвижимости ""Жилой дом""",Закрытый,Сформирован,643-RUB,1769375215.43,3811.07,1.0,464272.22591
2026-07-31,2831,"Закрытый паевой инвестиционный фонд недвижимости ""Жилой дом""",Закрытый,Сформирован,643-RUB,1364628185.35,2939.28,1.0,464272.22591
2026-01-30,2880,"Закрытый паевой инвестиционный фонд недвижимости ""ДОХОДЪ - Рентная недвижимость""",Закрытый,Сформирован,643-RUB,44465245.95,88.89,5.0,500220.0
2026-02-27,2880,"Закрытый паевой инвестиционный фонд недвижимости ""ДОХОДЪ - Рентная недвижимость""",Закрытый,Сформирован,643-RUB,44681747.19,89.32,5.0,500220.0
2026-03-31,2880,"Закрытый паевой инвестиционный фонд недвижимости ""ДОХОДЪ - Рентная недвижимость""",Закрытый,Сформирован,643-RUB,44818904.89,89.6,6.0,500220.0
2026-04-30,2880,"Закрытый паевой инвестиционный фонд недвижимости ""ДОХОДЪ - Рентная недвижимость""",Закрытый,Сформирован,643-RUB,44959343.56,89.88,6.0,500220.0
2026-05-29,2880,"Закрытый паевой инвестиционный фонд недвижимости ""ДОХОДЪ - Рентная недвижимость""",Закрытый,Сформирован,643-RUB,45081768.88,90.12,6.0,500220.0
2026-06-30,2880,"Закрытый паевой инвестиционный фонд недвижимости ""ДОХОДЪ - Рентная недвижимость""",Закрытый,Сформирован,643-RUB,45207748.57,90.38,6.0,500220.0
2026-07-31,2880,"Закрытый паевой инвестиционный фонд недвижимости ""ДОХОДЪ - Рентная недвижимость""",Закрытый,Сформирован,643-RUB,45369462.48,90.7,6.0,500220.0
2026-01-30,2883,"Закрытый паевой инвестиционный фонд недвижимости ""КьюБиЭф Недвижимость""",Закрытый,В стадии прекращения,643-RUB,0.0,0.0,,
2026-02-27,2883,"Закрытый паевой инвестиционный фонд недвижимости ""КьюБиЭф Недвижимость""",Закрытый,В стадии прекращения,643-RUB,0.0,0.0,,
2026-03-31,2883,"Закрытый паевой инвестиционный фонд недвижимости ""КьюБиЭф Недвижимость""",Закрытый,В стадии прекращения,643-RUB,0.0,0.0,,
2026-04-30,2883,"Закрытый паевой инвестиционный фонд недвижимости ""КьюБиЭф Недвижимость""",Закрытый,В стадии прекращения,643-RUB,0.0,0.0,0.0,0.0
2026-05-29,2883,"Закрытый паевой инвестиционный фонд недвижимости ""КьюБиЭф Недвижимость""",Закрытый,В стадии прекращения,643-RUB,0.0,0.0,,
2026-06-30,2883,"Закрытый паевой инвестиционный фонд недвижимости ""КьюБиЭф Недвижимость""",Закрытый,В стадии прекращения,643-RUB,0.0,0.0,,
2026-07-31,2883,"Закрытый паевой инвестиционный фонд недвижимости ""КьюБиЭф Недвижимость""",Закрытый,В стадии прекращения,643-RUB,0.0,0.0,,
2026-01-30,2937,Закрытый паевой инвестиционный фонд рыночных финансовых инструментов «Ингосстрах – Международные рынки»,Закрытый,Сформирован,643-RUB,248420.1,37.1,49.0,6695.5981648
2026-02-27,2937,Закрытый паевой инвестиционный фонд рыночных финансовых инструментов «Ингосстрах – Международные рынки»,Закрытый,Сформирован,643-RUB,248420.1,37.1,49.0,6695.5981648
2026-03-31,2937,Закрытый паевой инвестиционный фонд рыночных финансовых инструментов «Ингосстрах – Международные рынки»,Закрытый,Сформирован,643-RUB,248420.1,37.1,49.0,6695.5981648
2026-04-30,2937,Закрытый паевой инвестиционный фонд рыночных финансовых инструментов «Ингосстрах – Международные рынки»,Закрытый,Сформирован,643-RUB,248420.1,37.1,49.0,6695.5981648
2026-05-29,2937,Закрытый паевой инвестиционный фонд рыночных финансовых инструментов «Ингосстрах – Международные рынки»,Закрытый,Сформирован,643-RUB,248420.1,37.1,49.0,6695.598164800001
2026-06-30,2937,Закрытый паевой инвестиционный фонд рыночных финансовых инструментов «Ингосстрах – Международные рынки»,Закрытый,Сформирован,643-RUB,248420.1,37.1,49.0,6695.5981648
2026-07-31,2937,Закрытый паевой инвестиционный фонд рыночных финансовых инструментов «Ингосстрах – Международные рынки»,Закрытый,Сформирован,643-RUB,248420.1,37.1,49.0,6695.5981648
2026-01-30,2940,Открытый паевой инвестиционный фонд рыночных финансовых инструментов «Рублевые облигации»,Открытый,Сформирован,643-RUB,1617848529.07,2901.51,1041.0,557587.56618
2026-02-27,2940,Открытый паевой инвестиционный фонд рыночных финансовых инструментов «Рублевые облигации»,Открытый,Сформирован,643-RUB,1630460003.58,2934.24,1040.0,555666.94297
2026-03-31,2940,Открытый паевой инвестиционный фонд рыночных финансовых инструментов «Рублевые облигации»,Открытый,Сформирован,643-RUB,1653530666.48,2987.11,1040.0,553554.67504
2026-04-30,2940,Открытый паевой инвестиционный фонд рыночных финансовых инструментов «Рублевые облигации»,Открытый,Сформирован,643-RUB,1672511083.87,3028.71,1039.0,552219.18153
2026-05-29,2940,Открытый паевой инвестиционный фонд рыночных финансовых инструментов «Рублевые облигации»,Открытый,Сформирован,643-RUB,1684453596.27,3062.53,1039.0,550019.54105
2026-06-30,2940,Открытый паевой инвестиционный фонд рыночных финансовых инструментов «Рублевые облигации»,Открытый,Сформирован,643-RUB,1684141867.17,3080.87,1039.0,546644.48797
2026-07-31,2940,Открытый паевой инвестиционный фонд рыночных финансовых инструментов «Рублевые облигации»,Открытый,Сформирован,643-RUB,1686336495.09,3109.6,1038.0,542300.23872
2026-01-30,2950,Закрытый паевой инвестиционный фонд недвижимости «Т-Капитал Квадратные метры»,Закрытый,Сформирован,643-RUB,2789077582.65,6.5473,52477.0,425990285.69248
2026-02-27,2950,Закрытый паевой инвестиционный фонд недвижимости «Т-Капитал Квадратные метры»,Закрытый,Сформирован,643-RUB,2789212294.44,6.5476,52405.0,425990285.69248
2026-03-31,2950,Закрытый паевой инвестиционный фонд недвижимости «Т-Капитал Квадратные метры»,Закрытый,Сформирован,643-RUB,2901363172.98,6.8109,52185.0,425990285.69248
2026-04-30,2950,Закрытый паевой инвестиционный фонд недвижимости «Т-Капитал Квадратные метры»,Закрытый,Сформирован,643-RUB,2976681419.34,6.9877,52305.0,425990285.69248
2026-05-29,2950,Закрытый паевой инвестиционный фонд недвижимости «Т-Капитал Квадратные метры»,Закрытый,Сформирован,643-RUB,2992451655.36,7.0247,52345.0,425990285.69248
2026-06-30,2950,Закрытый паевой инвестиционный фонд недвижимости «Т-Капитал Квадратные метры»,Закрытый,Сформирован,643-RUB,3000873774.94,7.0445,52322.0,425990285.69248
2026-07-31,2950,Закрытый паевой инвестиционный фонд недвижимости «Т-Капитал Квадратные метры»,Закрытый,Сформирован,643-RUB,3016023648.06,7.08,52387.0,425990285.69248
2026-01-30,2974,Закрытый паевой инвестиционный фонд рыночных финансовых инструментов «Первая – Биотехнологии»,Закрытый,Сформирован,643-RUB,815690051.64,567.87,21645.0,1436400.6829100004
2026-02-27,2974,Закрытый паевой инвестиционный фонд рыночных финансовых инструментов «Первая – Биотехнологии»,Закрытый,Сформирован,643-RUB,827524668.2,576.11,21644.0,1436400.682910001
2026-03-31,2974,Закрытый паевой инвестиционный фонд рыночных финансовых инструментов «Первая – Биотехнологии»,Закрытый,Сформирован,643-RUB,722866852.2,503.25,21656.0,1436400.682910001
2026-04-30,2974,Закрытый паевой инвестиционный фонд рыночных финансовых инструментов «Первая – Биотехнологии»,Закрытый,Сформирован,643-RUB,668579069.59,465.45,21646.0,1436400.6829100004
2026-05-29,2974,Закрытый паевой инвестиционный фонд рыночных финансовых инструментов «Первая – Биотехнологии»,Закрытый,Сформирован,643-RUB,639074688.39,444.91,21651.0,1436400.682910001
2026-06-30,2974,Закрытый паевой инвестиционный фонд рыночных финансовых инструментов «Первая – Биотехнологии»,Закрытый,Сформирован,643-RUB,694045177.91,483.18,21651.0,1436400.68291
2026-07-31,2974,Закрытый паевой инвестиционный фонд рыночных финансовых инструментов «Первая – Биотехнологии»,Закрытый,Сформирован,643-RUB,712488323.21,496.02,21651.0,1436400.68291
2026-01-30,2984,Открытый паевой инвестиционный фонд рыночных финансовых инструментов «ТРИНФИКО ЭКОФИНАНС»,Открытый,Сформирован,643-RUB,153163002.82,1247.15,164.0,122810.57868000002
2026-02-27,2984,Открытый паевой инвестиционный фонд рыночных финансовых инструментов «ТРИНФИКО ЭКОФИНАНС»,Открытый,Сформирован,643-RUB,155683945.35,1260.9,177.0,123470.18502
2026-03-31,2984,Открытый паевой инвестиционный фонд рыночных финансовых инструментов «ТРИНФИКО ЭКОФИНАНС»,Открытый,Сформирован,643-RUB,171885439.06,1271.21,211.0,135213.61933000002
2026-04-30,2984,Открытый паевой инвестиционный фонд рыночных финансовых инструментов «ТРИНФИКО ЭКОФИНАНС»,Открытый,Сформирован,643-RUB,184712773.06,1261.51,237.0,146422.43666
2026-05-29,2984,Открытый паевой инвестиционный фонд рыночных финансовых инструментов «ТРИНФИКО ЭКОФИНАНС»,Открытый,Сформирован,643-RUB,185544203.95,1267.35,251.0,146403.81251999995
2026-06-30,2984,Открытый паевой инвестиционный фонд рыночных финансовых инструментов «ТРИНФИКО ЭКОФИНАНС»,Открытый,Сформирован,643-RUB,188151862.46,1240.53,264.0,151670.34881999998
2026-07-31,2984,Открытый паевой инвестиционный фонд рыночных финансовых инструментов «ТРИНФИКО ЭКОФИНАНС»,Открытый,Сформирован,643-RUB,194059887.26,1245.28,270.0,155836.47931
2026-01-30,3013,Закрытый паевой инвестиционный фонд недвижимости «КьюБиЭф Региональная Недвижимость»,Закрытый,В стадии прекращения,643-RUB,43526864.67,12332.52,,
2026-02-27,3013,Закрытый паевой инвестиционный фонд недвижимости «КьюБиЭф Региональная Недвижимость»,Закрытый,В стадии прекращения,643-RUB,43438446.65,12307.47,,
2026-03-31,3013,Закрытый паевой инвестиционный фонд недвижимости «КьюБиЭф Региональная Недвижимость»,Закрытый,В стадии прекращения,643-RUB,43326522.61,12275.75,,
2026-04-30,3013,Закрытый паевой инвестиционный фонд недвижимости «КьюБиЭф Региональная Недвижимость»,Закрытый,В стадии прекращения,643-RUB,43230602.02,12248.58,0.0,0.0
2026-05-29,3013,Закрытый паевой инвестиционный фонд недвижимости «КьюБиЭф Региональная Недвижимость»,Закрытый,В стадии прекращения,643-RUB,43077814.85,12205.29,,
2026-06-30,3013,Закрытый паевой инвестиционный фонд недвижимости «КьюБиЭф Региональная Недвижимость»,Закрытый,В стадии прекращения,643-RUB,42958544.06,12171.5,,
2026-07-31,3013,Закрытый паевой инвестиционный фонд недвижимости «КьюБиЭф Региональная Недвижимость»,Закрытый,В стадии прекращения,643-RUB,42757568.31,12114.55,,
2026-01-30,3029,Закрытый рентный паевой инвестиционный фонд «Активо один»,Закрытый,Сформирован,643-RUB,175494795.36,1096.84,77.0,160310.0
2026-02-27,3029,Закрытый рентный паевой инвестиционный фонд «Активо один»,Закрытый,Сформирован,643-RUB,176060261.89,1100.38,76.0,160000.0
2026-03-31,3029,Закрытый рентный паевой инвестиционный фонд «Активо один»,Закрытый,Сформирован,643-RUB,174680335.48,1091.75,76.0,160000.0
2026-04-30,3029,Закрытый рентный паевой инвестиционный фонд «Активо один»,Закрытый,Сформирован,643-RUB,177567943.02,1109.8,76.0,160000.0
2026-05-29,3029,Закрытый рентный паевой инвестиционный фонд «Активо один»,Закрытый,Сформирован,643-RUB,177406893.34,1108.79,76.0,160000.0
2026-06-30,3029,Закрытый рентный паевой инвестиционный фонд «Активо один»,Закрытый,Сформирован,643-RUB,176280903.93,1101.76,77.0,160000.0
2026-07-31,3029,Закрытый рентный паевой инвестиционный фонд «Активо один»,Закрытый,Сформирован,643-RUB,177057254.99,1106.61,77.0,160000.0
2026-01-30,3059,Закрытый паевой инвестиционный фонд рыночных финансовых инструментов «Валютный сбалансированный»,Закрытый,Сформирован,643-RUB,1408847818.14,770.26,5622.0,1829054.664631
2026-02-27,3059,Закрытый паевой инвестиционный фонд рыночных финансовых инструментов «Валютный сбалансированный»,Закрытый,Сформирован,643-RUB,1426109216.77,779.7,5609.0,1829054.6646300007
2026-03-31,3059,Закрытый паевой инвестиционный фонд рыночных финансовых инструментов «Валютный сбалансированный»,Закрытый,Сформирован,643-RUB,1495958525.45,817.89,5609.0,1829054.66463
2026-04-30,3059,Закрытый паевой инвестиционный фонд рыночных финансовых инструментов «Валютный сбалансированный»,Закрытый,Сформирован,643-RUB,1393904232.65,762.09,5609.0,1829054.6646300007
2026-05-29,3059,Закрытый паевой инвестиционный фонд рыночных финансовых инструментов «Валютный сбалансированный»,Закрытый,Сформирован,643-RUB,1554954240.06,850.14,5609.0,1829054.6646299995
2026-06-30,3059,Закрытый паевой инвестиционный фонд рыночных финансовых инструментов «Валютный сбалансированный»,Закрытый,Сформирован,643-RUB,1721839345.01,941.38,5609.0,1829054.66463
2026-07-31,3059,Закрытый паевой инвестиционный фонд рыночных финансовых инструментов «Валютный сбалансированный»,Закрытый,Сформирован,643-RUB,1723981693.44,942.55,5609.0,1829054.66463
2026-01-30,3092,Закрытый рентный паевой инвестиционный фонд «Активо два»,Закрытый,Сформирован,643-RUB,196504927.22,1510.15,275.0,130123.0
2026-02-27,3092,Закрытый рентный паевой инвестиционный фонд «Активо два»,Закрытый,Сформирован,643-RUB,197394562.92,1516.98,275.0,130123.0
2026-03-31,3092,Закрытый рентный паевой инвестиционный фонд «Активо два»,Закрытый,Сформирован,643-RUB,196315907.13,1508.69,275.0,130123.0
2026-04-30,3092,Закрытый рентный паевой инвестиционный фонд «Активо два»,Закрытый,Сформирован,643-RUB,197246838.52,1515.85,276.0,130123.0
2026-05-29,3092,Закрытый рентный паевой инвестиционный фонд «Активо два»,Закрытый,Сформирован,643-RUB,196800311.16,1512.42,274.0,130123.0
2026-06-30,3092,Закрытый рентный паевой инвестиционный фонд «Активо два»,Закрытый,Сформирован,643-RUB,197531233.0,1518.03,276.0,130123.0
2026-07-31,3092,Закрытый рентный паевой инвестиционный фонд «Активо два»,Закрытый,Сформирован,643-RUB,198369886.65,1524.48,276.0,130123.0
2026-01-30,3118,Закрытый паевой инвестиционный фонд рыночных финансовых инструментов «Т-Капитал Фонд Инвестиций»,Закрытый,Сформирован,643-RUB,27531558.38,3.6003,1.0,7646994.0
2026-02-27,3118,Закрытый паевой инвестиционный фонд рыночных финансовых инструментов «Т-Капитал Фонд Инвестиций»,Закрытый,Сформирован,643-RUB,27813564.96,3.6372,1.0,7646994.0
2026-03-31,3118,Закрытый паевой инвестиционный фонд рыночных финансовых инструментов «Т-Капитал Фонд Инвестиций»,Закрытый,Сформирован,643-RUB,28227613.14,3.6913,1.0,7646994.0
2026-04-30,3118,Закрытый паевой инвестиционный фонд рыночных финансовых инструментов «Т-Капитал Фонд Инвестиций»,Закрытый,Сформирован,643-RUB,28414270.57,3.7157,1.0,7646994.0
2026-05-29,3118,Закрытый паевой инвестиционный фонд рыночных финансовых инструментов «Т-Капитал Фонд Инвестиций»,Закрытый,Сформирован,643-RUB,28615425.65,3.742,1.0,7646994.0
2026-06-30,3118,Закрытый паевой инвестиционный фонд рыночных финансовых инструментов «Т-Капитал Фонд Инвестиций»,Закрытый,Сформирован,643-RUB,28865501.49,3.7748,1.0,7646994.0
2026-07-31,3118,Закрытый паевой инвестиционный фонд рыночных финансовых инструментов «Т-Капитал Фонд Инвестиций»,Закрытый,Сформирован,643-RUB,29110367.14,3.8068,1.0,7646994.0
2026-01-30,3120,Закрытый паевой инвестиционный фонд недвижимости «Современный Арендный бизнес»,Закрытый,Сформирован,643-RUB,8735888024.74,534210.72,1448.0,16352.88777200001
2026-02-27,3120,Закрытый паевой инвестиционный фонд недвижимости «Современный Арендный бизнес»,Закрытый,В стадии прекращения,643-RUB,8864475380.99,542074.01,1444.0,16352.887771999993
2026-03-31,3120,Закрытый паевой инвестиционный фонд недвижимости «Современный Арендный бизнес»,Закрытый,В стадии прекращения,643-RUB,8989332493.58,549709.18,1442.0,16352.887771999993
2026-04-30,3120,Закрытый паевой инвестиционный фонд недвижимости «Современный Арендный бизнес»,Закрытый,В стадии прекращения,643-RUB,9095613147.32,556208.38,1439.0,16352.887771999998
2026-05-29,3120,Закрытый паевой инвестиционный фонд недвижимости «Современный Арендный бизнес»,Закрытый,В стадии прекращения,643-RUB,0.0,0.0,19.0,48.381311
2026-06-30,3120,Закрытый паевой инвестиционный фонд недвижимости «Современный Арендный бизнес»,Закрытый,В стадии прекращения,643-RUB,,0.0,,
2026-01-30,3121,Закрытый паевой инвестиционный рентный фонд «Земельный»,Закрытый,Сформирован,643-RUB,262593863.74,60.22,1.0,4360441.14301
2026-02-27,3121,Закрытый паевой инвестиционный рентный фонд «Земельный»,Закрытый,Сформирован,643-RUB,262351741.82,60.17,2.0,8720882.28602
2026-03-31,3121,Закрытый паевой инвестиционный рентный фонд «Земельный»,Закрытый,Сформирован,643-RUB,221726767.9,50.85,1.0,4360441.14301
2026-04-30,3121,Закрытый паевой инвестиционный рентный фонд «Земельный»,Закрытый,Сформирован,643-RUB,221433385.2,50.78,1.0,4360441.14301
2026-05-29,3121,Закрытый паевой инвестиционный рентный фонд «Земельный»,Закрытый,Сформирован,643-RUB,221209333.94,50.73,1.0,4360441.14301
2026-06-30,3121,Закрытый паевой инвестиционный рентный фонд «Земельный»,Закрытый,Сформирован,643-RUB,220622733.68,50.6,1.0,4360441.14301
2026-07-31,3121,Закрытый паевой инвестиционный рентный фонд «Земельный»,Закрытый,Сформирован,643-RUB,220382732.42,50.54,1.0,4360441.14301
2026-01-30,3145,Закрытый паевой инвестиционный фонд рыночных финансовых инструментов «МКБ Золото»,Закрытый,Сформирован,643-RUB,288938.09,135.31,87.0,2135.30109
2026-02-27,3145,Закрытый паевой инвестиционный фонд рыночных финансовых инструментов «МКБ Золото»,Закрытый,Сформирован,643-RUB,288938.09,135.31,87.0,2135.30109
2026-03-31,3145,Закрытый паевой инвестиционный фонд рыночных финансовых инструментов «МКБ Золото»,Закрытый,Сформирован,643-RUB,288938.09,135.31,87.0,2135.3010899999995
2026-04-30,3145,Закрытый паевой инвестиционный фонд рыночных финансовых инструментов «МКБ Золото»,Закрытый,Сформирован,643-RUB,288938.09,135.31,87.0,2135.30109
2026-05-29,3145,Закрытый паевой инвестиционный фонд рыночных финансовых инструментов «МКБ Золото»,Закрытый,Сформирован,643-RUB,288938.09,135.31,87.0,2135.30109
2026-06-30,3145,Закрытый паевой инвестиционный фонд рыночных финансовых инструментов «МКБ Золото»,Закрытый,Сформирован,643-RUB,288938.09,135.31,87.0,2135.30109
2026-07-31,3145,Закрытый паевой инвестиционный фонд рыночных финансовых инструментов «МКБ Золото»,Закрытый,Сформирован,643-RUB,288938.09,135.31,87.0,2135.30109
2026-01-30,3146,Закрытый паевой инвестиционный фонд рыночных финансовых инструментов «МКБ Технологическая перспектива»,Закрытый,Сформирован,643-RUB,8023685.84,369.55,897.0,21712.23523000001
2026-02-27,3146,Закрытый паевой инвестиционный фонд рыночных финансовых инструментов «МКБ Технологическая перспектива»,Закрытый,Сформирован,643-RUB,8023685.84,369.55,897.0,21712.23523000001
2026-03-31,3146,Закрытый паевой инвестиционный фонд рыночных финансовых инструментов «МКБ Технологическая перспектива»,Закрытый,Сформирован,643-RUB,8017185.84,369.25,897.0,21712.23523000001
2026-04-30,3146,Закрытый паевой инвестиционный фонд рыночных финансовых инструментов «МКБ Технологическая перспектива»,Закрытый,Сформирован,643-RUB,8013685.84,369.09,897.0,21712.23523000001
2026-05-29,3146,Закрытый паевой инвестиционный фонд рыночных финансовых инструментов «МКБ Технологическая перспектива»,Закрытый,Сформирован,643-RUB,8010185.84,368.92,897.0,21712.23523000001
2026-06-30,3146,Закрытый паевой инвестиционный фонд рыночных финансовых инструментов «МКБ Технологическая перспектива»,Закрытый,Сформирован,643-RUB,8006685.84,368.76,897.0,21712.23523000001
2026-07-31,3146,Закрытый паевой инвестиционный фонд рыночных финансовых инструментов «МКБ Технологическая перспектива»,Закрытый,Сформирован,643-RUB,8003685.84,368.63,897.0,21712.23523
2026-01-30,3147,Закрытый паевой инвестиционный фонд недвижимости «Центральная Управляющая Компания. Недвижимость.»,Закрытый,Сформирован,643-RUB,229055272.42,1523.45,1.0,150353.24342
2026-02-27,3147,Закрытый паевой инвестиционный фонд недвижимости «Центральная Управляющая Компания. Недвижимость.»,Закрытый,Сформирован,643-RUB,229796456.48,1528.38,1.0,150353.24342
2026-03-31,3147,Закрытый паевой инвестиционный фонд недвижимости «Центральная Управляющая Компания. Недвижимость.»,Закрытый,Сформирован,643-RUB,229482978.51,1526.29,1.0,150353.24342
2026-04-30,3147,Закрытый паевой инвестиционный фонд недвижимости «Центральная Управляющая Компания. Недвижимость.»,Закрытый,Сформирован,643-RUB,230266016.08,1531.5,1.0,150353.24342
2026-05-29,3147,Закрытый паевой инвестиционный фонд недвижимости «Центральная Управляющая Компания. Недвижимость.»,Закрытый,Сформирован,643-RUB,230984737.79,1536.28,1.0,150353.24342
2026-06-30,3147,Закрытый паевой инвестиционный фонд недвижимости «Центральная Управляющая Компания. Недвижимость.»,Закрытый,Сформирован,643-RUB,231442977.32,1539.33,1.0,150353.24342
2026-07-31,3147,Закрытый паевой инвестиционный фонд недвижимости «Центральная Управляющая Компания. Недвижимость.»,Закрытый,Сформирован,643-RUB,231944169.56,1542.66,1.0,150353.24342
2026-01-30,3152,Закрытый паевой инвестиционный фонд рыночных финансовых инструментов «Арсагера – АМ»,Закрытый,Сформирован,643-RUB,845260.45,166.84,,
2026-02-27,3152,Закрытый паевой инвестиционный фонд рыночных финансовых инструментов «Арсагера – АМ»,Закрытый,Сформирован,643-RUB,845260.45,166.84,,
2026-03-31,3152,Закрытый паевой инвестиционный фонд рыночных финансовых инструментов «Арсагера – АМ»,Закрытый,Сформирован,643-RUB,845260.45,166.84,317.0,5066.39587
2026-04-30,3152,Закрытый паевой инвестиционный фонд рыночных финансовых инструментов «Арсагера – АМ»,Закрытый,Сформирован,643-RUB,845260.45,166.84,317.0,5066.39587
2026-05-29,3152,Закрытый паевой инвестиционный фонд рыночных финансовых инструментов «Арсагера – АМ»,Закрытый,Сформирован,643-RUB,845260.45,166.84,317.0,5066.395869999999
2026-06-30,3152,Закрытый паевой инвестиционный фонд рыночных финансовых инструментов «Арсагера – АМ»,Закрытый,Сформирован,643-RUB,845260.45,166.84,317.0,5066.395869999999
2026-07-31,3152,Закрытый паевой инвестиционный фонд рыночных финансовых инструментов «Арсагера – АМ»,Закрытый,Сформирован,643-RUB,845260.45,166.84,317.0,5066.39587
2026-01-30,3155,Открытый паевой инвестиционный фонд рыночных финансовых инструментов «МКБ Мультивалютный доход»,Открытый,Сформирован,643-RUB,67398571.93,590.33,443.0,114170.56148
2026-02-27,3155,Открытый паевой инвестиционный фонд рыночных финансовых инструментов «МКБ Мультивалютный доход»,Открытый,Сформирован,643-RUB,68509324.69,593.88,439.0,115358.31588999993
2026-03-31,3155,Открытый паевой инвестиционный фонд рыночных финансовых инструментов «МКБ Мультивалютный доход»,Открытый,Сформирован,643-RUB,69702750.86,617.39,428.0,112898.20897
2026-04-30,3155,Открытый паевой инвестиционный фонд рыночных финансовых инструментов «МКБ Мультивалютный доход»,Открытый,Сформирован,643-RUB,65949968.54,585.7,421.0,112599.68187
2026-05-29,3155,Открытый паевой инвестиционный фонд рыночных финансовых инструментов «МКБ Мультивалютный доход»,Открытый,Сформирован,643-RUB,61776454.81,565.46,414.0,109248.97784
2026-06-30,3155,Открытый паевой инвестиционный фонд рыночных финансовых инструментов «МКБ Мультивалютный доход»,Открытый,Сформирован,643-RUB,65869517.71,609.5,408.0,108071.47574
2026-07-31,3155,Открытый паевой инвестиционный фонд рыночных финансовых инструментов «МКБ Мультивалютный доход»,Открытый,Сформирован,643-RUB,64914104.5,612.61,404.0,105963.24323
2026-01-30,3160,Закрытый паевой инвестиционный фонд рыночных финансовых инструментов «Ингосстрах – передовые технологии»,Закрытый,Сформирован,643-RUB,2958657.52,150.92,90.0,19603.6544768
2026-02-27,3160,Закрытый паевой инвестиционный фонд рыночных финансовых инструментов «Ингосстрах – передовые технологии»,Закрытый,Сформирован,643-RUB,2958657.52,150.92,90.0,19603.6544768
2026-03-31,3160,Закрытый паевой инвестиционный фонд рыночных финансовых инструментов «Ингосстрах – передовые технологии»,Закрытый,Сформирован,643-RUB,2958657.52,150.92,90.0,19603.6544768
2026-04-30,3160,Закрытый паевой инвестиционный фонд рыночных финансовых инструментов «Ингосстрах – передовые технологии»,Закрытый,Сформирован,643-RUB,2958657.52,150.92,90.0,19603.6544768
2026-05-29,3160,Закрытый паевой инвестиционный фонд рыночных финансовых инструментов «Ингосстрах – передовые технологии»,Закрытый,Сформирован,643-RUB,2958657.52,150.92,90.0,19603.654476799995
2026-06-30,3160,Закрытый паевой инвестиционный фонд рыночных финансовых инструментов «Ингосстрах – передовые технологии»,Закрытый,Сформирован,643-RUB,2958657.52,150.92,90.0,19603.6544768
2026-07-31,3160,Закрытый паевой инвестиционный фонд рыночных финансовых инструментов «Ингосстрах – передовые технологии»,Закрытый,Сформирован,643-RUB,2958657.52,150.92,90.0,19603.6544768
2026-01-30,3161,Закрытый паевой инвестиционный фонд рыночных финансовых инструментов «Ингосстрах – драгоценные металлы»,Закрытый,Сформирован,643-RUB,559504.18,48.26,26.0,11594.1765087
2026-02-27,3161,Закрытый паевой инвестиционный фонд рыночных финансовых инструментов «Ингосстрах – драгоценные металлы»,Закрытый,Сформирован,643-RUB,559504.18,48.26,26.0,11594.1765087
2026-03-31,3161,Закрытый паевой инвестиционный фонд рыночных финансовых инструментов «Ингосстрах – драгоценные металлы»,Закрытый,Сформирован,643-RUB,559504.18,48.26,26.0,11594.1765087
2026-04-30,3161,Закрытый паевой инвестиционный фонд рыночных финансовых инструментов «Ингосстрах – драгоценные металлы»,Закрытый,Сформирован,643-RUB,559504.18,48.26,26.0,11594.1765087
2026-05-29,3161,Закрытый паевой инвестиционный фонд рыночных финансовых инструментов «Ингосстрах – драгоценные металлы»,Закрытый,Сформирован,643-RUB,559504.18,48.26,26.0,11594.1765087
2026-06-30,3161,Закрытый паевой инвестиционный фонд рыночных финансовых инструментов «Ингосстрах – драгоценные металлы»,Закрытый,Сформирован,643-RUB,559504.18,48.26,26.0,11594.1765087
2026-07-31,3161,Закрытый паевой инвестиционный фонд рыночных финансовых инструментов «Ингосстрах – драгоценные металлы»,Закрытый,Сформирован,643-RUB,559504.18,48.26,26.0,11594.1765087
2026-01-30,3164,Закрытый паевой инвестиционный фонд недвижимости «ДОМ.РФ»,Закрытый,Сформирован,643-RUB,102394123506.91,1969.12,356.0,52000000.0
2026-02-27,3164,Закрытый паевой инвестиционный фонд недвижимости «ДОМ.РФ»,Закрытый,Сформирован,643-RUB,102937073362.79,1979.56,379.0,52000000.0
2026-03-31,3164,Закрытый паевой инвестиционный фонд недвижимости «ДОМ.РФ»,Закрытый,Сформирован,643-RUB,100006819115.26,1923.21,348.0,52000000.0
2026-04-30,3164,Закрытый паевой инвестиционный фонд недвижимости «ДОМ.РФ»,Закрытый,Сформирован,643-RUB,100406475250.49,1930.89,365.0,52000000.0
2026-05-29,3164,Закрытый паевой инвестиционный фонд недвижимости «ДОМ.РФ»,Закрытый,Сформирован,643-RUB,101005278449.73,1942.41,382.0,52000000.0
2026-06-30,3164,Закрытый паевой инвестиционный фонд недвижимости «ДОМ.РФ»,Закрытый,Сформирован,643-RUB,103018889413.01,1981.13,382.0,52000000.0
2026-07-31,3164,Закрытый паевой инвестиционный фонд недвижимости «ДОМ.РФ»,Закрытый,Сформирован,643-RUB,103449403631.52,1989.41,398.0,52000000.0
2026-01-30,3167,Закрытый паевой инвестиционный фонд недвижимости «УФА ЭКСПО»,Закрытый,Сформирован,643-RUB,795890815.86,135031.26,1.0,5894.12256
2026-02-27,3167,Закрытый паевой инвестиционный фонд недвижимости «УФА ЭКСПО»,Закрытый,Сформирован,643-RUB,799324336.6,135613.8,1.0,5894.12256
2026-03-31,3167,Закрытый паевой инвестиционный фонд недвижимости «УФА ЭКСПО»,Закрытый,Сформирован,643-RUB,797398498.71,135287.06,1.0,5894.12256
2026-04-30,3167,Закрытый паевой инвестиционный фонд недвижимости «УФА ЭКСПО»,Закрытый,Сформирован,643-RUB,799153431.57,135584.8,1.0,5894.12256
2026-05-29,3167,Закрытый паевой инвестиционный фонд недвижимости «УФА ЭКСПО»,Закрытый,Сформирован,643-RUB,802077794.23,136080.95,1.0,5894.12256
2026-06-30,3167,Закрытый паевой инвестиционный фонд недвижимости «УФА ЭКСПО»,Закрытый,Сформирован,643-RUB,799450455.37,135635.19,1.0,5894.12256
2026-07-31,3167,Закрытый паевой инвестиционный фонд недвижимости «УФА ЭКСПО»,Закрытый,Сформирован,643-RUB,818368744.75,138844.88,1.0,5894.12256
2026-01-30,3184,Закрытый паевой инвестиционный фонд недвижимости «РЕКОРД – недвижимость»,Закрытый,В стадии прекращения,643-RUB,39086138.71,1091.11,6.0,35822.39305
2026-02-27,3184,Закрытый паевой инвестиционный фонд недвижимости «РЕКОРД – недвижимость»,Закрытый,В стадии прекращения,643-RUB,38337028.4,1070.2,6.0,35822.39305
2026-03-31,3184,Закрытый паевой инвестиционный фонд недвижимости «РЕКОРД – недвижимость»,Закрытый,В стадии прекращения,643-RUB,38175949.12,1065.7,6.0,35822.39305
2026-04-30,3184,Закрытый паевой инвестиционный фонд недвижимости «РЕКОРД – недвижимость»,Закрытый,В стадии прекращения,643-RUB,37337981.24,1042.31,6.0,35822.39305
2026-01-30,3193,открытый паевой инвестиционный фонд рыночных финансовых инструментов «Доверительная - фонд Валютные накопления»,Открытый,Сформирован,643-RUB,816699783.68,89.88,1130.0,9086088.96996
2026-02-27,3193,открытый паевой инвестиционный фонд рыночных финансовых инструментов «Доверительная - фонд Валютные накопления»,Открытый,Сформирован,643-RUB,824937951.67,90.27,1134.0,9138870.72031
2026-03-31,3193,открытый паевой инвестиционный фонд рыночных финансовых инструментов «Доверительная - фонд Валютные накопления»,Открытый,Сформирован,643-RUB,879397358.12,94.68,1136.0,9288202.53457
2026-04-30,3193,открытый паевой инвестиционный фонд рыночных финансовых инструментов «Доверительная - фонд Валютные накопления»,Открытый,Сформирован,643-RUB,837313588.27,90.03,1132.0,9300890.585630002
2026-05-29,3193,открытый паевой инвестиционный фонд рыночных финансовых инструментов «Доверительная - фонд Валютные накопления»,Открытый,Сформирован,643-RUB,809597008.12,86.63,1143.0,9345031.282910002
2026-06-30,3193,открытый паевой инвестиционный фонд рыночных финансовых инструментов «Доверительная - фонд Валютные накопления»,Открытый,Сформирован,643-RUB,915153468.57,96.41,1138.0,9492664.102650002
2026-07-31,3193,открытый паевой инвестиционный фонд рыночных финансовых инструментов «Доверительная - фонд Валютные накопления»,Открытый,Сформирован,643-RUB,893757907.82,94.48,1141.0,9460067.65854
2026-01-30,3194,открытый паевой инвестиционный фонд рыночных финансовых инструментов «Доверительная - фонд Сберегательный»,Открытый,Сформирован,643-RUB,670816040.63,125.35,4269.0,5351696.9148
2026-02-27,3194,открытый паевой инвестиционный фонд рыночных финансовых инструментов «Доверительная - фонд Сберегательный»,Открытый,Сформирован,643-RUB,697457115.91,127.37,4281.0,5475636.02391
2026-03-31,3194,открытый паевой инвестиционный фонд рыночных финансовых инструментов «Доверительная - фонд Сберегательный»,Открытый,Сформирован,643-RUB,709655259.28,129.67,4291.0,5472769.332699998
2026-04-30,3194,открытый паевой инвестиционный фонд рыночных финансовых инструментов «Доверительная - фонд Сберегательный»,Открытый,Сформирован,643-RUB,725352552.15,131.15,4302.0,5530607.106549998
2026-05-29,3194,открытый паевой инвестиционный фонд рыночных финансовых инструментов «Доверительная - фонд Сберегательный»,Открытый,Сформирован,643-RUB,738310858.61,132.41,4301.0,5576116.605409998
2026-06-30,3194,открытый паевой инвестиционный фонд рыночных финансовых инструментов «Доверительная - фонд Сберегательный»,Открытый,Сформирован,643-RUB,735472939.47,132.23,4303.0,5562062.096350001
2026-07-31,3194,открытый паевой инвестиционный фонд рыночных финансовых инструментов «Доверительная - фонд Сберегательный»,Открытый,Сформирован,643-RUB,737535637.14,133.1,4297.0,5541239.86651
2026-01-30,3208,Открытый паевой инвестиционный фонд рыночных финансовых инструментов «Арикапитал – Глобальные инвестиции»,Открытый,Сформирован,643-RUB,145152830.3,1223.79,21.0,118609.09894
2026-02-27,3208,Открытый паевой инвестиционный фонд рыночных финансовых инструментов «Арикапитал – Глобальные инвестиции»,Открытый,Сформирован,643-RUB,124803087.16,1242.63,19.0,100434.8589
2026-03-31,3208,Открытый паевой инвестиционный фонд рыночных финансовых инструментов «Арикапитал – Глобальные инвестиции»,Открытый,Сформирован,643-RUB,118338109.98,1325.29,18.0,89292.47295
2026-04-30,3208,Открытый паевой инвестиционный фонд рыночных финансовых инструментов «Арикапитал – Глобальные инвестиции»,Открытый,Сформирован,643-RUB,111669237.06,1323.81,104.0,84354.63904000001
2026-05-29,3208,Открытый паевой инвестиционный фонд рыночных финансовых инструментов «Арикапитал – Финансовая свобода»,Открытый,Сформирован,643-RUB,206109829.53,1337.01,277.0,154156.92626
2026-06-30,3208,Открытый паевой инвестиционный фонд рыночных финансовых инструментов «Арикапитал – Финансовая свобода»,Открытый,Сформирован,643-RUB,278871916.23,1360.53,334.0,204972.31408
2026-07-31,3208,Открытый паевой инвестиционный фонд рыночных финансовых инструментов «Арикапитал – Финансовая свобода»,Открытый,Сформирован,643-RUB,307381287.87,1370.67,351.0,224256.83948
2026-01-30,3219,Закрытый паевой инвестиционный фонд недвижимости «Современный Арендный бизнес 2»,Закрытый,Сформирован,643-RUB,2411111342.8,252590.25,1052.0,9544.198849999995
2026-02-27,3219,Закрытый паевой инвестиционный фонд недвижимости «Современный Арендный бизнес 2»,Закрытый,Сформирован,643-RUB,2430824862.8,254655.46,975.0,9545.543984999997
2026-03-31,3219,Закрытый паевой инвестиционный фонд недвижимости «Современный Арендный бизнес 2»,Закрытый,Сформирован,643-RUB,2385116762.96,249867.03,949.0,9545.543984999998
2026-04-30,3219,Закрытый паевой инвестиционный фонд недвижимости «Современный Арендный бизнес 2»,Закрытый,Сформирован,643-RUB,2397470812.49,251161.26,946.0,9545.543984999998
2026-05-29,3219,Закрытый паевой инвестиционный фонд недвижимости «Современный Арендный бизнес 2»,Закрытый,Сформирован,643-RUB,2409160454.1,252385.87,945.0,9545.543985000002
2026-06-30,3219,Закрытый паевой инвестиционный фонд недвижимости «Современный Арендный бизнес 2»,Закрытый,Сформирован,643-RUB,2418797775.49,253395.49,945.0,9545.543984999998
2026-07-31,3219,Закрытый паевой инвестиционный фонд недвижимости «Современный Арендный бизнес 2»,Закрытый,Сформирован,643-RUB,2436668335.67,255267.62,940.0,9545.543985
2026-01-30,3247,Открытый паевой инвестиционный фонд рыночных финансовых инструментов «ТФГ – Акции»,Открытый,Сформирован,643-RUB,118567737.6,657.93,3.0,180214.11069
2026-02-27,3247,Открытый паевой инвестиционный фонд рыночных финансовых инструментов «ТФГ – Акции»,Открытый,Сформирован,643-RUB,118899990.56,659.77,4.0,180214.11069
2026-03-31,3247,Открытый паевой инвестиционный фонд рыночных финансовых инструментов «ТФГ – Акции»,Открытый,Сформирован,643-RUB,117053023.48,649.52,4.0,180214.11069
2026-04-30,3247,Открытый паевой инвестиционный фонд рыночных финансовых инструментов «ТФГ – Акции»,Открытый,Сформирован,643-RUB,111899425.33,620.92,4.0,180214.11069
2026-05-29,3247,Открытый паевой инвестиционный фонд рыночных финансовых инструментов «ТФГ – Акции»,Открытый,Сформирован,643-RUB,109330998.44,606.67,4.0,180214.11069
2026-06-30,3247,Открытый паевой инвестиционный фонд рыночных финансовых инструментов «ТФГ – Акции»,Открытый,В стадии прекращения,643-RUB,100721964.76,558.9,4.0,180214.11069
2026-07-31,3247,Открытый паевой инвестиционный фонд рыночных финансовых инструментов «ТФГ – Акции»,Открытый,В стадии прекращения,643-RUB,94106678.77,522.19,4.0,180214.11069
2026-01-30,3264,Открытый паевой инвестиционный фонд рыночных финансовых инструментов «ТРИНФИКО Капиталист»,Открытый,Сформирован,643-RUB,82989497.12,1381.41,113.0,60075.73206
2026-02-27,3264,Открытый паевой инвестиционный фонд рыночных финансовых инструментов «ТРИНФИКО Капиталист»,Открытый,Сформирован,643-RUB,82778060.06,1394.4,115.0,59364.58421
2026-03-31,3264,Открытый паевой инвестиционный фонд рыночных финансовых инструментов «ТРИНФИКО Капиталист»,Открытый,Сформирован,643-RUB,74875958.26,1331.18,114.0,56247.73486
2026-04-30,3264,Открытый паевой инвестиционный фонд рыночных финансовых инструментов «ТРИНФИКО Капиталист»,Открытый,Сформирован,643-RUB,69951365.49,1278.87,113.0,54697.77233000001
2026-05-29,3264,Открытый паевой инвестиционный фонд рыночных финансовых инструментов «ТРИНФИКО Капиталист»,Открытый,Сформирован,643-RUB,67764587.41,1263.29,112.0,53641.42681
2026-06-30,3264,Открытый паевой инвестиционный фонд рыночных финансовых инструментов «ТРИНФИКО Капиталист»,Открытый,Сформирован,643-RUB,62051714.99,1170.58,110.0,53009.40986
2026-07-31,3264,Открытый паевой инвестиционный фонд рыночных финансовых инструментов «ТРИНФИКО Капиталист»,Открытый,Сформирован,643-RUB,64138651.51,1147.43,111.0,55897.68997
2026-01-30,3279,Закрытый паевой инвестиционный фонд недвижимости «Торговые ряды»,Закрытый,Сформирован,643-RUB,445218207.41,353909.54,4.0,1258.0
2026-02-27,3279,Закрытый паевой инвестиционный фонд недвижимости «Торговые ряды»,Закрытый,Сформирован,643-RUB,442184779.86,351498.24,4.0,1258.0
2026-03-31,3279,Закрытый паевой инвестиционный фонд недвижимости «Торговые ряды»,Закрытый,Сформирован,643-RUB,455127608.83,361786.65,4.0,1258.0
2026-04-30,3279,Закрытый паевой инвестиционный фонд недвижимости «Торговые ряды»,Закрытый,Сформирован,643-RUB,449632602.77,357418.6,4.0,1258.0
2026-05-29,3279,Закрытый паевой инвестиционный фонд недвижимости «Торговые ряды»,Закрытый,Сформирован,643-RUB,446756983.77,355132.74,4.0,1258.0
2026-06-30,3279,Закрытый паевой инвестиционный фонд недвижимости «Торговые ряды»,Закрытый,В стадии прекращения,643-RUB,434945090.34,345743.32,4.0,1258.0
2026-07-31,3279,Закрытый паевой инвестиционный фонд недвижимости «Торговые ряды»,Закрытый,В стадии прекращения,643-RUB,437247629.09,347573.63,4.0,1258.0
2026-01-30,3307,Закрытый паевой инвестиционный фонд недвижимости «Активо пять»,Закрытый,Сформирован,643-RUB,245991269.03,508722.91,146.0,483.54667
2026-02-27,3307,Закрытый паевой инвестиционный фонд недвижимости «Активо пять»,Закрытый,Сформирован,643-RUB,250462040.42,517968.7,146.0,483.54667
2026-03-31,3307,Закрытый паевой инвестиционный фонд недвижимости «Активо пять»,Закрытый,Сформирован,643-RUB,249531651.61,516044.61,146.0,483.54667
2026-04-30,3307,Закрытый паевой инвестиционный фонд недвижимости «Активо пять»,Закрытый,Сформирован,643-RUB,250981327.42,519042.61,146.0,483.54667
2026-05-29,3307,Закрытый паевой инвестиционный фонд недвижимости «Активо пять»,Закрытый,Сформирован,643-RUB,250047114.65,517110.61,146.0,483.54667
2026-06-30,3307,Закрытый паевой инвестиционный фонд недвижимости «Активо пять»,Закрытый,Сформирован,643-RUB,249023633.55,514994.0,146.0,483.54667
2026-07-31,3307,Закрытый паевой инвестиционный фонд недвижимости «Активо пять»,Закрытый,Сформирован,643-RUB,249279359.37,515522.85,146.0,483.54667
2026-01-30,3329,Закрытый паевой инвестиционный фонд недвижимости «АКТИВО ШЕСТЬ»,Закрытый,Сформирован,643-RUB,325686668.58,325686.67,108.0,1000.0
2026-02-27,3329,Закрытый паевой инвестиционный фонд недвижимости «АКТИВО ШЕСТЬ»,Закрытый,Сформирован,643-RUB,326392962.13,326392.96,108.0,1000.0
2026-03-31,3329,Закрытый паевой инвестиционный фонд недвижимости «АКТИВО ШЕСТЬ»,Закрытый,Сформирован,643-RUB,324952804.5,324952.8,108.0,1000.0
2026-04-30,3329,Закрытый паевой инвестиционный фонд недвижимости «АКТИВО ШЕСТЬ»,Закрытый,Сформирован,643-RUB,333386360.91,333386.36,108.0,1000.0
2026-05-29,3329,Закрытый паевой инвестиционный фонд недвижимости «АКТИВО ШЕСТЬ»,Закрытый,Сформирован,643-RUB,333030900.38,333030.9,108.0,1000.0
2026-06-30,3329,Закрытый паевой инвестиционный фонд недвижимости «АКТИВО ШЕСТЬ»,Закрытый,Сформирован,643-RUB,331620446.78,331620.45,108.0,1000.0
2026-07-31,3329,Закрытый паевой инвестиционный фонд недвижимости «АКТИВО ШЕСТЬ»,Закрытый,Сформирован,643-RUB,332872345.19,332872.35,109.0,1000.0
2026-01-30,3343,Открытый паевой инвестиционный фонд рыночных финансовых инструментов «Алёнка – Капитал»,Открытый,Сформирован,643-RUB,1436040721.24,27627.5,1752.0,51978.66886
2026-02-27,3343,Открытый паевой инвестиционный фонд рыночных финансовых инструментов «Алёнка – Капитал»,Открытый,Сформирован,643-RUB,1454577941.47,27789.24,1757.0,52343.20127999999
2026-03-31,3343,Открытый паевой инвестиционный фонд рыночных финансовых инструментов «Алёнка – Капитал»,Открытый,Сформирован,643-RUB,1356172796.35,26005.23,1723.0,52149.99201
2026-04-30,3343,Открытый паевой инвестиционный фонд рыночных финансовых инструментов «Алёнка – Капитал»,Открытый,Сформирован,643-RUB,1204140959.02,24724.46,1707.0,48702.41488
2026-05-29,3343,Открытый паевой инвестиционный фонд рыночных финансовых инструментов «Алёнка – Капитал»,Открытый,Сформирован,643-RUB,1131640129.25,23167.14,1692.0,48846.767530000005
2026-06-30,3343,Открытый паевой инвестиционный фонд рыночных финансовых инструментов «Алёнка – Капитал»,Открытый,Сформирован,643-RUB,990161473.54,20251.13,1670.0,48894.12801000001
2026-07-31,3343,Открытый паевой инвестиционный фонд рыночных финансовых инструментов «Алёнка – Капитал»,Открытый,Сформирован,643-RUB,1028454053.91,21176.84,1660.0,48565.04313
2026-01-30,3399,"Закрытый паевой инвестиционный фонд недвижимости ""Базальт""",Закрытый,В стадии прекращения,643-RUB,36544596.99,438535.18,1.0,83.33333
2026-02-27,3399,"Закрытый паевой инвестиционный фонд недвижимости ""Базальт""",Закрытый,В стадии прекращения,643-RUB,,0.0,,
2026-01-30,3414,Закрытый паевой инвестиционный фонд недвижимости «Нева Хаус»,Закрытый,В стадии прекращения,643-RUB,1595396106.75,547573.21,1.0,2913.575904
2026-02-27,3414,Закрытый паевой инвестиционный фонд недвижимости «Нева Хаус»,Закрытый,В стадии прекращения,643-RUB,1611448628.07,553082.77,1.0,2913.575904
2026-03-31,3414,Закрытый паевой инвестиционный фонд недвижимости «Нева Хаус»,Закрытый,В стадии прекращения,643-RUB,1623906788.6,557358.67,1.0,2913.575904
2026-01-30,3417,закрытый паевой инвестиционный фонд рыночных финансовых инструментов «Доверительная – фонд Высокие технологии»,Закрытый,Сформирован,643-RUB,342544756.54,50.72,3138.0,6753761.98128
2026-02-27,3417,закрытый паевой инвестиционный фонд рыночных финансовых инструментов «Доверительная – фонд Высокие технологии»,Закрытый,Сформирован,643-RUB,346683190.79,51.33,3139.0,6753761.981280001
2026-03-31,3417,закрытый паевой инвестиционный фонд рыночных финансовых инструментов «Доверительная – фонд Высокие технологии»,Закрытый,Сформирован,643-RUB,364247166.85,53.93,3142.0,6753761.981279999
2026-04-30,3417,закрытый паевой инвестиционный фонд рыночных финансовых инструментов «Доверительная – фонд Высокие технологии»,Закрытый,Сформирован,643-RUB,337749478.93,50.01,3143.0,6753761.981279999
2026-05-29,3417,закрытый паевой инвестиционный фонд рыночных финансовых инструментов «Доверительная – фонд Высокие технологии»,Закрытый,Сформирован,643-RUB,321284694.24,47.57,3143.0,6753761.98128
2026-06-30,3417,закрытый паевой инвестиционный фонд рыночных финансовых инструментов «Доверительная – фонд Высокие технологии»,Закрытый,Сформирован,643-RUB,530745221.25,78.59,3144.0,6753761.981279999
2026-07-31,3417,закрытый паевой инвестиционный фонд рыночных финансовых инструментов «Доверительная – фонд Высокие технологии»,Закрытый,Сформирован,643-RUB,530962173.75,78.62,3144.0,6753761.98128
2026-01-30,3428,Открытый паевой инвестиционный фонд рыночных финансовых инструментов «Первая - Накопительный»,Открытый,Сформирован,643-RUB,354631195806.81,2012.09,303433.0,176250530.54911014
2026-02-27,3428,Открытый паевой инвестиционный фонд рыночных финансовых инструментов «Первая - Накопительный»,Открытый,Сформирован,643-RUB,387586004427.63,2035.43,314894.0,190419508.89873
2026-03-31,3428,Открытый паевой инвестиционный фонд рыночных финансовых инструментов «Первая - Накопительный»,Открытый,Сформирован,643-RUB,395807818265.56,2066.18,321362.0,191565428.20427004
2026-04-30,3428,Открытый паевой инвестиционный фонд рыночных финансовых инструментов «Первая - Накопительный»,Открытый,Сформирован,643-RUB,428673430922.75,2092.97,333234.0,204816081.99745983
2026-05-29,3428,Открытый паевой инвестиционный фонд рыночных финансовых инструментов «Первая - Накопительный»,Открытый,Сформирован,643-RUB,457075568029.69,2117.09,344533.0,215897950.39938995
2026-06-30,3428,Открытый паевой инвестиционный фонд рыночных финансовых инструментов «Первая - Накопительный»,Открытый,Сформирован,643-RUB,481833954614.08,2141.16,356964.0,225034484.55314004
2026-07-31,3428,Открытый паевой инвестиционный фонд рыночных финансовых инструментов «Первая - Накопительный»,Открытый,Сформирован,643-RUB,483466435777.5,2160.26,365117.0,223800538.19372
2026-01-30,3444,Закрытый паевой инвестиционный фонд недвижимости «Солид Рентный - 2»,Закрытый,Сформирован,643-RUB,1101887538.16,5163093.58,10.0,213.41615
2026-02-27,3444,Закрытый паевой инвестиционный фонд недвижимости «Солид Рентный - 2»,Закрытый,Сформирован,643-RUB,1101460008.08,5161090.31,10.0,213.41615
2026-03-31,3444,Закрытый паевой инвестиционный фонд недвижимости «Солид Рентный - 2»,Закрытый,Сформирован,643-RUB,1100999481.4,5158932.43,10.0,213.416147
2026-04-30,3444,Закрытый паевой инвестиционный фонд недвижимости «Солид Рентный - 2»,Закрытый,Сформирован,643-RUB,1100939631.35,5158651.99,10.0,213.416147
2026-05-29,3444,Закрытый паевой инвестиционный фонд недвижимости «Солид Рентный - 2»,Закрытый,Сформирован,643-RUB,1100479119.31,5156494.18,10.0,213.416147
2026-06-30,3444,Закрытый паевой инвестиционный фонд недвижимости «Солид Рентный - 2»,Закрытый,Сформирован,643-RUB,1131493981.23,5301819.93,10.0,213.416147
2026-07-31,3444,Закрытый паевой инвестиционный фонд недвижимости «Солид Рентный - 2»,Закрытый,Сформирован,643-RUB,1130383887.54,5296618.38,10.0,213.416147
2026-01-30,3542,Открытый паевой инвестиционный фонд рыночных финансовых инструментов «Арикапитал – Мультистратегия»,Открытый,Сформирован,643-RUB,613621829.16,2701.82,192.0,227113.91299
2026-02-27,3542,Открытый паевой инвестиционный фонд рыночных финансовых инструментов «Арикапитал – Мультистратегия»,Открытый,Сформирован,643-RUB,570553524.88,2759.43,190.0,206765.24086000005
2026-03-31,3542,Открытый паевой инвестиционный фонд рыночных финансовых инструментов «Арикапитал – Мультистратегия»,Открытый,Сформирован,643-RUB,580409713.05,2797.79,191.0,207453.1984
2026-04-30,3542,Открытый паевой инвестиционный фонд рыночных финансовых инструментов «Арикапитал – Мультистратегия»,Открытый,Сформирован,643-RUB,547962236.49,2740.36,192.0,199960.26956000007
2026-05-29,3542,Открытый паевой инвестиционный фонд рыночных финансовых инструментов «Арикапитал – Мультистратегия»,Открытый,Сформирован,643-RUB,530611551.84,2692.66,190.0,197058.79669
2026-06-30,3542,Открытый паевой инвестиционный фонд рыночных финансовых инструментов «Арикапитал – Мультистратегия»,Открытый,Сформирован,643-RUB,515788118.81,2702.76,187.0,190837.83325000005
2026-07-31,3542,Открытый паевой инвестиционный фонд рыночных финансовых инструментов «Арикапитал – Мультистратегия»,Открытый,Сформирован,643-RUB,521549286.23,2729.72,187.0,191063.12972
2026-01-30,3543,Закрытый паевой инвестиционный фонд недвижимости «КьюБиЭф Развитие регионов»,Закрытый,В стадии прекращения,643-RUB,34976776.42,257592.59,,
2026-02-27,3543,Закрытый паевой инвестиционный фонд недвижимости «КьюБиЭф Развитие регионов»,Закрытый,В стадии прекращения,643-RUB,34923831.96,257202.67,,
2026-03-31,3543,Закрытый паевой инвестиционный фонд недвижимости «КьюБиЭф Развитие регионов»,Закрытый,В стадии прекращения,643-RUB,34862527.86,256751.18,,
2026-04-30,3543,Закрытый паевой инвестиционный фонд недвижимости «КьюБиЭф Развитие регионов»,Закрытый,В стадии прекращения,643-RUB,34862527.86,256751.18,0.0,0.0
2026-05-29,3543,Закрытый паевой инвестиционный фонд недвижимости «КьюБиЭф Развитие регионов»,Закрытый,В стадии прекращения,643-RUB,34744975.12,255885.44,,
2026-06-30,3543,Закрытый паевой инвестиционный фонд недвижимости «КьюБиЭф Развитие регионов»,Закрытый,В стадии прекращения,643-RUB,34681845.78,255420.52,,
2026-07-31,3543,Закрытый паевой инвестиционный фонд недвижимости «КьюБиЭф Развитие регионов»,Закрытый,В стадии прекращения,643-RUB,34618179.87,254951.64,,
2026-01-30,3555,Биржевой паевой инвестиционный фонд рыночных финансовых инструментов «Первая – Фонд Топ Российских акций»,Биржевой,Сформирован,643-RUB,20730852621.91,18.87,163719.0,1098384384.0
2026-02-27,3555,Биржевой паевой инвестиционный фонд рыночных финансовых инструментов «Первая – Фонд Топ Российских акций»,Биржевой,Сформирован,643-RUB,20934398817.63,18.97,167303.0,1103402105.0
2026-03-31,3555,Биржевой паевой инвестиционный фонд рыночных финансовых инструментов «Первая – Фонд Топ Российских акций»,Биржевой,Сформирован,643-RUB,20749155534.15,18.8,171477.0,1103402105.0
2026-04-30,3555,Биржевой паевой инвестиционный фонд рыночных финансовых инструментов «Первая – Фонд Топ Российских акций»,Биржевой,Сформирован,643-RUB,19265250378.09,18.05,172758.0,1067402105.0
2026-05-29,3555,Биржевой паевой инвестиционный фонд рыночных финансовых инструментов «Первая – Фонд Топ Российских акций»,Биржевой,Сформирован,643-RUB,18796925648.29,17.61,172430.0,1067402105.0
2026-06-30,3555,Биржевой паевой инвестиционный фонд рыночных финансовых инструментов «Первая – Фонд Топ Российских акций»,Биржевой,Сформирован,643-RUB,17887634876.25,16.13,173015.0,1108917187.0
2026-07-31,3555,Биржевой паевой инвестиционный фонд рыночных финансовых инструментов «Первая – Фонд Топ Российских акций»,Биржевой,Сформирован,643-RUB,18675628628.83,15.87,174754.0,1176455679.0
2026-01-30,3591,Закрытый паевой инвестиционный фонд рыночных финансовых инструментов «ТЕХНОЛОГИИ 100»,Закрытый,Сформирован,643-RUB,3812651046.87,873.91,19494.0,4362731.0
2026-02-27,3591,Закрытый паевой инвестиционный фонд рыночных финансовых инструментов «ТЕХНОЛОГИИ 100»,Закрытый,Сформирован,643-RUB,2710662049.2,621.32,19512.0,4362731.0
2026-03-31,3591,Закрытый паевой инвестиционный фонд рыночных финансовых инструментов «ТЕХНОЛОГИИ 100»,Закрытый,Сформирован,643-RUB,2857654422.72,655.02,19514.0,4362731.0
2026-04-30,3591,Закрытый паевой инвестиционный фонд рыночных финансовых инструментов «ТЕХНОЛОГИИ 100»,Закрытый,Сформирован,643-RUB,2631729852.96,603.23,19512.0,4362731.0
2026-05-29,3591,Закрытый паевой инвестиционный фонд рыночных финансовых инструментов «ТЕХНОЛОГИИ 100»,Закрытый,Сформирован,643-RUB,2508143841.07,574.9,19513.0,4362731.0
2026-06-30,3591,Закрытый паевой инвестиционный фонд рыночных финансовых инструментов «ТЕХНОЛОГИИ 100»,Закрытый,Сформирован,643-RUB,2732923802.37,626.43,19512.0,4362731.0
2026-07-31,3591,Закрытый паевой инвестиционный фонд рыночных финансовых инструментов «ТЕХНОЛОГИИ 100»,Закрытый,Сформирован,643-RUB,2807002858.96,643.4,19513.0,4362731.0
2026-01-30,3606,Открытый паевой инвестиционный фонд рыночных финансовых инструментов «Харизматичные идеи»,Открытый,Сформирован,643-RUB,902957156.57,4241.69,347.0,212876.8399199999
2026-02-27,3606,Открытый паевой инвестиционный фонд рыночных финансовых инструментов «Харизматичные идеи»,Открытый,Сформирован,643-RUB,908605154.06,4353.03,349.0,208729.14934
2026-03-31,3606,Открытый паевой инвестиционный фонд рыночных финансовых инструментов «Харизматичные идеи»,Открытый,Сформирован,643-RUB,868639841.9,4198.9,346.0,206872.95505
2026-04-30,3606,Открытый паевой инвестиционный фонд рыночных финансовых инструментов «Харизматичные идеи»,Открытый,Сформирован,643-RUB,784167202.27,4024.2,339.0,194862.91568
2026-05-29,3606,Открытый паевой инвестиционный фонд рыночных финансовых инструментов «Харизматичные идеи»,Открытый,Сформирован,643-RUB,742907433.76,3815.57,340.0,194704.0266
2026-06-30,3606,Открытый паевой инвестиционный фонд рыночных финансовых инструментов «Харизматичные идеи»,Открытый,Сформирован,643-RUB,669558942.36,3541.36,337.0,189068.49595
2026-07-31,3606,Открытый паевой инвестиционный фонд рыночных финансовых инструментов «Харизматичные идеи»,Открытый,Сформирован,643-RUB,635187357.2,3444.87,331.0,184386.24406
2026-01-30,3629,Биржевой паевой инвестиционный фонд рыночных финансовых инструментов «Первая - Фонд Государственные облигации»,Биржевой,Сформирован,643-RUB,2513319620.0,14.87,59194.0,168992427.0
2026-02-27,3629,Биржевой паевой инвестиционный фонд рыночных финансовых инструментов «Первая - Фонд Государственные облигации»,Биржевой,Сформирован,643-RUB,2623498931.29,15.16,60545.0,173051985.0
2026-03-31,3629,Биржевой паевой инвестиционный фонд рыночных финансовых инструментов «Первая - Фонд Государственные облигации»,Биржевой,Сформирован,643-RUB,3088033476.55,15.43,62169.0,200110356.0
2026-04-30,3629,Биржевой паевой инвестиционный фонд рыночных финансовых инструментов «Первая - Фонд Государственные облигации»,Биржевой,Сформирован,643-RUB,3512901601.98,15.64,63386.0,224678562.0
2026-05-29,3629,Биржевой паевой инвестиционный фонд рыночных финансовых инструментов «Первая - Фонд Государственные облигации»,Биржевой,Сформирован,643-RUB,4004838392.47,15.66,66048.0,255807970.0
2026-06-30,3629,Биржевой паевой инвестиционный фонд рыночных финансовых инструментов «Первая - Фонд Государственные облигации»,Биржевой,Сформирован,643-RUB,4544531444.35,15.15,62957.0,299907202.0
2026-07-31,3629,Биржевой паевой инвестиционный фонд рыночных финансовых инструментов «Первая - Фонд Государственные облигации»,Биржевой,Сформирован,643-RUB,4789586675.22,15.45,65149.0,309919973.0
2026-01-30,3633,Закрытый паевой инвестиционный фонд недвижимости «АКТИВО ДЕСЯТЬ»,Закрытый,Сформирован,643-RUB,485050389.18,373115.68,160.0,1300.0
2026-02-27,3633,Закрытый паевой инвестиционный фонд недвижимости «АКТИВО ДЕСЯТЬ»,Закрытый,Сформирован,643-RUB,487816610.68,375243.55,160.0,1300.0
2026-03-31,3633,Закрытый паевой инвестиционный фонд недвижимости «АКТИВО ДЕСЯТЬ»,Закрытый,Сформирован,643-RUB,486435883.77,374181.45,161.0,1300.0
2026-04-30,3633,Закрытый паевой инвестиционный фонд недвижимости «АКТИВО ДЕСЯТЬ»,Закрытый,Сформирован,643-RUB,489308174.0,376390.9,161.0,1300.0
2026-05-29,3633,Закрытый паевой инвестиционный фонд недвижимости «АКТИВО ДЕСЯТЬ»,Закрытый,Сформирован,643-RUB,488102364.85,375463.36,160.0,1300.0
2026-06-30,3633,Закрытый паевой инвестиционный фонд недвижимости «АКТИВО ДЕСЯТЬ»,Закрытый,Сформирован,643-RUB,486160883.79,373969.91,163.0,1300.0
2026-07-31,3633,Закрытый паевой инвестиционный фонд недвижимости «АКТИВО ДЕСЯТЬ»,Закрытый,Сформирован,643-RUB,485849700.95,373730.54,163.0,1300.0
2026-01-30,3636,Биржевой паевой инвестиционный фонд рыночных финансовых инструментов «Первая – Фонд Валютных Облигаций»,Биржевой,Сформирован,643-RUB,6880293032.17,1322.62,23917.0,5202019.0
2026-02-27,3636,Биржевой паевой инвестиционный фонд рыночных финансовых инструментов «Первая – Фонд Валютных Облигаций»,Биржевой,Сформирован,643-RUB,7056374302.84,1333.33,24691.0,5292294.0
2026-03-31,3636,Биржевой паевой инвестиционный фонд рыночных финансовых инструментов «Первая – Фонд Валютных Облигаций»,Биржевой,Сформирован,643-RUB,8047038082.67,1391.96,25091.0,5781074.0
2026-04-30,3636,Биржевой паевой инвестиционный фонд рыночных финансовых инструментов «Первая – Фонд Валютных Облигаций»,Биржевой,Сформирован,643-RUB,7588070391.06,1312.57,25377.0,5781074.0
2026-05-29,3636,Биржевой паевой инвестиционный фонд рыночных финансовых инструментов «Первая – Фонд Валютных Облигаций»,Биржевой,Сформирован,643-RUB,8196630021.15,1264.59,25507.0,6481636.0
2026-06-30,3636,Биржевой паевой инвестиционный фонд рыночных финансовых инструментов «Первая – Фонд Валютных Облигаций»,Биржевой,Сформирован,643-RUB,9294896144.55,1373.29,25558.0,6768344.0
2026-07-31,3636,Биржевой паевой инвестиционный фонд рыночных финансовых инструментов «Первая – Фонд Валютных Облигаций»,Биржевой,Сформирован,643-RUB,9199574859.77,1383.73,25578.0,6648376.0
2026-01-30,3647,Биржевой паевой инвестиционный фонд рыночных финансовых инструментов «Российские облигации»,Биржевой,Сформирован,643-RUB,4797521916.6,191.81,74531.0,25011619.13065
2026-02-27,3647,Биржевой паевой инвестиционный фонд рыночных финансовых инструментов «Российские облигации»,Биржевой,Сформирован,643-RUB,6052366234.83,195.02,82179.0,31035137.37598
2026-03-31,3647,Биржевой паевой инвестиционный фонд рыночных финансовых инструментов «Российские облигации»,Биржевой,Сформирован,643-RUB,7673021017.5,198.64,92169.0,38627204.59087
2026-04-30,3647,Биржевой паевой инвестиционный фонд рыночных финансовых инструментов «Российские облигации»,Биржевой,Сформирован,643-RUB,9914649670.49,201.96,105710.0,49091174.52983
2026-05-29,3647,Биржевой паевой инвестиционный фонд рыночных финансовых инструментов «Российские облигации»,Биржевой,Сформирован,643-RUB,11061469325.31,204.77,111401.0,54019966.78719
2026-06-30,3647,Биржевой паевой инвестиционный фонд рыночных финансовых инструментов «Российские облигации»,Биржевой,Сформирован,643-RUB,11143940592.89,205.06,112403.0,54345016.59365
2026-07-31,3647,Биржевой паевой инвестиционный фонд рыночных финансовых инструментов «Российские облигации»,Биржевой,Сформирован,643-RUB,10158121725.57,207.7,113815.0,48907820.59365
2026-01-30,3652,Закрытый паевой инвестиционный фонд недвижимости «Гарант»,Закрытый,Сформирован,643-RUB,54973834.18,574099.27,1.0,95.75667
2026-02-27,3652,Закрытый паевой инвестиционный фонд недвижимости «Гарант»,Закрытый,Сформирован,643-RUB,54730151.43,571554.46,1.0,95.75667
2026-03-31,3652,Закрытый паевой инвестиционный фонд недвижимости «Гарант»,Закрытый,Сформирован,643-RUB,54316456.24,567234.18,1.0,95.75667
2026-04-30,3652,Закрытый паевой инвестиционный фонд недвижимости «Гарант»,Закрытый,Сформирован,643-RUB,54026524.59,564206.38,1.0,95.75667
2026-05-29,3652,Закрытый паевой инвестиционный фонд недвижимости «Гарант»,Закрытый,Сформирован,643-RUB,58291391.35,608744.97,1.0,95.75667
2026-06-30,3652,Закрытый паевой инвестиционный фонд недвижимости «Гарант»,Закрытый,Сформирован,643-RUB,57856194.37,604200.15,1.0,95.75667
2026-07-31,3652,Закрытый паевой инвестиционный фонд недвижимости «Гарант»,Закрытый,Сформирован,643-RUB,57525238.45,600743.93,1.0,95.75667
2026-01-30,3664,Закрытый паевой инвестиционный фонд рыночных финансовых инструментов «БКС Международные Облигации»,Закрытый,Сформирован,840-USD,1924016.06,4.51,1991.0,427082.99762
2026-02-27,3664,Закрытый паевой инвестиционный фонд рыночных финансовых инструментов «БКС Международные Облигации»,Закрытый,Сформирован,840-USD,1769249.34,4.14,1991.0,427082.99762
2026-03-31,3664,Закрытый паевой инвестиционный фонд рыночных финансовых инструментов «БКС Международные Облигации»,Закрытый,Сформирован,840-USD,1008145.25,2.36,1992.0,427082.99762
2026-04-30,3664,Закрытый паевой инвестиционный фонд рыночных финансовых инструментов «БКС Международные Облигации»,Закрытый,Сформирован,840-USD,1050264.2,2.46,1992.0,427082.9976199999
2026-05-29,3664,Закрытый паевой инвестиционный фонд рыночных финансовых инструментов «БКС Международные Облигации»,Закрытый,Сформирован,840-USD,1066156.11,2.5,1992.0,427082.99762000015
2026-06-30,3664,Закрытый паевой инвестиционный фонд рыночных финансовых инструментов «БКС Международные Облигации»,Закрытый,Сформирован,840-USD,1055491.07,2.47,1992.0,427082.9976199999
2026-07-31,3664,Закрытый паевой инвестиционный фонд рыночных финансовых инструментов «БКС Международные Облигации»,Закрытый,Сформирован,840-USD,1054485.97,2.47,1992.0,427082.99762
2026-01-30,3665,"Открытый паевой инвестиционный фонд рыночных финансовых инструментов ""БКС Российские Еврооблигации""",Открытый,Сформирован,643-RUB,1703885677.94,11.95,15453.0,142639081.76946
2026-02-27,3665,"Открытый паевой инвестиционный фонд рыночных финансовых инструментов ""БКС Российские Еврооблигации""",Открытый,Сформирован,643-RUB,1664083157.68,11.92,15423.0,139619870.76083
2026-03-31,3665,"Открытый паевой инвестиционный фонд рыночных финансовых инструментов ""БКС Российские Еврооблигации""",Открытый,Сформирован,643-RUB,1705952778.43,12.43,15391.0,137202074.5014801
2026-04-30,3665,"Открытый паевой инвестиционный фонд рыночных финансовых инструментов ""БКС Российские Еврооблигации""",Открытый,Сформирован,643-RUB,1604375260.05,11.79,15140.0,136029412.18545005
2026-05-29,3665,"Открытый паевой инвестиционный фонд рыночных финансовых инструментов ""БКС Российские Еврооблигации""",Открытый,Сформирован,643-RUB,1516547736.85,11.35,15048.0,133630541.16163996
2026-06-30,3665,"Открытый паевой инвестиционный фонд рыночных финансовых инструментов ""БКС Российские Еврооблигации""",Открытый,Сформирован,643-RUB,1656908977.43,12.52,14842.0,132330541.16164
2026-07-31,3665,"Открытый паевой инвестиционный фонд рыночных финансовых инструментов ""БКС Российские Еврооблигации""",Открытый,Сформирован,643-RUB,1541561669.75,12.15,14626.0,126889847.12576
2026-01-30,3691,Закрытый паевой инвестиционный фонд рыночных финансовых инструментов «Альфа - Капитал Эс энд Пи 500 (S&P 500®)»,Закрытый,Сформирован,643-RUB,6397136288.78,545.99,27759.0,11716669.03784
2026-02-27,3691,Закрытый паевой инвестиционный фонд рыночных финансовых инструментов «Альфа - Капитал Эс энд Пи 500 (S&P 500®)»,Закрытый,Сформирован,643-RUB,4579282159.58,390.83,27779.0,11716669.03784
2026-03-31,3691,Закрытый паевой инвестиционный фонд рыночных финансовых инструментов «Альфа - Капитал Эс энд Пи 500 (S&P 500®)»,Закрытый,Сформирован,643-RUB,4827539137.21,412.02,27778.0,11716669.03784
2026-04-30,3691,Закрытый паевой инвестиционный фонд рыночных финансовых инструментов «Альфа - Капитал Эс энд Пи 500 (S&P 500®)»,Закрытый,Сформирован,643-RUB,4445972736.69,379.46,27777.0,11716669.03784
2026-05-29,3691,Закрытый паевой инвестиционный фонд рыночных финансовых инструментов «Альфа - Капитал Эс энд Пи 500 (S&P 500®)»,Закрытый,Сформирован,643-RUB,4237247011.25,361.64,27778.0,11716669.03784
2026-06-30,3691,Закрытый паевой инвестиционный фонд рыночных финансовых инструментов «Альфа - Капитал Эс энд Пи 500 (S&P 500®)»,Закрытый,Сформирован,643-RUB,4616880270.5,394.04,27781.0,11716669.03784
2026-07-31,3691,Закрытый паевой инвестиционный фонд рыночных финансовых инструментов «Альфа - Капитал Эс энд Пи 500 (S&P 500®)»,Закрытый,Сформирован,643-RUB,4741993174.35,404.72,27780.0,11716669.03784
2026-01-30,3692,Закрытый паевой инвестиционный фонд рыночных финансовых инструментов «Первая – Фонд Американские акции»,Закрытый,Сформирован,643-RUB,3275683532.33,970.72,101715.0,3374497.44895
2026-02-27,3692,Закрытый паевой инвестиционный фонд рыночных финансовых инструментов «Первая – Фонд Американские акции»,Закрытый,Сформирован,643-RUB,3315053245.0,982.38,101931.0,3374497.44895
2026-03-31,3692,Закрытый паевой инвестиционный фонд рыночных финансовых инструментов «Первая – Фонд Американские акции»,Закрытый,Сформирован,643-RUB,3150784904.7,933.7,101939.0,3374497.448949999
2026-04-30,3692,Закрытый паевой инвестиционный фонд рыночных финансовых инструментов «Первая – Фонд Американские акции»,Закрытый,Сформирован,643-RUB,2911125694.7,862.68,101953.0,3374497.44895
2026-05-29,3692,Закрытый паевой инвестиционный фонд рыночных финансовых инструментов «Первая – Фонд Американские акции»,Закрытый,Сформирован,643-RUB,2782569169.03,824.59,101968.0,3374497.44895
2026-06-30,3692,Закрытый паевой инвестиционный фонд рыночных финансовых инструментов «Первая – Фонд Американские акции»,Закрытый,Сформирован,643-RUB,3007919531.45,891.37,101978.0,3374497.44895
2026-07-31,3692,Закрытый паевой инвестиционный фонд рыночных финансовых инструментов «Первая – Фонд Американские акции»,Закрытый,Сформирован,643-RUB,3029089722.0,897.64,101974.0,3374497.44895
2026-01-30,3711,Закрытый паевой инвестиционный фонд недвижимости «КьюБиЭф Развитие регионов 2»,Закрытый,В стадии прекращения,643-RUB,36722015.58,262218.94,,
2026-02-27,3711,Закрытый паевой инвестиционный фонд недвижимости «КьюБиЭф Развитие регионов 2»,Закрытый,В стадии прекращения,643-RUB,36666429.36,261822.01,,
2026-03-31,3711,Закрытый паевой инвестиционный фонд недвижимости «КьюБиЭф Развитие регионов 2»,Закрытый,В стадии прекращения,643-RUB,36602066.36,261362.42,,
2026-04-30,3711,Закрытый паевой инвестиционный фонд недвижимости «КьюБиЭф Развитие регионов 2»,Закрытый,В стадии прекращения,643-RUB,36602066.36,261362.42,0.0,0.0
2026-05-29,3711,Закрытый паевой инвестиционный фонд недвижимости «КьюБиЭф Развитие регионов 2»,Закрытый,В стадии прекращения,643-RUB,36478792.97,260482.17,,
2026-06-30,3711,Закрытый паевой инвестиционный фонд недвижимости «КьюБиЭф Развитие регионов 2»,Закрытый,В стадии прекращения,643-RUB,36415262.68,260028.52,,
2026-07-31,3711,Закрытый паевой инвестиционный фонд недвижимости «КьюБиЭф Развитие регионов 2»,Закрытый,В стадии прекращения,643-RUB,36348419.77,259551.22,,
2026-01-30,3720,Открытый паевой инвестиционный фонд рыночных финансовых инструментов «Лалэ - Исламские инвестиции»,Открытый,Сформирован,643-RUB,53773564.19,1210.37,211.0,44427.35915
2026-02-27,3720,Открытый паевой инвестиционный фонд рыночных финансовых инструментов «Лалэ - Исламские инвестиции»,Открытый,Сформирован,643-RUB,53525797.91,1193.63,430.0,89685.62181999997
2026-03-31,3720,Открытый паевой инвестиционный фонд рыночных финансовых инструментов «Лалэ - Исламские инвестиции»,Открытый,Сформирован,643-RUB,54421344.28,1219.03,212.0,44643.33407
2026-04-30,3720,Открытый паевой инвестиционный фонд рыночных финансовых инструментов «Лалэ - Исламские инвестиции»,Открытый,Сформирован,643-RUB,51002225.54,1169.87,211.0,43596.529180000005
2026-05-29,3720,Открытый паевой инвестиционный фонд рыночных финансовых инструментов «Лалэ - Исламские инвестиции»,Открытый,Сформирован,643-RUB,48829167.42,1121.27,210.0,43548.23694000001
2026-06-30,3720,Открытый паевой инвестиционный фонд рыночных финансовых инструментов «Лалэ - Исламские инвестиции»,Открытый,Сформирован,643-RUB,43067393.71,995.81,207.0,43248.771960000005
2026-07-31,3720,Открытый паевой инвестиционный фонд рыночных финансовых инструментов «Лалэ - Исламские инвестиции»,Открытый,Сформирован,643-RUB,45224411.6,1041.17,209.0,43435.97178
2026-01-30,3723,закрытый паевой инвестиционный фонд рыночных финансовых инструментов «Доверительная – фонд Биотехнологии»,Закрытый,Сформирован,643-RUB,21681775.29,47.13,1382.0,459999.39786000026
2026-02-27,3723,закрытый паевой инвестиционный фонд рыночных финансовых инструментов «Доверительная – фонд Биотехнологии»,Закрытый,Сформирован,643-RUB,21938857.82,47.69,1383.0,459999.3978600003
2026-03-31,3723,закрытый паевой инвестиционный фонд рыночных финансовых инструментов «Доверительная – фонд Биотехнологии»,Закрытый,Сформирован,643-RUB,22925245.72,49.84,1386.0,459999.39786000014
2026-04-30,3723,закрытый паевой инвестиционный фонд рыночных финансовых инструментов «Доверительная – фонд Биотехнологии»,Закрытый,Сформирован,643-RUB,21438952.36,46.61,1387.0,459999.3978600001
2026-05-29,3723,закрытый паевой инвестиционный фонд рыночных финансовых инструментов «Доверительная – фонд Биотехнологии»,Закрытый,Сформирован,643-RUB,20515333.56,44.6,1387.0,459999.39786000026
2026-06-30,3723,закрытый паевой инвестиционный фонд рыночных финансовых инструментов «Доверительная – фонд Биотехнологии»,Закрытый,Сформирован,643-RUB,20174053.06,43.86,1388.0,459999.39786
2026-07-31,3723,закрытый паевой инвестиционный фонд рыночных финансовых инструментов «Доверительная – фонд Биотехнологии»,Закрытый,Сформирован,643-RUB,20050538.72,43.59,1388.0,459999.39786
2026-01-30,3735,Закрытый паевой инвестиционный фонд рыночных финансовых инструментов «РСХБ – Фонд Акций американских компаний»,Закрытый,Сформирован,643-RUB,1292455914.86,38.86,89998.0,33258790.75499
2026-02-27,3735,Закрытый паевой инвестиционный фонд рыночных финансовых инструментов «РСХБ – Фонд Акций американских компаний»,Закрытый,Сформирован,643-RUB,1310972847.82,39.42,90219.0,33258790.754989997
2026-03-31,3735,Закрытый паевой инвестиционный фонд рыночных финансовых инструментов «РСХБ – Фонд Акций американских компаний»,Закрытый,Сформирован,643-RUB,1381637239.56,41.54,90168.0,33258790.754989997
2026-04-30,3735,Закрытый паевой инвестиционный фонд рыночных финансовых инструментов «РСХБ – Фонд Акций американских компаний»,Закрытый,Сформирован,643-RUB,1272880745.28,38.27,90177.0,33258790.754990004
2026-05-29,3735,Закрытый паевой инвестиционный фонд рыночных финансовых инструментов «РСХБ – Фонд Акций американских компаний»,Закрытый,Сформирован,643-RUB,1487290185.33,44.72,90184.0,33258790.754990004
2026-06-30,3735,Закрытый паевой инвестиционный фонд рыночных финансовых инструментов «РСХБ – Фонд Акций американских компаний»,Закрытый,Сформирован,643-RUB,1619857791.23,48.7,90187.0,33258790.75499
2026-07-31,3735,Закрытый паевой инвестиционный фонд рыночных финансовых инструментов «РСХБ – Фонд Акций американских компаний»,Закрытый,Сформирован,643-RUB,1663503517.36,50.02,90187.0,33258790.75499
2026-01-30,3754,Закрытый паевой инвестиционный фонд рыночных финансовых инструментов «РСХБ – Фонд «Американский корпоративный долг»,Закрытый,Сформирован,643-RUB,248375614.87,19.52,46932.0,12723946.984349998
2026-02-27,3754,Закрытый паевой инвестиционный фонд рыночных финансовых инструментов «РСХБ – Фонд «Американский корпоративный долг»,Закрытый,Сформирован,643-RUB,251892824.98,19.8,47001.0,12723946.98435
2026-03-31,3754,Закрытый паевой инвестиционный фонд рыночных финансовых инструментов «РСХБ – Фонд «Американский корпоративный долг»,Закрытый,Сформирован,643-RUB,265444182.54,20.86,46990.0,12723946.984349996
2026-04-30,3754,Закрытый паевой инвестиционный фонд рыночных финансовых инструментов «РСХБ – Фонд «Американский корпоративный долг»,Закрытый,Сформирован,643-RUB,244566584.51,19.22,46995.0,12723946.984349998
2026-05-29,3754,Закрытый паевой инвестиционный фонд рыночных финансовых инструментов «РСХБ – Фонд «Американский корпоративный долг»,Закрытый,Сформирован,643-RUB,273166386.86,21.47,46999.0,12723946.984349998
2026-06-30,3754,Закрытый паевой инвестиционный фонд рыночных финансовых инструментов «РСХБ – Фонд «Американский корпоративный долг»,Закрытый,Сформирован,643-RUB,297477671.24,23.38,46993.0,12723946.98435
2026-07-31,3754,Закрытый паевой инвестиционный фонд рыночных финансовых инструментов «РСХБ – Фонд «Американский корпоративный долг»,Закрытый,Сформирован,643-RUB,305477538.93,24.01,46990.0,12723946.98435
2026-01-30,3755,Закрытый паевой инвестиционный фонд рыночных финансовых инструментов «РСХБ – Фонд развивающихся стран»,Закрытый,Сформирован,643-RUB,795684243.11,24.73,121396.0,32180755.88819
2026-02-27,3755,Закрытый паевой инвестиционный фонд рыночных финансовых инструментов «РСХБ – Фонд развивающихся стран»,Закрытый,Сформирован,643-RUB,807142924.71,25.08,121803.0,32180755.88819001
2026-03-31,3755,Закрытый паевой инвестиционный фонд рыночных финансовых инструментов «РСХБ – Фонд развивающихся стран»,Закрытый,Сформирован,643-RUB,851052775.04,26.45,121717.0,32180755.88819001
2026-04-30,3755,Закрытый паевой инвестиционный фонд рыночных финансовых инструментов «РСХБ – Фонд развивающихся стран»,Закрытый,Сформирован,643-RUB,783391990.04,24.34,121720.0,32180755.888190005
2026-05-29,3755,Закрытый паевой инвестиционный фонд рыночных финансовых инструментов «РСХБ – Фонд развивающихся стран»,Закрытый,Сформирован,643-RUB,997275796.06,30.99,121731.0,32180755.88819001
2026-06-30,3755,Закрытый паевой инвестиционный фонд рыночных финансовых инструментов «РСХБ – Фонд развивающихся стран»,Закрытый,Сформирован,643-RUB,1086886891.96,33.77,121730.0,32180755.88819001
2026-07-31,3755,Закрытый паевой инвестиционный фонд рыночных финансовых инструментов «РСХБ – Фонд развивающихся стран»,Закрытый,Сформирован,643-RUB,1116369049.6,34.69,121723.0,32180755.88819
2026-01-30,3757,Закрытый паевой инвестиционный фонд недвижимости «Енисей»,Закрытый,Сформирован,643-RUB,2147637409.28,318325.7,1.0,6746.66666
2026-02-27,3757,Закрытый паевой инвестиционный фонд недвижимости «Енисей»,Закрытый,Сформирован,643-RUB,2169699390.01,321595.76,1.0,6746.66666
2026-03-31,3757,Закрытый паевой инвестиционный фонд недвижимости «Енисей»,Закрытый,Сформирован,643-RUB,2125131765.91,314989.89,1.0,6746.66666
2026-04-30,3757,Закрытый паевой инвестиционный фонд недвижимости «Енисей»,Закрытый,Сформирован,643-RUB,2149263526.89,318566.73,1.0,6746.66666
2026-05-29,3757,Закрытый паевой инвестиционный фонд недвижимости «Енисей»,Закрытый,Сформирован,643-RUB,2173960021.33,322227.28,1.0,6746.66666
2026-06-30,3757,Закрытый паевой инвестиционный фонд недвижимости «Енисей»,Закрытый,Сформирован,643-RUB,2147451359.48,318298.13,1.0,6746.66666
2026-07-31,3757,Закрытый паевой инвестиционный фонд недвижимости «Енисей»,Закрытый,Сформирован,643-RUB,2169153353.3,321514.83,1.0,6746.66666
2026-01-30,3773,Закрытый паевой инвестиционный фонд недвижимости «Активо одиннадцать»,Закрытый,Сформирован,643-RUB,583215571.57,306955.56,200.0,1900.0
2026-02-27,3773,Закрытый паевой инвестиционный фонд недвижимости «Активо одиннадцать»,Закрытый,Сформирован,643-RUB,582003808.18,306317.79,201.0,1900.0
2026-03-31,3773,Закрытый паевой инвестиционный фонд недвижимости «Активо одиннадцать»,Закрытый,Сформирован,643-RUB,581415087.21,306007.94,202.0,1900.0
2026-04-30,3773,Закрытый паевой инвестиционный фонд недвижимости «Активо одиннадцать»,Закрытый,Сформирован,643-RUB,579892461.46,305206.56,203.0,1900.0
2026-05-29,3773,Закрытый паевой инвестиционный фонд недвижимости «Активо одиннадцать»,Закрытый,Сформирован,643-RUB,580362333.85,305453.86,203.0,1900.0
2026-06-30,3773,Закрытый паевой инвестиционный фонд недвижимости «Активо одиннадцать»,Закрытый,Сформирован,643-RUB,578455100.55,304450.05,203.0,1900.0
2026-07-31,3773,Закрытый паевой инвестиционный фонд недвижимости «Активо одиннадцать»,Закрытый,Сформирован,643-RUB,577304656.06,303844.56,203.0,1900.0
2026-01-30,3782,Закрытый паевой инвестиционный фонд рыночных финансовых инструментов «ВЕЛЕС - Системный»,Закрытый,Сформирован,643-RUB,20169916.74,2245.04,46.0,8984.225639999999
2026-02-27,3782,Закрытый паевой инвестиционный фонд рыночных финансовых инструментов «ВЕЛЕС - Системный»,Закрытый,Сформирован,643-RUB,20308801.79,2260.5,47.0,8984.22564
2026-03-31,3782,Закрытый паевой инвестиционный фонд рыночных финансовых инструментов «ВЕЛЕС - Системный»,Закрытый,Сформирован,643-RUB,20525196.99,2284.58,47.0,8984.225639999997
2026-04-30,3782,Закрытый паевой инвестиционный фонд рыночных финансовых инструментов «ВЕЛЕС - Системный»,Закрытый,Сформирован,643-RUB,17599447.32,1958.93,47.0,8984.225639999999
2026-05-29,3782,Закрытый паевой инвестиционный фонд рыночных финансовых инструментов «ВЕЛЕС - Системный»,Закрытый,Сформирован,643-RUB,13512790.15,1504.06,47.0,8984.22564
2026-06-30,3782,Закрытый паевой инвестиционный фонд рыночных финансовых инструментов «ВЕЛЕС - Системный»,Закрытый,Сформирован,643-RUB,13630950.67,1517.21,47.0,8984.22564
2026-07-31,3782,Закрытый паевой инвестиционный фонд рыночных финансовых инструментов «ВЕЛЕС - Системный»,Закрытый,Сформирован,643-RUB,13752646.99,1530.75,47.0,8984.22564
2026-01-30,3785,Биржевой паевой инвестиционный фонд рыночных финансовых инструментов «Первая - Фонд Корпоративные облигации»,Биржевой,Сформирован,643-RUB,10376831211.11,17.69,84476.0,586693734.0
2026-02-27,3785,Биржевой паевой инвестиционный фонд рыночных финансовых инструментов «Первая - Фонд Корпоративные облигации»,Биржевой,Сформирован,643-RUB,12890176388.33,17.95,90453.0,718010771.0
2026-03-31,3785,Биржевой паевой инвестиционный фонд рыночных финансовых инструментов «Первая - Фонд Корпоративные облигации»,Биржевой,Сформирован,643-RUB,26514759863.03,18.3,104680.0,1448673375.0
2026-04-30,3785,Биржевой паевой инвестиционный фонд рыночных финансовых инструментов «Первая - Фонд Корпоративные облигации»,Биржевой,Сформирован,643-RUB,55012445710.63,18.61,122904.0,2955870395.0
2026-05-29,3785,Биржевой паевой инвестиционный фонд рыночных финансовых инструментов «Первая - Фонд Корпоративные облигации»,Биржевой,Сформирован,643-RUB,89684743028.24,18.83,139873.0,4763814238.0
2026-06-30,3785,Биржевой паевой инвестиционный фонд рыночных финансовых инструментов «Первая - Фонд Корпоративные облигации»,Биржевой,Сформирован,643-RUB,74547884573.5,18.81,140478.0,3964077116.0
2026-07-31,3785,Биржевой паевой инвестиционный фонд рыночных финансовых инструментов «Первая - Фонд Корпоративные облигации»,Биржевой,Сформирован,643-RUB,45901571034.34,18.94,137804.0,2424077116.0
2026-01-30,3802,Закрытый паевой инвестиционный фонд рыночных финансовых инструментов «Индустрии будущего»,Закрытый,Сформирован,840-USD,34998.91,3.25,136.0,10771.23119
2026-02-27,3802,Закрытый паевой инвестиционный фонд рыночных финансовых инструментов «Индустрии будущего»,Закрытый,Сформирован,840-USD,34978.88,3.25,136.0,10771.23119
2026-03-31,3802,Закрытый паевой инвестиционный фонд рыночных финансовых инструментов «Индустрии будущего»,Закрытый,Сформирован,840-USD,34907.6,3.24,136.0,10771.23119
2026-04-30,3802,Закрытый паевой инвестиционный фонд рыночных финансовых инструментов «Индустрии будущего»,Закрытый,Сформирован,840-USD,35020.42,3.25,136.0,10771.23119
2026-05-29,3802,Закрытый паевой инвестиционный фонд рыночных финансовых инструментов «Индустрии будущего»,Закрытый,Сформирован,840-USD,35090.73,3.26,136.0,10771.23119
2026-06-30,3802,Закрытый паевой инвестиционный фонд рыночных финансовых инструментов «Индустрии будущего»,Закрытый,Сформирован,840-USD,34967.6,3.25,136.0,10771.23119
2026-07-31,3802,Закрытый паевой инвестиционный фонд рыночных финансовых инструментов «Индустрии будущего»,Закрытый,Сформирован,840-USD,34931.31,3.24,136.0,10771.23119
2026-01-30,3805,Закрытый паевой инвестиционный фонд рыночных финансовых инструментов «ЕВРОПА 600»,Закрытый,Сформирован,643-RUB,2747855946.57,455.72,24340.0,5950869.63268
2026-02-27,3805,Закрытый паевой инвестиционный фонд рыночных финансовых инструментов «ЕВРОПА 600»,Закрытый,Сформирован,643-RUB,2003845453.64,332.33,24376.0,6029713.63268
2026-03-31,3805,Закрытый паевой инвестиционный фонд рыночных финансовых инструментов «ЕВРОПА 600»,Закрытый,Сформирован,643-RUB,2057004064.72,341.14,24341.0,5950973.63268
2026-04-30,3805,Закрытый паевой инвестиционный фонд рыночных финансовых инструментов «ЕВРОПА 600»,Закрытый,Сформирован,643-RUB,1932100748.96,320.43,24341.0,5950973.63268
2026-05-29,3805,Закрытый паевой инвестиционный фонд рыночных финансовых инструментов «ЕВРОПА 600»,Закрытый,Сформирован,643-RUB,1841886913.75,305.47,24341.0,5950973.63268
2026-06-30,3805,Закрытый паевой инвестиционный фонд рыночных финансовых инструментов «ЕВРОПА 600»,Закрытый,Сформирован,643-RUB,1951302553.8,323.61,24341.0,5950973.63268
2026-07-31,3805,Закрытый паевой инвестиционный фонд рыночных финансовых инструментов «ЕВРОПА 600»,Закрытый,Сформирован,643-RUB,2000524143.88,331.78,24341.0,5950973.63268
2026-01-30,3819,Закрытый паевой инвестиционный фонд недвижимости «Гарантия»,Закрытый,Сформирован,643-RUB,100575980.84,361878.44,2.0,277.92753
2026-02-27,3819,Закрытый паевой инвестиционный фонд недвижимости «Гарантия»,Закрытый,Сформирован,643-RUB,100266689.36,360765.59,2.0,277.92753
2026-03-31,3819,Закрытый паевой инвестиционный фонд недвижимости «Гарантия»,Закрытый,Сформирован,643-RUB,99244689.24,357088.37,2.0,277.92753
2026-04-30,3819,Закрытый паевой инвестиционный фонд недвижимости «Гарантия»,Закрытый,Сформирован,643-RUB,98800656.48,355490.72,2.0,277.92753
2026-05-29,3819,Закрытый паевой инвестиционный фонд недвижимости «Гарантия»,Закрытый,Сформирован,643-RUB,98452858.3,354239.32,2.0,277.92753
2026-06-30,3819,Закрытый паевой инвестиционный фонд недвижимости «Гарантия»,Закрытый,Сформирован,643-RUB,97127037.43,349468.93,2.0,277.92753
2026-07-31,3819,Закрытый паевой инвестиционный фонд недвижимости «Гарантия»,Закрытый,Сформирован,643-RUB,106249502.99,382292.11,2.0,277.92753
2026-01-30,3851,Закрытый паевой инвестиционный фонд недвижимости «Георгиевский»,Закрытый,Сформирован,643-RUB,39086681.67,315957.57,4.0,123.70864
2026-02-27,3851,Закрытый паевой инвестиционный фонд недвижимости «Георгиевский»,Закрытый,Сформирован,643-RUB,37508721.18,303202.11,4.0,123.70864
2026-03-31,3851,Закрытый паевой инвестиционный фонд недвижимости «Георгиевский»,Закрытый,Сформирован,643-RUB,37063161.81,299600.43,4.0,123.70864
2026-04-30,3851,Закрытый паевой инвестиционный фонд недвижимости «Георгиевский»,Закрытый,Сформирован,643-RUB,36795221.44,297434.53,4.0,123.70864
2026-05-29,3851,Закрытый паевой инвестиционный фонд недвижимости «Георгиевский»,Закрытый,Сформирован,643-RUB,36560238.53,295535.05,4.0,123.70864
2026-06-30,3851,Закрытый паевой инвестиционный фонд недвижимости «Георгиевский»,Закрытый,Сформирован,643-RUB,36152865.59,292242.04,4.0,123.70864
2026-07-31,3851,Закрытый паевой инвестиционный фонд недвижимости «Георгиевский»,Закрытый,Сформирован,643-RUB,35862824.36,289897.49,4.0,123.70864
2026-01-30,3858,Закрытый паевой инвестиционный фонд рыночных финансовых инструментов «Лидеры технологий»,Закрытый,Сформирован,840-USD,1888.61,0.03,1815.0,64268.9626
2026-02-27,3858,Закрытый паевой инвестиционный фонд рыночных финансовых инструментов «Лидеры технологий»,Закрытый,Сформирован,840-USD,1881.86,0.03,1815.0,64268.9626
2026-03-31,3858,Закрытый паевой инвестиционный фонд рыночных финансовых инструментов «Лидеры технологий»,Закрытый,Сформирован,840-USD,1857.83,0.03,1815.0,64268.9626
2026-04-30,3858,Закрытый паевой инвестиционный фонд рыночных финансовых инструментов «Лидеры технологий»,Закрытый,Сформирован,840-USD,1895.88,0.03,1815.0,64268.9626
2026-05-29,3858,Закрытый паевой инвестиционный фонд рыночных финансовых инструментов «Лидеры технологий»,Закрытый,Сформирован,840-USD,1919.58,0.03,1815.0,64268.9626
2026-06-30,3858,Закрытый паевой инвестиционный фонд рыночных финансовых инструментов «Лидеры технологий»,Закрытый,Сформирован,840-USD,1878.05,0.03,1815.0,64268.9626
2026-07-31,3858,Закрытый паевой инвестиционный фонд рыночных финансовых инструментов «Лидеры технологий»,Закрытый,Сформирован,840-USD,1865.83,0.03,1815.0,64268.9626
2026-01-30,3863,Открытый паевой инвестиционный фонд рыночных финансовых инструментов «Лидар»,Открытый,Сформирован,643-RUB,283355713.47,767.28,495.0,369301.02482
2026-02-27,3863,Открытый паевой инвестиционный фонд рыночных финансовых инструментов «Лидар»,Открытый,Сформирован,643-RUB,289788822.89,774.92,512.0,373961.7393599999
2026-03-31,3863,Открытый паевой инвестиционный фонд рыночных финансовых инструментов «Лидар»,Открытый,Сформирован,643-RUB,287695688.11,757.01,509.0,380041.37432
2026-04-30,3863,Открытый паевой инвестиционный фонд рыночных финансовых инструментов «Лидар»,Открытый,Сформирован,643-RUB,281324805.52,740.18,504.0,380076.11456
2026-05-29,3863,Открытый паевой инвестиционный фонд рыночных финансовых инструментов «Лидар»,Открытый,Сформирован,643-RUB,274879041.85,733.1,494.0,374952.11997
2026-06-30,3863,Открытый паевой инвестиционный фонд рыночных финансовых инструментов «Лидар»,Открытый,Сформирован,643-RUB,261043672.93,711.18,481.0,367055.09139
2026-07-31,3863,Открытый паевой инвестиционный фонд рыночных финансовых инструментов «Лидар»,Открытый,Сформирован,643-RUB,255851654.49,713.71,469.0,358481.24958
2026-01-30,3891,Закрытый паевой инвестиционный фонд недвижимости «РД»,Закрытый,Сформирован,643-RUB,9049622850.2,143532.43,4127.0,63049.32630000001
2026-02-27,3891,Закрытый паевой инвестиционный фонд недвижимости «РД»,Закрытый,Сформирован,643-RUB,9634953505.37,152816.12,4177.0,63049.32630000004
2026-03-31,3891,Закрытый паевой инвестиционный фонд недвижимости «РД»,Закрытый,Сформирован,643-RUB,9443667808.77,149782.22,4259.0,63049.32630000004
2026-04-30,3891,Закрытый паевой инвестиционный фонд недвижимости «РД»,Закрытый,Сформирован,643-RUB,9516686740.25,150940.34,4231.0,63049.326300000015
2026-05-29,3891,Закрытый паевой инвестиционный фонд недвижимости «РД»,Закрытый,Сформирован,643-RUB,9595191407.84,152185.47,4252.0,63049.32630000002
2026-06-30,3891,Закрытый паевой инвестиционный фонд недвижимости «РД»,Закрытый,Сформирован,643-RUB,9398105556.46,149059.57,4266.0,63049.3263
2026-07-31,3891,Закрытый паевой инвестиционный фонд недвижимости «РД»,Закрытый,Сформирован,643-RUB,9603151980.56,152311.73,4280.0,63049.3263
2026-01-30,3898,Биржевой паевой инвестиционный фонд рыночных финансовых инструментов «Т-Капитал – Стратегия вечного портфеля Д»,Биржевой,Сформирован,840-USD,18366860.38,0.0868,244932.0,211633296.0
2026-02-27,3898,Биржевой паевой инвестиционный фонд рыночных финансовых инструментов «Т-Капитал – Стратегия вечного портфеля Д»,Биржевой,Сформирован,840-USD,18286530.0,0.0868,242580.0,210721296.0
2026-03-31,3898,Биржевой паевой инвестиционный фонд рыночных финансовых инструментов «Т-Капитал – Стратегия вечного портфеля Д»,Биржевой,Сформирован,840-USD,17208090.41,0.0836,239711.0,205921296.0
2026-04-30,3898,Биржевой паевой инвестиционный фонд рыночных финансовых инструментов «Т-Капитал – Стратегия вечного портфеля Д»,Биржевой,Сформирован,840-USD,18626124.75,0.0916,237203.0,203431296.0
2026-05-29,3898,Биржевой паевой инвестиционный фонд рыночных финансовых инструментов «Т-Капитал – Стратегия вечного портфеля Д»,Биржевой,Сформирован,840-USD,19434756.83,0.097,234962.0,200441296.0
2026-06-30,3898,Биржевой паевой инвестиционный фонд рыночных финансовых инструментов «Т-Капитал – Стратегия вечного портфеля Д»,Биржевой,Сформирован,840-USD,17733229.78,0.09,232593.0,197051296.0
2026-07-31,3898,Биржевой паевой инвестиционный фонд рыночных финансовых инструментов «Т-Капитал – Стратегия вечного портфеля Д»,Биржевой,Сформирован,840-USD,17193377.3,0.0886,230084.0,194022296.0
2026-01-30,3899,Биржевой паевой инвестиционный фонд рыночных финансовых инструментов «Т-Капитал – Стратегия вечного портфеля Е»,Биржевой,Сформирован,978-EUR,7138481.77,0.0698,111960.0,102205982.0
2026-02-27,3899,Биржевой паевой инвестиционный фонд рыночных финансовых инструментов «Т-Капитал – Стратегия вечного портфеля Е»,Биржевой,Сформирован,978-EUR,7201371.42,0.0707,111009.0,101916982.0
2026-03-31,3899,Биржевой паевой инвестиционный фонд рыночных финансовых инструментов «Т-Капитал – Стратегия вечного портфеля Е»,Биржевой,Сформирован,978-EUR,7007403.2,0.07,109891.0,100066982.0
2026-04-30,3899,Биржевой паевой инвестиционный фонд рыночных финансовых инструментов «Т-Капитал – Стратегия вечного портфеля Е»,Биржевой,Сформирован,978-EUR,7468403.27,0.0752,108811.0,99281982.0
2026-05-29,3899,Биржевой паевой инвестиционный фонд рыночных финансовых инструментов «Т-Капитал – Стратегия вечного портфеля Е»,Биржевой,Сформирован,978-EUR,7856480.58,0.0796,107841.0,98654982.0
2026-06-30,3899,Биржевой паевой инвестиционный фонд рыночных финансовых инструментов «Т-Капитал – Стратегия вечного портфеля Е»,Биржевой,Сформирован,978-EUR,7366767.56,0.076,106789.0,96904982.0
2026-07-31,3899,Биржевой паевой инвестиционный фонд рыночных финансовых инструментов «Т-Капитал – Стратегия вечного портфеля Е»,Биржевой,Сформирован,978-EUR,7160098.98,0.075,105655.0,95471982.0
2026-01-30,3900,Биржевой паевой инвестиционный фонд рыночных финансовых инструментов «Т-Капитал – Стратегия вечного портфеля в рублях»,Биржевой,Сформирован,643-RUB,19527069312.32,10.2677,2546777.0,1901796894.88856
2026-02-27,3900,Биржевой паевой инвестиционный фонд рыночных финансовых инструментов «Т-Капитал – Стратегия вечного портфеля в рублях»,Биржевой,Сформирован,643-RUB,20508813287.84,10.5074,2550044.0,1951837847.1666
2026-03-31,3900,Биржевой паевой инвестиционный фонд рыночных финансовых инструментов «Т-Капитал – Стратегия вечного портфеля в рублях»,Биржевой,Сформирован,643-RUB,20943966540.32,10.3309,2549079.0,2027306065.90904
2026-04-30,3900,Биржевой паевой инвестиционный фонд рыночных финансовых инструментов «Т-Капитал – Стратегия вечного портфеля в рублях»,Биржевой,Сформирован,643-RUB,20371312821.96,10.0949,2531158.0,2017983395.68155
2026-05-29,3900,Биржевой паевой инвестиционный фонд рыночных финансовых инструментов «Т-Капитал – Стратегия вечного портфеля в рублях»,Биржевой,Сформирован,643-RUB,19481823218.81,9.9029,2516000.0,1967293395.68155
2026-06-30,3900,Биржевой паевой инвестиционный фонд рыночных финансовых инструментов «Т-Капитал – Стратегия вечного портфеля в рублях»,Биржевой,Сформирован,643-RUB,18006157073.91,9.5377,2500227.0,1887893395.68155
2026-07-31,3900,Биржевой паевой инвестиционный фонд рыночных финансовых инструментов «Т-Капитал – Стратегия вечного портфеля в рублях»,Биржевой,Сформирован,643-RUB,17655946239.07,9.6397,2479287.0,1831593395.68155
2026-01-30,3902,Открытый паевой инвестиционный фонд рыночных финансовых инструментов «Первый»,Открытый,Сформирован,643-RUB,76218059.77,9808.51,48.0,7770.60866
2026-02-27,3902,Открытый паевой инвестиционный фонд рыночных финансовых инструментов «Первый»,Открытый,Сформирован,643-RUB,75981392.85,9778.05,48.0,7770.60866
2026-03-31,3902,Открытый паевой инвестиционный фонд рыночных финансовых инструментов «Первый»,Открытый,Сформирован,643-RUB,75969248.4,9776.49,48.0,7770.60866
2026-04-30,3902,Открытый паевой инвестиционный фонд рыночных финансовых инструментов «Первый»,Открытый,Сформирован,643-RUB,72841736.63,9374.01,48.0,7770.60866
2026-05-29,3902,Открытый паевой инвестиционный фонд рыночных финансовых инструментов «Первый»,Открытый,Сформирован,643-RUB,71808021.84,9240.98,48.0,7770.60866
2026-06-30,3902,Открытый паевой инвестиционный фонд рыночных финансовых инструментов «Первый»,Открытый,Сформирован,643-RUB,65411206.78,8417.77,48.0,7770.60866
2026-07-31,3902,Открытый паевой инвестиционный фонд рыночных финансовых инструментов «Первый»,Открытый,Сформирован,643-RUB,66627505.22,8574.3,48.0,7770.60866
2026-01-30,3906,Биржевой паевой инвестиционный фонд рыночных финансовых инструментов «РСХБ – Корпоративные облигации смарт бета»,Биржевой,Сформирован,643-RUB,548520284.17,121.02,15716.0,4532611.98627
2026-02-27,3906,Биржевой паевой инвестиционный фонд рыночных финансовых инструментов «РСХБ – Корпоративные облигации смарт бета»,Биржевой,Сформирован,643-RUB,552124856.98,121.81,15594.0,4532611.98627
2026-03-31,3906,Биржевой паевой инвестиционный фонд рыночных финансовых инструментов «РСХБ – Корпоративные облигации смарт бета»,Биржевой,Сформирован,643-RUB,577946984.04,127.51,15432.0,4532611.98627
2026-04-30,3906,Биржевой паевой инвестиционный фонд рыночных финансовых инструментов «РСХБ – Корпоративные облигации смарт бета»,Биржевой,Сформирован,643-RUB,547598570.27,120.81,15324.0,4532611.98627
2026-05-29,3906,Биржевой паевой инвестиционный фонд рыночных финансовых инструментов «РСХБ – Корпоративные облигации смарт бета»,Биржевой,Сформирован,643-RUB,528752395.25,116.66,15212.0,4532611.98627
2026-06-30,3906,Биржевой паевой инвестиционный фонд рыночных финансовых инструментов «РСХБ – Корпоративные облигации смарт бета»,Биржевой,Сформирован,643-RUB,575161938.58,126.89,15042.0,4532611.98627
2026-07-31,3906,Биржевой паевой инвестиционный фонд рыночных финансовых инструментов «РСХБ – Корпоративные облигации смарт бета»,Биржевой,Сформирован,643-RUB,578627739.38,127.66,14894.0,4532611.98627
2026-01-30,3915,Биржевой паевой инвестиционный фонд рыночных финансовых инструментов «Ликвидность»,Биржевой,Сформирован,643-RUB,540591865902.03,1.9081513,1033956.0,283306599026.565
2026-02-27,3915,Биржевой паевой инвестиционный фонд рыночных финансовых инструментов «Ликвидность»,Биржевой,Сформирован,643-RUB,567933195305.32,1.9304844,1081465.0,294192070862.89404
2026-03-31,3915,Биржевой паевой инвестиционный фонд рыночных финансовых инструментов «Ликвидность»,Биржевой,Сформирован,643-RUB,589306294438.58,1.9556193,1104230.0,301320127250.1353
2026-04-30,3915,Биржевой паевой инвестиционный фонд рыночных финансовых инструментов «Ликвидность»,Биржевой,Сформирован,643-RUB,630697999659.32,1.9787572,1130673.0,318732413217.9298
2026-05-29,3915,Биржевой паевой инвестиционный фонд рыночных финансовых инструментов «Ликвидность»,Биржевой,Сформирован,643-RUB,654731844960.36,2.0007309,1139224.0,327241836330.91223
2026-06-30,3915,Биржевой паевой инвестиционный фонд рыночных финансовых инструментов «Ликвидность»,Биржевой,Сформирован,643-RUB,675650083573.51,2.0250253,1143529.0,333645694659.0207
2026-07-31,3915,Биржевой паевой инвестиционный фонд рыночных финансовых инструментов «Ликвидность»,Биржевой,Сформирован,643-RUB,719358010951.87,2.0493969,1155630.0,351009611104.492
2026-01-30,3936,Закрытый паевой инвестиционный фонд недвижимости «Альфа-Капитал Арендный поток»,Закрытый,В стадии прекращения,643-RUB,1410416307.85,331406.59,788.0,4255.84875
2026-02-27,3936,Закрытый паевой инвестиционный фонд недвижимости «Альфа-Капитал Арендный поток»,Закрытый,В стадии прекращения,643-RUB,1422615384.77,334273.01,788.0,4255.848749999999
2026-03-31,3936,Закрытый паевой инвестиционный фонд недвижимости «Альфа-Капитал Арендный поток»,Закрытый,В стадии прекращения,643-RUB,1355594237.73,318525.0,787.0,4252.515420000001
2026-04-30,3936,Закрытый паевой инвестиционный фонд недвижимости «Альфа-Капитал Арендный поток»,Закрытый,В стадии прекращения,643-RUB,1005464805.44,236254.83,787.0,4252.515420000001
2026-05-29,3936,Закрытый паевой инвестиционный фонд недвижимости «Альфа-Капитал Арендный поток»,Закрытый,В стадии прекращения,643-RUB,1017749390.56,239141.34,787.0,4252.51542
2026-06-30,3936,Закрытый паевой инвестиционный фонд недвижимости «Альфа-Капитал Арендный поток»,Закрытый,В стадии прекращения,643-RUB,37188612.68,239894.34,28.0,155.0208
2026-07-31,3936,Закрытый паевой инвестиционный фонд недвижимости «Альфа-Капитал Арендный поток»,Закрытый,В стадии прекращения,643-RUB,,0.0,,
2026-01-30,3964,Закрытый паевой инвестиционный фонд рыночных финансовых инструментов «Фонд первичных размещений»,Закрытый,Сформирован,840-USD,448723530.47,28.38,27727.0,15810185.48591
2026-02-27,3964,Закрытый паевой инвестиционный фонд рыночных финансовых инструментов «Фонд первичных размещений»,Закрытый,Сформирован,840-USD,450116125.86,28.47,27398.0,15810185.48591
2026-03-31,3964,Закрытый паевой инвестиционный фонд рыночных финансовых инструментов «Фонд первичных размещений»,Закрытый,Сформирован,840-USD,473567789.8,29.95,27005.0,15810185.48591
2026-04-30,3964,Закрытый паевой инвестиционный фонд рыночных финансовых инструментов «Фонд первичных размещений»,Закрытый,Сформирован,840-USD,492892917.53,31.18,26692.0,15810185.485909998
2026-05-29,3964,Закрытый паевой инвестиционный фонд рыночных финансовых инструментов «Фонд первичных размещений»,Закрытый,Сформирован,840-USD,483910839.52,30.61,26413.0,15810185.48591
2026-06-30,3964,Закрытый паевой инвестиционный фонд рыночных финансовых инструментов «Фонд первичных размещений»,Закрытый,Сформирован,840-USD,474026559.8,29.98,26119.0,15810185.485909998
2026-07-31,3964,Закрытый паевой инвестиционный фонд рыночных финансовых инструментов «Фонд первичных размещений»,Закрытый,Сформирован,840-USD,491318501.04,31.08,25864.0,15810185.48591
2026-01-30,3965,Биржевой паевой инвестиционный фонд рыночных финансовых инструментов «Индекс МосБиржи»,Биржевой,Сформирован,643-RUB,13642749993.84,144.12,130553.0,94663968.13068
2026-02-27,3965,Биржевой паевой инвестиционный фонд рыночных финансовых инструментов «Индекс МосБиржи»,Биржевой,Сформирован,643-RUB,13881149807.14,145.23,135976.0,95580569.36128
2026-03-31,3965,Биржевой паевой инвестиционный фонд рыночных финансовых инструментов «Индекс МосБиржи»,Биржевой,Сформирован,643-RUB,13738013552.67,143.73,145042.0,95579728.27083
2026-04-30,3965,Биржевой паевой инвестиционный фонд рыночных финансовых инструментов «Индекс МосБиржи»,Биржевой,Сформирован,643-RUB,13600875823.36,138.74,148655.0,98034195.95973
2026-05-29,3965,Биржевой паевой инвестиционный фонд рыночных финансовых инструментов «Индекс МосБиржи»,Биржевой,Сформирован,643-RUB,13257934750.34,134.73,152728.0,98403663.18799
2026-06-30,3965,Биржевой паевой инвестиционный фонд рыночных финансовых инструментов «Индекс МосБиржи»,Биржевой,Сформирован,643-RUB,12583889836.4,123.81,155174.0,101634769.92869
2026-07-31,3965,Биржевой паевой инвестиционный фонд рыночных финансовых инструментов «Индекс МосБиржи»,Биржевой,Сформирован,643-RUB,12708962812.23,122.13,155985.0,104062381.61731
2026-01-30,3983,Открытый паевой инвестиционный фонд рыночных финансовых инструментов «Сканер»,Открытый,Сформирован,643-RUB,1026252614.29,2080.7,366.0,493225.1955400001
2026-02-27,3983,Открытый паевой инвестиционный фонд рыночных финансовых инструментов «Сканер»,Открытый,Сформирован,643-RUB,987151391.43,2121.14,345.0,465388.03020000015
2026-03-31,3983,Открытый паевой инвестиционный фонд рыночных финансовых инструментов «Сканер»,Открытый,Сформирован,643-RUB,934199788.72,2161.23,332.0,432254.2760500001
2026-04-30,3983,Открытый паевой инвестиционный фонд рыночных финансовых инструментов «Сканер»,Открытый,Сформирован,643-RUB,875434390.14,2204.62,330.0,397091.5358200001
2026-05-29,3983,Открытый паевой инвестиционный фонд рыночных финансовых инструментов «Сканер»,Открытый,Сформирован,643-RUB,831886198.25,2220.39,327.0,374658.0202500001
2026-06-30,3983,Открытый паевой инвестиционный фонд рыночных финансовых инструментов «Сканер»,Открытый,Сформирован,643-RUB,571919428.82,2199.64,310.0,260006.50435
2026-07-31,3983,Открытый паевой инвестиционный фонд рыночных финансовых инструментов «Сканер»,Открытый,Сформирован,643-RUB,564625393.0,2240.77,285.0,251977.76973
2026-01-30,3999,Закрытый паевой инвестиционный фонд недвижимости «Активо двенадцать»,Закрытый,Сформирован,643-RUB,187130760.5,353076.91,143.0,530.0
2026-02-27,3999,Закрытый паевой инвестиционный фонд недвижимости «Активо двенадцать»,Закрытый,Сформирован,643-RUB,192110075.1,362471.84,146.0,530.0
2026-03-31,3999,Закрытый паевой инвестиционный фонд недвижимости «Активо двенадцать»,Закрытый,Сформирован,643-RUB,192803382.56,363779.97,146.0,530.0
2026-04-30,3999,Закрытый паевой инвестиционный фонд недвижимости «Активо двенадцать»,Закрытый,Сформирован,643-RUB,192569213.89,363338.14,148.0,530.0
2026-05-29,3999,Закрытый паевой инвестиционный фонд недвижимости «Активо двенадцать»,Закрытый,Сформирован,643-RUB,192386341.17,362993.1,148.0,530.0
2026-06-30,3999,Закрытый паевой инвестиционный фонд недвижимости «Активо двенадцать»,Закрытый,Сформирован,643-RUB,191621980.02,361550.91,149.0,530.0
2026-07-31,3999,Закрытый паевой инвестиционный фонд недвижимости «Активо двенадцать»,Закрытый,Сформирован,643-RUB,191545495.65,361406.6,149.0,530.0
2026-01-30,4009,Закрытый паевой инвестиционный фонд рыночных финансовых инструментов «РСХБ - Драгметаллы»,Закрытый,Сформирован,643-RUB,595463305.99,523.03,14789.0,1138486.27776999
2026-02-27,4009,Закрытый паевой инвестиционный фонд рыночных финансовых инструментов «РСХБ - Драгметаллы»,Закрытый,Сформирован,643-RUB,603856879.25,530.4,14789.0,1138486.27776999
2026-03-31,4009,Закрытый паевой инвестиционный фонд рыночных финансовых инструментов «РСХБ - Драгметаллы»,Закрытый,Сформирован,643-RUB,635015094.56,557.77,14790.0,1138486.27777
2026-04-30,4009,Закрытый паевой инвестиционный фонд рыночных финансовых инструментов «РСХБ - Драгметаллы»,Закрытый,Сформирован,643-RUB,588042261.96,516.51,14788.0,1138486.2777700005
2026-05-29,4009,Закрытый паевой инвестиционный фонд рыночных финансовых инструментов «РСХБ - Драгметаллы»,Закрытый,Сформирован,643-RUB,723904571.84,635.85,14788.0,1138486.2777700005
2026-06-30,4009,Закрытый паевой инвестиционный фонд рыночных финансовых инструментов «РСХБ - Драгметаллы»,Закрытый,Сформирован,643-RUB,785777407.94,690.19,14788.0,1138486.2777699998
2026-07-31,4009,Закрытый паевой инвестиционный фонд рыночных финансовых инструментов «РСХБ - Драгметаллы»,Закрытый,Сформирован,643-RUB,806420694.59,708.33,14788.0,1138486.27777
2026-01-30,4010,закрытый паевой инвестиционный фонд рыночных финансовых инструментов «Информатика +»,Закрытый,Сформирован,643-RUB,26115763.5,4.77,1614.0,5475377.038319999
2026-02-27,4010,закрытый паевой инвестиционный фонд рыночных финансовых инструментов «Информатика +»,Закрытый,Сформирован,643-RUB,19352356.95,3.53,1614.0,5475377.038319998
2026-03-31,4010,закрытый паевой инвестиционный фонд рыночных финансовых инструментов «Информатика +»,Закрытый,Сформирован,643-RUB,20365511.38,3.72,1614.0,5475377.038319998
2026-04-30,4010,закрытый паевой инвестиционный фонд рыночных финансовых инструментов «Информатика +»,Закрытый,Сформирован,643-RUB,18843856.03,3.44,1614.0,5475377.03832
2026-05-29,4010,закрытый паевой инвестиционный фонд рыночных финансовых инструментов «Информатика +»,Закрытый,Сформирован,643-RUB,17900596.43,3.27,1615.0,5475377.038319998
2026-06-30,4010,закрытый паевой инвестиционный фонд рыночных финансовых инструментов «Информатика +»,Закрытый,Сформирован,643-RUB,19981410.43,3.65,1615.0,5475377.038319999
2026-07-31,4010,закрытый паевой инвестиционный фонд рыночных финансовых инструментов «Информатика +»,Закрытый,Сформирован,643-RUB,19994235.17,3.65,1615.0,5475377.03832
2026-01-30,4017,Закрытый паевой инвестиционный фонд недвижимости «РИФ Складской Федеральный 1»,Закрытый,В стадии прекращения,643-RUB,960957015.55,649149.08,88.0,1480.33333
2026-02-27,4017,Закрытый паевой инвестиционный фонд недвижимости «РИФ Складской Федеральный 1»,Закрытый,В стадии прекращения,643-RUB,961561887.85,649557.68,88.0,1480.33333
2026-03-31,4017,Закрытый паевой инвестиционный фонд недвижимости «РИФ Складской Федеральный 1»,Закрытый,В стадии прекращения,643-RUB,961132810.98,649267.83,88.0,1480.33333
2026-04-30,4017,Закрытый паевой инвестиционный фонд недвижимости «РИФ Складской Федеральный 1»,Закрытый,В стадии прекращения,643-RUB,960036287.46,648527.1,88.0,1480.33333
2026-05-29,4017,Закрытый паевой инвестиционный фонд недвижимости «РИФ Складской Федеральный 1»,Закрытый,В стадии прекращения,643-RUB,959814750.77,648377.45,88.0,1480.33333
2026-06-30,4017,Закрытый паевой инвестиционный фонд недвижимости «РИФ Складской Федеральный 1»,Закрытый,В стадии прекращения,643-RUB,958390887.38,647415.6,88.0,1480.33333
2026-07-31,4017,Закрытый паевой инвестиционный фонд недвижимости «РИФ Складской Федеральный 1»,Закрытый,В стадии прекращения,643-RUB,958423925.41,647437.92,88.0,1480.33333
2026-01-30,4025,"Закрытый паевой инвестиционный фонд рыночных финансовых инструментов ""Фонд ВДО развивающихся российских компаний""",Закрытый,Сформирован,643-RUB,1010363494.67,18238.65,907.0,55396.83112999999
2026-02-27,4025,"Закрытый паевой инвестиционный фонд рыночных финансовых инструментов ""Фонд ВДО развивающихся российских компаний""",Закрытый,Сформирован,643-RUB,1018649184.07,18388.22,892.0,55396.83113
2026-03-31,4025,"Закрытый паевой инвестиционный фонд рыночных финансовых инструментов ""Фонд ВДО развивающихся российских компаний""",Закрытый,Сформирован,643-RUB,1045727261.2,18877.02,877.0,55396.83112999999
2026-04-30,4025,"Закрытый паевой инвестиционный фонд рыночных финансовых инструментов ""Фонд ВДО развивающихся российских компаний""",Закрытый,Сформирован,643-RUB,1019058256.61,18395.61,870.0,55396.83113
2026-05-29,4025,"Закрытый паевой инвестиционный фонд рыночных финансовых инструментов ""Фонд ВДО развивающихся российских компаний""",Закрытый,Сформирован,643-RUB,1030034393.91,18593.74,880.0,55396.83112999999
2026-06-30,4025,"Закрытый паевой инвестиционный фонд рыночных финансовых инструментов ""Фонд ВДО развивающихся российских компаний""",Закрытый,Сформирован,643-RUB,1041344956.42,18797.92,869.0,55396.83112999999
2026-07-31,4025,"Закрытый паевой инвестиционный фонд рыночных финансовых инструментов ""Фонд ВДО развивающихся российских компаний""",Закрытый,Сформирован,643-RUB,1017967536.32,18375.92,867.0,55396.83113
2026-01-30,4038,Биржевой паевой инвестиционный фонд рыночных финансовых инструментов «Золото. Биржевой»,Биржевой,Сформирован,643-RUB,18841581801.68,3.0394745,563739.0,6198960218.52196
2026-02-27,4038,Биржевой паевой инвестиционный фонд рыночных финансовых инструментов «Золото. Биржевой»,Биржевой,Сформирован,643-RUB,20686766054.04,3.207044,519083.0,6450415452.84654
2026-03-31,4038,Биржевой паевой инвестиционный фонд рыночных финансовых инструментов «Золото. Биржевой»,Биржевой,Сформирован,643-RUB,19790215746.78,2.9560543,525696.0,6694807851.77339
2026-04-30,4038,Биржевой паевой инвестиционный фонд рыночных финансовых инструментов «Золото. Биржевой»,Биржевой,Сформирован,643-RUB,19133218585.46,2.7794309,522557.0,6883861955.42432
2026-05-29,4038,Биржевой паевой инвестиционный фонд рыночных финансовых инструментов «Золото. Биржевой»,Биржевой,Сформирован,643-RUB,19236699492.49,2.6333916,522033.0,7304914027.54599
2026-06-30,4038,Биржевой паевой инвестиционный фонд рыночных финансовых инструментов «Золото. Биржевой»,Биржевой,Сформирован,643-RUB,19009178299.17,2.5763316,521627.0,7378389740.59911
2026-07-31,4038,Биржевой паевой инвестиционный фонд рыночных финансовых инструментов «Золото. Биржевой»,Биржевой,Сформирован,643-RUB,20438508875.69,2.6127813,521014.0,7822510385.18349
2026-01-30,4039,Биржевой паевой инвестиционный фонд рыночных финансовых инструментов «Альфа-Капитал Управляемые облигации»,Биржевой,Сформирован,643-RUB,34430150252.42,1.87557,1223553.0,18357141513.65937
2026-02-27,4039,Биржевой паевой инвестиционный фонд рыночных финансовых инструментов «Альфа-Капитал Управляемые облигации»,Биржевой,Сформирован,643-RUB,34529279569.81,1.90905,1194052.0,18087141513.65937
2026-03-31,4039,Биржевой паевой инвестиционный фонд рыночных финансовых инструментов «Альфа-Капитал Управляемые облигации»,Биржевой,Сформирован,643-RUB,39006273003.84,1.9409,1167761.0,20096998117.03018
2026-04-30,4039,Биржевой паевой инвестиционный фонд рыночных финансовых инструментов «Альфа-Капитал Управляемые облигации»,Биржевой,Сформирован,643-RUB,43044160470.97,1.97108,1091110.0,21837901465.31677
2026-05-29,4039,Биржевой паевой инвестиционный фонд рыночных финансовых инструментов «Альфа-Капитал Управляемые облигации»,Биржевой,Сформирован,643-RUB,44344561591.35,1.98372,1047409.0,22354296349.84114
2026-06-30,4039,Биржевой паевой инвестиционный фонд рыночных финансовых инструментов «Альфа-Капитал Управляемые облигации»,Биржевой,Сформирован,643-RUB,41267944541.25,1.95543,1009448.0,21104296349.84114
2026-07-31,4039,Биржевой паевой инвестиционный фонд рыночных финансовых инструментов «Альфа-Капитал Управляемые облигации»,Биржевой,Сформирован,643-RUB,36275653433.99,1.99374,975080.0,18194760349.84114
2026-01-30,4057,"Биржевой паевой инвестиционный фонд рыночных финансовых инструментов «РСХБ - Индекс МосБиржи - РСПП Вектор устойчивого развития, полной доходности брутто (РСХБ Управление Активами)»",Биржевой,Сформирован,643-RUB,61337236.42,1235.14,2359.0,49660.0
2026-02-27,4057,"Биржевой паевой инвестиционный фонд рыночных финансовых инструментов «РСХБ - Индекс МосБиржи - РСПП Вектор устойчивого развития, полной доходности брутто (РСХБ Управление Активами)»",Биржевой,Сформирован,643-RUB,61538770.44,1239.2,2347.0,49660.0
2026-03-31,4057,"Биржевой паевой инвестиционный фонд рыночных финансовых инструментов «РСХБ - Индекс МосБиржи - РСПП Вектор устойчивого развития, полной доходности брутто (РСХБ Управление Активами)»",Биржевой,Сформирован,643-RUB,58672096.78,1181.48,2320.0,49660.0
2026-04-30,4057,"Биржевой паевой инвестиционный фонд рыночных финансовых инструментов «РСХБ - Индекс МосБиржи - РСПП Вектор устойчивого развития, полной доходности брутто (РСХБ Управление Активами)»",Биржевой,Сформирован,643-RUB,56029260.99,1128.26,2287.0,49660.0
2026-05-29,4057,"Биржевой паевой инвестиционный фонд рыночных финансовых инструментов «РСХБ - Индекс МосБиржи - РСПП Вектор устойчивого развития, полной доходности брутто (РСХБ Управление Активами)»",Биржевой,Сформирован,643-RUB,54619889.7,1099.88,2255.0,49660.0
2026-06-30,4057,"Биржевой паевой инвестиционный фонд рыночных финансовых инструментов «РСХБ - Индекс МосБиржи - РСПП Вектор устойчивого развития, полной доходности брутто (РСХБ Управление Активами)»",Биржевой,Сформирован,643-RUB,49933878.83,1005.52,2234.0,49660.0
2026-07-31,4057,"Биржевой паевой инвестиционный фонд рыночных финансовых инструментов «РСХБ - Индекс МосБиржи - РСПП Вектор устойчивого развития, полной доходности брутто (РСХБ Управление Активами)»",Биржевой,Сформирован,643-RUB,49698813.63,1000.78,2217.0,49660.0
2026-01-30,4073,Открытый паевой инвестиционный фонд рыночных финансовых инструментов «МКБ Денежный рынок»,Открытый,Сформирован,643-RUB,2054049368.26,1366.88,3992.0,1502732.8586699984
2026-02-27,4073,Открытый паевой инвестиционный фонд рыночных финансовых инструментов «МКБ Денежный рынок»,Открытый,Сформирован,643-RUB,1952641716.64,1381.4,3808.0,1413528.1758499972
2026-03-31,4073,Открытый паевой инвестиционный фонд рыночных финансовых инструментов «МКБ Денежный рынок»,Открытый,Сформирован,643-RUB,1852490900.03,1398.3,3624.0,1324819.7477599997
2026-04-30,4073,Открытый паевой инвестиционный фонд рыночных финансовых инструментов «МКБ Денежный рынок»,Открытый,Сформирован,643-RUB,1784547250.5,1413.48,3491.0,1262521.64563
2026-05-29,4073,Открытый паевой инвестиционный фонд рыночных финансовых инструментов «МКБ Денежный рынок»,Открытый,Сформирован,643-RUB,1731300442.45,1428.39,3397.0,1212064.2354199998
2026-06-30,4073,Открытый паевой инвестиционный фонд рыночных финансовых инструментов «МКБ Денежный рынок»,Открытый,Сформирован,643-RUB,1688464729.53,1444.56,3291.0,1168845.51479
2026-07-31,4073,Открытый паевой инвестиционный фонд рыночных финансовых инструментов «МКБ Денежный рынок»,Открытый,Сформирован,643-RUB,1631686472.28,1460.6,3212.0,1117132.48534
2026-01-30,4093,Закрытый паевой инвестиционный фонд недвижимости «Альфа-Капитал Арендный поток-2»,Закрытый,Сформирован,643-RUB,1063600079.6,314979.62,782.0,3376.7267
2026-02-27,4093,Закрытый паевой инвестиционный фонд недвижимости «Альфа-Капитал Арендный поток-2»,Закрытый,Сформирован,643-RUB,1037251308.26,307176.56,778.0,3376.7267
2026-03-31,4093,Закрытый паевой инвестиционный фонд недвижимости «Альфа-Капитал Арендный поток-2»,Закрытый,В стадии прекращения,643-RUB,1044980375.66,309465.49,793.0,3367.0879800000007
2026-04-30,4093,Закрытый паевой инвестиционный фонд недвижимости «Альфа-Капитал Арендный поток-2»,Закрытый,В стадии прекращения,643-RUB,1053737592.55,312058.89,770.0,3376.7267
2026-05-29,4093,Закрытый паевой инвестиционный фонд недвижимости «Альфа-Капитал Арендный поток-2»,Закрытый,В стадии прекращения,643-RUB,1063314171.05,314894.95,769.0,3314.7267
2026-06-30,4093,Закрытый паевой инвестиционный фонд недвижимости «Альфа-Капитал Арендный поток-2»,Закрытый,В стадии прекращения,643-RUB,1023364837.44,303064.16,769.0,3314.7266999999997
2026-07-31,4093,Закрытый паевой инвестиционный фонд недвижимости «Альфа-Капитал Арендный поток-2»,Закрытый,В стадии прекращения,643-RUB,944202951.32,279620.78,769.0,3314.7267
2026-01-30,4098,Биржевой паевой инвестиционный фонд рыночных финансовых инструментов «Т-Капитал Золото»,Биржевой,Сформирован,840-USD,188151909.25,0.1997,1375975.0,942238174.64817
2026-02-27,4098,Биржевой паевой инвестиционный фонд рыночных финансовых инструментов «Т-Капитал Золото»,Биржевой,Сформирован,840-USD,205372897.98,0.2086,1406321.0,984450135.43648
2026-03-31,4098,Биржевой паевой инвестиционный фонд рыночных финансовых инструментов «Т-Капитал Золото»,Биржевой,Сформирован,840-USD,194151999.44,0.1805,1443892.0,1075638350.29211
2026-04-30,4098,Биржевой паевой инвестиционный фонд рыночных финансовых инструментов «Т-Капитал Золото»,Биржевой,Сформирован,840-USD,205024697.18,0.1821,1443618.0,1125814909.51843
2026-05-29,4098,Биржевой паевой инвестиционный фонд рыночных финансовых инструментов «Т-Капитал Золото»,Биржевой,Сформирован,840-USD,201248793.56,0.1784,1445354.0,1127776488.78415
2026-06-30,4098,Биржевой паевой инвестиционный фонд рыночных финансовых инструментов «Т-Капитал Золото»,Биржевой,Сформирован,840-USD,178845282.92,0.1598,1440730.0,1119276488.78415
2026-07-31,4098,Биржевой паевой инвестиционный фонд рыночных финансовых инструментов «Т-Капитал Золото»,Биржевой,Сформирован,840-USD,175599380.95,0.1576,1435458.0,1114335265.39519
2026-01-30,4099,Закрытый паевой инвестиционный фонд рыночных финансовых инструментов «Т-Капитал Технологии»,Закрытый,Сформирован,840-USD,73249.32,0.0008,192313.0,93820209.39000002
2026-02-27,4099,Закрытый паевой инвестиционный фонд рыночных финансовых инструментов «Т-Капитал Технологии»,Закрытый,Сформирован,840-USD,73132.12,0.0008,192400.0,93820209.39000005
2026-03-31,4099,Закрытый паевой инвестиционный фонд рыночных финансовых инструментов «Т-Капитал Технологии»,Закрытый,Сформирован,840-USD,72623.93,0.0008,192374.0,93820209.39
2026-04-30,4099,Закрытый паевой инвестиционный фонд рыночных финансовых инструментов «Т-Капитал Технологии»,Закрытый,Сформирован,840-USD,73396.76,0.0008,192375.0,93820209.39000002
2026-05-29,4099,Закрытый паевой инвестиционный фонд рыночных финансовых инструментов «Т-Капитал Технологии»,Закрытый,Сформирован,840-USD,73878.3,0.0008,192373.0,93820209.39
2026-06-30,4099,Закрытый паевой инвестиционный фонд рыночных финансовых инструментов «Т-Капитал Технологии»,Закрытый,Сформирован,840-USD,73034.83,0.0008,192372.0,93820209.39
2026-07-31,4099,Закрытый паевой инвестиционный фонд рыночных финансовых инструментов «Т-Капитал Технологии»,Закрытый,Сформирован,840-USD,72786.39,0.0008,192374.0,93820209.39
2026-01-30,4100,Биржевой паевой инвестиционный фонд рыночных финансовых инструментов «Т-Капитал Индекс МосБиржи»,Биржевой,Сформирован,643-RUB,13984928851.95,6.5633,1958485.0,2130780951.06594
2026-02-27,4100,Биржевой паевой инвестиционный фонд рыночных финансовых инструментов «Т-Капитал Индекс МосБиржи»,Биржевой,Сформирован,643-RUB,14358273481.38,6.5981,1991383.0,2176121107.62849
2026-03-31,4100,Биржевой паевой инвестиционный фонд рыночных финансовых инструментов «Т-Капитал Индекс МосБиржи»,Биржевой,Сформирован,643-RUB,14263066978.57,6.5387,2030352.0,2181325090.38727
2026-04-30,4100,Биржевой паевой инвестиционный фонд рыночных финансовых инструментов «Т-Капитал Индекс МосБиржи»,Биржевой,Сформирован,643-RUB,13712785444.72,6.2755,2050285.0,2185136995.73004
2026-05-29,4100,Биржевой паевой инвестиционный фонд рыночных финансовых инструментов «Т-Капитал Индекс МосБиржи»,Биржевой,Сформирован,643-RUB,13573603028.19,6.1253,2052010.0,2215993721.55322
2026-06-30,4100,Биржевой паевой инвестиционный фонд рыночных финансовых инструментов «Т-Капитал Индекс МосБиржи»,Биржевой,Сформирован,643-RUB,12667793206.0,5.6229,2048808.0,2252893915.77076
2026-07-31,4100,Биржевой паевой инвестиционный фонд рыночных финансовых инструментов «Т-Капитал Индекс МосБиржи»,Биржевой,Сформирован,643-RUB,12922380390.4,5.5322,2049176.0,2335841854.00435
2026-01-30,4121,Биржевой паевой инвестиционный фонд рыночных финансовых инструментов «РЕГИОН – Индекс МосБиржи государственных облигаций (1-3 года)»,Биржевой,Сформирован,643-RUB,509384818.97,1423.56,650.0,357824.89761
2026-02-27,4121,Биржевой паевой инвестиционный фонд рыночных финансовых инструментов «РЕГИОН – Индекс МосБиржи государственных облигаций (1-3 года)»,Биржевой,Сформирован,643-RUB,409992983.28,1444.53,667.0,283824.89761
2026-03-31,4121,Биржевой паевой инвестиционный фонд рыночных финансовых инструментов «РЕГИОН – Индекс МосБиржи государственных облигаций (1-3 года)»,Биржевой,Сформирован,643-RUB,413669551.15,1483.62,705.0,278824.89761
2026-04-30,4121,Биржевой паевой инвестиционный фонд рыночных финансовых инструментов «РЕГИОН – Индекс МосБиржи государственных облигаций (1-3 года)»,Биржевой,Сформирован,643-RUB,418629956.34,1501.41,763.0,278824.89761
2026-05-29,4121,Биржевой паевой инвестиционный фонд рыночных финансовых инструментов «РЕГИОН – Индекс МосБиржи государственных облигаций (1-3 года)»,Биржевой,Сформирован,643-RUB,421259150.64,1510.84,778.0,278824.89761
2026-06-30,4121,Биржевой паевой инвестиционный фонд рыночных финансовых инструментов «РЕГИОН – Индекс МосБиржи государственных облигаций (1-3 года)»,Биржевой,Сформирован,643-RUB,406142092.79,1505.21,771.0,269824.89761
2026-07-31,4121,Биржевой паевой инвестиционный фонд рыночных финансовых инструментов «РЕГИОН – Индекс МосБиржи государственных облигаций (1-3 года)»,Биржевой,Сформирован,643-RUB,399016585.14,1512.43,760.0,263824.89761
2026-01-30,4138,Открытый паевой инвестиционный фонд рыночных финансовых инструментов «ВИМ - Денежный рынок. Рубли»,Открытый,Сформирован,643-RUB,56709403343.68,1784.37,30447.0,31781184.00656
2026-02-27,4138,Открытый паевой инвестиционный фонд рыночных финансовых инструментов «ВИМ - Денежный рынок. Рубли»,Открытый,Сформирован,643-RUB,58632169882.63,1803.86,31081.0,32503640.70129
2026-03-31,4138,Открытый паевой инвестиционный фонд рыночных финансовых инструментов «ВИМ - Денежный рынок. Рубли»,Открытый,Сформирован,643-RUB,59221564951.93,1825.67,31236.0,32438317.53034
2026-04-30,4138,Открытый паевой инвестиционный фонд рыночных финансовых инструментов «ВИМ - Денежный рынок. Рубли»,Открытый,Сформирован,643-RUB,60550563284.46,1844.65,31601.0,32824897.6385
2026-05-29,4138,Открытый паевой инвестиционный фонд рыночных финансовых инструментов «ВИМ - Денежный рынок. Рубли»,Открытый,Сформирован,643-RUB,61466351979.22,1862.64,31939.0,32999575.68615
2026-06-30,4138,Открытый паевой инвестиционный фонд рыночных финансовых инструментов «ВИМ - Денежный рынок. Рубли»,Открытый,Сформирован,643-RUB,62378829141.56,1882.29,32260.0,33139948.108450007
2026-07-31,4138,Открытый паевой инвестиционный фонд рыночных финансовых инструментов «ВИМ - Денежный рынок. Рубли»,Открытый,Сформирован,643-RUB,67143602324.67,1901.9,34217.0,35303444.54594
2026-01-30,4140,Открытый паевой инвестиционный фонд рыночных финансовых инструментов «РСХБ – Долговой рынок»,Открытый,Сформирован,643-RUB,723262640.99,1447.21,913.0,499762.82593
2026-02-27,4140,Открытый паевой инвестиционный фонд рыночных финансовых инструментов «РСХБ – Долговой рынок»,Открытый,Сформирован,643-RUB,723563967.99,1458.1,894.0,496237.89062
2026-03-31,4140,Открытый паевой инвестиционный фонд рыночных финансовых инструментов «РСХБ – Долговой рынок»,Открытый,Сформирован,643-RUB,748506236.25,1528.77,869.0,489613.38319
2026-04-30,4140,Открытый паевой инвестиционный фонд рыночных финансовых инструментов «РСХБ – Долговой рынок»,Открытый,Сформирован,643-RUB,714579833.47,1443.77,858.0,494939.6751099999
2026-05-29,4140,Открытый паевой инвестиционный фонд рыночных финансовых инструментов «РСХБ – Долговой рынок»,Открытый,Сформирован,643-RUB,684214669.66,1389.97,852.0,492249.65964
2026-06-30,4140,Открытый паевой инвестиционный фонд рыночных финансовых инструментов «РСХБ – Долговой рынок»,Открытый,Сформирован,643-RUB,777265397.92,1514.19,839.0,513320.92764000007
2026-07-31,4140,Открытый паевой инвестиционный фонд рыночных финансовых инструментов «РСХБ – Долговой рынок»,Открытый,Сформирован,643-RUB,768974851.86,1528.96,825.0,502938.55196
2026-01-30,4147,Закрытый паевой инвестиционный фонд рыночных финансовых инструментов «Всепогодный»,Закрытый,Сформирован,643-RUB,121083600.43,26.57,10088.0,4557524.895023
2026-02-27,4147,Закрытый паевой инвестиционный фонд рыночных финансовых инструментов «Всепогодный»,Закрытый,Сформирован,643-RUB,122583620.62,26.9,10094.0,4557524.895020001
2026-03-31,4147,Закрытый паевой инвестиционный фонд рыночных финансовых инструментов «Всепогодный»,Закрытый,Сформирован,643-RUB,128507256.63,28.2,10094.0,4557524.89502
2026-04-30,4147,Закрытый паевой инвестиционный фонд рыночных финансовых инструментов «Всепогодный»,Закрытый,Сформирован,643-RUB,119946448.76,26.32,10099.0,4557524.895020001
2026-05-29,4147,Закрытый паевой инвестиционный фонд рыночных финансовых инструментов «Всепогодный»,Закрытый,Сформирован,643-RUB,120678986.36,26.48,10092.0,4557524.895019998
2026-06-30,4147,Закрытый паевой инвестиционный фонд рыночных финансовых инструментов «Всепогодный»,Закрытый,Сформирован,643-RUB,133288713.94,29.25,10092.0,4557524.895020001
2026-07-31,4147,Закрытый паевой инвестиционный фонд рыночных финансовых инструментов «Всепогодный»,Закрытый,Сформирован,643-RUB,133500547.18,29.29,10091.0,4557524.89502
2026-01-30,4153,Закрытый паевой инвестиционный фонд недвижимости «АКТИВО ЧЕТЫРНАДЦАТЬ»,Закрытый,Сформирован,643-RUB,391015766.82,304766.77,236.0,1283.0
2026-02-27,4153,Закрытый паевой инвестиционный фонд недвижимости «АКТИВО ЧЕТЫРНАДЦАТЬ»,Закрытый,Сформирован,643-RUB,393294635.75,306542.97,236.0,1283.0
2026-03-31,4153,Закрытый паевой инвестиционный фонд недвижимости «АКТИВО ЧЕТЫРНАДЦАТЬ»,Закрытый,Сформирован,643-RUB,389516020.42,303597.83,239.0,1283.0
2026-04-30,4153,Закрытый паевой инвестиционный фонд недвижимости «АКТИВО ЧЕТЫРНАДЦАТЬ»,Закрытый,Сформирован,643-RUB,392510735.4,305931.98,239.0,1283.0
2026-05-29,4153,Закрытый паевой инвестиционный фонд недвижимости «АКТИВО ЧЕТЫРНАДЦАТЬ»,Закрытый,Сформирован,643-RUB,392003975.95,305537.0,240.0,1283.0
2026-06-30,4153,Закрытый паевой инвестиционный фонд недвижимости «АКТИВО ЧЕТЫРНАДЦАТЬ»,Закрытый,Сформирован,643-RUB,390920052.25,304692.17,240.0,1283.0
2026-07-31,4153,Закрытый паевой инвестиционный фонд недвижимости «АКТИВО ЧЕТЫРНАДЦАТЬ»,Закрытый,Сформирован,643-RUB,391349570.16,305026.94,240.0,1283.0
2026-01-30,4158,Закрытый паевой инвестиционный фонд рыночных финансовых инструментов «РСХБ – Еврооблигации в евро смарт бета»,Закрытый,Сформирован,643-RUB,76479538.74,38.53,13304.0,1984902.39341
2026-02-27,4158,Закрытый паевой инвестиционный фонд рыночных финансовых инструментов «РСХБ – Еврооблигации в евро смарт бета»,Закрытый,Сформирован,643-RUB,76133306.64,38.36,13319.0,1984902.39341
2026-03-31,4158,Закрытый паевой инвестиционный фонд рыночных финансовых инструментов «РСХБ – Еврооблигации в евро смарт бета»,Закрытый,Сформирован,643-RUB,78034492.63,39.31,13313.0,1984902.39341
2026-04-30,4158,Закрытый паевой инвестиционный фонд рыночных финансовых инструментов «РСХБ – Еврооблигации в евро смарт бета»,Закрытый,Сформирован,643-RUB,74018552.9,37.29,13315.0,1984902.393409999
2026-05-29,4158,Закрытый паевой инвестиционный фонд рыночных финансовых инструментов «РСХБ – Еврооблигации в евро смарт бета»,Закрытый,Сформирован,643-RUB,62187266.13,31.33,13315.0,1984902.3934100005
2026-06-30,4158,Закрытый паевой инвестиционный фонд рыночных финансовых инструментов «РСХБ – Еврооблигации в евро смарт бета»,Закрытый,Сформирован,643-RUB,65814225.12,33.16,13313.0,1984902.3934100005
2026-07-31,4158,Закрытый паевой инвестиционный фонд рыночных финансовых инструментов «РСХБ – Еврооблигации в евро смарт бета»,Закрытый,Сформирован,643-RUB,67098398.41,33.8,13314.0,1984902.39341
2026-01-30,4162,Биржевой паевой инвестиционный фонд рыночных финансовых инструментов «Первая – Фонд Ответственные инвестиции»,Биржевой,Сформирован,643-RUB,182324328.07,12.14,16762.0,15015970.0
2026-02-27,4162,Биржевой паевой инвестиционный фонд рыночных финансовых инструментов «Первая – Фонд Ответственные инвестиции»,Биржевой,Сформирован,643-RUB,183053013.57,12.19,16760.0,15015970.0
2026-03-31,4162,Биржевой паевой инвестиционный фонд рыночных финансовых инструментов «Первая – Фонд Ответственные инвестиции»,Биржевой,Сформирован,643-RUB,174472212.13,11.62,16768.0,15015970.0
2026-04-30,4162,Биржевой паевой инвестиционный фонд рыночных финансовых инструментов «Первая – Фонд Ответственные инвестиции»,Биржевой,Сформирован,643-RUB,166151657.6,11.06,16713.0,15015970.0
2026-05-29,4162,Биржевой паевой инвестиционный фонд рыночных финансовых инструментов «Первая – Фонд Ответственные инвестиции»,Биржевой,Сформирован,643-RUB,162402174.6,10.82,16569.0,15015970.0
2026-06-30,4162,Биржевой паевой инвестиционный фонд рыночных финансовых инструментов «Первая – Фонд Ответственные инвестиции»,Биржевой,Сформирован,643-RUB,149078639.27,9.93,16538.0,15015970.0
2026-07-31,4162,Биржевой паевой инвестиционный фонд рыночных финансовых инструментов «Первая – Фонд Ответственные инвестиции»,Биржевой,Сформирован,643-RUB,149862305.78,9.98,16516.0,15015970.0
2026-01-30,4171,Закрытый паевой инвестиционный фонд недвижимости «Современный 6»,Закрытый,Сформирован,643-RUB,2920115779.43,428597.65,1059.0,6813.186667
2026-02-27,4171,Закрытый паевой инвестиционный фонд недвижимости «Современный 6»,Закрытый,Сформирован,643-RUB,2963685131.11,434992.5,1058.0,6813.18667
2026-03-31,4171,Закрытый паевой инвестиционный фонд недвижимости «Современный 6»,Закрытый,Сформирован,643-RUB,2907287991.65,426714.86,1049.0,6813.186667
2026-04-30,4171,Закрытый паевой инвестиционный фонд недвижимости «Современный 6»,Закрытый,Сформирован,643-RUB,2931818029.8,430315.24,1046.0,6813.186667
2026-05-29,4171,Закрытый паевой инвестиционный фонд недвижимости «Современный 6»,Закрытый,Сформирован,643-RUB,2957230051.68,434045.07,1047.0,6813.186667
2026-06-30,4171,Закрытый паевой инвестиционный фонд недвижимости «Современный 6»,Закрытый,Сформирован,643-RUB,2908139034.62,426839.77,1048.0,6813.186667
2026-07-31,4171,Закрытый паевой инвестиционный фонд недвижимости «Современный 6»,Закрытый,Сформирован,643-RUB,2934552176.99,430716.54,1048.0,6813.186667
2026-01-30,4184,Закрытый паевой инвестиционный фонд недвижимости «АКТИВО ПЯТНАДЦАТЬ»,Закрытый,Сформирован,643-RUB,268264977.95,246567.08,150.0,1088.0
2026-02-27,4184,Закрытый паевой инвестиционный фонд недвижимости «АКТИВО ПЯТНАДЦАТЬ»,Закрытый,Сформирован,643-RUB,269166969.3,247396.11,150.0,1088.0
2026-03-31,4184,Закрытый паевой инвестиционный фонд недвижимости «АКТИВО ПЯТНАДЦАТЬ»,Закрытый,Сформирован,643-RUB,268526547.79,246807.49,150.0,1088.0
2026-04-30,4184,Закрытый паевой инвестиционный фонд недвижимости «АКТИВО ПЯТНАДЦАТЬ»,Закрытый,Сформирован,643-RUB,267542771.61,245903.28,150.0,1088.0
2026-05-29,4184,Закрытый паевой инвестиционный фонд недвижимости «АКТИВО ПЯТНАДЦАТЬ»,Закрытый,Сформирован,643-RUB,265765590.96,244269.84,150.0,1088.0
2026-06-30,4184,Закрытый паевой инвестиционный фонд недвижимости «АКТИВО ПЯТНАДЦАТЬ»,Закрытый,Сформирован,643-RUB,252274112.89,231869.59,150.0,1088.0
2026-07-31,4184,Закрытый паевой инвестиционный фонд недвижимости «АКТИВО ПЯТНАДЦАТЬ»,Закрытый,Сформирован,643-RUB,253493395.3,232990.25,150.0,1088.0
2026-01-30,4212,Открытый паевой инвестиционный фонд рыночных финансовых инструментов «Т-Капитал Консервативные облигации»,Открытый,Сформирован,643-RUB,2482676791.58,1412.55,2178.0,1757193.5118199994
2026-02-27,4212,Открытый паевой инвестиционный фонд рыночных финансовых инструментов «Т-Капитал Консервативные облигации»,Открытый,Сформирован,643-RUB,2516154181.86,1435.93,2197.0,1751185.7523799995
2026-03-31,4212,Открытый паевой инвестиционный фонд рыночных финансовых инструментов «Т-Капитал Консервативные облигации»,Открытый,Сформирован,643-RUB,2534988582.18,1464.1,2067.0,1717379.84609
2026-04-30,4212,Открытый паевой инвестиционный фонд рыночных финансовых инструментов «Т-Капитал Консервативные облигации»,Открытый,Сформирован,643-RUB,2527298914.8,1486.22,2203.0,1700489.51335
2026-05-29,4212,Открытый паевой инвестиционный фонд рыночных финансовых инструментов «Т-Капитал Консервативные облигации»,Открытый,Сформирован,643-RUB,2518248013.82,1499.5,2250.0,1335746.0539899997
2026-06-30,4212,Открытый паевой инвестиционный фонд рыночных финансовых инструментов «Т-Капитал Консервативные облигации»,Открытый,Сформирован,643-RUB,2472076446.75,1486.55,2198.0,1662963.4895800003
2026-07-31,4212,Открытый паевой инвестиционный фонд рыночных финансовых инструментов «Т-Капитал Консервативные облигации»,Открытый,Сформирован,643-RUB,2474729953.42,1511.83,2166.0,1636909.60997
2026-01-30,4213,Биржевой паевой инвестиционный фонд рыночных финансовых инструментов «Альфа-Капитал Управляемые акции»,Биржевой,Сформирован,643-RUB,17915946888.82,201.13124,62115.0,89075902.68841
2026-02-27,4213,Биржевой паевой инвестиционный фонд рыночных финансовых инструментов «Альфа-Капитал Управляемые акции»,Биржевой,Сформирован,643-RUB,18070896727.07,202.87077,100936.0,89075902.68841
2026-03-31,4213,Биржевой паевой инвестиционный фонд рыночных финансовых инструментов «Альфа-Капитал Управляемые акции»,Биржевой,Сформирован,643-RUB,16763355529.5,194.37825,100138.0,86240902.68841
2026-04-30,4213,Биржевой паевой инвестиционный фонд рыночных финансовых инструментов «Альфа-Капитал Управляемые акции»,Биржевой,Сформирован,643-RUB,15649204146.75,185.15188,98987.0,84520902.68841
2026-05-29,4213,Биржевой паевой инвестиционный фонд рыночных финансовых инструментов «Альфа-Капитал Управляемые акции»,Биржевой,Сформирован,643-RUB,15233177683.69,183.70733,98726.0,82920902.68841
2026-06-30,4213,Биржевой паевой инвестиционный фонд рыночных финансовых инструментов «Альфа-Капитал Управляемые акции»,Биржевой,Сформирован,643-RUB,13445132818.84,165.7419,98459.0,81120902.68841
2026-07-31,4213,Биржевой паевой инвестиционный фонд рыночных финансовых инструментов «Альфа-Капитал Управляемые акции»,Биржевой,Сформирован,643-RUB,13775382754.44,167.27977,96561.0,82349363.04796
2026-01-30,4214,Закрытый паевой инвестиционный фонд рыночных финансовых инструментов «Т-Капитал Индекс первичных публичных размещений»,Закрытый,Сформирован,840-USD,65449.84,0.0008,158867.0,79000584.73
2026-02-27,4214,Закрытый паевой инвестиционный фонд рыночных финансовых инструментов «Т-Капитал Индекс первичных публичных размещений»,Закрытый,Сформирован,840-USD,65282.87,0.0008,158921.0,79000584.72999997
2026-03-31,4214,Закрытый паевой инвестиционный фонд рыночных финансовых инструментов «Т-Капитал Индекс первичных публичных размещений»,Закрытый,Сформирован,840-USD,64558.77,0.0008,158907.0,79000584.73000003
2026-04-30,4214,Закрытый паевой инвестиционный фонд рыночных финансовых инструментов «Т-Капитал Индекс первичных публичных размещений»,Закрытый,Сформирован,840-USD,65659.92,0.0008,158905.0,79000584.72999997
2026-05-29,4214,Закрытый паевой инвестиционный фонд рыночных финансовых инструментов «Т-Капитал Индекс первичных публичных размещений»,Закрытый,Сформирован,840-USD,66346.03,0.0008,158903.0,79000584.73000002
2026-06-30,4214,Закрытый паевой инвестиционный фонд рыночных финансовых инструментов «Т-Капитал Индекс первичных публичных размещений»,Закрытый,Сформирован,840-USD,65144.23,0.0008,158897.0,79000584.72999999
2026-07-31,4214,Закрытый паевой инвестиционный фонд рыночных финансовых инструментов «Т-Капитал Индекс первичных публичных размещений»,Закрытый,Сформирован,840-USD,64790.25,0.0008,158892.0,79000584.73
2026-01-30,4215,Закрытый паевой инвестиционный фонд рыночных финансовых инструментов «Т-Капитал Биотехнологии»,Закрытый,Сформирован,840-USD,46759.12,0.0007,133449.0,63567845.92999999
2026-02-27,4215,Закрытый паевой инвестиционный фонд рыночных финансовых инструментов «Т-Капитал Биотехнологии»,Закрытый,Сформирован,840-USD,46650.71,0.0007,133632.0,63567845.93
2026-03-31,4215,Закрытый паевой инвестиционный фонд рыночных финансовых инструментов «Т-Капитал Биотехнологии»,Закрытый,Сформирован,840-USD,46180.59,0.0007,133577.0,63567845.930000015
2026-04-30,4215,Закрытый паевой инвестиционный фонд рыночных финансовых инструментов «Т-Капитал Биотехнологии»,Закрытый,Сформирован,840-USD,46895.51,0.0007,133571.0,63567845.92999999
2026-05-29,4215,Закрытый паевой инвестиционный фонд рыночных финансовых инструментов «Т-Капитал Биотехнологии»,Закрытый,Сформирован,840-USD,47340.96,0.0007,133573.0,63567845.92999998
2026-06-30,4215,Закрытый паевой инвестиционный фонд рыночных финансовых инструментов «Т-Капитал Биотехнологии»,Закрытый,Сформирован,840-USD,46560.7,0.0007,133572.0,63567845.93000001
2026-07-31,4215,Закрытый паевой инвестиционный фонд рыночных финансовых инструментов «Т-Капитал Биотехнологии»,Закрытый,Сформирован,840-USD,46330.89,0.0007,133571.0,63567845.93
2026-01-30,4216,Закрытый паевой инвестиционный фонд рыночных финансовых инструментов «Т-Капитал США 500»,Закрытый,Сформирован,840-USD,139923.65,0.001,210250.0,136581985.80999994
2026-02-27,4216,Закрытый паевой инвестиционный фонд рыночных финансовых инструментов «Т-Капитал США 500»,Закрытый,Сформирован,840-USD,139552.95,0.001,210334.0,136581985.80999994
2026-03-31,4216,Закрытый паевой инвестиционный фонд рыночных финансовых инструментов «Т-Капитал США 500»,Закрытый,Сформирован,840-USD,137945.36,0.001,210327.0,136581985.81
2026-04-30,4216,Закрытый паевой инвестиционный фонд рыночных финансовых инструментов «Т-Капитал США 500»,Закрытый,Сформирован,840-USD,140390.05,0.001,210321.0,136581985.81
2026-05-29,4216,Закрытый паевой инвестиционный фонд рыночных финансовых инструментов «Т-Капитал США 500»,Закрытый,Сформирован,840-USD,141913.3,0.001,210321.0,136581985.81000003
2026-06-30,4216,Закрытый паевой инвестиционный фонд рыночных финансовых инструментов «Т-Капитал США 500»,Закрытый,Сформирован,840-USD,139245.17,0.001,210306.0,136581985.80999997
2026-07-31,4216,Закрытый паевой инвестиционный фонд рыночных финансовых инструментов «Т-Капитал США 500»,Закрытый,Сформирован,840-USD,138459.3,0.001,210315.0,136581985.81
2026-01-30,4222,Закрытый паевой инвестиционный фонд рыночных финансовых инструментов «Альфа-Капитал Китайские акции»,Закрытый,Сформирован,643-RUB,1571838158.75,22.24,40523.0,70672988.7166
2026-02-27,4222,Закрытый паевой инвестиционный фонд рыночных финансовых инструментов «Альфа-Капитал Китайские акции»,Закрытый,Сформирован,643-RUB,1025726033.01,14.51,40559.0,70672988.7166
2026-03-31,4222,Закрытый паевой инвестиционный фонд рыночных финансовых инструментов «Альфа-Капитал Китайские акции»,Закрытый,Сформирован,643-RUB,1084406956.99,15.34,40556.0,70672988.7166
2026-04-30,4222,Закрытый паевой инвестиционный фонд рыночных финансовых инструментов «Альфа-Капитал Китайские акции»,Закрытый,Сформирован,643-RUB,994215458.02,14.07,40561.0,70672988.7166
2026-05-29,4222,Закрытый паевой инвестиционный фонд рыночных финансовых инструментов «Альфа-Капитал Китайские акции»,Закрытый,Сформирован,643-RUB,944878603.36,13.37,40563.0,70672988.7166
2026-06-30,4222,Закрытый паевой инвестиционный фонд рыночных финансовых инструментов «Альфа-Капитал Китайские акции»,Закрытый,Сформирован,643-RUB,1034613162.42,14.64,40562.0,70672988.7166
2026-07-31,4222,Закрытый паевой инвестиционный фонд рыночных финансовых инструментов «Альфа-Капитал Китайские акции»,Закрытый,Сформирован,643-RUB,1064186312.27,15.06,40559.0,70672988.7166
2026-01-30,4242,"Биржевой паевой инвестиционный фонд рыночных финансовых инструментов ""ДОХОДЪ Индекс дивидендных акций""",Биржевой,Сформирован,643-RUB,1044520863.88,1164.92,18144.0,896648.66145
2026-02-27,4242,"Биржевой паевой инвестиционный фонд рыночных финансовых инструментов ""ДОХОДЪ Индекс дивидендных акций""",Биржевой,Сформирован,643-RUB,1044752351.55,1165.17,18009.0,896648.66145
2026-03-31,4242,"Биржевой паевой инвестиционный фонд рыночных финансовых инструментов ""ДОХОДЪ Индекс дивидендных акций""",Биржевой,Сформирован,643-RUB,1052724316.01,1180.65,17775.0,891648.66145
2026-04-30,4242,"Биржевой паевой инвестиционный фонд рыночных финансовых инструментов ""ДОХОДЪ Индекс дивидендных акций""",Биржевой,Сформирован,643-RUB,1015419492.78,1138.81,17606.0,891648.66145
2026-05-29,4242,"Биржевой паевой инвестиционный фонд рыночных финансовых инструментов ""ДОХОДЪ Индекс дивидендных акций""",Биржевой,Сформирован,643-RUB,999859530.38,1121.36,17488.0,891648.66145
2026-06-30,4242,"Биржевой паевой инвестиционный фонд рыночных финансовых инструментов ""ДОХОДЪ Индекс дивидендных акций""",Биржевой,Сформирован,643-RUB,922955163.2,1023.61,17374.0,901670.61278
2026-07-31,4242,"Биржевой паевой инвестиционный фонд рыночных финансовых инструментов ""ДОХОДЪ Индекс дивидендных акций""",Биржевой,Сформирован,643-RUB,949829943.65,1053.41,17247.0,901670.61278
2026-01-30,4243,Открытый паевой инвестиционный фонд рыночных финансовых инструментов «ВИМ - Сбалансированный. Российские эмитенты»,Открытый,Сформирован,643-RUB,877655801.09,1211.09,3678.0,724771.9114163998
2026-02-27,4243,Открытый паевой инвестиционный фонд рыночных финансовых инструментов «ВИМ - Сбалансированный. Российские эмитенты»,Открытый,Сформирован,643-RUB,881102159.23,1236.11,3641.0,712803.217289
2026-03-31,4243,Открытый паевой инвестиционный фонд рыночных финансовых инструментов «ВИМ - Сбалансированный. Российские эмитенты»,Открытый,Сформирован,643-RUB,843583753.57,1199.22,3544.0,703442.3226220001
2026-04-30,4243,Открытый паевой инвестиционный фонд рыночных финансовых инструментов «ВИМ - Сбалансированный. Российские эмитенты»,Открытый,Сформирован,643-RUB,803448300.05,1184.1,3458.0,678532.9896119997
2026-05-29,4243,Открытый паевой инвестиционный фонд рыночных финансовых инструментов «ВИМ - Сбалансированный. Российские эмитенты»,Открытый,Сформирован,643-RUB,791267452.22,1181.44,3378.0,669746.1622060002
2026-06-30,4243,Открытый паевой инвестиционный фонд рыночных финансовых инструментов «ВИМ - Сбалансированный. Российские эмитенты»,Открытый,Сформирован,643-RUB,721792213.01,1108.12,3277.0,651364.898363
2026-07-31,4243,Открытый паевой инвестиционный фонд рыночных финансовых инструментов «ВИМ - Сбалансированный. Российские эмитенты»,Открытый,Сформирован,643-RUB,709006223.45,1109.02,3201.0,639309.055127
2026-01-30,4252,Закрытый паевой инвестиционный фонд рыночных финансовых инструментов «Американский рынок»,Закрытый,Сформирован,643-RUB,284719.97,59.0,4.0,4825.371887
2026-02-27,4252,Закрытый паевой инвестиционный фонд рыночных финансовых инструментов «Американский рынок»,Закрытый,Сформирован,643-RUB,284719.97,59.0,4.0,4825.371887
2026-03-31,4252,Закрытый паевой инвестиционный фонд рыночных финансовых инструментов «Американский рынок»,Закрытый,Сформирован,643-RUB,284719.97,59.0,4.0,4825.371887
2026-04-30,4252,Закрытый паевой инвестиционный фонд рыночных финансовых инструментов «Американский рынок»,Закрытый,Сформирован,643-RUB,284719.97,59.0,4.0,4825.371887
2026-05-29,4252,Закрытый паевой инвестиционный фонд рыночных финансовых инструментов «Американский рынок»,Закрытый,Сформирован,643-RUB,284719.97,59.0,4.0,4825.371887
2026-06-30,4252,Закрытый паевой инвестиционный фонд рыночных финансовых инструментов «Американский рынок»,Закрытый,Сформирован,643-RUB,284719.97,59.0,4.0,4825.371887
2026-07-31,4252,Закрытый паевой инвестиционный фонд рыночных финансовых инструментов «Американский рынок»,Закрытый,Сформирован,643-RUB,284719.97,59.0,4.0,4825.371887
2026-01-30,4265,Закрытый паевой инвестиционный фонд недвижимости «Альфа-Капитал ФастФуд»,Закрытый,Сформирован,643-RUB,275294849.05,323408.38,182.0,851.2298
2026-02-27,4265,Закрытый паевой инвестиционный фонд недвижимости «Альфа-Капитал ФастФуд»,Закрытый,Сформирован,643-RUB,277984101.85,326567.63,182.0,851.2298
2026-03-31,4265,Закрытый паевой инвестиционный фонд недвижимости «Альфа-Капитал ФастФуд»,Закрытый,Сформирован,643-RUB,273868209.74,321732.4,182.0,851.2297999999998
2026-04-30,4265,Закрытый паевой инвестиционный фонд недвижимости «Альфа-Капитал ФастФуд»,Закрытый,Сформирован,643-RUB,275564093.56,323724.68,182.0,851.2297999999998
2026-05-29,4265,Закрытый паевой инвестиционный фонд недвижимости «Альфа-Капитал ФастФуд»,Закрытый,Сформирован,643-RUB,277527747.22,326031.52,182.0,851.2297999999998
2026-06-30,4265,Закрытый паевой инвестиционный фонд недвижимости «Альфа-Капитал ФастФуд»,Закрытый,Сформирован,643-RUB,258466503.77,303638.93,182.0,851.2298000000001
2026-07-31,4265,Закрытый паевой инвестиционный фонд недвижимости «Альфа-Капитал ФастФуд»,Закрытый,Сформирован,643-RUB,259994739.85,305434.26,182.0,851.2298
2026-01-30,4266,Открытый паевой инвестиционный фонд рыночных финансовых инструментов «РЕГИОН Доходные облигации»,Открытый,Сформирован,643-RUB,15406216.24,1540.62,1.0,10000.0
2026-02-27,4266,Открытый паевой инвестиционный фонд рыночных финансовых инструментов «РЕГИОН Доходные облигации»,Открытый,Сформирован,643-RUB,15647733.55,1563.16,3.0,10010.34293
2026-03-31,4266,Открытый паевой инвестиционный фонд рыночных финансовых инструментов «РЕГИОН Доходные облигации»,Открытый,Сформирован,643-RUB,15865858.38,1585.13,3.0,10009.20371
2026-04-30,4266,Открытый паевой инвестиционный фонд рыночных финансовых инструментов «РЕГИОН Доходные облигации»,Открытый,Сформирован,643-RUB,16042979.67,1602.82,3.0,10009.20371
2026-05-29,4266,Открытый паевой инвестиционный фонд рыночных финансовых инструментов «РЕГИОН Доходные облигации»,Открытый,Сформирован,643-RUB,16157856.96,1614.15,3.0,10010.15474
2026-06-30,4266,Открытый паевой инвестиционный фонд рыночных финансовых инструментов «РЕГИОН Доходные облигации»,Открытый,Сформирован,643-RUB,16043267.23,1602.7,3.0,10010.15474
2026-07-31,4266,Открытый паевой инвестиционный фонд рыночных финансовых инструментов «РЕГИОН Доходные облигации»,Открытый,Сформирован,643-RUB,16301386.97,1628.49,3.0,10010.15474
2026-01-30,4275,Открытый паевой инвестиционный фонд рыночных финансовых инструментов «Российские доходные облигации»,Открытый,Сформирован,643-RUB,888757621.49,1569.98,541.0,566094.5004800002
2026-02-27,4275,Открытый паевой инвестиционный фонд рыночных финансовых инструментов «Российские доходные облигации»,Открытый,Сформирован,643-RUB,969010236.23,1591.09,540.0,609023.8761499998
2026-03-31,4275,Открытый паевой инвестиционный фонд рыночных финансовых инструментов «Российские доходные облигации»,Открытый,Сформирован,643-RUB,1026887341.17,1617.12,547.0,635011.7710200006
2026-04-30,4275,Открытый паевой инвестиционный фонд рыночных финансовых инструментов «Российские доходные облигации»,Открытый,Сформирован,643-RUB,1166134915.59,1633.15,541.0,714039.1769199999
2026-05-29,4275,Открытый паевой инвестиционный фонд рыночных финансовых инструментов «Российские доходные облигации»,Открытый,Сформирован,643-RUB,1274067513.88,1651.0,532.0,771696.3684400002
2026-06-30,4275,Открытый паевой инвестиционный фонд рыночных финансовых инструментов «Российские доходные облигации»,Открытый,Сформирован,643-RUB,1333930145.59,1656.44,514.0,805297.5120800001
2026-07-31,4275,Открытый паевой инвестиционный фонд рыночных финансовых инструментов «Российские доходные облигации»,Открытый,Сформирован,643-RUB,1386998607.24,1675.71,497.0,827709.33341
2026-01-30,4301,Биржевой паевой инвестиционный фонд рыночных финансовых инструментов «БКС Облигации повышенной доходности»,Биржевой,Сформирован,643-RUB,525602196.44,15.30924,18131.0,34347829.65706
2026-02-27,4301,Биржевой паевой инвестиционный фонд рыночных финансовых инструментов «БКС Облигации повышенной доходности»,Биржевой,Сформирован,643-RUB,490438592.38,15.56585,17957.0,31507344.65706
2026-03-31,4301,Биржевой паевой инвестиционный фонд рыночных финансовых инструментов «БКС Облигации повышенной доходности»,Биржевой,Сформирован,643-RUB,514605962.94,15.97633,19221.0,32210530.98399
2026-04-30,4301,Биржевой паевой инвестиционный фонд рыночных финансовых инструментов «БКС Облигации повышенной доходности»,Биржевой,Сформирован,643-RUB,578220605.02,16.25837,19677.0,35564486.00855
2026-05-29,4301,Биржевой паевой инвестиционный фонд рыночных финансовых инструментов «БКС Облигации повышенной доходности»,Биржевой,Сформирован,643-RUB,632447960.54,16.45419,19996.0,38436882.598340005
2026-06-30,4301,Биржевой паевой инвестиционный фонд рыночных финансовых инструментов «БКС Облигации повышенной доходности»,Биржевой,Сформирован,643-RUB,717045461.05,16.54578,20183.0,43337050.39267
2026-07-31,4301,Биржевой паевой инвестиционный фонд рыночных финансовых инструментов «БКС Облигации повышенной доходности»,Биржевой,Сформирован,643-RUB,641999883.36,16.85745,19893.0,38084050.39267
2026-01-30,4321,Закрытый паевой инвестиционный фонд недвижимости «АКТИВО ШЕСТНАДЦАТЬ»,Закрытый,Сформирован,643-RUB,1099700579.45,380914.64,449.0,2887.0
2026-02-27,4321,Закрытый паевой инвестиционный фонд недвижимости «АКТИВО ШЕСТНАДЦАТЬ»,Закрытый,Сформирован,643-RUB,1114324707.02,385980.15,455.0,2887.0
2026-03-31,4321,Закрытый паевой инвестиционный фонд недвижимости «АКТИВО ШЕСТНАДЦАТЬ»,Закрытый,Сформирован,643-RUB,1008514915.11,349329.72,456.0,2887.0
2026-04-30,4321,Закрытый паевой инвестиционный фонд недвижимости «АКТИВО ШЕСТНАДЦАТЬ»,Закрытый,Сформирован,643-RUB,1128238926.39,390799.77,465.0,2887.0
2026-05-29,4321,Закрытый паевой инвестиционный фонд недвижимости «АКТИВО ШЕСТНАДЦАТЬ»,Закрытый,Сформирован,643-RUB,1129540737.74,391250.69,470.0,2887.0
2026-06-30,4321,Закрытый паевой инвестиционный фонд недвижимости «АКТИВО ШЕСТНАДЦАТЬ»,Закрытый,Сформирован,643-RUB,1112334515.97,385290.79,469.0,2887.0
2026-07-31,4321,Закрытый паевой инвестиционный фонд недвижимости «АКТИВО ШЕСТНАДЦАТЬ»,Закрытый,Сформирован,643-RUB,1134572486.43,392993.59,471.0,2887.0
2026-01-30,4330,Биржевой паевой инвестиционный фонд рыночных финансовых инструментов «АТОН – Российские акции +»,Биржевой,Сформирован,643-RUB,575026638.63,119.01,8509.0,4831588.92766
2026-02-27,4330,Биржевой паевой инвестиционный фонд рыночных финансовых инструментов «АТОН – Российские акции +»,Биржевой,Сформирован,643-RUB,582807280.47,120.62,8742.0,4831587.92766
2026-03-31,4330,Биржевой паевой инвестиционный фонд рыночных финансовых инструментов «АТОН – Российские акции +»,Биржевой,Сформирован,643-RUB,628499282.08,118.09,8925.0,5322191.64401
2026-04-30,4330,Биржевой паевой инвестиционный фонд рыночных финансовых инструментов «АТОН – Российские акции +»,Биржевой,Сформирован,643-RUB,660701414.86,113.75,9006.0,5808307.64367
2026-05-29,4330,Биржевой паевой инвестиционный фонд рыночных финансовых инструментов «АТОН – Российские акции +»,Биржевой,Сформирован,643-RUB,731360370.93,111.64,8934.0,6550786.46552
2026-06-30,4330,Биржевой паевой инвестиционный фонд рыночных финансовых инструментов «АТОН – Российские акции +»,Биржевой,Сформирован,643-RUB,668986728.35,102.12,8824.0,6550786.46552
2026-07-31,4330,Биржевой паевой инвестиционный фонд рыночных финансовых инструментов «АТОН – Российские акции +»,Биржевой,Сформирован,643-RUB,713921442.38,98.96,8809.0,7214034.52913
2026-01-30,4344,Открытый паевой инвестиционный фонд рыночных финансовых инструментов «Мировые доходные облигации»,Открытый,Сформирован,643-RUB,85671909.66,1004.33,127.0,85302.27562999999
2026-02-27,4344,Открытый паевой инвестиционный фонд рыночных финансовых инструментов «Мировые доходные облигации»,Открытый,Сформирован,643-RUB,86525995.6,1014.29,127.0,85306.86558
2026-03-31,4344,Открытый паевой инвестиционный фонд рыночных финансовых инструментов «Мировые доходные облигации»,Открытый,Сформирован,643-RUB,88700129.64,1052.79,121.0,84252.26223
2026-04-30,4344,Открытый паевой инвестиционный фонд рыночных финансовых инструментов «Мировые доходные облигации»,Открытый,Сформирован,643-RUB,99773183.54,1008.07,118.0,98974.13957
2026-05-29,4344,Открытый паевой инвестиционный фонд рыночных финансовых инструментов «Мировые доходные облигации»,Открытый,Сформирован,643-RUB,133122570.59,980.08,119.0,135828.58801
2026-06-30,4344,Открытый паевой инвестиционный фонд рыночных финансовых инструментов «Мировые доходные облигации»,Открытый,Сформирован,643-RUB,142779186.07,1048.21,118.0,136212.70814000003
2026-07-31,4344,Открытый паевой инвестиционный фонд рыночных финансовых инструментов «Мировые доходные облигации»,Открытый,Сформирован,643-RUB,144070041.65,1047.75,118.0,137504.25969
2026-01-30,4362,"Биржевой паевой инвестиционный фонд рыночных финансовых инструментов «РСХБ – Облигации, вектор И.Эс.Джи»",Биржевой,Сформирован,643-RUB,47317398.26,860.27,153.0,55003.0
2026-02-27,4362,"Биржевой паевой инвестиционный фонд рыночных финансовых инструментов «РСХБ – Облигации, вектор И.Эс.Джи»",Биржевой,Сформирован,643-RUB,47556942.76,864.62,156.0,55003.0
2026-03-31,4362,"Биржевой паевой инвестиционный фонд рыночных финансовых инструментов «РСХБ – Облигации, вектор И.Эс.Джи»",Биржевой,Сформирован,643-RUB,49535915.98,900.6,153.0,55003.0
2026-04-30,4362,"Биржевой паевой инвестиционный фонд рыночных финансовых инструментов «РСХБ – Облигации, вектор И.Эс.Джи»",Биржевой,Сформирован,643-RUB,47284008.05,859.66,158.0,55003.0
2026-05-29,4362,"Биржевой паевой инвестиционный фонд рыночных финансовых инструментов «РСХБ – Облигации, вектор И.Эс.Джи»",Биржевой,Сформирован,643-RUB,45961355.48,835.62,159.0,55003.0
2026-06-30,4362,"Биржевой паевой инвестиционный фонд рыночных финансовых инструментов «РСХБ – Облигации, вектор И.Эс.Джи»",Биржевой,Сформирован,643-RUB,49379260.08,897.76,153.0,55003.0
2026-07-31,4362,"Биржевой паевой инвестиционный фонд рыночных финансовых инструментов «РСХБ – Облигации, вектор И.Эс.Джи»",Биржевой,Сформирован,643-RUB,49464168.25,899.3,155.0,55003.0
2026-01-30,4416,Закрытый паевой инвестиционный фонд недвижимости «Современный 7»,Закрытый,Сформирован,643-RUB,112894211809.33,125404.89,72885.0,900237.710879
2026-02-27,4416,Закрытый паевой инвестиционный фонд недвижимости «Современный 7»,Закрытый,Сформирован,643-RUB,114517221543.61,127207.76,65394.0,830819.1417699998
2026-03-31,4416,Закрытый паевой инвестиционный фонд недвижимости «Современный 7»,Закрытый,Сформирован,643-RUB,113060304861.71,125589.39,73254.0,900237.7108790005
2026-04-30,4416,Закрытый паевой инвестиционный фонд недвижимости «Современный 7»,Закрытый,Сформирован,643-RUB,114108143213.23,126753.35,73328.0,900237.7108800005
2026-05-29,4416,Закрытый паевой инвестиционный фонд недвижимости «Современный 7»,Закрытый,Сформирован,643-RUB,115502341648.3,128302.05,73419.0,900237.7108790001
2026-06-30,4416,Закрытый паевой инвестиционный фонд недвижимости «Современный 7»,Закрытый,Сформирован,643-RUB,114666529708.76,127373.61,73451.0,900237.7108780002
2026-07-31,4416,Закрытый паевой инвестиционный фонд недвижимости «Современный 7»,Закрытый,Сформирован,643-RUB,116184279440.74,129059.56,73529.0,900237.710879
2026-01-30,4426,Биржевой паевой инвестиционный фонд рыночных финансовых инструментов «Первая – Фонд Осторожный смарт»,Биржевой,Сформирован,643-RUB,2167522942.57,13.8794,7257.0,156168143.0
2026-02-27,4426,Биржевой паевой инвестиционный фонд рыночных финансовых инструментов «Первая – Фонд Осторожный смарт»,Биржевой,Сформирован,643-RUB,3638424128.11,14.0337,8113.0,259263162.0
2026-03-31,4426,Биржевой паевой инвестиционный фонд рыночных финансовых инструментов «Первая – Фонд Осторожный смарт»,Биржевой,Сформирован,643-RUB,5107630165.43,14.209,8979.0,359463263.0
2026-04-30,4426,Биржевой паевой инвестиционный фонд рыночных финансовых инструментов «Первая – Фонд Осторожный смарт»,Биржевой,Сформирован,643-RUB,4809084754.96,14.3352,9001.0,335473204.0
2026-05-29,4426,Биржевой паевой инвестиционный фонд рыночных финансовых инструментов «Первая – Фонд Осторожный смарт»,Биржевой,Сформирован,643-RUB,2525106475.34,14.3903,8468.0,175473204.0
2026-06-30,4426,Биржевой паевой инвестиционный фонд рыночных финансовых инструментов «Первая – Фонд Осторожный смарт»,Биржевой,Сформирован,643-RUB,1463540933.2,14.0088,8173.0,104473204.0
2026-07-31,4426,Биржевой паевой инвестиционный фонд рыночных финансовых инструментов «Первая – Фонд Осторожный смарт»,Биржевой,Сформирован,643-RUB,1203659258.03,14.249,10108.0,84473204.0
2026-01-30,4427,Биржевой паевой инвестиционный фонд рыночных финансовых инструментов «Первая – Фонд Моя цель 2035»,Биржевой,Сформирован,643-RUB,143668108.14,2.9684,15162.0,48398360.0
2026-02-27,4427,Биржевой паевой инвестиционный фонд рыночных финансовых инструментов «Первая – Фонд Моя цель 2035»,Биржевой,Сформирован,643-RUB,144669342.03,2.9891,15495.0,48398360.0
2026-03-31,4427,Биржевой паевой инвестиционный фонд рыночных финансовых инструментов «Первая – Фонд Моя цель 2035»,Биржевой,Сформирован,643-RUB,237713549.4,3.0298,15807.0,78458787.0
2026-04-30,4427,Биржевой паевой инвестиционный фонд рыночных финансовых инструментов «Первая – Фонд Моя цель 2035»,Биржевой,Сформирован,643-RUB,230478334.83,2.9376,15905.0,78458787.0
2026-05-29,4427,Биржевой паевой инвестиционный фонд рыночных финансовых инструментов «Первая – Фонд Моя цель 2035»,Биржевой,Сформирован,643-RUB,169559827.03,2.9005,15792.0,58458787.0
2026-06-30,4427,Биржевой паевой инвестиционный фонд рыночных финансовых инструментов «Первая – Фонд Моя цель 2035»,Биржевой,Сформирован,643-RUB,159718001.83,2.7321,15743.0,58458787.0
2026-07-31,4427,Биржевой паевой инвестиционный фонд рыночных финансовых инструментов «Первая – Фонд Моя цель 2035»,Биржевой,Сформирован,643-RUB,157101046.82,2.6874,15750.0,58458787.0
2026-01-30,4428,Биржевой паевой инвестиционный фонд рыночных финансовых инструментов «Первая - Фонд Моя цель 2045»,Биржевой,Сформирован,643-RUB,65250448.83,3.6092,10216.0,18079089.0
2026-02-27,4428,Биржевой паевой инвестиционный фонд рыночных финансовых инструментов «Первая - Фонд Моя цель 2045»,Биржевой,Сформирован,643-RUB,65457163.73,3.6206,10293.0,18079089.0
2026-03-31,4428,Биржевой паевой инвестиционный фонд рыночных финансовых инструментов «Первая - Фонд Моя цель 2045»,Биржевой,Сформирован,643-RUB,121168860.47,3.6654,10474.0,33057560.0
2026-04-30,4428,Биржевой паевой инвестиционный фонд рыночных финансовых инструментов «Первая - Фонд Моя цель 2045»,Биржевой,Сформирован,643-RUB,116867714.69,3.5353,10586.0,33057560.0
2026-05-29,4428,Биржевой паевой инвестиционный фонд рыночных финансовых инструментов «Первая - Фонд Моя цель 2045»,Биржевой,Сформирован,643-RUB,115176211.12,3.4841,10508.0,33057560.0
2026-06-30,4428,Биржевой паевой инвестиционный фонд рыночных финансовых инструментов «Первая - Фонд Моя цель 2045»,Биржевой,Сформирован,643-RUB,106906282.41,3.2339,10488.0,33057560.0
2026-07-31,4428,Биржевой паевой инвестиционный фонд рыночных финансовых инструментов «Первая - Фонд Моя цель 2045»,Биржевой,Сформирован,643-RUB,105101570.22,3.1794,10463.0,33057560.0
2026-01-30,4429,Биржевой паевой инвестиционный фонд рыночных финансовых инструментов «Первая – Фонд Вечный портфель»,Биржевой,Сформирован,643-RUB,9835216877.96,4.4408,86417.0,2214733578.0
2026-02-27,4429,Биржевой паевой инвестиционный фонд рыночных финансовых инструментов «Первая – Фонд Вечный портфель»,Биржевой,Сформирован,643-RUB,14515533234.92,4.5829,91721.0,3167316460.0
2026-03-31,4429,Биржевой паевой инвестиционный фонд рыночных финансовых инструментов «Первая – Фонд Вечный портфель»,Биржевой,Сформирован,643-RUB,11913455451.43,4.4086,91742.0,2702316460.0
2026-04-30,4429,Биржевой паевой инвестиционный фонд рыночных финансовых инструментов «Первая – Фонд Вечный портфель»,Биржевой,Сформирован,643-RUB,9724508523.27,4.1965,89190.0,2317316460.0
2026-05-29,4429,Биржевой паевой инвестиционный фонд рыночных финансовых инструментов «Первая – Фонд Вечный портфель»,Биржевой,Сформирован,643-RUB,8364246909.92,4.0366,87535.0,2072117195.0
2026-06-30,4429,Биржевой паевой инвестиционный фонд рыночных финансовых инструментов «Первая – Фонд Вечный портфель»,Биржевой,Сформирован,643-RUB,7111767619.05,3.8733,86598.0,1836117195.0
2026-07-31,4429,Биржевой паевой инвестиционный фонд рыночных финансовых инструментов «Первая – Фонд Вечный портфель»,Биржевой,Сформирован,643-RUB,6338972138.95,3.8487,85014.0,1647059307.0
2026-01-30,4431,Биржевой паевой инвестиционный фонд рыночных финансовых инструментов «Первая – Фонд Консервативный»,Биржевой,Сформирован,643-RUB,29969715044.83,16.8221,226298.0,1781563708.0
2026-02-27,4431,Биржевой паевой инвестиционный фонд рыночных финансовых инструментов «Первая – Фонд Консервативный»,Биржевой,Сформирован,643-RUB,62166257631.51,17.0223,235747.0,3652050167.0
2026-03-31,4431,Биржевой паевой инвестиционный фонд рыночных финансовых инструментов «Первая – Фонд Консервативный»,Биржевой,Сформирован,643-RUB,84628168714.12,17.2458,240607.0,4907183572.0
2026-04-30,4431,Биржевой паевой инвестиционный фонд рыночных финансовых инструментов «Первая – Фонд Консервативный»,Биржевой,Сформирован,643-RUB,89939006028.65,17.4712,243140.0,5147855049.0
2026-05-29,4431,Биржевой паевой инвестиционный фонд рыночных финансовых инструментов «Первая – Фонд Консервативный»,Биржевой,Сформирован,643-RUB,80985036391.94,17.6906,259945.0,4577855049.0
2026-06-30,4431,Биржевой паевой инвестиционный фонд рыночных финансовых инструментов «Первая – Фонд Консервативный»,Биржевой,Сформирован,643-RUB,83433919501.07,17.9128,292171.0,4657778421.0
2026-07-31,4431,Биржевой паевой инвестиционный фонд рыночных финансовых инструментов «Первая – Фонд Консервативный»,Биржевой,Сформирован,643-RUB,107922403777.76,18.0963,308319.0,5963790853.0
2026-01-30,4436,Закрытый паевой инвестиционный фонд рыночных финансовых инструментов «Альфа-Капитал Медицина»,Закрытый,Сформирован,643-RUB,87124207.71,19.14,11093.0,4550943.2669
2026-02-27,4436,Закрытый паевой инвестиционный фонд рыночных финансовых инструментов «Альфа-Капитал Медицина»,Закрытый,Сформирован,643-RUB,73220570.0,16.09,11096.0,4550943.2669
2026-03-31,4436,Закрытый паевой инвестиционный фонд рыночных финансовых инструментов «Альфа-Капитал Медицина»,Закрытый,Сформирован,643-RUB,77182979.23,16.96,11096.0,4550943.2669
2026-04-30,4436,Закрытый паевой инвестиционный фонд рыночных финансовых инструментов «Альфа-Капитал Медицина»,Закрытый,Сформирован,643-RUB,71092829.25,15.62,11096.0,4550943.2669
2026-05-29,4436,Закрытый паевой инвестиционный фонд рыночных финансовых инструментов «Альфа-Капитал Медицина»,Закрытый,Сформирован,643-RUB,67761375.08,14.89,11096.0,4550943.2669
2026-06-30,4436,Закрытый паевой инвестиционный фонд рыночных финансовых инструментов «Альфа-Капитал Медицина»,Закрытый,Сформирован,643-RUB,73820670.37,16.22,11096.0,4550943.2669
2026-07-31,4436,Закрытый паевой инвестиционный фонд рыночных финансовых инструментов «Альфа-Капитал Медицина»,Закрытый,Сформирован,643-RUB,75817587.14,16.66,11096.0,4550943.2669
2026-01-30,4444,Биржевой паевой инвестиционный фонд рыночных финансовых инструментов «ДОХОДЪ Индекс акций роста»,Биржевой,Сформирован,643-RUB,202680033.81,840.51,4050.0,241138.79817
2026-02-27,4444,Биржевой паевой инвестиционный фонд рыночных финансовых инструментов «ДОХОДЪ Индекс акций роста»,Биржевой,Сформирован,643-RUB,204105097.8,846.42,4028.0,241138.79817
2026-03-31,4444,Биржевой паевой инвестиционный фонд рыночных финансовых инструментов «ДОХОДЪ Индекс акций роста»,Биржевой,Сформирован,643-RUB,197090179.52,817.33,3988.0,241138.79817
2026-04-30,4444,Биржевой паевой инвестиционный фонд рыночных финансовых инструментов «ДОХОДЪ Индекс акций роста»,Биржевой,Сформирован,643-RUB,192521489.54,798.38,3960.0,241138.79817
2026-05-29,4444,Биржевой паевой инвестиционный фонд рыночных финансовых инструментов «ДОХОДЪ Индекс акций роста»,Биржевой,Сформирован,643-RUB,192985750.92,788.07,3953.0,244883.88275
2026-06-30,4444,Биржевой паевой инвестиционный фонд рыночных финансовых инструментов «ДОХОДЪ Индекс акций роста»,Биржевой,Сформирован,643-RUB,183000248.51,726.47,3939.0,251902.21463
2026-07-31,4444,Биржевой паевой инвестиционный фонд рыночных финансовых инструментов «ДОХОДЪ Индекс акций роста»,Биржевой,Сформирован,643-RUB,183015197.69,706.39,3951.0,259086.01946
2026-01-30,4445,Открытый паевой инвестиционный фонд рыночных финансовых инструментов «Арикапитал – Мировые рынки»,Открытый,Сформирован,643-RUB,343728347.55,1887.35,69.0,182121.74817
2026-02-27,4445,Открытый паевой инвестиционный фонд рыночных финансовых инструментов «Арикапитал – Мировые рынки»,Открытый,Сформирован,643-RUB,348862876.62,1927.21,68.0,181019.75961000004
2026-03-31,4445,Открытый паевой инвестиционный фонд рыночных финансовых инструментов «Арикапитал – Мировые рынки»,Открытый,Сформирован,643-RUB,369029127.5,2050.18,67.0,179998.53902000003
2026-04-30,4445,Открытый паевой инвестиционный фонд рыночных финансовых инструментов «Арикапитал – Мировые рынки»,Открытый,Сформирован,643-RUB,361829423.02,1956.17,71.0,184968.03859
2026-05-29,4445,Открытый паевой инвестиционный фонд рыночных финансовых инструментов «Арикапитал – Мировые рынки»,Открытый,Сформирован,643-RUB,351233830.08,1894.46,75.0,185400.21470000004
2026-06-30,4445,Открытый паевой инвестиционный фонд рыночных финансовых инструментов «Арикапитал – Мировые рынки»,Открытый,Сформирован,643-RUB,390359306.92,2065.46,76.0,188993.83504000003
2026-07-31,4445,Открытый паевой инвестиционный фонд рыночных финансовых инструментов «Арикапитал – Мировые рынки»,Открытый,Сформирован,643-RUB,405680669.91,2079.37,80.0,195098.30541
2026-01-30,4452,Закрытый паевой инвестиционный фонд рыночных финансовых инструментов «РСХБ - Фонд Глобальной аллокации»,Закрытый,Сформирован,643-RUB,107428635.5,331.46,1371.0,324110.08993
2026-02-27,4452,Закрытый паевой инвестиционный фонд рыночных финансовых инструментов «РСХБ - Фонд Глобальной аллокации»,Закрытый,Сформирован,643-RUB,108746329.38,335.52,1371.0,324110.08993
2026-03-31,4452,Закрытый паевой инвестиционный фонд рыночных финансовых инструментов «РСХБ - Фонд Глобальной аллокации»,Закрытый,Сформирован,643-RUB,113831895.55,351.21,1371.0,324110.0899300001
2026-04-30,4452,Закрытый паевой инвестиционный фонд рыночных финансовых инструментов «РСХБ - Фонд Глобальной аллокации»,Закрытый,Сформирован,643-RUB,106090069.56,327.33,1371.0,324110.08993
2026-05-29,4452,Закрытый паевой инвестиционный фонд рыночных финансовых инструментов «РСХБ - Фонд Глобальной аллокации»,Закрытый,Сформирован,643-RUB,123635079.63,381.46,1371.0,324110.08993
2026-06-30,4452,Закрытый паевой инвестиционный фонд рыночных финансовых инструментов «РСХБ - Фонд Глобальной аллокации»,Закрытый,Сформирован,643-RUB,133256339.43,411.15,1371.0,324110.0899300001
2026-07-31,4452,Закрытый паевой инвестиционный фонд рыночных финансовых инструментов «РСХБ - Фонд Глобальной аллокации»,Закрытый,Сформирован,643-RUB,136634050.65,421.57,1371.0,324110.08993
2026-01-30,4453,Закрытый паевой инвестиционный фонд рыночных финансовых инструментов «РСХБ – Фонд Умеренно консервативный. Доллары»,Закрытый,Сформирован,643-RUB,7468938.98,557.82,623.0,13389.46183
2026-02-27,4453,Закрытый паевой инвестиционный фонд рыночных финансовых инструментов «РСХБ – Фонд Умеренно консервативный. Доллары»,Закрытый,Сформирован,643-RUB,7568563.34,565.26,623.0,13389.46183
2026-03-31,4453,Закрытый паевой инвестиционный фонд рыночных финансовых инструментов «РСХБ – Фонд Умеренно консервативный. Доллары»,Закрытый,Сформирован,643-RUB,7853869.13,586.57,623.0,13389.461829999991
2026-04-30,4453,Закрытый паевой инвестиционный фонд рыночных финансовых инструментов «РСХБ – Фонд Умеренно консервативный. Доллары»,Закрытый,Сформирован,643-RUB,7456509.58,556.89,623.0,13389.46183
2026-05-29,4453,Закрытый паевой инвестиционный фонд рыночных финансовых инструментов «РСХБ – Фонд Умеренно консервативный. Доллары»,Закрытый,Сформирован,643-RUB,7980645.52,596.04,623.0,13389.461829999997
2026-06-30,4453,Закрытый паевой инвестиционный фонд рыночных финансовых инструментов «РСХБ – Фонд Умеренно консервативный. Доллары»,Закрытый,Сформирован,643-RUB,8413531.52,628.37,623.0,13389.461829999998
2026-07-31,4453,Закрытый паевой инвестиционный фонд рыночных финансовых инструментов «РСХБ – Фонд Умеренно консервативный. Доллары»,Закрытый,Сформирован,643-RUB,5057005.87,639.06,623.0,7913.17202
2026-01-30,4458,Биржевой паевой инвестиционный фонд рыночных финансовых инструментов «Т-Капитал Облигации»,Биржевой,Сформирован,643-RUB,5769520860.5,7.798,433746.0,739870362.43185
2026-02-27,4458,Биржевой паевой инвестиционный фонд рыночных финансовых инструментов «Т-Капитал Облигации»,Биржевой,Сформирован,643-RUB,6088566819.36,7.9327,437637.0,767523585.42685
2026-03-31,4458,Биржевой паевой инвестиционный фонд рыночных финансовых инструментов «Т-Капитал Облигации»,Биржевой,Сформирован,643-RUB,7412303227.64,8.1073,448384.0,914269610.80195
2026-04-30,4458,Биржевой паевой инвестиционный фонд рыночных финансовых инструментов «Т-Капитал Облигации»,Биржевой,Сформирован,643-RUB,9731263357.33,8.2403,460949.0,1180938356.21565
2026-05-29,4458,Биржевой паевой инвестиционный фонд рыночных финансовых инструментов «Т-Капитал Облигации»,Биржевой,Сформирован,643-RUB,10542105430.35,8.3212,462459.0,1266894872.25928
2026-06-30,4458,Биржевой паевой инвестиционный фонд рыночных финансовых инструментов «Т-Капитал Облигации»,Биржевой,Сформирован,643-RUB,10628317914.48,8.2464,455995.0,1288843529.7203
2026-07-31,4458,Биржевой паевой инвестиционный фонд рыночных финансовых инструментов «Т-Капитал Облигации»,Биржевой,Сформирован,643-RUB,9744289835.37,8.3967,447398.0,1160491529.7203
2026-01-30,4459,Закрытый паевой инвестиционный фонд рыночных финансовых инструментов «Т-Капитал Индекс Экологически чистых технологий»,Закрытый,Сформирован,840-USD,44518.79,0.0006,62025.0,76772149.0
2026-02-27,4459,Закрытый паевой инвестиционный фонд рыночных финансовых инструментов «Т-Капитал Индекс Экологически чистых технологий»,Закрытый,Сформирован,840-USD,44466.41,0.0006,62057.0,76772149.0
2026-03-31,4459,Закрытый паевой инвестиционный фонд рыночных финансовых инструментов «Т-Капитал Индекс Экологически чистых технологий»,Закрытый,Сформирован,840-USD,43899.34,0.0006,62052.0,76772149.0
2026-04-30,4459,Закрытый паевой инвестиционный фонд рыночных финансовых инструментов «Т-Капитал Индекс Экологически чистых технологий»,Закрытый,Сформирован,840-USD,45299.84,0.0006,62055.0,76772149.0
2026-05-29,4459,Закрытый паевой инвестиционный фонд рыночных финансовых инструментов «Т-Капитал Индекс Экологически чистых технологий»,Закрытый,Сформирован,840-USD,46164.81,0.0006,62055.0,76772149.0
2026-06-30,4459,Закрытый паевой инвестиционный фонд рыночных финансовых инструментов «Т-Капитал Индекс Экологически чистых технологий»,Закрытый,Сформирован,840-USD,44862.89,0.0006,62053.0,76772149.0
2026-07-31,4459,Закрытый паевой инвестиционный фонд рыночных финансовых инструментов «Т-Капитал Индекс Экологически чистых технологий»,Закрытый,Сформирован,840-USD,44620.28,0.0006,62056.0,76772149.0
2026-01-30,4460,Закрытый паевой инвестиционный фонд рыночных финансовых инструментов «РСХБ – Фонд «Американский корпоративный долг – инвестиционный рейтинг»,Закрытый,Сформирован,643-RUB,30305793.3,21.23,12749.0,1427446.74399
2026-02-27,4460,Закрытый паевой инвестиционный фонд рыночных финансовых инструментов «РСХБ – Фонд «Американский корпоративный долг – инвестиционный рейтинг»,Закрытый,Сформирован,643-RUB,30718851.61,21.52,12757.0,1427446.7439899996
2026-03-31,4460,Закрытый паевой инвестиционный фонд рыночных финансовых инструментов «РСХБ – Фонд «Американский корпоративный долг – инвестиционный рейтинг»,Закрытый,Сформирован,643-RUB,32402893.67,22.7,12755.0,1427446.7439899994
2026-04-30,4460,Закрытый паевой инвестиционный фонд рыночных финансовых инструментов «РСХБ – Фонд «Американский корпоративный долг – инвестиционный рейтинг»,Закрытый,Сформирован,643-RUB,29809291.26,20.88,12755.0,1427446.7439899996
2026-05-29,4460,Закрытый паевой инвестиционный фонд рыночных финансовых инструментов «РСХБ – Фонд «Американский корпоративный долг – инвестиционный рейтинг»,Закрытый,Сформирован,643-RUB,33464314.95,23.44,12756.0,1427446.74399
2026-06-30,4460,Закрытый паевой инвестиционный фонд рыночных финансовых инструментов «РСХБ – Фонд «Американский корпоративный долг – инвестиционный рейтинг»,Закрытый,Сформирован,643-RUB,36494295.34,25.57,12755.0,1427446.74399
2026-07-31,4460,Закрытый паевой инвестиционный фонд рыночных финансовых инструментов «РСХБ – Фонд «Американский корпоративный долг – инвестиционный рейтинг»,Закрытый,Сформирован,643-RUB,37491531.62,26.26,12755.0,1427446.74399
2026-06-30,4471,Интервальный паевой инвестиционный фонд рыночных финансовых инструментов «Валютные облигации»,Интервальный,Сформирован,840-USD,15715591.53,35.87,1.0,438155.64716
2026-07-31,4471,Интервальный паевой инвестиционный фонд рыночных финансовых инструментов «Валютные облигации»,Интервальный,Сформирован,840-USD,15264304.9,35.35,1.0,431837.64716
2026-01-30,4474,Биржевой паевой инвестиционный фонд рыночных финансовых инструментов «МКБ – Российские Дивидендные Акции»,Биржевой,Сформирован,643-RUB,180210486.25,1011.0,499.0,178249.26033
2026-02-27,4474,Биржевой паевой инвестиционный фонд рыночных финансовых инструментов «МКБ – Российские Дивидендные Акции»,Биржевой,Сформирован,643-RUB,231987488.9,1018.81,496.0,227705.2445
2026-03-31,4474,Биржевой паевой инвестиционный фонд рыночных финансовых инструментов «МКБ – Российские Дивидендные Акции»,Биржевой,Сформирован,643-RUB,223938390.59,996.59,487.0,224705.2445
2026-04-30,4474,Биржевой паевой инвестиционный фонд рыночных финансовых инструментов «МКБ – Российские Дивидендные Акции»,Биржевой,Сформирован,643-RUB,221007565.92,983.54,495.0,224705.2445
2026-05-29,4474,Биржевой паевой инвестиционный фонд рыночных финансовых инструментов «МКБ – Российские Дивидендные Акции»,Биржевой,Сформирован,643-RUB,220490191.34,981.24,484.0,224705.2445
2026-06-30,4474,Биржевой паевой инвестиционный фонд рыночных финансовых инструментов «МКБ – Российские Дивидендные Акции»,Биржевой,Сформирован,643-RUB,193408778.0,909.28,480.0,212705.2445
2026-07-31,4474,Биржевой паевой инвестиционный фонд рыночных финансовых инструментов «МКБ – Российские Дивидендные Акции»,Биржевой,Сформирован,643-RUB,197930222.53,930.54,482.0,212705.2445
2026-01-30,4483,Биржевой паевой инвестиционный фонд рыночных финансовых инструментов «Ингосстрах – корпоративные облигации»,Биржевой,Сформирован,643-RUB,3212252588.72,152.92,9859.0,21006312.33551
2026-02-27,4483,Биржевой паевой инвестиционный фонд рыночных финансовых инструментов «Ингосстрах – корпоративные облигации»,Биржевой,Сформирован,643-RUB,3274374406.27,154.92,10067.0,21136196.75349
2026-03-31,4483,Биржевой паевой инвестиционный фонд рыночных финансовых инструментов «Ингосстрах – корпоративные облигации»,Биржевой,Сформирован,643-RUB,3367591250.56,158.09,10229.0,21302276.99851
2026-04-30,4483,Биржевой паевой инвестиционный фонд рыночных финансовых инструментов «Ингосстрах – корпоративные облигации»,Биржевой,Сформирован,643-RUB,3392353569.17,160.43,10232.0,21145700.45293
2026-05-29,4483,Биржевой паевой инвестиционный фонд рыночных финансовых инструментов «Ингосстрах – корпоративные облигации»,Биржевой,Сформирован,643-RUB,3446996028.54,162.2,10216.0,21251014.07465
2026-06-30,4483,Биржевой паевой инвестиционный фонд рыночных финансовых инструментов «Ингосстрах – корпоративные облигации»,Биржевой,Сформирован,643-RUB,3439659170.38,162.78,10099.0,21131014.07465
2026-07-31,4483,Биржевой паевой инвестиционный фонд рыночных финансовых инструментов «Ингосстрах – корпоративные облигации»,Биржевой,Сформирован,643-RUB,3424880788.91,165.05,9925.0,20751014.07465
2026-01-30,4490,Закрытый паевой инвестиционный фонд рыночных финансовых инструментов «Ингосстрах – облигации ЕМ»,Закрытый,Сформирован,643-RUB,531173.46,12.18,53.0,43600.57968
2026-02-27,4490,Закрытый паевой инвестиционный фонд рыночных финансовых инструментов «Ингосстрах – облигации ЕМ»,Закрытый,Сформирован,643-RUB,531173.46,12.18,53.0,43600.57967999999
2026-03-31,4490,Закрытый паевой инвестиционный фонд рыночных финансовых инструментов «Ингосстрах – облигации ЕМ»,Закрытый,Сформирован,643-RUB,531173.46,12.18,53.0,43600.57967999998
2026-04-30,4490,Закрытый паевой инвестиционный фонд рыночных финансовых инструментов «Ингосстрах – облигации ЕМ»,Закрытый,Сформирован,643-RUB,531173.46,12.18,53.0,43600.57967999998
2026-05-29,4490,Закрытый паевой инвестиционный фонд рыночных финансовых инструментов «Ингосстрах – облигации ЕМ»,Закрытый,Сформирован,643-RUB,531173.46,12.18,53.0,43600.57968
2026-06-30,4490,Закрытый паевой инвестиционный фонд рыночных финансовых инструментов «Ингосстрах – облигации ЕМ»,Закрытый,Сформирован,643-RUB,531173.46,12.18,53.0,43600.57967999998
2026-07-31,4490,Закрытый паевой инвестиционный фонд рыночных финансовых инструментов «Ингосстрах – облигации ЕМ»,Закрытый,Сформирован,643-RUB,531173.46,12.18,53.0,43600.57968
2026-01-30,4491,Закрытый паевой инвестиционный фонд рыночных финансовых инструментов «Акции США»,Закрытый,Сформирован,643-RUB,60756718.57,24.37,2492.0,2492783.1189609994
2026-02-27,4491,Закрытый паевой инвестиционный фонд рыночных финансовых инструментов «Акции США»,Закрытый,Сформирован,643-RUB,61499857.38,24.67,2495.0,2492783.118959999
2026-03-31,4491,Закрытый паевой инвестиционный фонд рыночных финансовых инструментов «Акции США»,Закрытый,Сформирован,643-RUB,64586409.03,25.91,2495.0,2492783.11896
2026-04-30,4491,Закрытый паевой инвестиционный фонд рыночных финансовых инструментов «Акции США»,Закрытый,Сформирован,643-RUB,60003378.48,24.07,2495.0,2492783.1189599987
2026-05-29,4491,Закрытый паевой инвестиционный фонд рыночных финансовых инструментов «Акции США»,Закрытый,Сформирован,643-RUB,64978736.23,26.07,2494.0,2492783.118959999
2026-06-30,4491,Закрытый паевой инвестиционный фонд рыночных финансовых инструментов «Акции США»,Закрытый,Сформирован,643-RUB,72166002.58,28.95,2493.0,2492783.118959999
2026-07-31,4491,Закрытый паевой инвестиционный фонд рыночных финансовых инструментов «Акции США»,Закрытый,Сформирован,643-RUB,72230190.81,28.98,2493.0,2492783.11896
2026-01-30,4500,Закрытый паевой инвестиционный фонд рыночных финансовых инструментов «БКС Восток-Запад»,Закрытый,Сформирован,840-USD,1047108.35,3.15,2146.0,332242.39864
2026-02-27,4500,Закрытый паевой инвестиционный фонд рыночных финансовых инструментов «БКС Восток-Запад»,Закрытый,Сформирован,840-USD,1045184.42,3.15,2146.0,332242.39864
2026-03-31,4500,Закрытый паевой инвестиционный фонд рыночных финансовых инструментов «БКС Восток-Запад»,Закрытый,Сформирован,840-USD,1043861.94,3.14,2146.0,332242.39864
2026-04-30,4500,Закрытый паевой инвестиционный фонд рыночных финансовых инструментов «БКС Восток-Запад»,Закрытый,Сформирован,840-USD,1045112.35,3.15,2146.0,332242.39864000014
2026-05-29,4500,Закрытый паевой инвестиционный фонд рыночных финансовых инструментов «БКС Восток-Запад»,Закрытый,Сформирован,840-USD,787622.17,2.37,2146.0,332242.39864
2026-06-30,4500,Закрытый паевой инвестиционный фонд рыночных финансовых инструментов «БКС Восток-Запад»,Закрытый,Сформирован,840-USD,784822.36,2.36,2146.0,332242.39864
2026-07-31,4500,Закрытый паевой инвестиционный фонд рыночных финансовых инструментов «БКС Восток-Запад»,Закрытый,Сформирован,840-USD,784780.4,2.36,2146.0,332242.39864
2026-01-30,4506,Биржевой паевой инвестиционный фонд рыночных финансовых инструментов «АТОН – Высокодоходные российские облигации»,Биржевой,Сформирован,643-RUB,79878170.11,152.19,2016.0,524848.58435
2026-02-27,4506,Биржевой паевой инвестиционный фонд рыночных финансовых инструментов «АТОН – Высокодоходные российские облигации»,Биржевой,Сформирован,643-RUB,80506502.15,153.39,2094.0,524848.58435
2026-03-31,4506,Биржевой паевой инвестиционный фонд рыночных финансовых инструментов «АТОН – Рублевые облигации»,Биржевой,Сформирован,643-RUB,99545529.28,155.92,2164.0,638451.92733
2026-04-30,4506,Биржевой паевой инвестиционный фонд рыночных финансовых инструментов «АТОН – Рублевые облигации»,Биржевой,Сформирован,643-RUB,327663194.63,158.35,2394.0,2069266.70591
2026-05-29,4506,Биржевой паевой инвестиционный фонд рыночных финансовых инструментов «АТОН – Рублевые облигации»,Биржевой,Сформирован,643-RUB,501278422.81,160.27,2523.0,3127715.63357
2026-06-30,4506,Биржевой паевой инвестиционный фонд рыночных финансовых инструментов «АТОН – Рублевые облигации»,Биржевой,Сформирован,643-RUB,698856153.44,160.57,2492.0,4352431.48636
2026-07-31,4506,Биржевой паевой инвестиционный фонд рыночных финансовых инструментов «АТОН – Рублевые облигации»,Биржевой,Сформирован,643-RUB,708203204.95,162.28,2387.0,4364116.48117
2026-01-30,4508,Закрытый паевой инвестиционный фонд недвижимости «РД 2»,Закрытый,Сформирован,643-RUB,24573417325.94,124431.34,11149.0,197485.75124
2026-02-27,4508,Закрытый паевой инвестиционный фонд недвижимости «РД 2»,Закрытый,Сформирован,643-RUB,25346662530.91,128346.79,11016.0,197485.75124
2026-03-31,4508,Закрытый паевой инвестиционный фонд недвижимости «РД 2»,Закрытый,Сформирован,643-RUB,25545650242.47,129354.4,11018.0,197485.75124
2026-04-30,4508,Закрытый паевой инвестиционный фонд недвижимости «РД 2»,Закрытый,Сформирован,643-RUB,25183072416.74,127518.43,11018.0,197485.75124
2026-05-29,4508,Закрытый паевой инвестиционный фонд недвижимости «РД 2»,Закрытый,Сформирован,643-RUB,25432643735.06,128782.17,10863.0,197485.75124
2026-06-30,4508,Закрытый паевой инвестиционный фонд недвижимости «РД 2»,Закрытый,Сформирован,643-RUB,25586418576.88,129560.83,10990.0,197485.75124
2026-07-31,4508,Закрытый паевой инвестиционный фонд недвижимости «РД 2»,Закрытый,Сформирован,643-RUB,25211061114.41,127660.15,10995.0,197485.75124
2026-01-30,4523,Биржевой паевой инвестиционный фонд рыночных финансовых инструментов «Открытие – Акции РФ»,Биржевой,В стадии прекращения,643-RUB,86927455.35,103.6,2236.0,839072.11476
2026-02-27,4523,Биржевой паевой инвестиционный фонд рыночных финансовых инструментов «Открытие – Акции РФ»,Биржевой,В стадии прекращения,643-RUB,0.0,0.0,,
2026-01-30,4524,Закрытый паевой инвестиционный фонд рыночных финансовых инструментов «Акции Азии»,Закрытый,Сформирован,643-RUB,79203659.65,13.58,2250.0,5831035.399969999
2026-02-27,4524,Закрытый паевой инвестиционный фонд рыночных финансовых инструментов «Акции Азии»,Закрытый,Сформирован,643-RUB,80171666.79,13.75,2250.0,5831035.39997
2026-03-31,4524,Закрытый паевой инвестиционный фонд рыночных финансовых инструментов «Акции Азии»,Закрытый,Сформирован,643-RUB,84287852.11,14.46,2250.0,5831035.399970002
2026-04-30,4524,Закрытый паевой инвестиционный фонд рыночных финансовых инструментов «Акции Азии»,Закрытый,Сформирован,643-RUB,78085826.79,13.39,2249.0,5831035.399969999
2026-05-29,4524,Закрытый паевой инвестиционный фонд рыночных финансовых инструментов «Акции Азии»,Закрытый,Сформирован,643-RUB,90563321.4,15.53,2249.0,5831035.399970001
2026-06-30,4524,Закрытый паевой инвестиционный фонд рыночных финансовых инструментов «Акции Азии»,Закрытый,Сформирован,643-RUB,100881323.78,17.3,2248.0,5831035.39997
2026-07-31,4524,Закрытый паевой инвестиционный фонд рыночных финансовых инструментов «Акции Азии»,Закрытый,Сформирован,643-RUB,100935983.43,17.31,2249.0,5831035.39997
2026-01-30,4525,Биржевой паевой инвестиционный фонд рыночных финансовых инструментов «Открытие – Облигации РФ»,Биржевой,В стадии прекращения,643-RUB,40975265.58,107.82,1315.0,380020.0
2026-02-27,4525,Биржевой паевой инвестиционный фонд рыночных финансовых инструментов «Открытие – Облигации РФ»,Биржевой,В стадии прекращения,643-RUB,0.0,0.0,,
2026-01-30,4526,Закрытый паевой инвестиционный фонд рыночных финансовых инструментов «Акции Европы»,Закрытый,Сформирован,643-RUB,50426966.14,27.2,1260.0,1853916.99701
2026-02-27,4526,Закрытый паевой инвестиционный фонд рыночных финансовых инструментов «Акции Европы»,Закрытый,Сформирован,643-RUB,50451438.74,27.21,1261.0,1854049.9970100005
2026-03-31,4526,Закрытый паевой инвестиционный фонд рыночных финансовых инструментов «Акции Европы»,Закрытый,Сформирован,643-RUB,51785073.73,27.93,1261.0,1854049.99701
2026-04-30,4526,Закрытый паевой инвестиционный фонд рыночных финансовых инструментов «Акции Европы»,Закрытый,Сформирован,643-RUB,48635871.08,26.23,1260.0,1854049.99701
2026-05-29,4526,Закрытый паевой инвестиционный фонд рыночных финансовых инструментов «Акции Европы»,Закрытый,Сформирован,643-RUB,46393793.55,25.02,1260.0,1854049.99701
2026-06-30,4526,Закрытый паевой инвестиционный фонд рыночных финансовых инструментов «Акции Европы»,Закрытый,Сформирован,643-RUB,49145428.13,26.51,1259.0,1854049.9970100005
2026-07-31,4526,Закрытый паевой инвестиционный фонд рыночных финансовых инструментов «Акции Европы»,Закрытый,Сформирован,643-RUB,50380660.27,27.17,1259.0,1854049.99701
2026-01-30,4527,Закрытый паевой инвестиционный фонд рыночных финансовых инструментов «Облигации США»,Закрытый,Сформирован,643-RUB,2787124.2,4.5,867.0,619623.7105099999
2026-02-27,4527,Закрытый паевой инвестиционный фонд рыночных финансовых инструментов «Облигации США»,Закрытый,Сформирован,643-RUB,2820691.1,4.55,868.0,619623.7105099999
2026-03-31,4527,Закрытый паевой инвестиционный фонд рыночных финансовых инструментов «Облигации США»,Закрытый,Сформирован,643-RUB,2965971.56,4.79,868.0,619623.7105099999
2026-04-30,4527,Закрытый паевой инвестиционный фонд рыночных финансовых инструментов «Облигации США»,Закрытый,Сформирован,643-RUB,2745320.88,4.43,868.0,619623.71051
2026-05-29,4527,Закрытый паевой инвестиционный фонд рыночных финансовых инструментов «Облигации США»,Закрытый,Сформирован,643-RUB,2564172.07,4.14,868.0,619623.71051
2026-06-30,4527,Закрытый паевой инвестиционный фонд рыночных финансовых инструментов «Облигации США»,Закрытый,Сформирован,643-RUB,2858482.76,4.61,867.0,619623.7105100001
2026-07-31,4527,Закрытый паевой инвестиционный фонд рыночных финансовых инструментов «Облигации США»,Закрытый,Сформирован,643-RUB,2859368.99,4.61,867.0,619623.71051
2026-01-30,4546,Закрытый паевой инвестиционный фонд рыночных финансовых инструментов «БКС Цифровая галактика»,Закрытый,Сформирован,840-USD,2387219.4,7.64,2615.0,312449.77310999995
2026-02-27,4546,Закрытый паевой инвестиционный фонд рыночных финансовых инструментов «БКС Цифровая галактика»,Закрытый,Сформирован,840-USD,2386507.41,7.64,2615.0,312449.77310999995
2026-03-31,4546,Закрытый паевой инвестиционный фонд рыночных финансовых инструментов «БКС Цифровая галактика»,Закрытый,Сформирован,840-USD,2384107.58,7.63,2615.0,312449.77311
2026-04-30,4546,Закрытый паевой инвестиционный фонд рыночных финансовых инструментов «БКС Цифровая галактика»,Закрытый,Сформирован,840-USD,2387518.77,7.64,2615.0,312449.77311
2026-05-29,4546,Закрытый паевой инвестиционный фонд рыночных финансовых инструментов «БКС Цифровая галактика»,Закрытый,Сформирован,840-USD,2573828.97,8.24,2615.0,312449.77311
2026-06-30,4546,Закрытый паевой инвестиционный фонд рыночных финансовых инструментов «БКС Цифровая галактика»,Закрытый,Сформирован,840-USD,2614231.77,8.37,2615.0,312449.7731099999
2026-07-31,4546,Закрытый паевой инвестиционный фонд рыночных финансовых инструментов «БКС Цифровая галактика»,Закрытый,Сформирован,840-USD,2614058.39,8.37,2615.0,312449.77311
2026-01-30,4557,Закрытый паевой инвестиционный фонд недвижимости «АКТИВО СЕМНАДЦАТЬ»,Закрытый,Сформирован,643-RUB,665465128.7,238775.0,423.0,2786.99667
2026-02-27,4557,Закрытый паевой инвестиционный фонд недвижимости «АКТИВО СЕМНАДЦАТЬ»,Закрытый,Сформирован,643-RUB,669347970.42,240168.2,423.0,2786.99667
2026-03-31,4557,Закрытый паевой инвестиционный фонд недвижимости «АКТИВО СЕМНАДЦАТЬ»,Закрытый,Сформирован,643-RUB,663767705.16,238165.95,423.0,2786.99667
2026-04-30,4557,Закрытый паевой инвестиционный фонд недвижимости «АКТИВО СЕМНАДЦАТЬ»,Закрытый,Сформирован,643-RUB,666922062.3,239297.76,423.0,2786.99667
2026-05-29,4557,Закрытый паевой инвестиционный фонд недвижимости «АКТИВО СЕМНАДЦАТЬ»,Закрытый,Сформирован,643-RUB,668174082.95,239747.0,423.0,2786.99667
2026-06-30,4557,Закрытый паевой инвестиционный фонд недвижимости «АКТИВО СЕМНАДЦАТЬ»,Закрытый,Сформирован,643-RUB,664598108.89,238463.9,422.0,2786.99667
2026-07-31,4557,Закрытый паевой инвестиционный фонд недвижимости «АКТИВО СЕМНАДЦАТЬ»,Закрытый,Сформирован,643-RUB,664763990.47,238523.42,422.0,2786.99667
2026-01-30,4561,Закрытый паевой инвестиционный фонд рыночных финансовых инструментов «Альфа-Капитал Космос»,Закрытый,Сформирован,643-RUB,16466218.82,26.77,7092.0,615068.1958999999
2026-02-27,4561,Закрытый паевой инвестиционный фонд рыночных финансовых инструментов «Альфа-Капитал Космос»,Закрытый,Сформирован,643-RUB,15257302.44,24.81,11193.0,615068.1958999996
2026-03-31,4561,Закрытый паевой инвестиционный фонд рыночных финансовых инструментов «Альфа-Капитал Космос»,Закрытый,Сформирован,643-RUB,16032286.81,26.07,7093.0,615068.1958999997
2026-04-30,4561,Закрытый паевой инвестиционный фонд рыночных финансовых инструментов «Альфа-Капитал Космос»,Закрытый,Сформирован,643-RUB,14838521.85,24.13,7093.0,615068.1959
2026-05-29,4561,Закрытый паевой инвестиционный фонд рыночных финансовых инструментов «Альфа-Капитал Космос»,Закрытый,Сформирован,643-RUB,14185190.29,23.06,7093.0,615068.1958999996
2026-06-30,4561,Закрытый паевой инвестиционный фонд рыночных финансовых инструментов «Альфа-Капитал Космос»,Закрытый,Сформирован,643-RUB,15371497.02,24.99,7092.0,615068.1958999998
2026-07-31,4561,Закрытый паевой инвестиционный фонд рыночных финансовых инструментов «Альфа-Капитал Космос»,Закрытый,Сформирован,643-RUB,15762007.67,25.63,7092.0,615068.1959
2026-01-30,4568,Биржевой паевой инвестиционный фонд рыночных финансовых инструментов «Устойчивое развитие российских компаний»,Биржевой,Сформирован,643-RUB,126331453.77,87.41,12187.0,1445268.1393
2026-02-27,4568,Биржевой паевой инвестиционный фонд рыночных финансовых инструментов «Устойчивое развитие российских компаний»,Биржевой,Сформирован,643-RUB,126847581.98,87.77,12212.0,1445268.1393
2026-03-31,4568,Биржевой паевой инвестиционный фонд рыночных финансовых инструментов «Устойчивое развитие российских компаний»,Биржевой,Сформирован,643-RUB,118953667.4,82.31,12168.0,1445268.1393
2026-04-30,4568,Биржевой паевой инвестиционный фонд рыночных финансовых инструментов «Устойчивое развитие российских компаний»,Биржевой,Сформирован,643-RUB,113340452.87,78.42,12110.0,1445268.1393
2026-05-29,4568,Биржевой паевой инвестиционный фонд рыночных финансовых инструментов «Устойчивое развитие российских компаний»,Биржевой,Сформирован,643-RUB,109197538.07,75.56,12106.0,1445268.1393
2026-06-30,4568,Биржевой паевой инвестиционный фонд рыночных финансовых инструментов «Устойчивое развитие российских компаний»,Биржевой,Сформирован,643-RUB,99371493.82,68.76,12066.0,1445268.1393
2026-07-31,4568,Биржевой паевой инвестиционный фонд рыночных финансовых инструментов «Устойчивое развитие российских компаний»,Биржевой,Сформирован,643-RUB,97892294.05,67.73,12009.0,1445268.1393
2026-01-30,4580,Биржевой паевой инвестиционный фонд рыночных финансовых инструментов «Альфа-Капитал Квант»,Биржевой,Сформирован,643-RUB,391924274.44,75.4401,10021.0,5195171.85245
2026-02-27,4580,Биржевой паевой инвестиционный фонд рыночных финансовых инструментов «Альфа-Капитал Квант»,Биржевой,Сформирован,643-RUB,397920545.65,76.5943,10348.0,5195171.85245
2026-03-31,4580,Биржевой паевой инвестиционный фонд рыночных финансовых инструментов «Альфа-Капитал Квант»,Биржевой,Сформирован,643-RUB,358288322.53,73.19218,10475.0,4895171.85245
2026-04-30,4580,Биржевой паевой инвестиционный фонд рыночных финансовых инструментов «Альфа-Капитал Квант»,Биржевой,Сформирован,643-RUB,343083026.23,70.086,10614.0,4895171.85245
2026-05-29,4580,Биржевой паевой инвестиционный фонд рыночных финансовых инструментов «Альфа-Капитал Квант»,Биржевой,Сформирован,643-RUB,342921252.86,70.05295,10629.0,4895171.85245
2026-06-30,4580,Биржевой паевой инвестиционный фонд рыночных финансовых инструментов «Альфа-Капитал Квант»,Биржевой,Сформирован,643-RUB,314724515.45,64.29284,10613.0,4895171.85245
2026-07-31,4580,Биржевой паевой инвестиционный фонд рыночных финансовых инструментов «Альфа-Капитал Квант»,Биржевой,Сформирован,643-RUB,287289103.91,62.93062,10770.0,4565171.85245
2026-01-30,4607,Биржевой паевой инвестиционный фонд рыночных финансовых инструментов «Первая – Фонд Сберегательный»,Биржевой,Сформирован,643-RUB,339639398004.52,17.7369,362049.0,19148727985.0
2026-02-27,4607,Биржевой паевой инвестиционный фонд рыночных финансовых инструментов «Первая – Фонд Сберегательный»,Биржевой,Сформирован,643-RUB,344514247633.7,17.9445,376012.0,19198881141.0
2026-03-31,4607,Биржевой паевой инвестиционный фонд рыночных финансовых инструментов «Первая – Фонд Сберегательный»,Биржевой,Сформирован,643-RUB,334286787406.38,18.1787,386539.0,18388881141.0
2026-04-30,4607,Биржевой паевой инвестиционный фонд рыночных финансовых инструментов «Первая – Фонд Сберегательный»,Биржевой,Сформирован,643-RUB,320891315294.31,18.3956,402207.0,17443881141.0
2026-05-29,4607,Биржевой паевой инвестиционный фонд рыночных финансовых инструментов «Первая – Фонд Сберегательный»,Биржевой,Сформирован,643-RUB,320765676055.18,18.6016,412478.0,17244022550.0
2026-06-30,4607,Биржевой паевой инвестиционный фонд рыночных финансовых инструментов «Первая – Фонд Сберегательный»,Биржевой,Сформирован,643-RUB,325743934536.67,18.8304,421657.0,17298820313.0
2026-07-31,4607,Биржевой паевой инвестиционный фонд рыночных финансовых инструментов «Первая – Фонд Сберегательный»,Биржевой,Сформирован,643-RUB,337480450157.41,19.0571,436175.0,17708900302.0
2026-01-30,4608,Закрытый паевой инвестиционный фонд рыночных финансовых инструментов «МФК – инвестиции»,Закрытый,Сформирован,643-RUB,10559635.29,420.93,4.0,25086.24688
2026-02-27,4608,Закрытый паевой инвестиционный фонд рыночных финансовых инструментов «МФК – инвестиции»,Закрытый,Сформирован,643-RUB,10536737.88,420.02,4.0,25086.24688
2026-03-31,4608,Закрытый паевой инвестиционный фонд рыночных финансовых инструментов «МФК – инвестиции»,Закрытый,Сформирован,643-RUB,10543692.58,420.3,4.0,25086.24688
2026-04-30,4608,Закрытый паевой инвестиционный фонд рыночных финансовых инструментов «МФК – инвестиции»,Закрытый,Сформирован,643-RUB,9994402.71,398.4,4.0,25086.24688
2026-05-29,4608,Закрытый паевой инвестиционный фонд рыночных финансовых инструментов «МФК – инвестиции»,Закрытый,Сформирован,643-RUB,9999849.13,398.62,4.0,25086.24688
2026-06-30,4608,Закрытый паевой инвестиционный фонд рыночных финансовых инструментов «МФК – инвестиции»,Закрытый,Сформирован,643-RUB,10006737.4,398.89,4.0,25086.24688
2026-07-31,4608,Закрытый паевой инвестиционный фонд рыночных финансовых инструментов «МФК – инвестиции»,Закрытый,Сформирован,643-RUB,10013147.39,399.15,4.0,25086.24688
2026-01-30,4611,Закрытый паевой инвестиционный фонд рыночных финансовых инструментов «РСХБ – Американские акции»,Закрытый,Сформирован,643-RUB,48379149.37,399.45,461.0,121113.68991
2026-02-27,4611,Закрытый паевой инвестиционный фонд рыночных финансовых инструментов «РСХБ – Американские акции»,Закрытый,Сформирован,643-RUB,49058212.02,405.06,461.0,121113.68991
2026-03-31,4611,Закрытый паевой инвестиционный фонд рыночных финансовых инструментов «РСХБ – Американские акции»,Закрытый,Сформирован,643-RUB,51675527.65,426.67,461.0,121113.68991000004
2026-04-30,4611,Закрытый паевой инвестиционный фонд рыночных финансовых инструментов «РСХБ – Американские акции»,Закрытый,Сформирован,643-RUB,47622651.29,393.21,461.0,121113.68991000004
2026-05-29,4611,Закрытый паевой инвестиционный фонд рыночных финансовых инструментов «РСХБ – Американские акции»,Закрытый,Сформирован,643-RUB,60381348.25,498.55,461.0,121113.68991
2026-06-30,4611,Закрытый паевой инвестиционный фонд рыночных финансовых инструментов «РСХБ – Американские акции»,Закрытый,Сформирован,643-RUB,65729226.42,542.71,461.0,121113.68991
2026-07-31,4611,Закрытый паевой инвестиционный фонд рыночных финансовых инструментов «РСХБ – Американские акции»,Закрытый,Сформирован,643-RUB,66309491.11,547.5,461.0,121113.68991
2026-01-30,4614,Открытый паевой инвестиционный фонд рыночных финансовых инструментов «ПРОМСВЯЗЬ – Окно возможностей»,Открытый,Сформирован,643-RUB,711915877.0,1282.8,15530.0,554972.0243900003
2026-02-27,4614,Открытый паевой инвестиционный фонд рыночных финансовых инструментов «ПРОМСВЯЗЬ – Окно возможностей»,Открытый,Сформирован,643-RUB,715943446.32,1296.67,15231.0,552140.32248
2026-03-31,4614,Открытый паевой инвестиционный фонд рыночных финансовых инструментов «ПРОМСВЯЗЬ – Окно возможностей»,Открытый,Сформирован,643-RUB,669911352.79,1240.05,15302.0,540228.1286700001
2026-04-30,4614,Открытый паевой инвестиционный фонд рыночных финансовых инструментов «ПРОМСВЯЗЬ – Окно возможностей»,Открытый,Сформирован,643-RUB,640083992.81,1218.06,15002.0,525493.3639500003
2026-05-29,4614,Открытый паевой инвестиционный фонд рыночных финансовых инструментов «Окно возможностей»,Открытый,Сформирован,643-RUB,616391229.99,1199.25,14769.0,513980.5034300001
2026-06-30,4614,Открытый паевой инвестиционный фонд рыночных финансовых инструментов «Окно возможностей»,Открытый,Сформирован,643-RUB,556741791.45,1118.0,14529.0,497982.3518000002
2026-07-31,4614,Открытый паевой инвестиционный фонд рыночных финансовых инструментов «Окно возможностей»,Открытый,Сформирован,643-RUB,541677454.52,1112.64,14276.0,486841.34688
2026-01-30,4618,Биржевой паевой инвестиционный фонд рыночных финансовых инструментов «Т-Капитал облигации Е»,Биржевой,Сформирован,978-EUR,956604.45,0.1152,6210.0,8302255.08691
2026-02-27,4618,Биржевой паевой инвестиционный фонд рыночных финансовых инструментов «Т-Капитал облигации Е»,Биржевой,Сформирован,978-EUR,967991.73,0.1166,6184.0,8302255.08691
2026-03-31,4618,Биржевой паевой инвестиционный фонд рыночных финансовых инструментов «Т-Капитал облигации Е»,Биржевой,Сформирован,978-EUR,1024733.5,0.1156,6181.0,8864109.2821
2026-04-30,4618,Биржевой паевой инвестиционный фонд рыночных финансовых инструментов «Т-Капитал облигации Е»,Биржевой,Сформирован,978-EUR,1039497.95,0.1238,6096.0,8394109.2821
2026-05-29,4618,Биржевой паевой инвестиционный фонд рыночных финансовых инструментов «Т-Капитал облигации Е»,Биржевой,Сформирован,978-EUR,1098623.79,0.1309,6041.0,8394109.2821
2026-06-30,4618,Биржевой паевой инвестиционный фонд рыночных финансовых инструментов «Т-Капитал облигации Е»,Биржевой,Сформирован,978-EUR,1050445.8,0.1251,5997.0,8394109.2821
2026-07-31,4618,Биржевой паевой инвестиционный фонд рыночных финансовых инструментов «Т-Капитал облигации Е»,Биржевой,Сформирован,978-EUR,1036183.14,0.1234,5964.0,8394109.2821
2026-01-30,4628,Закрытый паевой инвестиционный фонд рыночных финансовых инструментов «Т-Капитал Полупроводники»,Закрытый,Сформирован,840-USD,15325.97,0.0003,37335.0,52792897.66463
2026-02-27,4628,Закрытый паевой инвестиционный фонд рыночных финансовых инструментов «Т-Капитал Полупроводники»,Закрытый,Сформирован,840-USD,15365.46,0.0003,37353.0,52792897.66463
2026-03-31,4628,Закрытый паевой инвестиционный фонд рыночных финансовых инструментов «Т-Капитал Полупроводники»,Закрытый,Сформирован,840-USD,15536.73,0.0003,37350.0,52792897.66463
2026-04-30,4628,Закрытый паевой инвестиционный фонд рыночных финансовых инструментов «Т-Капитал Полупроводники»,Закрытый,Сформирован,840-USD,15276.28,0.0003,37349.0,52792897.66463
2026-05-29,4628,Закрытый паевой инвестиционный фонд рыночных финансовых инструментов «Т-Капитал Полупроводники»,Закрытый,Сформирован,840-USD,15114.0,0.0003,37351.0,52792897.66463
2026-06-30,4628,Закрытый паевой инвестиционный фонд рыночных финансовых инструментов «Т-Капитал Полупроводники»,Закрытый,Сформирован,840-USD,15398.26,0.0003,37350.0,52792897.66463
2026-07-31,4628,Закрытый паевой инвестиционный фонд рыночных финансовых инструментов «Т-Капитал Полупроводники»,Закрытый,Сформирован,840-USD,15481.97,0.0003,37348.0,52792897.66463
2026-01-30,4629,Закрытый паевой инвестиционный фонд рыночных финансовых инструментов «Т-Капитал Индекс Кибербезопасности»,Закрытый,Сформирован,840-USD,-91140.97,0.0,37935.0,45713753.0
2026-02-27,4629,Закрытый паевой инвестиционный фонд рыночных финансовых инструментов «Т-Капитал Индекс Кибербезопасности»,Закрытый,Сформирован,840-USD,-90001.38,0.0,37958.0,45713753.0
2026-03-31,4629,Закрытый паевой инвестиционный фонд рыночных финансовых инструментов «Т-Капитал Индекс Кибербезопасности»,Закрытый,Сформирован,840-USD,-85059.29,0.0,37948.0,45713753.0
2026-04-30,4629,Закрытый паевой инвестиционный фонд рыночных финансовых инструментов «Т-Капитал Индекс Кибербезопасности»,Закрытый,Сформирован,840-USD,-92574.79,0.0,37948.0,45713753.0
2026-05-29,4629,Закрытый паевой инвестиционный фонд рыночных финансовых инструментов «Т-Капитал Индекс Кибербезопасности»,Закрытый,Сформирован,840-USD,-97257.59,0.0,37949.0,45713753.0
2026-06-30,4629,Закрытый паевой инвестиционный фонд рыночных финансовых инструментов «Т-Капитал Индекс Кибербезопасности»,Закрытый,Сформирован,840-USD,-89055.19,0.0,37950.0,45713753.0
2026-07-31,4629,Закрытый паевой инвестиционный фонд рыночных финансовых инструментов «Т-Капитал Индекс Кибербезопасности»,Закрытый,Сформирован,840-USD,-86639.23,0.0,37950.0,45713753.0
2026-01-30,4630,Закрытый паевой инвестиционный фонд рыночных финансовых инструментов «Т-Капитал Индекс Развивающихся рынков»,Закрытый,Сформирован,840-USD,31788.09,0.0009,21156.0,35286891.0
2026-02-27,4630,Закрытый паевой инвестиционный фонд рыночных финансовых инструментов «Т-Капитал Индекс Развивающихся рынков»,Закрытый,Сформирован,840-USD,31699.99,0.0009,21168.0,35286891.0
2026-03-31,4630,Закрытый паевой инвестиционный фонд рыночных финансовых инструментов «Т-Капитал Индекс Развивающихся рынков»,Закрытый,Сформирован,840-USD,31317.93,0.0009,21168.0,35286891.0
2026-04-30,4630,Закрытый паевой инвестиционный фонд рыночных финансовых инструментов «Т-Капитал Индекс Развивающихся рынков»,Закрытый,Сформирован,840-USD,31898.94,0.0009,21167.0,35286891.0
2026-05-29,4630,Закрытый паевой инвестиционный фонд рыночных финансовых инструментов «Т-Капитал Индекс Развивающихся рынков»,Закрытый,Сформирован,840-USD,32260.96,0.0009,21168.0,35286891.0
2026-06-30,4630,Закрытый паевой инвестиционный фонд рыночных финансовых инструментов «Т-Капитал Индекс Развивающихся рынков»,Закрытый,Сформирован,840-USD,31626.85,0.0009,21165.0,35286891.0
2026-07-31,4630,Закрытый паевой инвестиционный фонд рыночных финансовых инструментов «Т-Капитал Индекс Развивающихся рынков»,Закрытый,Сформирован,840-USD,31440.07,0.0009,21165.0,35286891.0
2026-01-30,4631,Закрытый паевой инвестиционный фонд рыночных финансовых инструментов «Т-Капитал Индекс лидеров устойчивого развития»,Закрытый,Сформирован,840-USD,37643.4,0.0028,13815.0,13652936.40125
2026-02-27,4631,Закрытый паевой инвестиционный фонд рыночных финансовых инструментов «Т-Капитал Индекс лидеров устойчивого развития»,Закрытый,Сформирован,840-USD,37538.5,0.0027,13826.0,13652936.40125
2026-03-31,4631,Закрытый паевой инвестиционный фонд рыночных финансовых инструментов «Т-Капитал Индекс лидеров устойчивого развития»,Закрытый,Сформирован,840-USD,37083.55,0.0027,13823.0,13652936.40125
2026-04-30,4631,Закрытый паевой инвестиционный фонд рыночных финансовых инструментов «Т-Капитал Индекс лидеров устойчивого развития»,Закрытый,Сформирован,840-USD,37775.39,0.0028,13823.0,13652936.40125
2026-05-29,4631,Закрытый паевой инвестиционный фонд рыночных финансовых инструментов «Т-Капитал Индекс лидеров устойчивого развития»,Закрытый,Сформирован,840-USD,38206.47,0.0028,13823.0,13652936.40125
2026-06-30,4631,Закрытый паевой инвестиционный фонд рыночных финансовых инструментов «Т-Капитал Индекс лидеров устойчивого развития»,Закрытый,Сформирован,840-USD,37451.4,0.0027,13822.0,13652936.40125
2026-07-31,4631,Закрытый паевой инвестиционный фонд рыночных финансовых инструментов «Т-Капитал Индекс лидеров устойчивого развития»,Закрытый,Сформирован,840-USD,37228.99,0.0027,13823.0,13652936.40125
2026-01-30,4632,Закрытый паевой инвестиционный фонд рыночных финансовых инструментов «Т-Капитал Индекс Пан Азии»,Закрытый,Сформирован,840-USD,27965.61,0.0006,26810.0,47385030.0
2026-02-27,4632,Закрытый паевой инвестиционный фонд рыночных финансовых инструментов «Т-Капитал Индекс Пан Азии»,Закрытый,Сформирован,840-USD,27917.2,0.0006,26823.0,47385030.0
2026-03-31,4632,Закрытый паевой инвестиционный фонд рыночных финансовых инструментов «Т-Капитал Индекс Пан Азии»,Закрытый,Сформирован,840-USD,27707.24,0.0006,26821.0,47385030.0
2026-04-30,4632,Закрытый паевой инвестиционный фонд рыночных финансовых инструментов «Т-Капитал Индекс Пан Азии»,Закрытый,Сформирован,840-USD,28026.52,0.0006,26820.0,47385030.0
2026-05-29,4632,Закрытый паевой инвестиционный фонд рыночных финансовых инструментов «Т-Капитал Индекс Пан Азии»,Закрытый,Сформирован,840-USD,28225.46,0.0006,26820.0,47385030.0
2026-06-30,4632,Закрытый паевой инвестиционный фонд рыночных финансовых инструментов «Т-Капитал Индекс Пан Азии»,Закрытый,Сформирован,840-USD,27877.0,0.0006,26819.0,47385030.0
2026-07-31,4632,Закрытый паевой инвестиционный фонд рыночных финансовых инструментов «Т-Капитал Индекс Пан Азии»,Закрытый,Сформирован,840-USD,27774.36,0.0006,26821.0,47385030.0
2026-01-30,4633,Закрытый паевой инвестиционный фонд рыночных финансовых инструментов «Т-Капитал Индекс ФинТех компаний»,Закрытый,Сформирован,840-USD,322251.44,0.0073,28031.0,44311491.0
2026-02-27,4633,Закрытый паевой инвестиционный фонд рыночных финансовых инструментов «Т-Капитал Индекс ФинТех компаний»,Закрытый,Сформирован,840-USD,320427.1,0.0072,28041.0,44311491.0
2026-03-31,4633,Закрытый паевой инвестиционный фонд рыночных финансовых инструментов «Т-Капитал Индекс ФинТех компаний»,Закрытый,Сформирован,840-USD,312515.44,0.0071,28040.0,44311491.0
2026-04-30,4633,Закрытый паевой инвестиционный фонд рыночных финансовых инструментов «Т-Капитал Индекс ФинТех компаний»,Закрытый,Сформирован,840-USD,324546.79,0.0073,28039.0,44311491.0
2026-05-29,4633,Закрытый паевой инвестиционный фонд рыночных финансовых инструментов «Т-Капитал Индекс ФинТех компаний»,Закрытый,Сформирован,840-USD,332043.35,0.0075,28039.0,44311491.0
2026-06-30,4633,Закрытый паевой инвестиционный фонд рыночных финансовых инструментов «Т-Капитал Индекс ФинТех компаний»,Закрытый,Сформирован,840-USD,318912.36,0.0072,28039.0,44311491.0
2026-07-31,4633,Закрытый паевой инвестиционный фонд рыночных финансовых инструментов «Т-Капитал Индекс ФинТех компаний»,Закрытый,Сформирован,840-USD,315044.73,0.0071,28040.0,44311491.0
2026-01-30,4634,Закрытый паевой инвестиционный фонд рыночных финансовых инструментов «Т-Капитал Искусственный интеллект»,Закрытый,Сформирован,840-USD,797773.61,0.0236,27703.0,33742178.87725
2026-02-27,4634,Закрытый паевой инвестиционный фонд рыночных финансовых инструментов «Т-Капитал Искусственный интеллект»,Закрытый,Сформирован,840-USD,797871.1,0.0236,27717.0,33742178.87725
2026-03-31,4634,Закрытый паевой инвестиционный фонд рыночных финансовых инструментов «Т-Капитал Искусственный интеллект»,Закрытый,Сформирован,840-USD,796817.29,0.0236,27716.0,33742178.87725
2026-04-30,4634,Закрытый паевой инвестиционный фонд рыночных финансовых инструментов «Т-Капитал Искусственный интеллект»,Закрытый,Сформирован,840-USD,800756.2,0.0237,27716.0,33742178.87725
2026-05-29,4634,Закрытый паевой инвестиционный фонд рыночных финансовых инструментов «Т-Капитал Искусственный интеллект»,Закрытый,Сформирован,840-USD,803177.22,0.0238,27716.0,33742178.87725
2026-06-30,4634,Закрытый паевой инвестиционный фонд рыночных финансовых инструментов «Т-Капитал Искусственный интеллект»,Закрытый,Сформирован,840-USD,765777.63,0.0227,27713.0,33742178.87725
2026-07-31,4634,Закрытый паевой инвестиционный фонд рыночных финансовых инструментов «Т-Капитал Искусственный интеллект»,Закрытый,Сформирован,840-USD,765412.69,0.0227,27714.0,33742178.87725
2026-01-30,4635,Закрытый паевой инвестиционный фонд рыночных финансовых инструментов «Т-Капитал Индекс акций компаний Еврозоны»,Закрытый,Сформирован,840-USD,69901.9,0.002,17536.0,35475329.0
2026-02-27,4635,Закрытый паевой инвестиционный фонд рыночных финансовых инструментов «Т-Капитал Индекс акций компаний Еврозоны»,Закрытый,Сформирован,840-USD,70083.3,0.002,17546.0,35475329.0
2026-03-31,4635,Закрытый паевой инвестиционный фонд рыночных финансовых инструментов «Т-Капитал Индекс акций компаний Еврозоны»,Закрытый,Сформирован,840-USD,68598.63,0.0019,17546.0,35475329.0
2026-04-30,4635,Закрытый паевой инвестиционный фонд рыночных финансовых инструментов «Т-Капитал Индекс акций компаний Еврозоны»,Закрытый,Сформирован,840-USD,74450.16,0.0021,17545.0,35475329.0
2026-05-29,4635,Закрытый паевой инвестиционный фонд рыночных финансовых инструментов «Т-Капитал Индекс акций компаний Еврозоны»,Закрытый,Сформирован,840-USD,78045.04,0.0022,17543.0,35475329.0
2026-06-30,4635,Закрытый паевой инвестиционный фонд рыночных финансовых инструментов «Т-Капитал Индекс акций компаний Еврозоны»,Закрытый,Сформирован,840-USD,73171.83,0.0021,17542.0,35475329.0
2026-07-31,4635,Закрытый паевой инвестиционный фонд рыночных финансовых инструментов «Т-Капитал Индекс акций компаний Еврозоны»,Закрытый,Сформирован,840-USD,72677.12,0.002,17542.0,35475329.0
2026-01-30,4636,Закрытый паевой инвестиционный фонд рыночных финансовых инструментов «Т-Капитал Индекс обратного выкупа»,Закрытый,Сформирован,840-USD,52920.77,0.0044,9972.0,12106001.20587
2026-02-27,4636,Закрытый паевой инвестиционный фонд рыночных финансовых инструментов «Т-Капитал Индекс обратного выкупа»,Закрытый,Сформирован,840-USD,52991.83,0.0044,9977.0,12106001.20587
2026-03-31,4636,Закрытый паевой инвестиционный фонд рыночных финансовых инструментов «Т-Капитал Индекс обратного выкупа»,Закрытый,Сформирован,840-USD,52107.97,0.0043,9976.0,12106001.20587
2026-04-30,4636,Закрытый паевой инвестиционный фонд рыночных финансовых инструментов «Т-Капитал Индекс обратного выкупа»,Закрытый,Сформирован,840-USD,55338.23,0.0046,9975.0,12106001.20587
2026-05-29,4636,Закрытый паевой инвестиционный фонд рыночных финансовых инструментов «Т-Капитал Индекс обратного выкупа»,Закрытый,Сформирован,840-USD,57324.1,0.0047,9975.0,12106001.20587
2026-06-30,4636,Закрытый паевой инвестиционный фонд рыночных финансовых инструментов «Т-Капитал Индекс обратного выкупа»,Закрытый,Сформирован,840-USD,54592.78,0.0045,9975.0,12106001.20587
2026-07-31,4636,Закрытый паевой инвестиционный фонд рыночных финансовых инструментов «Т-Капитал Индекс обратного выкупа»,Закрытый,Сформирован,840-USD,54281.98,0.0045,9975.0,12106001.20587
2026-01-30,4641,Закрытый паевой инвестиционный фонд рыночных финансовых инструментов «Лига Чемпионов»,Закрытый,Сформирован,643-RUB,1638825.59,689.14,7.0,2378.06443
2026-02-27,4641,Закрытый паевой инвестиционный фонд рыночных финансовых инструментов «Лига Чемпионов»,Закрытый,Сформирован,643-RUB,1638574.61,689.04,7.0,2378.06443
2026-03-31,4641,Закрытый паевой инвестиционный фонд рыночных финансовых инструментов «Лига Чемпионов»,Закрытый,Сформирован,643-RUB,1638189.63,688.88,7.0,2378.06443
2026-04-30,4641,Закрытый паевой инвестиционный фонд рыночных финансовых инструментов «Лига Чемпионов»,Закрытый,Сформирован,643-RUB,1637906.97,688.76,7.0,2378.06443
2026-05-29,4641,Закрытый паевой инвестиционный фонд рыночных финансовых инструментов «Лига Чемпионов»,Закрытый,Сформирован,643-RUB,1637624.9,688.64,7.0,2378.06443
2026-06-30,4641,Закрытый паевой инвестиционный фонд рыночных финансовых инструментов «Лига Чемпионов»,Закрытый,Сформирован,643-RUB,1637291.35,688.5,7.0,2378.06443
2026-07-31,4641,Закрытый паевой инвестиционный фонд рыночных финансовых инструментов «Лига Чемпионов»,Закрытый,Сформирован,643-RUB,1636906.87,688.34,7.0,2378.06443
2026-01-30,4654,биржевой паевой инвестиционный фонд рыночных финансовых инструментов «Технологии будущего»,Биржевой,Сформирован,643-RUB,12019720.4,4.807888,2725.0,2500000.0
2026-02-27,4654,биржевой паевой инвестиционный фонд рыночных финансовых инструментов «Технологии будущего»,Биржевой,Сформирован,643-RUB,12097991.5,4.839197,2718.0,2500000.0
2026-03-31,4654,биржевой паевой инвестиционный фонд рыночных финансовых инструментов «Технологии будущего»,Биржевой,Сформирован,643-RUB,11535020.91,4.614008,2700.0,2500000.0
2026-04-30,4654,биржевой паевой инвестиционный фонд рыночных финансовых инструментов «Технологии будущего»,Биржевой,Сформирован,643-RUB,11021240.14,4.408496,2692.0,2500000.0
2026-05-29,4654,биржевой паевой инвестиционный фонд рыночных финансовых инструментов «Технологии будущего»,Биржевой,Сформирован,643-RUB,10718028.32,4.287211,2696.0,2500000.0
2026-06-30,4654,биржевой паевой инвестиционный фонд рыночных финансовых инструментов «Технологии будущего»,Биржевой,Сформирован,643-RUB,9889260.6,3.955704,2706.0,2500000.0
2026-07-31,4654,биржевой паевой инвестиционный фонд рыночных финансовых инструментов «Технологии будущего»,Биржевой,Сформирован,643-RUB,9909859.6,3.963944,2693.0,2500000.0
2026-01-30,4660,Закрытый паевой инвестиционный фонд рыночных финансовых инструментов «РСХБ – Фонд Акций европейских компаний»,Закрытый,Сформирован,643-RUB,34764705.03,40.08,1823.0,867428.91003
2026-02-27,4660,Закрытый паевой инвестиционный фонд рыночных финансовых инструментов «РСХБ – Фонд Акций европейских компаний»,Закрытый,Сформирован,643-RUB,34787132.03,40.1,1824.0,867428.9100299996
2026-03-31,4660,Закрытый паевой инвестиционный фонд рыночных финансовых инструментов «РСХБ – Фонд Акций европейских компаний»,Закрытый,Сформирован,643-RUB,35689695.1,41.14,1824.0,867428.91003
2026-04-30,4660,Закрытый паевой инвестиционный фонд рыночных финансовых инструментов «РСХБ – Фонд Акций европейских компаний»,Закрытый,Сформирован,643-RUB,33618108.77,38.76,1824.0,867428.9100299999
2026-05-29,4660,Закрытый паевой инвестиционный фонд рыночных финансовых инструментов «РСХБ – Фонд Акций европейских компаний»,Закрытый,Сформирован,643-RUB,32323658.75,37.26,1825.0,867428.91003
2026-06-30,4660,Закрытый паевой инвестиционный фонд рыночных финансовых инструментов «РСХБ – Фонд Акций европейских компаний»,Закрытый,Сформирован,643-RUB,34215162.79,39.44,1825.0,867428.9100300001
2026-07-31,4660,Закрытый паевой инвестиционный фонд рыночных финансовых инструментов «РСХБ – Фонд Акций европейских компаний»,Закрытый,Сформирован,643-RUB,35041546.92,40.4,1825.0,867428.91003
2026-01-30,4665,Открытый паевой инвестиционный фонд рыночных финансовых инструментов «ВИМ – Облигации. Российские эмитенты»,Открытый,Сформирован,643-RUB,3440143300.84,1542.95,4415.0,2229590.9289299995
2026-02-27,4665,Открытый паевой инвестиционный фонд рыночных финансовых инструментов «ВИМ – Облигации. Российские эмитенты»,Открытый,Сформирован,643-RUB,3518434058.1,1570.17,4738.0,2240796.7469300013
2026-03-31,4665,Открытый паевой инвестиционный фонд рыночных финансовых инструментов «ВИМ – Облигации. Российские эмитенты»,Открытый,Сформирован,643-RUB,3596889220.1,1594.57,5091.0,2255704.7305999994
2026-04-30,4665,Открытый паевой инвестиционный фонд рыночных финансовых инструментов «ВИМ – Облигации. Российские эмитенты»,Открытый,Сформирован,643-RUB,3763837352.18,1618.23,5634.0,2325895.18085
2026-05-29,4665,Открытый паевой инвестиционный фонд рыночных финансовых инструментов «ВИМ – Облигации. Российские эмитенты»,Открытый,Сформирован,643-RUB,3888428206.63,1628.62,6031.0,2387556.4372499986
2026-06-30,4665,Открытый паевой инвестиционный фонд рыночных финансовых инструментов «ВИМ – Облигации. Российские эмитенты»,Открытый,Сформирован,643-RUB,3738964220.34,1594.91,6031.0,2344315.39001
2026-07-31,4665,Открытый паевой инвестиционный фонд рыночных финансовых инструментов «ВИМ – Облигации. Российские эмитенты»,Открытый,Сформирован,643-RUB,3404332708.26,1625.68,5623.0,2094098.39635
2026-01-30,4666,Открытый паевой инвестиционный фонд рыночных финансовых инструментов «ВИМ – Акции. Российские эмитенты»,Открытый,Сформирован,643-RUB,1655141933.76,1838.35,6336.0,900339.16853
2026-02-27,4666,Открытый паевой инвестиционный фонд рыночных финансовых инструментов «ВИМ – Акции. Российские эмитенты»,Открытый,Сформирован,643-RUB,1703555119.22,1876.11,6335.0,908025.52007
2026-03-31,4666,Открытый паевой инвестиционный фонд рыночных финансовых инструментов «ВИМ – Акции. Российские эмитенты»,Открытый,Сформирован,643-RUB,1585327119.26,1786.88,6238.0,887203.7096700004
2026-04-30,4666,Открытый паевой инвестиционный фонд рыночных финансовых инструментов «ВИМ – Акции. Российские эмитенты»,Открытый,Сформирован,643-RUB,1491336344.6,1748.93,6088.0,852713.8957000003
2026-05-29,4666,Открытый паевой инвестиционный фонд рыночных финансовых инструментов «ВИМ – Акции. Российские эмитенты»,Открытый,Сформирован,643-RUB,1463122036.94,1746.34,5992.0,837821.6355199999
2026-06-30,4666,Открытый паевой инвестиционный фонд рыночных финансовых инструментов «ВИМ – Акции. Российские эмитенты»,Открытый,Сформирован,643-RUB,1310953312.91,1605.76,5865.0,816408.8068100003
2026-07-31,4666,Открытый паевой инвестиционный фонд рыночных финансовых инструментов «ВИМ – Акции. Российские эмитенты»,Открытый,Сформирован,643-RUB,1270113339.43,1568.84,5755.0,809585.62107
2026-01-30,4667,Закрытый паевой инвестиционный фонд рыночных финансовых инструментов «Альфа-Капитал Управляемые еврооблигации»,Закрытый,Сформирован,643-RUB,112131526.59,34.09,1461.0,3289563.3881200003
2026-02-27,4667,Закрытый паевой инвестиционный фонд рыночных финансовых инструментов «Альфа-Капитал Управляемые еврооблигации»,Закрытый,Сформирован,643-RUB,83043197.54,25.24,1454.0,3289563.3881200016
2026-03-31,4667,Закрытый паевой инвестиционный фонд рыночных финансовых инструментов «Альфа-Капитал Управляемые еврооблигации»,Закрытый,Сформирован,643-RUB,88505682.87,26.9,1455.0,3289563.3881200003
2026-04-30,4667,Закрытый паевой инвестиционный фонд рыночных финансовых инструментов «Альфа-Капитал Управляемые еврооблигации»,Закрытый,Сформирован,643-RUB,83136259.93,25.27,1455.0,3289563.388120001
2026-05-29,4667,Закрытый паевой инвестиционный фонд рыночных финансовых инструментов «Альфа-Капитал Управляемые еврооблигации»,Закрытый,Сформирован,643-RUB,78412559.45,23.84,1455.0,3289563.388120001
2026-06-30,4667,Закрытый паевой инвестиционный фонд рыночных финансовых инструментов «Альфа-Капитал Управляемые еврооблигации»,Закрытый,Сформирован,643-RUB,84022379.69,25.54,1453.0,3289563.3881200007
2026-07-31,4667,Закрытый паевой инвестиционный фонд рыночных финансовых инструментов «Альфа-Капитал Управляемые еврооблигации»,Закрытый,Сформирован,643-RUB,85375966.88,25.95,1453.0,3289563.38812
2026-01-30,4668,Закрытый паевой инвестиционный фонд рыночных финансовых инструментов «Альфа-Капитал Видеоигры»,Закрытый,Сформирован,643-RUB,33940179.24,47.33,7390.0,717067.27765
2026-02-27,4668,Закрытый паевой инвестиционный фонд рыночных финансовых инструментов «Альфа-Капитал Видеоигры»,Закрытый,Сформирован,643-RUB,33430934.35,46.62,11410.0,717067.2776499998
2026-03-31,4668,Закрытый паевой инвестиционный фонд рыночных финансовых инструментов «Альфа-Капитал Видеоигры»,Закрытый,Сформирован,643-RUB,35228779.64,49.13,7393.0,717067.2776500004
2026-04-30,4668,Закрытый паевой инвестиционный фонд рыночных финансовых инструментов «Альфа-Капитал Видеоигры»,Закрытый,Сформирован,643-RUB,32463377.14,45.27,7391.0,717067.2776500001
2026-05-29,4668,Закрытый паевой инвестиционный фонд рыночных финансовых инструментов «Альфа-Капитал Видеоигры»,Закрытый,Сформирован,643-RUB,30950425.69,43.16,7391.0,717067.2776500001
2026-06-30,4668,Закрытый паевой инвестиционный фонд рыночных финансовых инструментов «Альфа-Капитал Видеоигры»,Закрытый,Сформирован,643-RUB,33700843.51,47.0,7390.0,717067.2776499998
2026-07-31,4668,Закрытый паевой инвестиционный фонд рыночных финансовых инструментов «Альфа-Капитал Видеоигры»,Закрытый,Сформирован,643-RUB,34606949.48,48.26,7390.0,717067.27765
2026-01-30,4677,Открытый паевой инвестиционный фонд рыночных финансовых инструментов «Т-Капитал Баланс»,Открытый,Сформирован,643-RUB,2377321278.05,1331.65,2456.0,1785245.9348099993
2026-02-27,4677,Открытый паевой инвестиционный фонд рыночных финансовых инструментов «Т-Капитал Баланс»,Открытый,Сформирован,643-RUB,2519498491.13,1359.84,2738.0,1955770.3936999997
2026-03-31,4677,Открытый паевой инвестиционный фонд рыночных финансовых инструментов «Т-Капитал Баланс»,Открытый,Сформирован,643-RUB,2605581250.16,1347.49,2811.0,1932088.58876
2026-04-30,4677,Открытый паевой инвестиционный фонд рыночных финансовых инструментов «Т-Капитал Баланс»,Открытый,Сформирован,643-RUB,2579433316.04,1336.44,2931.0,1930081.5311
2026-05-29,4677,Открытый паевой инвестиционный фонд рыночных финансовых инструментов «Т-Капитал Баланс»,Открытый,Сформирован,643-RUB,2540275315.08,1325.73,2964.0,1916134.42394
2026-06-30,4677,Открытый паевой инвестиционный фонд рыночных финансовых инструментов «Т-Капитал Баланс»,Открытый,Сформирован,643-RUB,2407258774.19,1297.45,2891.0,1855375.9259399995
2026-07-31,4677,Открытый паевой инвестиционный фонд рыночных финансовых инструментов «Т-Капитал Баланс»,Открытый,Сформирован,643-RUB,2326715414.42,1307.99,2812.0,1779845.41716
2026-01-30,4678,Биржевой паевой инвестиционный фонд рыночных финансовых инструментов «Первая – Фонд Халяльные инвестиции»,Биржевой,Сформирован,643-RUB,427152289.92,7.83,20642.0,54583715.0
2026-02-27,4678,Биржевой паевой инвестиционный фонд рыночных финансовых инструментов «Первая – Фонд Халяльные инвестиции»,Биржевой,Сформирован,643-RUB,446436063.46,7.89,20789.0,56582697.0
2026-03-31,4678,Биржевой паевой инвестиционный фонд рыночных финансовых инструментов «Первая – Фонд Халяльные инвестиции»,Биржевой,Сформирован,643-RUB,450807621.31,7.44,20790.0,60595878.0
2026-04-30,4678,Биржевой паевой инвестиционный фонд рыночных финансовых инструментов «Первая – Фонд Халяльные инвестиции»,Биржевой,Сформирован,643-RUB,428460755.11,7.07,20808.0,60595878.0
2026-05-29,4678,Биржевой паевой инвестиционный фонд рыночных финансовых инструментов «Первая – Фонд Халяльные инвестиции»,Биржевой,Сформирован,643-RUB,464222711.14,6.86,20747.0,67676910.0
2026-06-30,4678,Биржевой паевой инвестиционный фонд рыночных финансовых инструментов «Первая – Фонд Халяльные инвестиции»,Биржевой,Сформирован,643-RUB,412727942.25,6.1,20678.0,67676910.0
2026-07-31,4678,Биржевой паевой инвестиционный фонд рыночных финансовых инструментов «Первая – Фонд Халяльные инвестиции»,Биржевой,Сформирован,643-RUB,425992229.0,6.21,20774.0,68637367.0
2026-01-30,4685,Закрытый паевой инвестиционный фонд рыночных финансовых инструментов «БКС Инновации»,Закрытый,Сформирован,840-USD,822926.93,5.86,1260.0,140454.40107000002
2026-02-27,4685,Закрытый паевой инвестиционный фонд рыночных финансовых инструментов «БКС Инновации»,Закрытый,Сформирован,840-USD,822760.13,5.86,1260.0,140454.40107000002
2026-03-31,4685,Закрытый паевой инвестиционный фонд рыночных финансовых инструментов «БКС Инновации»,Закрытый,Сформирован,840-USD,822215.17,5.85,1260.0,140454.40107000008
2026-04-30,4685,Закрытый паевой инвестиционный фонд рыночных финансовых инструментов «БКС Инновации»,Закрытый,Сформирован,840-USD,822973.04,5.86,1260.0,140454.40107
2026-05-29,4685,Закрытый паевой инвестиционный фонд рыночных финансовых инструментов «БКС Инновации»,Закрытый,Сформирован,840-USD,893524.88,6.36,1260.0,140454.40106999996
2026-06-30,4685,Закрытый паевой инвестиционный фонд рыночных финансовых инструментов «БКС Инновации»,Закрытый,Сформирован,840-USD,892336.63,6.35,1260.0,140454.40106999996
2026-07-31,4685,Закрытый паевой инвестиционный фонд рыночных финансовых инструментов «БКС Инновации»,Закрытый,Сформирован,840-USD,892295.91,6.35,1260.0,140454.40107
2026-01-30,4692,открытый паевой инвестиционный фонд рыночных финансовых инструментов «Доверительная - фонд Неоновый»,Открытый,Сформирован,643-RUB,571378979.83,76.22,148.0,7496733.39224
2026-02-27,4692,открытый паевой инвестиционный фонд рыночных финансовых инструментов «Доверительная - фонд Неоновый»,Открытый,Сформирован,643-RUB,578266417.73,77.31,150.0,7479975.54552
2026-03-31,4692,открытый паевой инвестиционный фонд рыночных финансовых инструментов «Доверительная - фонд Неоновый»,Открытый,Сформирован,643-RUB,536488305.28,79.22,148.0,6772186.578300001
2026-04-30,4692,открытый паевой инвестиционный фонд рыночных финансовых инструментов «Доверительная - фонд Неоновый»,Открытый,Сформирован,643-RUB,518508862.43,77.88,148.0,6658001.05115
2026-05-29,4692,открытый паевой инвестиционный фонд рыночных финансовых инструментов «Доверительная - фонд Неоновый»,Открытый,Сформирован,643-RUB,510389949.72,76.78,144.0,6647629.918570001
2026-06-30,4692,открытый паевой инвестиционный фонд рыночных финансовых инструментов «Доверительная - фонд Неоновый»,Открытый,Сформирован,643-RUB,535066919.99,80.52,145.0,6645060.273069997
2026-07-31,4692,открытый паевой инвестиционный фонд рыночных финансовых инструментов «Доверительная - фонд Неоновый»,Открытый,Сформирован,643-RUB,526530594.05,80.77,146.0,6518493.8282
2026-01-30,4693,Открытый паевой инвестиционный фонд рыночных финансовых инструментов «Сила Баланса»,Открытый,Сформирован,643-RUB,743565282.44,169.45,5597.0,4388134.7148400005
2026-02-27,4693,Открытый паевой инвестиционный фонд рыночных финансовых инструментов «Сила Баланса»,Открытый,Сформирован,643-RUB,780609723.21,172.33,5535.0,4529677.53154
2026-03-31,4693,Открытый паевой инвестиционный фонд рыночных финансовых инструментов «Сила Баланса»,Открытый,Сформирован,643-RUB,808012689.1,172.66,5498.0,4679793.00498
2026-04-30,4693,Открытый паевой инвестиционный фонд рыночных финансовых инструментов «Сила Баланса»,Открытый,Сформирован,643-RUB,808306724.35,172.72,5433.0,4679793.00498
2026-05-29,4693,Открытый паевой инвестиционный фонд рыночных финансовых инструментов «Сила Баланса»,Открытый,Сформирован,643-RUB,808042933.82,172.67,5364.0,4679793.00498
2026-06-30,4693,Открытый паевой инвестиционный фонд рыночных финансовых инструментов «Сила Баланса»,Открытый,Сформирован,643-RUB,796382928.6,170.17,5263.0,4679793.00498
2026-07-31,4693,Открытый паевой инвестиционный фонд рыночных финансовых инструментов «Сила Баланса»,Открытый,Сформирован,643-RUB,807039424.82,172.45,5176.0,4679793.00498
2026-01-30,4713,Биржевой паевой инвестиционный фонд рыночных финансовых инструментов «Альфа-Капитал Золото»,Биржевой,Сформирован,643-RUB,18784318512.73,275.94472,94802.0,68072759.08187
2026-02-27,4713,Биржевой паевой инвестиционный фонд рыночных финансовых инструментов «Альфа-Капитал Золото»,Биржевой,Сформирован,643-RUB,21447551654.53,291.22648,104229.0,73645609.98872
2026-03-31,4713,Биржевой паевой инвестиционный фонд рыночных финансовых инструментов «Альфа-Капитал Золото»,Биржевой,Сформирован,643-RUB,19710914219.4,266.2746,105146.0,74024762.45864001
2026-04-30,4713,Биржевой паевой инвестиционный фонд рыночных финансовых инструментов «Альфа-Капитал Золото»,Биржевой,Сформирован,643-RUB,18214187506.43,247.61187,104173.0,73559428.45159
2026-05-29,4713,Биржевой паевой инвестиционный фонд рыночных финансовых инструментов «Альфа-Капитал Золото»,Биржевой,Сформирован,643-RUB,17913898590.73,231.36275,104097.0,77427754.54572
2026-06-30,4713,Биржевой паевой инвестиционный фонд рыночных финансовых инструментов «Альфа-Капитал Золото»,Биржевой,Сформирован,643-RUB,17741453424.71,225.8499,103504.0,78554180.38828
2026-07-31,4713,Биржевой паевой инвестиционный фонд рыночных финансовых инструментов «Альфа-Капитал Золото»,Биржевой,Сформирован,643-RUB,17568033702.38,228.94069,101802.0,76736180.38828
2026-01-30,4727,"Закрытый паевой инвестиционный фонд рыночных финансовых инструментов ""ДОХОДЪ Глобальные акции роста и качества""",Закрытый,Сформирован,643-RUB,1756502.54,34.79,808.0,50484.442010000006
2026-02-27,4727,"Закрытый паевой инвестиционный фонд рыночных финансовых инструментов ""ДОХОДЪ Глобальные акции роста и качества""",Закрытый,Сформирован,643-RUB,1760172.27,34.87,808.0,50484.44201
2026-03-31,4727,"Закрытый паевой инвестиционный фонд рыночных финансовых инструментов ""ДОХОДЪ Глобальные акции роста и качества""",Закрытый,Сформирован,643-RUB,1802887.52,35.71,808.0,50484.44201
2026-04-30,4727,"Закрытый паевой инвестиционный фонд рыночных финансовых инструментов ""ДОХОДЪ Глобальные акции роста и качества""",Закрытый,Сформирован,643-RUB,1792008.08,35.5,808.0,50484.442010000006
2026-05-29,4727,"Закрытый паевой инвестиционный фонд рыночных финансовых инструментов ""ДОХОДЪ Глобальные акции роста и качества""",Закрытый,Сформирован,643-RUB,1752245.53,34.71,808.0,50484.442009999984
2026-06-30,4727,"Закрытый паевой инвестиционный фонд рыночных финансовых инструментов ""ДОХОДЪ Глобальные акции роста и качества""",Закрытый,Сформирован,643-RUB,1756334.7,34.79,808.0,50484.44201
2026-07-31,4727,"Закрытый паевой инвестиционный фонд рыночных финансовых инструментов ""ДОХОДЪ Глобальные акции роста и качества""",Закрытый,Сформирован,643-RUB,1760832.59,34.88,808.0,50484.44201
2026-01-30,4728,"Закрытый паевой инвестиционный фонд рыночных финансовых инструментов ""ДОХОДЪ Глобальные акции низкой волатильности""",Закрытый,Сформирован,643-RUB,6287308.75,123.72,156.0,50820.12901000001
2026-02-27,4728,"Закрытый паевой инвестиционный фонд рыночных финансовых инструментов ""ДОХОДЪ Глобальные акции низкой волатильности""",Закрытый,Сформирован,643-RUB,6288557.49,123.74,156.0,50820.12901000001
2026-03-31,4728,"Закрытый паевой инвестиционный фонд рыночных финансовых инструментов ""ДОХОДЪ Глобальные акции низкой волатильности""",Закрытый,Сформирован,643-RUB,6299801.69,123.96,156.0,50820.12901
2026-04-30,4728,"Закрытый паевой инвестиционный фонд рыночных финансовых инструментов ""ДОХОДЪ Глобальные акции низкой волатильности""",Закрытый,Сформирован,643-RUB,6322673.26,124.41,156.0,50820.12901
2026-05-29,4728,"Закрытый паевой инвестиционный фонд рыночных финансовых инструментов ""ДОХОДЪ Глобальные акции низкой волатильности""",Закрытый,Сформирован,643-RUB,6374011.73,125.42,156.0,50820.12901
2026-06-30,4728,"Закрытый паевой инвестиционный фонд рыночных финансовых инструментов ""ДОХОДЪ Глобальные акции низкой волатильности""",Закрытый,Сформирован,643-RUB,6290311.86,123.78,156.0,50820.12901
2026-07-31,4728,"Закрытый паевой инвестиционный фонд рыночных финансовых инструментов ""ДОХОДЪ Глобальные акции низкой волатильности""",Закрытый,Сформирован,643-RUB,6291008.77,123.79,156.0,50820.12901
2026-01-30,4729,"Закрытый паевой инвестиционный фонд рыночных финансовых инструментов ""ДОХОДЪ Глобальные акции малой капитализации""",Закрытый,Сформирован,643-RUB,6591519.33,129.85,203.0,50761.63083
2026-02-27,4729,"Закрытый паевой инвестиционный фонд рыночных финансовых инструментов ""ДОХОДЪ Глобальные акции малой капитализации""",Закрытый,Сформирован,643-RUB,6591195.87,129.85,203.0,50761.63083
2026-03-31,4729,"Закрытый паевой инвестиционный фонд рыночных финансовых инструментов ""ДОХОДЪ Глобальные акции малой капитализации""",Закрытый,Сформирован,643-RUB,6654097.76,131.09,203.0,50761.63083
2026-04-30,4729,"Закрытый паевой инвестиционный фонд рыночных финансовых инструментов ""ДОХОДЪ Глобальные акции малой капитализации""",Закрытый,Сформирован,643-RUB,6594501.67,129.91,203.0,50761.63083000001
2026-05-29,4729,"Закрытый паевой инвестиционный фонд рыночных финансовых инструментов ""ДОХОДЪ Глобальные акции малой капитализации""",Закрытый,Сформирован,643-RUB,6664202.84,131.28,203.0,50761.63083
2026-06-30,4729,"Закрытый паевой инвестиционный фонд рыночных финансовых инструментов ""ДОХОДЪ Глобальные акции малой капитализации""",Закрытый,Сформирован,643-RUB,6601170.04,130.04,203.0,50761.63083
2026-07-31,4729,"Закрытый паевой инвестиционный фонд рыночных финансовых инструментов ""ДОХОДЪ Глобальные акции малой капитализации""",Закрытый,Сформирован,643-RUB,6591495.76,129.85,203.0,50761.63083
2026-01-30,4742,Биржевой паевой инвестиционный фонд рыночных финансовых инструментов «Ингосстрах Инфляционный»,Биржевой,Сформирован,643-RUB,703520145.77,129.95,2034.0,5413644.0082
2026-02-27,4742,Биржевой паевой инвестиционный фонд рыночных финансовых инструментов «Ингосстрах Инфляционный»,Биржевой,Сформирован,643-RUB,716594086.71,132.37,2092.0,5413644.0082
2026-03-31,4742,Биржевой паевой инвестиционный фонд рыночных финансовых инструментов «Ингосстрах Инфляционный»,Биржевой,Сформирован,643-RUB,753272050.21,138.0,2153.0,5458318.23983
2026-04-30,4742,Биржевой паевой инвестиционный фонд рыночных финансовых инструментов «Ингосстрах Инфляционный»,Биржевой,Сформирован,643-RUB,781549530.04,140.4,2357.0,5566516.46767
2026-05-29,4742,Биржевой паевой инвестиционный фонд рыночных финансовых инструментов «Ингосстрах Инфляционный»,Биржевой,Сформирован,643-RUB,795873226.01,141.35,2391.0,5630576.46093
2026-06-30,4742,Биржевой паевой инвестиционный фонд рыночных финансовых инструментов «Ингосстрах Инфляционный»,Биржевой,Сформирован,643-RUB,809104251.94,143.17,2556.0,5651520.33136
2026-07-31,4742,Биржевой паевой инвестиционный фонд рыночных финансовых инструментов «Ингосстрах Инфляционный»,Биржевой,Сформирован,643-RUB,818017854.3,144.74,2602.0,5651520.33136
2026-01-30,4748,Закрытый паевой инвестиционный фонд рыночных финансовых инструментов «Газпромбанк – Новые рубежи»,Закрытый,Сформирован,643-RUB,90664.67,91.63,5.0,989.48198
2026-02-27,4748,Закрытый паевой инвестиционный фонд рыночных финансовых инструментов «Газпромбанк – Новые рубежи»,Закрытый,Сформирован,643-RUB,90664.67,91.63,5.0,989.48198
2026-03-31,4748,Закрытый паевой инвестиционный фонд рыночных финансовых инструментов «Газпромбанк – Новые рубежи»,Закрытый,Сформирован,643-RUB,90664.67,91.63,5.0,989.48198
2026-04-30,4748,Закрытый паевой инвестиционный фонд рыночных финансовых инструментов «Газпромбанк – Новые рубежи»,Закрытый,Сформирован,643-RUB,90664.67,91.63,5.0,989.48198
2026-05-29,4748,Закрытый паевой инвестиционный фонд рыночных финансовых инструментов «Газпромбанк – Новые рубежи»,Закрытый,Сформирован,643-RUB,90664.67,91.63,5.0,989.48198
2026-06-30,4748,Закрытый паевой инвестиционный фонд рыночных финансовых инструментов «Газпромбанк – Новые рубежи»,Закрытый,Сформирован,643-RUB,90664.67,91.63,5.0,989.48198
2026-07-31,4748,Закрытый паевой инвестиционный фонд рыночных финансовых инструментов «Газпромбанк – Новые рубежи»,Закрытый,Сформирован,643-RUB,90664.67,91.63,5.0,989.48198
2026-01-30,4778,Закрытый паевой инвестиционный фонд рыночных финансовых инструментов «Первая – Фонд Глобальный портфель»,Закрытый,Сформирован,643-RUB,24581026.7,4.96,1192.0,4955975.74128
2026-02-27,4778,Закрытый паевой инвестиционный фонд рыночных финансовых инструментов «Первая – Фонд Глобальный портфель»,Закрытый,Сформирован,643-RUB,24917462.4,5.03,1193.0,4955975.74128
2026-03-31,4778,Закрытый паевой инвестиционный фонд рыночных финансовых инструментов «Первая – Фонд Глобальный портфель»,Закрытый,Сформирован,643-RUB,27771407.59,5.6,1193.0,4955975.741280003
2026-04-30,4778,Закрытый паевой инвестиционный фонд рыночных финансовых инструментов «Первая – Фонд Глобальный портфель»,Закрытый,Сформирован,643-RUB,25672841.21,5.18,1193.0,4955975.741280004
2026-05-29,4778,Закрытый паевой инвестиционный фонд рыночных финансовых инструментов «Первая – Фонд Глобальный портфель»,Закрытый,Сформирован,643-RUB,24524550.48,4.95,1193.0,4955975.7412800025
2026-06-30,4778,Закрытый паевой инвестиционный фонд рыночных финансовых инструментов «Первая – Фонд Глобальный портфель»,Закрытый,Сформирован,643-RUB,25931072.03,5.23,1192.0,4955975.7412800025
2026-07-31,4778,Закрытый паевой инвестиционный фонд рыночных финансовых инструментов «Первая – Фонд Глобальный портфель»,Закрытый,Сформирован,643-RUB,26599729.9,5.37,1192.0,4955975.74128
2026-01-30,4779,Закрытый паевой инвестиционный фонд рыночных финансовых инструментов «Первая – Фонд Блокчейн Экономика»,Закрытый,Сформирован,643-RUB,112675614.91,8.2,27631.0,13733291.809739998
2026-02-27,4779,Закрытый паевой инвестиционный фонд рыночных финансовых инструментов «Первая – Фонд Блокчейн Экономика»,Закрытый,Сформирован,643-RUB,114212693.74,8.32,27696.0,13733291.80974
2026-03-31,4779,Закрытый паевой инвестиционный фонд рыночных финансовых инструментов «Первая – Фонд Блокчейн Экономика»,Закрытый,Сформирован,643-RUB,88689581.83,6.46,27683.0,13733291.80974
2026-04-30,4779,Закрытый паевой инвестиционный фонд рыночных финансовых инструментов «Первая – Фонд Блокчейн Экономика»,Закрытый,Сформирован,643-RUB,79337856.89,5.78,27685.0,13733291.809740003
2026-05-29,4779,Закрытый паевой инвестиционный фонд рыночных финансовых инструментов «Первая – Фонд Блокчейн Экономика»,Закрытый,Сформирован,643-RUB,75638855.78,5.51,27684.0,13733291.809739996
2026-06-30,4779,Закрытый паевой инвестиционный фонд рыночных финансовых инструментов «Первая – Фонд Блокчейн Экономика»,Закрытый,Сформирован,643-RUB,82324496.75,5.99,27681.0,13733291.809740003
2026-07-31,4779,Закрытый паевой инвестиционный фонд рыночных финансовых инструментов «Первая – Фонд Блокчейн Экономика»,Закрытый,Сформирован,643-RUB,84534367.12,6.16,27679.0,13733291.80974
2026-01-30,4784,Закрытый паевой инвестиционный фонд рыночных финансовых инструментов «Газпромбанк – Акции китайских компаний»,Закрытый,Сформирован,643-RUB,33300.15,1.45,207.0,22949.999989999997
2026-02-27,4784,Закрытый паевой инвестиционный фонд рыночных финансовых инструментов «Газпромбанк – Акции китайских компаний»,Закрытый,Сформирован,643-RUB,33300.15,1.45,208.0,22949.999989999986
2026-03-31,4784,Закрытый паевой инвестиционный фонд рыночных финансовых инструментов «Газпромбанк – Акции китайских компаний»,Закрытый,Сформирован,643-RUB,33300.15,1.45,208.0,22949.99999
2026-04-30,4784,Закрытый паевой инвестиционный фонд рыночных финансовых инструментов «Газпромбанк – Акции китайских компаний»,Закрытый,Сформирован,643-RUB,33300.15,1.45,208.0,22949.999989999997
2026-05-29,4784,Закрытый паевой инвестиционный фонд рыночных финансовых инструментов «Газпромбанк – Акции китайских компаний»,Закрытый,Сформирован,643-RUB,33300.15,1.45,208.0,22949.999989999997
2026-06-30,4784,Закрытый паевой инвестиционный фонд рыночных финансовых инструментов «Газпромбанк – Акции китайских компаний»,Закрытый,Сформирован,643-RUB,33300.15,1.45,208.0,22949.999989999986
2026-07-31,4784,Закрытый паевой инвестиционный фонд рыночных финансовых инструментов «Газпромбанк – Акции китайских компаний»,Закрытый,Сформирован,643-RUB,33300.15,1.45,207.0,22949.99999
2026-01-30,4786,Закрытый паевой инвестиционный фонд рыночных финансовых инструментов «Газпромбанк – Фонд глобальных активов»,Закрытый,Сформирован,643-RUB,83244.01,1.41,134.0,59160.00000000001
2026-02-27,4786,Закрытый паевой инвестиционный фонд рыночных финансовых инструментов «Газпромбанк – Фонд глобальных активов»,Закрытый,Сформирован,643-RUB,83244.01,1.41,135.0,59160.000000000015
2026-03-31,4786,Закрытый паевой инвестиционный фонд рыночных финансовых инструментов «Газпромбанк – Фонд глобальных активов»,Закрытый,Сформирован,643-RUB,83244.01,1.41,135.0,59160.00000000001
2026-04-30,4786,Закрытый паевой инвестиционный фонд рыночных финансовых инструментов «Газпромбанк – Фонд глобальных активов»,Закрытый,Сформирован,643-RUB,83244.01,1.41,135.0,59160.000000000015
2026-05-29,4786,Закрытый паевой инвестиционный фонд рыночных финансовых инструментов «Газпромбанк – Фонд глобальных активов»,Закрытый,Сформирован,643-RUB,83244.01,1.41,135.0,59160.00000000001
2026-06-30,4786,Закрытый паевой инвестиционный фонд рыночных финансовых инструментов «Газпромбанк – Фонд глобальных активов»,Закрытый,Сформирован,643-RUB,83244.01,1.41,134.0,59160.000000000015
2026-07-31,4786,Закрытый паевой инвестиционный фонд рыночных финансовых инструментов «Газпромбанк – Фонд глобальных активов»,Закрытый,Сформирован,643-RUB,83244.01,1.41,134.0,59160.0
2026-01-30,4797,Закрытый паевой инвестиционный фонд рыночных финансовых инструментов «Альфа-Капитал Стратегия будущего»,Закрытый,Сформирован,643-RUB,23523711.29,2.7,5641.0,8719756.02956
2026-02-27,4797,Закрытый паевой инвестиционный фонд рыночных финансовых инструментов «Альфа-Капитал Стратегия будущего»,Закрытый,Сформирован,643-RUB,28564911.6,3.28,5642.0,8719756.02956
2026-03-31,4797,Закрытый паевой инвестиционный фонд рыночных финансовых инструментов «Альфа-Капитал Стратегия будущего»,Закрытый,Сформирован,643-RUB,30000118.57,3.44,5642.0,8719756.02956
2026-04-30,4797,Закрытый паевой инвестиционный фонд рыночных финансовых инструментов «Альфа-Капитал Стратегия будущего»,Закрытый,Сформирован,643-RUB,27791342.42,3.19,5642.0,8719756.02956
2026-05-29,4797,Закрытый паевой инвестиционный фонд рыночных финансовых инструментов «Альфа-Капитал Стратегия будущего»,Закрытый,Сформирован,643-RUB,26582579.29,3.05,5642.0,8719756.02956
2026-06-30,4797,Закрытый паевой инвестиционный фонд рыночных финансовых инструментов «Альфа-Капитал Стратегия будущего»,Закрытый,Сформирован,643-RUB,28777804.51,3.3,5641.0,8719756.02956
2026-07-31,4797,Закрытый паевой инвестиционный фонд рыночных финансовых инструментов «Альфа-Капитал Стратегия будущего»,Закрытый,Сформирован,643-RUB,29500498.15,3.38,5641.0,8719756.02956
2026-01-30,4860,Открытый паевой инвестиционный фонд рыночных финансовых инструментов «Первая – Локальный»,Открытый,Сформирован,643-RUB,1108006576.19,1557.36,32462.0,711462.5311907997
2026-02-27,4860,Открытый паевой инвестиционный фонд рыночных финансовых инструментов «Первая – Локальный»,Открытый,Сформирован,643-RUB,1258098099.43,1581.61,32531.0,795456.0286325999
2026-03-31,4860,Открытый паевой инвестиционный фонд рыночных финансовых инструментов «Первая – Локальный»,Открытый,Сформирован,643-RUB,1541135581.86,1587.0,32636.0,971098.1933306996
2026-04-30,4860,Открытый паевой инвестиционный фонд рыночных финансовых инструментов «Первая – Локальный»,Открытый,Сформирован,643-RUB,1598321435.55,1573.85,32573.0,1015546.1894615004
2026-05-29,4860,Открытый паевой инвестиционный фонд рыночных финансовых инструментов «Первая – Локальный»,Открытый,Сформирован,643-RUB,1460163815.37,1571.53,32349.0,929137.7530422002
2026-06-30,4860,Открытый паевой инвестиционный фонд рыночных финансовых инструментов «Первая – Локальный»,Открытый,Сформирован,643-RUB,1235824967.9,1514.8,31945.0,815836.2838099004
2026-07-31,4860,Открытый паевой инвестиционный фонд рыночных финансовых инструментов «Первая – Локальный»,Открытый,Сформирован,643-RUB,1170216990.98,1519.54,31257.0,770114.3461983
2026-01-30,4919,Закрытый паевой инвестиционный фонд недвижимости «Т-Капитал Репаблик РЕДС»,Закрытый,Сформирован,643-RUB,1078002701.98,1266.7424,3562.0,851003.8999999999
2026-02-27,4919,Закрытый паевой инвестиционный фонд недвижимости «Т-Капитал Репаблик РЕДС»,Закрытый,Сформирован,643-RUB,1082466812.6,1271.9881,3579.0,851003.8999999999
2026-03-31,4919,Закрытый паевой инвестиционный фонд недвижимости «Т-Капитал Репаблик РЕДС»,Закрытый,Сформирован,643-RUB,1089295526.69,1280.0124,3612.0,851003.8999999999
2026-04-30,4919,Закрытый паевой инвестиционный фонд недвижимости «Т-Капитал Репаблик РЕДС»,Закрытый,Сформирован,643-RUB,1094365127.54,1285.9696,3673.0,851003.8999999999
2026-05-29,4919,Закрытый паевой инвестиционный фонд недвижимости «Т-Капитал Репаблик РЕДС»,Закрытый,Сформирован,643-RUB,1107735768.66,1301.6812,3700.0,851003.8999999999
2026-06-30,4919,Закрытый паевой инвестиционный фонд недвижимости «Т-Капитал Репаблик РЕДС»,Закрытый,Сформирован,643-RUB,1117289922.95,1312.9081,3727.0,851003.9
2026-07-31,4919,Закрытый паевой инвестиционный фонд недвижимости «Т-Капитал Репаблик РЕДС»,Закрытый,Сформирован,643-RUB,1125046447.13,1322.0227,3770.0,851003.9
2026-01-30,4920,"Биржевой паевой инвестиционный фонд рыночных финансовых инструментов ""ДОХОДЪ Сбондс Корпоративные облигации РФ""",Биржевой,Сформирован,643-RUB,876904341.77,1545.01,4229.0,567573.34695
2026-02-27,4920,"Биржевой паевой инвестиционный фонд рыночных финансовых инструментов ""ДОХОДЪ Сбондс Корпоративные облигации РФ""",Биржевой,Сформирован,643-RUB,951956945.28,1570.43,4433.0,606175.72096
2026-03-31,4920,"Биржевой паевой инвестиционный фонд рыночных финансовых инструментов ""ДОХОДЪ Сбондс Корпоративные облигации РФ""",Биржевой,Сформирован,643-RUB,1158122670.13,1610.22,4863.0,719233.03564
2026-04-30,4920,"Биржевой паевой инвестиционный фонд рыночных финансовых инструментов ""ДОХОДЪ Сбондс Корпоративные облигации РФ""",Биржевой,Сформирован,643-RUB,1359985759.17,1634.19,5558.0,832209.62108
2026-05-29,4920,"Биржевой паевой инвестиционный фонд рыночных финансовых инструментов ""ДОХОДЪ Сбондс Корпоративные облигации РФ""",Биржевой,Сформирован,643-RUB,1567560642.19,1657.66,5993.0,945646.36924
2026-06-30,4920,"Биржевой паевой инвестиционный фонд рыночных финансовых инструментов ""ДОХОДЪ Сбондс Корпоративные облигации РФ""",Биржевой,Сформирован,643-RUB,1718687277.97,1666.27,6203.0,1031455.45247
2026-07-31,4920,"Биржевой паевой инвестиционный фонд рыночных финансовых инструментов ""ДОХОДЪ Сбондс Корпоративные облигации РФ""",Биржевой,Сформирован,643-RUB,1673789616.59,1700.22,6069.0,984455.45247
2026-01-30,4929,Открытый паевой инвестиционный фонд рыночных финансовых инструментов «Альфа - Капитал Сбалансированный с выплатой дохода»,Открытый,Сформирован,643-RUB,11535705140.08,1412.11,6016.0,8169114.46549
2026-02-27,4929,Открытый паевой инвестиционный фонд рыночных финансовых инструментов «Альфа - Капитал Сбалансированный с выплатой дохода»,Открытый,Сформирован,643-RUB,11514329484.68,1426.69,5909.0,8070658.83353
2026-03-31,4929,Открытый паевой инвестиционный фонд рыночных финансовых инструментов «Альфа - Капитал Сбалансированный с выплатой дохода»,Открытый,Сформирован,643-RUB,11108088329.23,1390.42,5804.0,7989030.888840002
2026-04-30,4929,Открытый паевой инвестиционный фонд рыночных финансовых инструментов «Альфа - Капитал Сбалансированный с выплатой дохода»,Открытый,Сформирован,643-RUB,10468790928.31,1348.55,5686.0,7762987.086000002
2026-05-29,4929,Открытый паевой инвестиционный фонд рыночных финансовых инструментов «Альфа - Капитал Сбалансированный с выплатой дохода»,Открытый,Сформирован,643-RUB,9752515862.1,1323.87,5583.0,7366696.788990001
2026-06-30,4929,Открытый паевой инвестиционный фонд рыночных финансовых инструментов «Альфа - Капитал Сбалансированный с выплатой дохода»,Открытый,Сформирован,643-RUB,8303691735.57,1211.69,5404.0,6852983.647210004
2026-07-31,4929,Открытый паевой инвестиционный фонд рыночных финансовых инструментов «Альфа - Капитал Сбалансированный с выплатой дохода»,Открытый,Сформирован,643-RUB,8050961106.46,1217.61,5210.0,6612126.80684
2026-01-30,4978,Открытый паевой инвестиционный фонд рыночных финансовых инструментов «Первая - Фонд облигаций с выплатой дохода»,Открытый,Сформирован,643-RUB,40471705545.84,49181.39,23080.0,822906.9124006996
2026-02-27,4978,Открытый паевой инвестиционный фонд рыночных финансовых инструментов «Первая - Фонд облигаций с выплатой дохода»,Открытый,Сформирован,643-RUB,42627819962.41,49910.92,24068.0,854077.9738333994
2026-03-31,4978,Открытый паевой инвестиционный фонд рыночных финансовых инструментов «Первая - Фонд облигаций с выплатой дохода»,Открытый,Сформирован,643-RUB,44546787114.27,49417.43,25399.0,901438.7082083004
2026-04-30,4978,Открытый паевой инвестиционный фонд рыночных финансовых инструментов «Первая - Фонд облигаций с выплатой дохода»,Открытый,Сформирован,643-RUB,47983947832.87,50174.37,26572.0,956343.8089879004
2026-05-29,4978,Открытый паевой инвестиционный фонд рыночных финансовых инструментов «Первая - Фонд облигаций с выплатой дохода»,Открытый,Сформирован,643-RUB,50571172525.49,50560.19,27825.0,1000217.1471476
2026-06-30,4978,Открытый паевой инвестиционный фонд рыночных финансовых инструментов «Первая - Фонд облигаций с выплатой дохода»,Открытый,Сформирован,643-RUB,50134049911.54,47992.05,28915.0,1044632.3935436
2026-07-31,4978,Открытый паевой инвестиционный фонд рыночных финансовых инструментов «Первая - Фонд облигаций с выплатой дохода»,Открытый,Сформирован,643-RUB,49685613505.06,48742.4,28753.0,1019350.9852316
2026-01-30,4979,Открытый паевой инвестиционный фонд рыночных финансовых инструментов «Первая - Фонд смешанный с выплатой дохода»,Открытый,Сформирован,643-RUB,61182426343.05,55426.07,62146.0,1103856.4692563007
2026-02-27,4979,Открытый паевой инвестиционный фонд рыночных финансовых инструментов «Первая - Фонд смешанный с выплатой дохода»,Открытый,Сформирован,643-RUB,59917094847.02,55950.75,60575.0,1070889.9451470007
2026-03-31,4979,Открытый паевой инвестиционный фонд рыночных финансовых инструментов «Первая - Фонд смешанный с выплатой дохода»,Открытый,Сформирован,643-RUB,56344975001.46,53917.9,59552.0,1045014.1879893
2026-04-30,4979,Открытый паевой инвестиционный фонд рыночных финансовых инструментов «Первая - Фонд смешанный с выплатой дохода»,Открытый,Сформирован,643-RUB,52923714283.9,52540.29,57755.0,1007297.8047738998
2026-05-29,4979,Открытый паевой инвестиционный фонд рыночных финансовых инструментов «Первая - Фонд смешанный с выплатой дохода»,Открытый,Сформирован,643-RUB,50900994259.09,52116.74,56320.0,976672.7214791
2026-06-30,4979,Открытый паевой инвестиционный фонд рыночных финансовых инструментов «Первая - Фонд смешанный с выплатой дохода»,Открытый,Сформирован,643-RUB,44697745289.2,47207.38,54866.0,946838.1072513998
2026-07-31,4979,Открытый паевой инвестиционный фонд рыночных финансовых инструментов «Первая - Фонд смешанный с выплатой дохода»,Открытый,Сформирован,643-RUB,41257767579.45,45934.11,52548.0,898194.5984504
2026-01-30,4980,Открытый паевой инвестиционный фонд рыночных финансовых инструментов «Первая - Фонд акций с выплатой дохода»,Открытый,Сформирован,643-RUB,37073118158.56,57696.37,39124.0,642555.4500587992
2026-02-27,4980,Открытый паевой инвестиционный фонд рыночных финансовых инструментов «Первая - Фонд акций с выплатой дохода»,Открытый,Сформирован,643-RUB,35793776554.12,57777.37,38032.0,619512.0715352988
2026-03-31,4980,Открытый паевой инвестиционный фонд рыночных финансовых инструментов «Первая - Фонд акций с выплатой дохода»,Открытый,Сформирован,643-RUB,33583541989.19,55719.75,37193.0,602722.370414
2026-04-30,4980,Открытый паевой инвестиционный фонд рыночных финансовых инструментов «Первая - Фонд акций с выплатой дохода»,Открытый,Сформирован,643-RUB,30803436293.12,53203.97,35918.0,578968.7940411997
2026-05-29,4980,Открытый паевой инвестиционный фонд рыночных финансовых инструментов «Первая - Фонд акций с выплатой дохода»,Открытый,Сформирован,643-RUB,29426177537.25,52313.63,34936.0,562495.4783839
2026-06-30,4980,Открытый паевой инвестиционный фонд рыночных финансовых инструментов «Первая - Фонд акций с выплатой дохода»,Открытый,Сформирован,643-RUB,25373817283.08,46747.94,33845.0,542779.3939774998
2026-07-31,4980,Открытый паевой инвестиционный фонд рыночных финансовых инструментов «Первая - Фонд акций с выплатой дохода»,Открытый,Сформирован,643-RUB,23432646671.41,44727.25,32733.0,523900.8767318
2026-01-30,4998,Открытый паевой инвестиционный фонд рыночных финансовых инструментов «Т-Капитал Золотой стандарт»,Открытый,Сформирован,643-RUB,3830042568.37,3373.45,2069.0,1135349.2370399998
2026-02-27,4998,Открытый паевой инвестиционный фонд рыночных финансовых инструментов «Т-Капитал Золотой стандарт»,Открытый,Сформирован,643-RUB,3978823147.44,3553.85,2052.0,1119579.786290001
2026-03-31,4998,Открытый паевой инвестиционный фонд рыночных финансовых инструментов «Т-Капитал Золотой стандарт»,Открытый,Сформирован,643-RUB,3615333585.49,3246.4,2032.0,1113878.67602
2026-04-30,4998,Открытый паевой инвестиционный фонд рыночных финансовых инструментов «Т-Капитал Золотой стандарт»,Открытый,Сформирован,643-RUB,3342575586.6,3015.92,2015.0,1108308.61339
2026-05-29,4998,Открытый паевой инвестиционный фонд рыночных финансовых инструментов «Т-Капитал Золотой стандарт»,Открытый,Сформирован,643-RUB,3090618033.83,2814.41,1994.0,1098142.16165
2026-06-30,4998,Открытый паевой инвестиционный фонд рыночных финансовых инструментов «Т-Капитал Золотой стандарт»,Открытый,Сформирован,643-RUB,3012147694.83,2744.51,1978.0,1097517.34344
2026-07-31,4998,Открытый паевой инвестиционный фонд рыночных финансовых инструментов «Т-Капитал Золотой стандарт»,Открытый,Сформирован,643-RUB,3041564354.35,2779.97,1967.0,1094100.4869
2026-01-30,5007,Открытый паевой инвестиционный фонд рыночных финансовых инструментов «Финансовый поток»,Открытый,Сформирован,643-RUB,3571527085.21,1069.04,11461.0,3340857.9383299984
2026-02-27,5007,Открытый паевой инвестиционный фонд рыночных финансовых инструментов «Финансовый поток»,Открытый,Сформирован,643-RUB,3576410147.79,1088.39,11286.0,3285972.55317
2026-03-31,5007,Открытый паевой инвестиционный фонд рыночных финансовых инструментов «Финансовый поток»,Открытый,Сформирован,643-RUB,3501724192.69,1075.38,11174.0,3256252.7584799984
2026-04-30,5007,Открытый паевой инвестиционный фонд рыночных финансовых инструментов «Финансовый поток»,Открытый,Сформирован,643-RUB,3448084206.92,1079.01,10944.0,3195613.733450001
2026-05-29,5007,Открытый паевой инвестиционный фонд рыночных финансовых инструментов «Финансовый поток»,Открытый,Сформирован,643-RUB,3398156153.2,1083.5,10759.0,3136266.52783
2026-06-30,5007,Открытый паевой инвестиционный фонд рыночных финансовых инструментов «Финансовый поток»,Открытый,Сформирован,643-RUB,3190965813.35,1022.14,11061.0,3121842.8254800006
2026-07-31,5007,Открытый паевой инвестиционный фонд рыночных финансовых инструментов «Финансовый поток»,Открытый,Сформирован,643-RUB,3131978550.21,1033.34,10983.0,3030933.96448
2026-01-30,5012,Биржевой паевой инвестиционный фонд рыночных финансовых инструментов «Альфа-Капитал Денежный рынок»,Биржевой,Сформирован,643-RUB,288057186053.16,162.7568,416095.0,1769862637.49632
2026-02-27,5012,Биржевой паевой инвестиционный фонд рыночных финансовых инструментов «Альфа-Капитал Денежный рынок»,Биржевой,Сформирован,643-RUB,303390807993.66,164.61819,420835.0,1842996878.44229
2026-03-31,5012,Биржевой паевой инвестиционный фонд рыночных финансовых инструментов «Альфа-Капитал Денежный рынок»,Биржевой,Сформирован,643-RUB,306184528047.79,166.70895,417266.0,1836641191.4627
2026-04-30,5012,Биржевой паевой инвестиционный фонд рыночных финансовых инструментов «Альфа-Капитал Денежный рынок»,Биржевой,Сформирован,643-RUB,307067987440.52,168.63802,420353.0,1820870442.04669
2026-05-29,5012,Биржевой паевой инвестиционный фонд рыночных финансовых инструментов «Альфа-Капитал Денежный рынок»,Биржевой,Сформирован,643-RUB,315179302635.6,170.46939,422261.0,1848890856.3065
2026-06-30,5012,Биржевой паевой инвестиционный фонд рыночных финансовых инструментов «Альфа-Капитал Денежный рынок»,Биржевой,Сформирован,643-RUB,322433948640.39,172.5043,422294.0,1869135671.4826
2026-07-31,5012,Биржевой паевой инвестиционный фонд рыночных финансовых инструментов «Альфа-Капитал Денежный рынок»,Биржевой,Сформирован,643-RUB,326993792788.09,174.51538,427912.0,1873724750.43839
2026-01-30,5020,Закрытый паевой инвестиционный фонд рыночных финансовых инструментов «Мировые акции»,Закрытый,Сформирован,643-RUB,7409219.16,611.84,6.0,12109.684179999998
2026-02-27,5020,Закрытый паевой инвестиционный фонд рыночных финансовых инструментов «Мировые акции»,Закрытый,Сформирован,643-RUB,7414884.26,612.31,6.0,12109.68418
2026-03-31,5020,Закрытый паевой инвестиционный фонд рыночных финансовых инструментов «Мировые акции»,Закрытый,Сформирован,643-RUB,7432911.75,613.8,6.0,12109.684179999998
2026-04-30,5020,Закрытый паевой инвестиционный фонд рыночных финансовых инструментов «Мировые акции»,Закрытый,Сформирован,643-RUB,7570814.57,625.19,6.0,12109.68418
2026-05-29,5020,Закрытый паевой инвестиционный фонд рыночных финансовых инструментов «Мировые акции»,Закрытый,Сформирован,643-RUB,7559887.34,624.28,6.0,12109.684179999998
2026-06-30,5020,Закрытый паевой инвестиционный фонд рыночных финансовых инструментов «Мировые акции»,Закрытый,Сформирован,643-RUB,7596574.39,627.31,6.0,12109.68418
2026-07-31,5020,Закрытый паевой инвестиционный фонд рыночных финансовых инструментов «Мировые акции»,Закрытый,Сформирован,643-RUB,7209726.04,595.37,6.0,12109.68418
2026-01-30,5060,Закрытый паевой инвестиционный фонд недвижимости «АКТИВО ВОСЕМНАДЦАТЬ»,Закрытый,Сформирован,643-RUB,639396498.26,268993.06,432.0,2377.0
2026-02-27,5060,Закрытый паевой инвестиционный фонд недвижимости «АКТИВО ВОСЕМНАДЦАТЬ»,Закрытый,Сформирован,643-RUB,642672441.07,270371.24,432.0,2377.0
2026-03-31,5060,Закрытый паевой инвестиционный фонд недвижимости «АКТИВО ВОСЕМНАДЦАТЬ»,Закрытый,Сформирован,643-RUB,648905305.7,272993.4,432.0,2377.0
2026-04-30,5060,Закрытый паевой инвестиционный фонд недвижимости «АКТИВО ВОСЕМНАДЦАТЬ»,Закрытый,Сформирован,643-RUB,651273508.24,273989.7,432.0,2377.0
2026-05-29,5060,Закрытый паевой инвестиционный фонд недвижимости «АКТИВО ВОСЕМНАДЦАТЬ»,Закрытый,Сформирован,643-RUB,652381538.77,274455.84,433.0,2377.0
2026-06-30,5060,Закрытый паевой инвестиционный фонд недвижимости «АКТИВО ВОСЕМНАДЦАТЬ»,Закрытый,Сформирован,643-RUB,647387140.64,272354.71,435.0,2377.0
2026-07-31,5060,Закрытый паевой инвестиционный фонд недвижимости «АКТИВО ВОСЕМНАДЦАТЬ»,Закрытый,Сформирован,643-RUB,651817731.85,274218.65,434.0,2377.0
2026-01-30,5061,Биржевой паевой инвестиционный фонд рыночных финансовых инструментов «Первая – Фонд Доступное золото»,Биржевой,Сформирован,643-RUB,7981933597.49,35.9818,111509.0,221832251.0
2026-02-27,5061,Биржевой паевой инвестиционный фонд рыночных финансовых инструментов «Первая – Фонд Доступное золото»,Биржевой,Сформирован,643-RUB,9046272988.34,38.3176,116677.0,236086704.0
2026-03-31,5061,Биржевой паевой инвестиционный фонд рыночных финансовых инструментов «Первая – Фонд Доступное золото»,Биржевой,Сформирован,643-RUB,8689153999.84,35.0806,121031.0,247691417.0
2026-04-30,5061,Биржевой паевой инвестиционный фонд рыночных финансовых инструментов «Первая – Фонд Доступное золото»,Биржевой,Сформирован,643-RUB,8185377543.19,32.6531,120906.0,250677040.0
2026-05-29,5061,Биржевой паевой инвестиционный фонд рыночных финансовых инструментов «Первая – Фонд Доступное золото»,Биржевой,Сформирован,643-RUB,7746491362.39,30.5299,120159.0,253734269.0
2026-06-30,5061,Биржевой паевой инвестиционный фонд рыночных финансовых инструментов «Первая – Фонд Доступное золото»,Биржевой,Сформирован,643-RUB,7793438134.66,29.8282,119537.0,261277900.0
2026-07-31,5061,Биржевой паевой инвестиционный фонд рыночных финансовых инструментов «Первая – Фонд Доступное золото»,Биржевой,Сформирован,643-RUB,7897805142.01,30.2288,119750.0,261267900.0
2026-01-30,5095,"Открытый паевой инвестиционный фонд рыночных финансовых инструментов ""Фонд природных ресурсов""",Открытый,Сформирован,643-RUB,327919980.03,1367.12,751.0,239862.21578
2026-02-27,5095,"Открытый паевой инвестиционный фонд рыночных финансовых инструментов ""Фонд природных ресурсов""",Открытый,Сформирован,643-RUB,316920440.33,1358.81,725.0,233233.54822999996
2026-03-31,5095,"Открытый паевой инвестиционный фонд рыночных финансовых инструментов ""Фонд природных ресурсов""",Открытый,Сформирован,643-RUB,305405825.35,1397.79,697.0,218491.86163
2026-04-30,5095,"Открытый паевой инвестиционный фонд рыночных финансовых инструментов ""Фонд природных ресурсов""",Открытый,Сформирован,643-RUB,276501241.96,1303.3,679.0,212155.18166000003
2026-05-29,5095,"Открытый паевой инвестиционный фонд рыночных финансовых инструментов ""Фонд природных ресурсов""",Открытый,Сформирован,643-RUB,263724057.08,1263.97,667.0,208647.80702999997
2026-06-30,5095,"Открытый паевой инвестиционный фонд рыночных финансовых инструментов ""Фонд природных ресурсов""",Открытый,Сформирован,643-RUB,230593403.15,1131.95,654.0,203713.29465
2026-07-31,5095,"Открытый паевой инвестиционный фонд рыночных финансовых инструментов ""Фонд природных ресурсов""",Открытый,Сформирован,643-RUB,218775452.14,1097.49,645.0,199341.36739
2026-01-30,5096,"Открытый паевой инвестиционный фонд рыночных финансовых инструментов ""Фонд Золота""",Открытый,Сформирован,643-RUB,3914528895.58,3291.78,5991.0,1189182.22727
2026-02-27,5096,"Открытый паевой инвестиционный фонд рыночных финансовых инструментов ""Фонд Золота""",Открытый,Сформирован,643-RUB,4360547919.98,3480.65,6316.0,1252797.2738099997
2026-03-31,5096,"Открытый паевой инвестиционный фонд рыночных финансовых инструментов ""Фонд Золота""",Открытый,Сформирован,643-RUB,4198578067.88,3175.58,6846.0,1322144.63627
2026-04-30,5096,"Открытый паевой инвестиционный фонд рыночных финансовых инструментов ""Фонд Золота""",Открытый,Сформирован,643-RUB,3865872045.28,2947.4,6812.0,1311619.74743
2026-05-29,5096,"Открытый паевой инвестиционный фонд рыночных финансовых инструментов ""Фонд Золота""",Открытый,Сформирован,643-RUB,3567858910.44,2748.56,6744.0,1298082.7990899996
2026-06-30,5096,"Открытый паевой инвестиционный фонд рыночных финансовых инструментов ""Фонд Золота""",Открытый,Сформирован,643-RUB,3442802908.13,2678.01,6696.0,1285582.1060199996
2026-07-31,5096,"Открытый паевой инвестиционный фонд рыночных финансовых инструментов ""Фонд Золота""",Открытый,Сформирован,643-RUB,3449771485.62,2710.06,6631.0,1272952.18221
2026-01-30,5097,Открытый паевой инвестиционный фонд рыночных финансовых инструментов «Райффайзен – Накопительный»,Открытый,Сформирован,643-RUB,6471227986.39,143.2,13385.0,45190275.81386
2026-02-27,5097,Открытый паевой инвестиционный фонд рыночных финансовых инструментов «Райффайзен – Накопительный»,Открытый,Сформирован,643-RUB,6560308565.89,144.65,15654.0,45353544.49088
2026-03-31,5097,Открытый паевой инвестиционный фонд рыночных финансовых инструментов «Райффайзен – Накопительный»,Открытый,Сформирован,643-RUB,6806106725.85,146.78,17027.0,46368108.25630002
2026-04-30,5097,Открытый паевой инвестиционный фонд рыночных финансовых инструментов «Райффайзен – Накопительный»,Открытый,Сформирован,643-RUB,6875420043.44,148.01,18499.0,46451288.44121002
2026-05-29,5097,Открытый паевой инвестиционный фонд рыночных финансовых инструментов «Райффайзен – Накопительный»,Открытый,Сформирован,643-RUB,6905940695.91,149.33,19241.0,46246708.18500999
2026-06-30,5097,Открытый паевой инвестиционный фонд рыночных финансовых инструментов «Райффайзен – Накопительный»,Открытый,Сформирован,643-RUB,6765170801.45,150.79,19750.0,44865323.27554999
2026-07-31,5097,Открытый паевой инвестиционный фонд рыночных финансовых инструментов «Райффайзен – Накопительный»,Открытый,Сформирован,643-RUB,6826569725.21,152.37,20098.0,44801572.08802
2026-01-30,5132,Открытый паевой инвестиционный фонд рыночных финансовых инструментов «Недра России»,Открытый,Сформирован,643-RUB,1888274833.28,1575.01,19001.0,1198897.3532400003
2026-02-27,5132,Открытый паевой инвестиционный фонд рыночных финансовых инструментов «Недра России»,Открытый,Сформирован,643-RUB,1813542209.13,1566.83,18787.0,1157459.54873
2026-03-31,5132,Открытый паевой инвестиционный фонд рыночных финансовых инструментов «Недра России»,Открытый,Сформирован,643-RUB,1764710351.16,1564.75,18681.0,1127792.4174999995
2026-04-30,5132,Открытый паевой инвестиционный фонд рыночных финансовых инструментов «Недра России»,Открытый,Сформирован,643-RUB,1604824022.0,1469.89,18365.0,1091796.01342
2026-05-29,5132,Открытый паевой инвестиционный фонд рыночных финансовых инструментов «Недра России»,Открытый,Сформирован,643-RUB,1507626154.4,1416.91,18133.0,1064020.34276
2026-06-30,5132,Открытый паевой инвестиционный фонд рыночных финансовых инструментов «Недра России»,Открытый,Сформирован,643-RUB,1318805594.65,1285.73,17871.0,1025722.5453399996
2026-07-31,5132,Открытый паевой инвестиционный фонд рыночных финансовых инструментов «Недра России»,Открытый,Сформирован,643-RUB,1269118444.37,1270.81,17642.0,998667.43577
2026-01-30,5183,Закрытый паевой инвестиционный фонд недвижимости «Т-Капитал Лужники Коллекшн»,Закрытый,Сформирован,643-RUB,2793933035.69,1805.309,5984.0,1547620.384
2026-02-27,5183,Закрытый паевой инвестиционный фонд недвижимости «Т-Капитал Лужники Коллекшн»,Закрытый,Сформирован,643-RUB,2812942768.93,1817.5922,6020.0,1547620.384
2026-03-31,5183,Закрытый паевой инвестиционный фонд недвижимости «Т-Капитал Лужники Коллекшн»,Закрытый,Сформирован,643-RUB,2832431339.55,1830.1848,6036.0,1547620.384
2026-04-30,5183,Закрытый паевой инвестиционный фонд недвижимости «Т-Капитал Лужники Коллекшн»,Закрытый,Сформирован,643-RUB,2842638842.42,1836.7804,6078.0,1547620.384
2026-05-29,5183,Закрытый паевой инвестиционный фонд недвижимости «Т-Капитал Лужники Коллекшн»,Закрытый,Сформирован,643-RUB,2869435674.97,1854.0953,6069.0,1547620.384
2026-06-30,5183,Закрытый паевой инвестиционный фонд недвижимости «Т-Капитал Лужники Коллекшн»,Закрытый,Сформирован,643-RUB,2885933500.55,1864.7554,6054.0,1547620.384
2026-07-31,5183,Закрытый паевой инвестиционный фонд недвижимости «Т-Капитал Лужники Коллекшн»,Закрытый,Сформирован,643-RUB,2904562223.53,1876.7924,6030.0,1547620.384
2026-01-30,5203,Открытый паевой инвестиционный фонд рыночных финансовых инструментов «Перспективные облигации»,Открытый,Сформирован,643-RUB,1681394268.3,1100.47,2689.0,1527891.3778899997
2026-02-27,5203,Открытый паевой инвестиционный фонд рыночных финансовых инструментов «Перспективные облигации»,Открытый,Сформирован,643-RUB,1784064254.55,1117.9,2805.0,1595906.4407799991
2026-03-31,5203,Открытый паевой инвестиционный фонд рыночных финансовых инструментов «Перспективные облигации»,Открытый,Сформирован,643-RUB,1859991202.66,1103.01,2936.0,1686290.6111899996
2026-04-30,5203,Открытый паевой инвестиционный фонд рыночных финансовых инструментов «Перспективные облигации»,Открытый,Сформирован,643-RUB,1888858083.84,1118.43,2929.0,1688844.5188600002
2026-05-29,5203,Открытый паевой инвестиционный фонд рыночных финансовых инструментов «Перспективные облигации»,Открытый,Сформирован,643-RUB,2069873379.81,1127.97,3020.0,1835051.0168200005
2026-06-30,5203,Открытый паевой инвестиционный фонд рыночных финансовых инструментов «Перспективные облигации»,Открытый,Сформирован,643-RUB,2130847007.35,1086.43,3146.0,1961329.9042299995
2026-07-31,5203,Открытый паевой инвестиционный фонд рыночных финансовых инструментов «Перспективные облигации»,Открытый,Сформирован,643-RUB,2208002046.46,1097.74,3201.0,2011404.20027
2026-01-30,5210,Открытый паевой инвестиционный фонд рыночных финансовых инструментов «Дивидендные акции»,Открытый,Сформирован,643-RUB,1338342909.49,1011.73,20780.0,1322831.4099799995
2026-02-27,5210,Открытый паевой инвестиционный фонд рыночных финансовых инструментов «Дивидендные акции»,Открытый,Сформирован,643-RUB,1315143124.77,1013.42,20548.0,1297731.9691599996
2026-03-31,5210,Открытый паевой инвестиционный фонд рыночных финансовых инструментов «Дивидендные акции»,Открытый,Сформирован,643-RUB,1251753548.03,983.48,20294.0,1272784.6555900008
2026-04-30,5210,Открытый паевой инвестиционный фонд рыночных финансовых инструментов «Дивидендные акции»,Открытый,Сформирован,643-RUB,1218969705.62,952.86,20001.0,1279273.0262499996
2026-05-29,5210,Открытый паевой инвестиционный фонд рыночных финансовых инструментов «Дивидендные акции»,Открытый,Сформирован,643-RUB,1173351859.4,941.36,19805.0,1246447.7919399997
2026-06-30,5210,Открытый паевой инвестиционный фонд рыночных финансовых инструментов «Дивидендные акции»,Открытый,Сформирован,643-RUB,1036719235.2,858.67,19570.0,1207351.1315599994
2026-07-31,5210,Открытый паевой инвестиционный фонд рыночных финансовых инструментов «Дивидендные акции»,Открытый,Сформирован,643-RUB,994689063.68,850.71,19350.0,1169246.4444
2026-01-30,5223,Открытый паевой инвестиционный фонд рыночных финансовых инструментов «Курс на Восток»,Открытый,Сформирован,643-RUB,1672001825.98,1253.84,8931.0,1333510.10126
2026-02-27,5223,Открытый паевой инвестиционный фонд рыночных финансовых инструментов «Курс на Восток»,Открытый,Сформирован,643-RUB,1642064998.13,1257.12,8803.0,1306211.8678600006
2026-03-31,5223,Открытый паевой инвестиционный фонд рыночных финансовых инструментов «Курс на Восток»,Открытый,Сформирован,643-RUB,1674177777.35,1313.37,8698.0,1274719.3133600007
2026-04-30,5223,Открытый паевой инвестиционный фонд рыночных финансовых инструментов «Курс на Восток»,Открытый,Сформирован,643-RUB,1537751519.39,1242.95,8545.0,1237178.3279300004
2026-05-29,5223,Открытый паевой инвестиционный фонд рыночных финансовых инструментов «Курс на Восток»,Открытый,Сформирован,643-RUB,1457569654.59,1196.88,8457.0,1217809.1776599996
2026-06-30,5223,Открытый паевой инвестиционный фонд рыночных финансовых инструментов «Курс на Восток»,Открытый,Сформирован,643-RUB,1592277643.87,1293.06,8370.0,1231398.5284199996
2026-07-31,5223,Открытый паевой инвестиционный фонд рыночных финансовых инструментов «Курс на Восток»,Открытый,Сформирован,643-RUB,1573080005.16,1303.24,8314.0,1207051.94343
2026-01-30,5229,Биржевой паевой инвестиционный фонд рыночных финансовых инструментов «Т-Капитал Денежный рынок»,Биржевой,Сформирован,643-RUB,281874613890.39,151.215,1493648.0,1864065558.73899
2026-02-27,5229,Биржевой паевой инвестиционный фонд рыночных финансовых инструментов «Т-Капитал Денежный рынок»,Биржевой,Сформирован,643-RUB,284967656607.45,152.8699,1525028.0,1864118255.32195
2026-03-31,5229,Биржевой паевой инвестиционный фонд рыночных финансовых инструментов «Т-Капитал Денежный рынок»,Биржевой,Сформирован,643-RUB,288921467966.01,154.722,1522917.0,1867358164.78592
2026-04-30,5229,Биржевой паевой инвестиционный фонд рыночных финансовых инструментов «Т-Капитал Денежный рынок»,Биржевой,Сформирован,643-RUB,297067986604.72,156.3953,1537415.0,1899468584.24518
2026-05-29,5229,Биржевой паевой инвестиционный фонд рыночных финансовых инструментов «Т-Капитал Денежный рынок»,Биржевой,Сформирован,643-RUB,298188124752.09,158.025,1544849.0,1886968584.24518
2026-06-30,5229,Биржевой паевой инвестиционный фонд рыночных финансовых инструментов «Т-Капитал Денежный рынок»,Биржевой,Сформирован,643-RUB,301633975629.36,159.8484,1544703.0,1887000087.71025
2026-07-31,5229,Биржевой паевой инвестиционный фонд рыночных финансовых инструментов «Т-Капитал Денежный рынок»,Биржевой,Сформирован,643-RUB,305014911627.48,161.6263,1552601.0,1887161759.30438
2026-01-30,5230,Биржевой паевой инвестиционный фонд рыночных финансовых инструментов «Первая - Фонд Сберегательный в юанях»,Биржевой,Сформирован,156-CNY,136388359.19,1.0653,24355.0,128027240.0
2026-02-27,5230,Биржевой паевой инвестиционный фонд рыночных финансовых инструментов «Первая - Фонд Сберегательный в юанях»,Биржевой,Сформирован,156-CNY,136974652.24,1.0699,24157.0,128027240.0
2026-03-31,5230,Биржевой паевой инвестиционный фонд рыночных финансовых инструментов «Первая - Фонд Сберегательный в юанях»,Биржевой,Сформирован,156-CNY,182556866.11,1.0796,24314.0,169094426.0
2026-04-30,5230,Биржевой паевой инвестиционный фонд рыночных финансовых инструментов «Первая - Фонд Сберегательный в юанях»,Биржевой,Сформирован,156-CNY,182725078.66,1.0806,24180.0,169094426.0
2026-05-29,5230,Биржевой паевой инвестиционный фонд рыночных финансовых инструментов «Первая - Фонд Сберегательный в юанях»,Биржевой,Сформирован,156-CNY,182667345.58,1.0803,24104.0,169094426.0
2026-06-30,5230,Биржевой паевой инвестиционный фонд рыночных финансовых инструментов «Первая - Фонд Сберегательный в юанях»,Биржевой,Сформирован,156-CNY,182809027.71,1.0811,24062.0,169094426.0
2026-07-31,5230,Биржевой паевой инвестиционный фонд рыночных финансовых инструментов «Первая - Фонд Сберегательный в юанях»,Биржевой,Сформирован,156-CNY,183050274.99,1.0825,24049.0,169094426.0
2026-01-30,5248,Биржевой паевой инвестиционный фонд рыночных финансовых инструментов «Облигации в юанях»,Биржевой,Сформирован,643-RUB,428106309.78,113.38,2149.0,3775956.66357
2026-02-27,5248,Биржевой паевой инвестиционный фонд рыночных финансовых инструментов «Облигации в юанях»,Биржевой,Сформирован,643-RUB,439276098.48,115.0,2151.0,3819662.95728
2026-03-31,5248,Биржевой паевой инвестиционный фонд рыночных финансовых инструментов «Облигации в юанях»,Биржевой,Сформирован,643-RUB,472717403.93,120.91,2178.0,3909606.37531
2026-04-30,5248,Биржевой паевой инвестиционный фонд рыночных финансовых инструментов «Облигации в юанях»,Биржевой,Сформирован,643-RUB,450151377.31,115.14,2214.0,3909606.37531
2026-05-29,5248,Биржевой паевой инвестиционный фонд рыночных финансовых инструментов «Облигации в юанях»,Биржевой,Сформирован,643-RUB,435305078.2,111.34,2242.0,3909606.37531
2026-06-30,5248,Биржевой паевой инвестиционный фонд рыночных финансовых инструментов «Облигации в юанях»,Биржевой,Сформирован,643-RUB,478356246.59,122.35,2226.0,3909606.37531
2026-07-31,5248,Биржевой паевой инвестиционный фонд рыночных финансовых инструментов «Облигации в юанях»,Биржевой,Сформирован,643-RUB,477424136.04,122.74,2267.0,3889606.37531
2026-01-30,5268,Открытый паевой инвестиционный фонд рыночных финансовых инструментов «Первая - Устойчивый портфель Зима»,Открытый,Сформирован,643-RUB,52985361.15,149.684,1.0,353980.3190162
2026-02-27,5268,Открытый паевой инвестиционный фонд рыночных финансовых инструментов «Первая - Устойчивый портфель Зима»,Открытый,Сформирован,643-RUB,48840941.98,152.385,1.0,320510.3190162
2026-03-31,5268,Открытый паевой инвестиционный фонд рыночных финансовых инструментов «Первая - Устойчивый портфель Зима»,Открытый,Сформирован,643-RUB,48189872.24,150.354,1.0,320510.3190162
2026-04-30,5268,Открытый паевой инвестиционный фонд рыночных финансовых инструментов «Первая - Устойчивый портфель Зима»,Открытый,Сформирован,643-RUB,47457091.5,148.067,1.0,320510.3190162
2026-05-29,5268,Открытый паевой инвестиционный фонд рыночных финансовых инструментов «Первая - Устойчивый портфель Зима»,Открытый,Сформирован,643-RUB,47299332.15,147.575,1.0,320510.3190162
2026-06-30,5268,Открытый паевой инвестиционный фонд рыночных финансовых инструментов «Первая - Устойчивый портфель Зима»,Открытый,Сформирован,643-RUB,46468373.25,144.982,1.0,320510.3190162
2026-07-31,5268,Открытый паевой инвестиционный фонд рыночных финансовых инструментов «Первая - Устойчивый портфель Зима»,Открытый,Сформирован,643-RUB,47039428.37,146.764,1.0,320510.3190162
2026-01-30,5270,Открытый паевой инвестиционный фонд рыночных финансовых инструментов «БКС Капитал»,Открытый,Сформирован,643-RUB,2379535929.41,507.14,11789.0,4692030.84376
2026-02-27,5270,Открытый паевой инвестиционный фонд рыночных финансовых инструментов «БКС Капитал»,Открытый,Сформирован,643-RUB,2295523111.37,513.5,11538.0,4470315.47446
2026-03-31,5270,Открытый паевой инвестиционный фонд рыночных финансовых инструментов «БКС Капитал»,Открытый,Сформирован,643-RUB,2216222207.61,493.67,11471.0,4489254.84727
2026-04-30,5270,Открытый паевой инвестиционный фонд рыночных финансовых инструментов «БКС Капитал»,Открытый,Сформирован,643-RUB,2206736197.78,491.89,15279.0,4486264.337610001
2026-05-29,5270,Открытый паевой инвестиционный фонд рыночных финансовых инструментов «БКС Капитал»,Открытый,Сформирован,643-RUB,2099765479.72,493.63,14939.0,4253734.90452
2026-06-30,5270,Открытый паевой инвестиционный фонд рыночных финансовых инструментов «БКС Капитал»,Открытый,Сформирован,643-RUB,1967730633.47,468.68,10798.0,4198456.005539998
2026-07-31,5270,Открытый паевой инвестиционный фонд рыночных финансовых инструментов «БКС Капитал»,Открытый,Сформирован,643-RUB,1876019755.64,477.6,14293.0,3928014.26328
2026-01-30,5306,Открытый паевой инвестиционный фонд рыночных финансовых инструментов «МКБ Купонный доход»,Открытый,Сформирован,643-RUB,58960062.91,1057.29,266.0,55765.116290000005
2026-02-27,5306,Открытый паевой инвестиционный фонд рыночных финансовых инструментов «МКБ Купонный доход»,Открытый,Сформирован,643-RUB,60412060.12,1068.0,261.0,56565.765490000005
2026-03-31,5306,Открытый паевой инвестиционный фонд рыночных финансовых инструментов «МКБ Купонный доход»,Открытый,Сформирован,643-RUB,59526167.81,1045.02,259.0,56961.57879
2026-04-30,5306,Открытый паевой инвестиционный фонд рыночных финансовых инструментов «МКБ Купонный доход»,Открытый,Сформирован,643-RUB,58939920.54,1055.76,252.0,55826.81832
2026-05-29,5306,Открытый паевой инвестиционный фонд рыночных финансовых инструментов «МКБ Купонный доход»,Открытый,Сформирован,643-RUB,58069273.11,1065.74,245.0,54487.072770000006
2026-06-30,5306,Открытый паевой инвестиционный фонд рыночных финансовых инструментов «МКБ Купонный доход»,Открытый,Сформирован,643-RUB,55545426.71,1036.31,243.0,53599.225040000005
2026-07-31,5306,Открытый паевой инвестиционный фонд рыночных финансовых инструментов «МКБ Купонный доход»,Открытый,Сформирован,643-RUB,55771865.92,1052.47,235.0,52991.2843
2026-01-30,5324,Открытый паевой инвестиционный фонд рыночных финансовых инструментов «Первая - Фонд консервативный с выплатой дохода»,Открытый,Сформирован,643-RUB,2203848728.11,51312.04,2683.0,42949.93526380003
2026-02-27,5324,Открытый паевой инвестиционный фонд рыночных финансовых инструментов «Первая - Фонд консервативный с выплатой дохода»,Открытый,Сформирован,643-RUB,2713980864.11,51964.78,2854.0,52227.311252300016
2026-03-31,5324,Открытый паевой инвестиционный фонд рыночных финансовых инструментов «Первая - Фонд консервативный с выплатой дохода»,Открытый,Сформирован,643-RUB,2768032974.66,50920.84,3062.0,54359.529791000015
2026-04-30,5324,Открытый паевой инвестиционный фонд рыночных финансовых инструментов «Первая - Фонд консервативный с выплатой дохода»,Открытый,Сформирован,643-RUB,2801372548.45,51636.44,3220.0,54251.84794790001
2026-05-29,5324,Открытый паевой инвестиционный фонд рыночных финансовых инструментов «Первая - Фонд консервативный с выплатой дохода»,Открытый,Сформирован,643-RUB,3193175330.64,52253.51,3412.0,61109.2984395
2026-06-30,5324,Открытый паевой инвестиционный фонд рыночных финансовых инструментов «Первая - Фонд консервативный с выплатой дохода»,Открытый,Сформирован,643-RUB,3350489439.87,51172.36,3631.0,65474.590963700015
2026-07-31,5324,Открытый паевой инвестиционный фонд рыночных финансовых инструментов «Первая - Фонд консервативный с выплатой дохода»,Открытый,Сформирован,643-RUB,3585825726.59,51742.73,3868.0,69301.0538375
2026-01-30,5325,Открытый паевой инвестиционный фонд рыночных финансовых инструментов «Первая - Фонд взвешенный с выплатой дохода»,Открытый,Сформирован,643-RUB,6059904000.71,52493.21,4253.0,115441.6820129
2026-02-27,5325,Открытый паевой инвестиционный фонд рыночных финансовых инструментов «Первая - Фонд взвешенный с выплатой дохода»,Открытый,Сформирован,643-RUB,6139382578.9,53102.49,4312.0,115613.83969399998
2026-03-31,5325,Открытый паевой инвестиционный фонд рыночных финансовых инструментов «Первая - Фонд взвешенный с выплатой дохода»,Открытый,Сформирован,643-RUB,5908022485.41,51632.73,4453.0,114423.974953
2026-04-30,5325,Открытый паевой инвестиционный фонд рыночных финансовых инструментов «Первая - Фонд взвешенный с выплатой дохода»,Открытый,Сформирован,643-RUB,5849743798.34,51209.17,4453.0,114232.34727769998
2026-05-29,5325,Открытый паевой инвестиционный фонд рыночных финансовых инструментов «Первая - Фонд взвешенный с выплатой дохода»,Открытый,Сформирован,643-RUB,5856672748.62,51281.46,4418.0,114206.44651939998
2026-06-30,5325,Открытый паевой инвестиционный фонд рыночных финансовых инструментов «Первая - Фонд взвешенный с выплатой дохода»,Открытый,Сформирован,643-RUB,5324390019.69,47835.97,4321.0,111305.15536150004
2026-07-31,5325,Открытый паевой инвестиционный фонд рыночных финансовых инструментов «Первая - Фонд взвешенный с выплатой дохода»,Открытый,Сформирован,643-RUB,5008297272.61,48069.56,4201.0,104188.5473796
2026-01-30,5420,Закрытый паевой инвестиционный фонд недвижимости «ЮМ»,Закрытый,Сформирован,643-RUB,659506332.28,124513.42,416.0,5296.668770000001
2026-02-27,5420,Закрытый паевой инвестиционный фонд недвижимости «ЮМ»,Закрытый,Сформирован,643-RUB,660738962.34,124746.14,416.0,5296.668770000001
2026-03-31,5420,Закрытый паевой инвестиционный фонд недвижимости «ЮМ»,Закрытый,Сформирован,643-RUB,688997757.88,130081.34,416.0,5296.668770000002
2026-04-30,5420,Закрытый паевой инвестиционный фонд недвижимости «ЮМ»,Закрытый,Сформирован,643-RUB,703867045.07,132888.63,416.0,5296.668770000002
2026-05-29,5420,Закрытый паевой инвестиционный фонд недвижимости «ЮМ»,Закрытый,Сформирован,643-RUB,707520200.3,133578.34,416.0,5296.668770000001
2026-06-30,5420,Закрытый паевой инвестиционный фонд недвижимости «ЮМ»,Закрытый,Сформирован,643-RUB,711030275.09,134241.03,416.0,5296.66877
2026-07-31,5420,Закрытый паевой инвестиционный фонд недвижимости «ЮМ»,Закрытый,Сформирован,643-RUB,714838648.46,134960.04,416.0,5296.66877
2026-01-30,5425,Открытый паевой инвестиционный фонд рыночных финансовых инструментов «Альфа-Капитал Валютные облигации»,Открытый,Сформирован,643-RUB,44380145964.72,1143.65,10924.0,38805698.064
2026-02-27,5425,Открытый паевой инвестиционный фонд рыночных финансовых инструментов «Альфа-Капитал Валютные облигации»,Открытый,Сформирован,643-RUB,43612991239.41,1144.83,10849.0,38095744.685319975
2026-03-31,5425,Открытый паевой инвестиционный фонд рыночных финансовых инструментов «Альфа-Капитал Валютные облигации»,Открытый,Сформирован,643-RUB,43466043360.42,1193.18,10811.0,36428732.81364001
2026-04-30,5425,Открытый паевой инвестиционный фонд рыночных финансовых инструментов «Альфа-Капитал Валютные облигации»,Открытый,Сформирован,643-RUB,41237011409.98,1132.29,10803.0,36419272.62388001
2026-05-29,5425,Открытый паевой инвестиционный фонд рыночных финансовых инструментов «Альфа-Капитал Валютные облигации»,Открытый,Сформирован,643-RUB,40288142630.16,1091.56,10852.0,36908924.71857
2026-06-30,5425,Открытый паевой инвестиционный фонд рыночных финансовых инструментов «Альфа-Капитал Валютные облигации»,Открытый,Сформирован,643-RUB,44894842008.76,1189.46,11102.0,37743794.04745002
2026-07-31,5425,Открытый паевой инвестиционный фонд рыночных финансовых инструментов «Альфа-Капитал Валютные облигации»,Открытый,Сформирован,643-RUB,44021533662.49,1183.78,10947.0,37187242.21908
2026-01-30,5427,Интервальный паевой инвестиционный фонд рыночных финансовых инструментов «Контрада – Высокодоходные облигации»,Интервальный,Сформирован,643-RUB,18113506540.36,1498.45,288.0,12088200.5606241
2026-02-27,5427,Интервальный паевой инвестиционный фонд рыночных финансовых инструментов «Контрада – Высокодоходные облигации»,Интервальный,Сформирован,643-RUB,18372979519.69,1519.91,308.0,12088200.5606241
2026-03-31,5427,Интервальный паевой инвестиционный фонд рыночных финансовых инструментов «Контрада – Высокодоходные облигации»,Интервальный,Сформирован,643-RUB,18708450152.85,1547.66,373.0,12088200.5606241
2026-04-30,5427,Интервальный паевой инвестиционный фонд рыночных финансовых инструментов «Контрада – Высокодоходные облигации»,Интервальный,Сформирован,643-RUB,19000132977.17,1571.79,421.0,12088200.5606241
2026-05-29,5427,Интервальный паевой инвестиционный фонд рыночных финансовых инструментов «Контрада – Высокодоходные облигации»,Интервальный,Сформирован,643-RUB,19258825795.66,1593.19,452.0,12088200.5606241
2026-06-30,5427,Интервальный паевой инвестиционный фонд рыночных финансовых инструментов «Контрада – Высокодоходные облигации»,Интервальный,Сформирован,643-RUB,19532621074.78,1615.84,493.0,12088200.5606241
2026-07-31,5427,Интервальный паевой инвестиционный фонд рыночных финансовых инструментов «Контрада – Высокодоходные облигации»,Интервальный,Сформирован,643-RUB,19962500085.71,1651.4,510.0,12088200.5606241
2026-01-30,5443,Закрытый паевой инвестиционный фонд недвижимости «АКТИВО ДЕВЯТНАДЦАТЬ»,Закрытый,Сформирован,643-RUB,1547238172.99,296917.71,947.0,5211.0
2026-02-27,5443,Закрытый паевой инвестиционный фонд недвижимости «АКТИВО ДЕВЯТНАДЦАТЬ»,Закрытый,Сформирован,643-RUB,1552102188.77,297851.12,948.0,5211.0
2026-03-31,5443,Закрытый паевой инвестиционный фонд недвижимости «АКТИВО ДЕВЯТНАДЦАТЬ»,Закрытый,Сформирован,643-RUB,1548969013.09,297249.86,949.0,5211.0
2026-04-30,5443,Закрытый паевой инвестиционный фонд недвижимости «АКТИВО ДЕВЯТНАДЦАТЬ»,Закрытый,Сформирован,643-RUB,1551706077.81,297775.11,944.0,5211.0
2026-05-29,5443,Закрытый паевой инвестиционный фонд недвижимости «АКТИВО ДЕВЯТНАДЦАТЬ»,Закрытый,Сформирован,643-RUB,1552128073.84,297856.09,941.0,5211.0
2026-06-30,5443,Закрытый паевой инвестиционный фонд недвижимости «АКТИВО ДЕВЯТНАДЦАТЬ»,Закрытый,Сформирован,643-RUB,1546414032.8,296759.55,937.0,5211.0
2026-07-31,5443,Закрытый паевой инвестиционный фонд недвижимости «АКТИВО ДЕВЯТНАДЦАТЬ»,Закрытый,Сформирован,643-RUB,1551820836.0,297797.13,937.0,5211.0
2026-01-30,5471,Открытый паевой инвестиционный фонд рыночных финансовых инструментов «Первая - Устойчивый портфель Лето»,Открытый,Сформирован,643-RUB,52545745.01,1241.97,1.0,42308.44124
2026-02-27,5471,Открытый паевой инвестиционный фонд рыночных финансовых инструментов «Первая - Устойчивый портфель Лето»,Открытый,Сформирован,643-RUB,52436415.64,1264.86,1.0,41456.44124
2026-03-31,5471,Открытый паевой инвестиционный фонд рыночных финансовых инструментов «Первая - Устойчивый портфель Лето»,Открытый,Сформирован,643-RUB,51711032.97,1247.36,1.0,41456.44124
2026-04-30,5471,Открытый паевой инвестиционный фонд рыночных финансовых инструментов «Первая - Устойчивый портфель Лето»,Открытый,Сформирован,643-RUB,50964957.64,1229.36,1.0,41456.44124
2026-05-29,5471,Открытый паевой инвестиционный фонд рыночных финансовых инструментов «Первая - Устойчивый портфель Лето»,Открытый,Сформирован,643-RUB,50841862.81,1226.39,1.0,41456.44124
2026-06-30,5471,Открытый паевой инвестиционный фонд рыночных финансовых инструментов «Первая - Устойчивый портфель Лето»,Открытый,Сформирован,643-RUB,50084514.23,1208.12,1.0,41456.44124
2026-07-31,5471,Открытый паевой инвестиционный фонд рыночных финансовых инструментов «Первая - Устойчивый портфель Лето»,Открытый,Сформирован,643-RUB,50226492.53,1249.87,1.0,40185.44124
2026-01-30,5472,Биржевой паевой инвестиционный фонд рыночных финансовых инструментов «Первая – Фонд Инструменты в юанях»,Биржевой,Сформирован,156-CNY,65275988.31,0.941,15874.0,69371534.0
2026-02-27,5472,Биржевой паевой инвестиционный фонд рыночных финансовых инструментов «Первая – Фонд Инструменты в юанях»,Биржевой,Сформирован,156-CNY,66384482.47,0.9299,16142.0,71390144.0
2026-03-31,5472,Биржевой паевой инвестиционный фонд рыночных финансовых инструментов «Первая – Фонд Инструменты в юанях»,Биржевой,Сформирован,156-CNY,84068372.4,0.9293,16073.0,90462755.0
2026-04-30,5472,Биржевой паевой инвестиционный фонд рыночных финансовых инструментов «Первая – Фонд Инструменты в юанях»,Биржевой,Сформирован,156-CNY,90567620.59,0.9386,16157.0,96488870.0
2026-05-29,5472,Биржевой паевой инвестиционный фонд рыночных финансовых инструментов «Первая – Фонд Инструменты в юанях»,Биржевой,Сформирован,156-CNY,103150254.6,0.9508,16165.0,108485455.0
2026-06-30,5472,Биржевой паевой инвестиционный фонд рыночных финансовых инструментов «Первая – Фонд Инструменты в юанях»,Биржевой,Сформирован,156-CNY,109276311.48,0.9461,16223.0,115499893.0
2026-07-31,5472,Биржевой паевой инвестиционный фонд рыночных финансовых инструментов «Первая – Фонд Инструменты в юанях»,Биржевой,Сформирован,156-CNY,109472433.7,0.9396,16279.0,116503565.0
2026-01-30,5473,Открытый паевой инвестиционный фонд рыночных финансовых инструментов «Альфа-Капитал Облигации с выплатой дохода»,Открытый,Сформирован,643-RUB,27412417155.02,1027.49,22430.0,26678996.932459995
2026-02-27,5473,Открытый паевой инвестиционный фонд рыночных финансовых инструментов «Альфа-Капитал Облигации с выплатой дохода»,Открытый,Сформирован,643-RUB,27913857763.36,1031.34,22922.0,27065544.426169988
2026-03-31,5473,Открытый паевой инвестиционный фонд рыночных финансовых инструментов «Альфа-Капитал Облигации с выплатой дохода»,Открытый,Сформирован,643-RUB,29104468831.93,1037.08,23620.0,28063873.721530005
2026-04-30,5473,Открытый паевой инвестиционный фонд рыночных финансовых инструментов «Альфа-Капитал Облигации с выплатой дохода»,Открытый,Сформирован,643-RUB,29673426754.04,1030.29,23799.0,28801080.897460006
2026-05-29,5473,Открытый паевой инвестиционный фонд рыночных финансовых инструментов «Альфа-Капитал Облигации с выплатой дохода»,Открытый,Сформирован,643-RUB,30482752874.43,1029.22,23841.0,29617403.38635999
2026-06-30,5473,Открытый паевой инвестиционный фонд рыночных финансовых инструментов «Альфа-Капитал Облигации с выплатой дохода»,Открытый,Сформирован,643-RUB,30052108267.24,1013.72,23542.0,29645499.95782998
2026-07-31,5473,Открытый паевой инвестиционный фонд рыночных финансовых инструментов «Альфа-Капитал Облигации с выплатой дохода»,Открытый,Сформирован,643-RUB,28800504992.88,1009.04,22262.0,28542369.82396
2026-01-30,5496,Открытый паевой инвестиционный фонд рыночных финансовых инструментов «ВИМ - Облигации. Рантье»,Открытый,Сформирован,643-RUB,12353148243.26,55853.62,9052.0,221170.04624
2026-02-27,5496,Открытый паевой инвестиционный фонд рыночных финансовых инструментов «ВИМ - Облигации. Рантье»,Открытый,Сформирован,643-RUB,12751048433.8,56841.17,9037.0,224327.67543
2026-03-31,5496,Открытый паевой инвестиционный фонд рыночных финансовых инструментов «ВИМ - Облигации. Рантье»,Открытый,Сформирован,643-RUB,12615657249.38,55937.32,9016.0,225532.02508
2026-04-30,5496,Открытый паевой инвестиционный фонд рыночных финансовых инструментов «ВИМ - Облигации. Рантье»,Открытый,Сформирован,643-RUB,13012494526.18,56772.73,9047.0,229203.24282000004
2026-05-29,5496,Открытый паевой инвестиционный фонд рыночных финансовых инструментов «ВИМ - Облигации. Рантье»,Открытый,Сформирован,643-RUB,13337575039.31,57307.83,9097.0,232735.6683900001
2026-06-30,5496,Открытый паевой инвестиционный фонд рыночных финансовых инструментов «ВИМ - Облигации. Рантье»,Открытый,Сформирован,643-RUB,12689570280.7,54284.96,9033.0,233758.48750000005
2026-07-31,5496,Открытый паевой инвестиционный фонд рыночных финансовых инструментов «ВИМ - Облигации. Рантье»,Открытый,Сформирован,643-RUB,12675781690.38,55206.36,8840.0,229607.28178
2026-01-30,5497,Открытый паевой инвестиционный фонд рыночных финансовых инструментов «ВИМ - Новые валютные облигации»,Открытый,Сформирован,643-RUB,2669695303.05,992.42,3177.0,2690081.274059999
2026-02-27,5497,Открытый паевой инвестиционный фонд рыночных финансовых инструментов «ВИМ - Новые валютные облигации»,Открытый,Сформирован,643-RUB,2732463965.03,999.74,3260.0,2733179.3012999995
2026-03-31,5497,Открытый паевой инвестиционный фонд рыночных финансовых инструментов «ВИМ - Новые валютные облигации»,Открытый,Сформирован,643-RUB,2848888087.85,1042.27,3445.0,2733358.945239999
2026-04-30,5497,Открытый паевой инвестиционный фонд рыночных финансовых инструментов «ВИМ - Новые валютные облигации»,Открытый,Сформирован,643-RUB,2696439859.42,992.75,3497.0,2716128.242509999
2026-05-29,5497,Открытый паевой инвестиционный фонд рыночных финансовых инструментов «ВИМ - Новые валютные облигации»,Открытый,Сформирован,643-RUB,2615009746.61,958.93,3512.0,2727004.04777
2026-06-30,5497,Открытый паевой инвестиционный фонд рыночных финансовых инструментов «ВИМ - Новые валютные облигации»,Открытый,Сформирован,643-RUB,2873622850.93,1044.79,3533.0,2750417.96757
2026-07-31,5497,Открытый паевой инвестиционный фонд рыночных финансовых инструментов «ВИМ - Новые валютные облигации»,Открытый,Сформирован,643-RUB,2813422728.12,1043.8,3535.0,2695354.62072
2026-01-30,5539,Открытый паевой инвестиционный фонд рыночных финансовых инструментов «ВИМ - Накопительный в юанях»,Открытый,Сформирован,643-RUB,55030015.36,989.5,733.0,55613.9895
2026-02-27,5539,Открытый паевой инвестиционный фонд рыночных финансовых инструментов «ВИМ - Накопительный в юанях»,Открытый,Сформирован,643-RUB,55001788.52,999.26,754.0,55042.42524000001
2026-03-31,5539,Открытый паевой инвестиционный фонд рыночных финансовых инструментов «ВИМ - Накопительный в юанях»,Открытый,Сформирован,643-RUB,74239004.6,1049.08,787.0,70765.78059000002
2026-04-30,5539,Открытый паевой инвестиционный фонд рыночных финансовых инструментов «ВИМ - Накопительный в юанях»,Открытый,Сформирован,643-RUB,73626486.19,996.33,832.0,73897.57533
2026-05-29,5539,Открытый паевой инвестиционный фонд рыночных финансовых инструментов «ВИМ - Накопительный в юанях»,Открытый,Сформирован,643-RUB,71337079.62,964.58,847.0,73956.63791000002
2026-06-30,5539,Открытый паевой инвестиционный фонд рыночных финансовых инструментов «ВИМ - Накопительный в юанях»,Открытый,Сформирован,643-RUB,80472463.59,1050.65,863.0,76593.29199000001
2026-07-31,5539,Открытый паевой инвестиционный фонд рыночных финансовых инструментов «ВИМ - Накопительный в юанях»,Открытый,Сформирован,643-RUB,83518379.17,1049.47,892.0,79581.1376
2026-01-30,5555,Открытый паевой инвестиционный фонд рыночных финансовых инструментов «Рантье»,Открытый,Сформирован,643-RUB,892596142.27,978.33,2203.0,912363.6896199998
2026-02-27,5555,Открытый паевой инвестиционный фонд рыночных финансовых инструментов «Рантье»,Открытый,Сформирован,643-RUB,882991712.28,996.33,2155.0,886247.8712800001
2026-03-31,5555,Открытый паевой инвестиционный фонд рыночных финансовых инструментов «Рантье»,Открытый,Сформирован,643-RUB,845145113.75,977.62,2107.0,864489.7258600002
2026-04-30,5555,Открытый паевой инвестиционный фонд рыночных финансовых инструментов «Рантье»,Открытый,Сформирован,643-RUB,776252969.93,954.08,2038.0,813612.8236099998
2026-05-29,5555,Открытый паевой инвестиционный фонд рыночных финансовых инструментов «Рантье»,Открытый,Сформирован,643-RUB,761073736.83,945.56,2008.0,804892.6394199999
2026-06-30,5555,Открытый паевой инвестиционный фонд рыночных финансовых инструментов «Рантье»,Открытый,Сформирован,643-RUB,691960555.47,879.17,1989.0,787061.9949299997
2026-07-31,5555,Открытый паевой инвестиционный фонд рыночных финансовых инструментов «Рантье»,Открытый,Сформирован,643-RUB,685198949.63,883.37,1961.0,775664.99567
2026-01-30,5585,Открытый паевой инвестиционный фонд рыночных финансовых инструментов «РСХБ – Денежный поток»,Открытый,Сформирован,643-RUB,6443700652.93,880.37,16256.0,7319342.23425
2026-02-27,5585,Открытый паевой инвестиционный фонд рыночных финансовых инструментов «РСХБ – Денежный поток»,Открытый,Сформирован,643-RUB,6474588213.29,893.09,15854.0,7249679.15611
2026-03-31,5585,Открытый паевой инвестиционный фонд рыночных финансовых инструментов «РСХБ – Денежный поток»,Открытый,Сформирован,643-RUB,6355434300.82,854.24,15822.0,7439908.173519997
2026-04-30,5585,Открытый паевой инвестиционный фонд рыночных финансовых инструментов «РСХБ – Денежный поток»,Открытый,Сформирован,643-RUB,6398658817.05,854.34,15505.0,7489563.077520002
2026-05-29,5585,Открытый паевой инвестиционный фонд рыночных финансовых инструментов «РСХБ – Денежный поток»,Открытый,Сформирован,643-RUB,6416944354.58,858.73,15191.0,7472579.618829999
2026-06-30,5585,Открытый паевой инвестиционный фонд рыночных финансовых инструментов «РСХБ – Денежный поток»,Открытый,Сформирован,643-RUB,6168690382.26,815.06,15008.0,7568342.15529
2026-07-31,5585,Открытый паевой инвестиционный фонд рыночных финансовых инструментов «РСХБ – Денежный поток»,Открытый,Сформирован,643-RUB,6029031841.82,820.26,14515.0,7350109.66436
2026-01-30,5592,Открытый паевой инвестиционный фонд рыночных финансовых инструментов «Первая - Устойчивый портфель Осень»,Открытый,Сформирован,643-RUB,22350891.83,1183.75,1.0,18881.41972
2026-02-27,5592,Открытый паевой инвестиционный фонд рыночных финансовых инструментов «Первая - Устойчивый портфель Осень»,Открытый,Сформирован,643-RUB,22778193.16,1206.38,1.0,18881.41972
2026-03-31,5592,Открытый паевой инвестиционный фонд рыночных финансовых инструментов «Первая - Устойчивый портфель Осень»,Открытый,Сформирован,643-RUB,22276023.36,1184.62,1.0,18804.41972
2026-04-30,5592,Открытый паевой инвестиционный фонд рыночных финансовых инструментов «Первая - Устойчивый портфель Осень»,Открытый,Сформирован,643-RUB,21790965.9,1158.82,1.0,18804.41972
2026-05-29,5592,Открытый паевой инвестиционный фонд рыночных финансовых инструментов «Первая - Устойчивый портфель Осень»,Открытый,Сформирован,643-RUB,21629863.29,1150.25,1.0,18804.41972
2026-06-30,5592,Открытый паевой инвестиционный фонд рыночных финансовых инструментов «Первая - Устойчивый портфель Осень»,Открытый,Сформирован,643-RUB,21104931.02,1122.34,1.0,18804.41972
2026-07-31,5592,Открытый паевой инвестиционный фонд рыночных финансовых инструментов «Первая - Устойчивый портфель Осень»,Открытый,Сформирован,643-RUB,21356618.24,1135.72,1.0,18804.41972
2026-01-30,5626,Открытый паевой инвестиционный фонд рыночных финансовых инструментов «Альфа-Капитал Акции с выплатой дохода»,Открытый,Сформирован,643-RUB,2105247770.99,1021.34,1243.0,2061251.78584
2026-02-27,5626,Открытый паевой инвестиционный фонд рыночных финансовых инструментов «Альфа-Капитал Акции с выплатой дохода»,Открытый,Сформирован,643-RUB,2106350835.84,1027.69,1238.0,2049599.39787
2026-03-31,5626,Открытый паевой инвестиционный фонд рыночных финансовых инструментов «Альфа-Капитал Акции с выплатой дохода»,Открытый,Сформирован,643-RUB,1940654761.27,979.33,1222.0,1981608.70288
2026-04-30,5626,Открытый паевой инвестиционный фонд рыночных финансовых инструментов «Альфа-Капитал Акции с выплатой дохода»,Открытый,Сформирован,643-RUB,1913355409.09,934.86,1184.0,2046672.5860599992
2026-05-29,5626,Открытый паевой инвестиционный фонд рыночных финансовых инструментов «Альфа-Капитал Акции с выплатой дохода»,Открытый,Сформирован,643-RUB,1801494496.11,911.84,1160.0,1975676.10635
2026-06-30,5626,Открытый паевой инвестиционный фонд рыночных финансовых инструментов «Альфа-Капитал Акции с выплатой дохода»,Открытый,Сформирован,643-RUB,1584960718.97,820.22,1144.0,1932356.864140001
2026-07-31,5626,Открытый паевой инвестиционный фонд рыночных финансовых инструментов «Альфа-Капитал Акции с выплатой дохода»,Открытый,Сформирован,643-RUB,1520005909.45,821.86,1131.0,1849469.90477
2026-01-30,5649,Биржевой паевой инвестиционный фонд рыночных финансовых инструментов «Первая – Фонд Акции средней и малой капитализации»,Биржевой,Сформирован,643-RUB,251008557.53,8.1522,15138.0,30790280.0
2026-02-27,5649,Биржевой паевой инвестиционный фонд рыночных финансовых инструментов «Первая – Фонд Акции средней и малой капитализации»,Биржевой,Сформирован,643-RUB,252229358.9,8.1919,15223.0,30790280.0
2026-03-31,5649,Биржевой паевой инвестиционный фонд рыночных финансовых инструментов «Первая – Фонд Акции средней и малой капитализации»,Биржевой,Сформирован,643-RUB,282057318.1,7.6643,15425.0,36801646.0
2026-04-30,5649,Биржевой паевой инвестиционный фонд рыночных финансовых инструментов «Первая – Фонд Акции средней и малой капитализации»,Биржевой,Сформирован,643-RUB,271853319.4,7.387,15295.0,36801646.0
2026-05-29,5649,Биржевой паевой инвестиционный фонд рыночных финансовых инструментов «Первая – Фонд Акции средней и малой капитализации»,Биржевой,Сформирован,643-RUB,261836661.19,7.1148,15119.0,36801646.0
2026-06-30,5649,Биржевой паевой инвестиционный фонд рыночных финансовых инструментов «Первая – Фонд Акции средней и малой капитализации»,Биржевой,Сформирован,643-RUB,236507946.63,6.4266,15175.0,36801646.0
2026-07-31,5649,Биржевой паевой инвестиционный фонд рыночных финансовых инструментов «Первая – Фонд Акции средней и малой капитализации»,Биржевой,Сформирован,643-RUB,244508836.55,6.644,15409.0,36801646.0
2026-01-30,5664,Закрытый паевой инвестиционный фонд рыночных финансовых инструментов «Заблокированные активы паевого инвестиционного фонда «Тинькофф США 500»»,Закрытый,Сформирован,643-RUB,7951916.8,0.0247,209751.0,321300347.47088
2026-02-27,5664,Закрытый паевой инвестиционный фонд рыночных финансовых инструментов «Заблокированные активы паевого инвестиционного фонда «Тинькофф США 500»»,Закрытый,Сформирован,643-RUB,7951916.8,0.0247,209827.0,321300346.4708801
2026-03-31,5664,Закрытый паевой инвестиционный фонд рыночных финансовых инструментов «Заблокированные активы паевого инвестиционного фонда «Тинькофф США 500»»,Закрытый,Сформирован,643-RUB,7951916.8,0.0247,209814.0,321300347.4708801
2026-04-30,5664,Закрытый паевой инвестиционный фонд рыночных финансовых инструментов «Заблокированные активы паевого инвестиционного фонда «Тинькофф США 500»»,Закрытый,Сформирован,643-RUB,7951916.8,0.0247,209816.0,321300347.47087985
2026-05-29,5664,Закрытый паевой инвестиционный фонд рыночных финансовых инструментов «Заблокированные активы паевого инвестиционного фонда «Тинькофф США 500»»,Закрытый,Сформирован,643-RUB,7951916.8,0.0247,209816.0,321300347.4708801
2026-06-30,5664,Закрытый паевой инвестиционный фонд рыночных финансовых инструментов «Заблокированные активы паевого инвестиционного фонда «Тинькофф США 500»»,Закрытый,Сформирован,643-RUB,7951916.8,0.0247,209814.0,321300347.4708801
2026-07-31,5664,Закрытый паевой инвестиционный фонд рыночных финансовых инструментов «Заблокированные активы паевого инвестиционного фонда «Тинькофф США 500»»,Закрытый,Сформирован,643-RUB,7951916.8,0.0247,209811.0,321300347.47088
2026-01-30,5665,Закрытый паевой инвестиционный фонд рыночных финансовых инструментов «Заблокированные активы паевого инвестиционного фонда «Тинькофф Технологии»»,Закрытый,Сформирован,643-RUB,5693898.54,0.0198,192308.0,288050673.12671
2026-02-27,5665,Закрытый паевой инвестиционный фонд рыночных финансовых инструментов «Заблокированные активы паевого инвестиционного фонда «Тинькофф Технологии»»,Закрытый,Сформирован,643-RUB,5693898.54,0.0198,192385.0,288050673.1267101
2026-03-31,5665,Закрытый паевой инвестиционный фонд рыночных финансовых инструментов «Заблокированные активы паевого инвестиционного фонда «Тинькофф Технологии»»,Закрытый,Сформирован,643-RUB,5693898.54,0.0198,192359.0,288050673.12670994
2026-04-30,5665,Закрытый паевой инвестиционный фонд рыночных финансовых инструментов «Заблокированные активы паевого инвестиционного фонда «Тинькофф Технологии»»,Закрытый,Сформирован,643-RUB,5693898.54,0.0198,192357.0,288050673.12671
2026-05-29,5665,Закрытый паевой инвестиционный фонд рыночных финансовых инструментов «Заблокированные активы паевого инвестиционного фонда «Тинькофф Технологии»»,Закрытый,Сформирован,643-RUB,5693898.54,0.0198,192354.0,288050673.1267099
2026-06-30,5665,Закрытый паевой инвестиционный фонд рыночных финансовых инструментов «Заблокированные активы паевого инвестиционного фонда «Тинькофф Технологии»»,Закрытый,Сформирован,643-RUB,5693898.54,0.0198,192354.0,288050673.12670994
2026-07-31,5665,Закрытый паевой инвестиционный фонд рыночных финансовых инструментов «Заблокированные активы паевого инвестиционного фонда «Тинькофф Технологии»»,Закрытый,Сформирован,643-RUB,5693898.54,0.0198,192356.0,288050673.12671
2026-01-30,5666,Закрытый паевой инвестиционный фонд рыночных финансовых инструментов «Заблокированные активы паевого инвестиционного фонда «Тинькофф Индекс первичных публичных размещений»»,Закрытый,Сформирован,643-RUB,215258.12,0.0013,158867.0,166250855.08576998
2026-02-27,5666,Закрытый паевой инвестиционный фонд рыночных финансовых инструментов «Заблокированные активы паевого инвестиционного фонда «Тинькофф Индекс первичных публичных размещений»»,Закрытый,Сформирован,643-RUB,215258.12,0.0013,158914.0,166251155.08577
2026-03-31,5666,Закрытый паевой инвестиционный фонд рыночных финансовых инструментов «Заблокированные активы паевого инвестиционного фонда «Тинькофф Индекс первичных публичных размещений»»,Закрытый,Сформирован,643-RUB,215258.12,0.0013,158902.0,166250855.08577007
2026-04-30,5666,Закрытый паевой инвестиционный фонд рыночных финансовых инструментов «Заблокированные активы паевого инвестиционного фонда «Тинькофф Индекс первичных публичных размещений»»,Закрытый,Сформирован,643-RUB,215258.12,0.0013,158900.0,166250855.08576998
2026-05-29,5666,Закрытый паевой инвестиционный фонд рыночных финансовых инструментов «Заблокированные активы паевого инвестиционного фонда «Тинькофф Индекс первичных публичных размещений»»,Закрытый,Сформирован,643-RUB,215258.12,0.0013,158896.0,166250855.0857699
2026-06-30,5666,Закрытый паевой инвестиционный фонд рыночных финансовых инструментов «Заблокированные активы паевого инвестиционного фонда «Тинькофф Индекс первичных публичных размещений»»,Закрытый,Сформирован,643-RUB,215258.12,0.0013,158894.0,166250855.08577
2026-07-31,5666,Закрытый паевой инвестиционный фонд рыночных финансовых инструментов «Заблокированные активы паевого инвестиционного фонда «Тинькофф Индекс первичных публичных размещений»»,Закрытый,Сформирован,643-RUB,215258.12,0.0013,158890.0,166250855.08577
2026-01-30,5667,Закрытый паевой инвестиционный фонд рыночных финансовых инструментов «Заблокированные активы паевого инвестиционного фонда «Тинькофф Биотехнологии»»,Закрытый,Сформирован,643-RUB,2959670.51,0.0223,133447.0,132555647.04245
2026-02-27,5667,Закрытый паевой инвестиционный фонд рыночных финансовых инструментов «Заблокированные активы паевого инвестиционного фонда «Тинькофф Биотехнологии»»,Закрытый,Сформирован,643-RUB,2959670.51,0.0223,133607.0,132552647.04245004
2026-03-31,5667,Закрытый паевой инвестиционный фонд рыночных финансовых инструментов «Заблокированные активы паевого инвестиционного фонда «Тинькофф Биотехнологии»»,Закрытый,Сформирован,643-RUB,2959670.51,0.0223,133558.0,132555647.04244998
2026-04-30,5667,Закрытый паевой инвестиционный фонд рыночных финансовых инструментов «Заблокированные активы паевого инвестиционного фонда «Тинькофф Биотехнологии»»,Закрытый,Сформирован,643-RUB,2959670.51,0.0223,133564.0,132555647.04244998
2026-05-29,5667,Закрытый паевой инвестиционный фонд рыночных финансовых инструментов «Заблокированные активы паевого инвестиционного фонда «Тинькофф Биотехнологии»»,Закрытый,Сформирован,643-RUB,2959670.51,0.0223,133557.0,132555647.04245
2026-06-30,5667,Закрытый паевой инвестиционный фонд рыночных финансовых инструментов «Заблокированные активы паевого инвестиционного фонда «Тинькофф Биотехнологии»»,Закрытый,Сформирован,643-RUB,2959670.51,0.0223,133556.0,132555647.04245
2026-07-31,5667,Закрытый паевой инвестиционный фонд рыночных финансовых инструментов «Заблокированные активы паевого инвестиционного фонда «Тинькофф Биотехнологии»»,Закрытый,Сформирован,643-RUB,2959670.51,0.0223,133554.0,132555647.04245
2026-01-30,5707,Биржевой паевой инвестиционный фонд рыночных финансовых инструментов «Т-Капитал Дивидендные акции»,Биржевой,Сформирован,643-RUB,1045730030.77,10.5922,186278.0,98726179.63984
2026-02-27,5707,Биржевой паевой инвестиционный фонд рыночных финансовых инструментов «Т-Капитал Дивидендные акции»,Биржевой,Сформирован,643-RUB,1090879295.83,10.8433,190510.0,100603654.24905
2026-03-31,5707,Биржевой паевой инвестиционный фонд рыночных финансовых инструментов «Т-Капитал Дивидендные акции»,Биржевой,Сформирован,643-RUB,1071964314.19,10.4816,195401.0,102271394.66829
2026-04-30,5707,Биржевой паевой инвестиционный фонд рыночных финансовых инструментов «Т-Капитал Дивидендные акции»,Биржевой,Сформирован,643-RUB,1069050452.54,10.2612,194507.0,104183757.17709
2026-05-29,5707,Биржевой паевой инвестиционный фонд рыночных финансовых инструментов «Т-Капитал Дивидендные акции»,Биржевой,Сформирован,643-RUB,1076556843.68,10.3333,195032.0,104183757.17709
2026-06-30,5707,Биржевой паевой инвестиционный фонд рыночных финансовых инструментов «Т-Капитал Дивидендные акции»,Биржевой,Сформирован,643-RUB,1011782491.28,9.6521,198296.0,104825214.56828
2026-07-31,5707,Биржевой паевой инвестиционный фонд рыночных финансовых инструментов «Т-Капитал Дивидендные акции»,Биржевой,Сформирован,643-RUB,992168933.64,9.6623,194235.0,102684214.56828
2026-01-30,5712,Открытый паевой инвестиционный фонд рыночных финансовых инструментов «Сила Дохода»,Открытый,Сформирован,643-RUB,390945176.6,101.49,2930.0,3852009.4688872
2026-02-27,5712,Открытый паевой инвестиционный фонд рыночных финансовых инструментов «Сила Дохода»,Открытый,Сформирован,643-RUB,446061590.39,102.67,2942.0,4344494.1938996
2026-03-31,5712,Открытый паевой инвестиционный фонд рыночных финансовых инструментов «Сила Дохода»,Открытый,Сформирован,643-RUB,462396568.29,100.87,3011.0,4584302.3473768
2026-04-30,5712,Открытый паевой инвестиционный фонд рыночных финансовых инструментов «Сила Дохода»,Открытый,Сформирован,643-RUB,468032463.7,102.09,3090.0,4584302.3473768
2026-05-29,5712,Открытый паевой инвестиционный фонд рыночных финансовых инструментов «Сила Дохода»,Открытый,Сформирован,643-RUB,473856311.96,103.36,3126.0,4584302.3473768
2026-06-30,5712,Открытый паевой инвестиционный фонд рыночных финансовых инструментов «Сила Дохода»,Открытый,Сформирован,643-RUB,476774841.52,98.8,3079.0,4825638.3836737
2026-07-31,5712,Открытый паевой инвестиционный фонд рыночных финансовых инструментов «Сила Дохода»,Открытый,Сформирован,643-RUB,561224687.42,100.45,3060.0,5587369.0357151
2026-01-30,5728,Биржевой паевой инвестиционный фонд рыночных финансовых инструментов «Т-Капитал Локальные валютные облигации»,Биржевой,Сформирован,643-RUB,13469777879.64,9.8969,154204.0,1361004083.43816
2026-02-27,5728,Биржевой паевой инвестиционный фонд рыночных финансовых инструментов «Т-Капитал Локальные валютные облигации»,Биржевой,Сформирован,643-RUB,13501103308.47,9.9488,158147.0,1357061506.97472
2026-03-31,5728,Биржевой паевой инвестиционный фонд рыночных финансовых инструментов «Т-Капитал Локальные валютные облигации»,Биржевой,Сформирован,643-RUB,13862798164.41,10.4437,160776.0,1327389860.6554298
2026-04-30,5728,Биржевой паевой инвестиционный фонд рыночных финансовых инструментов «Т-Капитал Локальные валютные облигации»,Биржевой,Сформирован,643-RUB,13662412424.27,9.8834,164325.0,1382356443.50332
2026-05-29,5728,Биржевой паевой инвестиционный фонд рыночных финансовых инструментов «Т-Капитал Локальные валютные облигации»,Биржевой,Сформирован,643-RUB,13949894992.91,9.5046,168201.0,1467702045.70532
2026-06-30,5728,Биржевой паевой инвестиционный фонд рыночных финансовых инструментов «Т-Капитал Локальные валютные облигации»,Биржевой,Сформирован,643-RUB,15049537676.83,10.4091,165029.0,1445803109.62993
2026-07-31,5728,Биржевой паевой инвестиционный фонд рыночных финансовых инструментов «Т-Капитал Локальные валютные облигации»,Биржевой,Сформирован,643-RUB,14311751280.58,10.5447,162127.0,1357248222.6756
2026-01-30,5732,Открытый паевой инвестиционный фонд рыночных финансовых инструментов «Альфа-Капитал Акции компаний роста»,Открытый,Сформирован,643-RUB,7547379360.96,1140.76,8383.0,6616100.442100001
2026-02-27,5732,Открытый паевой инвестиционный фонд рыночных финансовых инструментов «Альфа-Капитал Акции компаний роста»,Открытый,Сформирован,643-RUB,7174878396.38,1156.87,8261.0,6201983.831509998
2026-03-31,5732,Открытый паевой инвестиционный фонд рыночных финансовых инструментов «Альфа-Капитал Акции компаний роста»,Открытый,Сформирован,643-RUB,6426371841.58,1080.83,8036.0,5945789.245210001
2026-04-30,5732,Открытый паевой инвестиционный фонд рыночных финансовых инструментов «Альфа-Капитал Акции компаний роста»,Открытый,Сформирован,643-RUB,5497427406.5,1039.0,7839.0,5291086.11549
2026-05-29,5732,Открытый паевой инвестиционный фонд рыночных финансовых инструментов «Альфа-Капитал Акции компаний роста»,Открытый,Сформирован,643-RUB,5157050972.93,1037.4,7706.0,4971121.746359998
2026-06-30,5732,Открытый паевой инвестиционный фонд рыночных финансовых инструментов «Альфа-Капитал Акции компаний роста»,Открытый,Сформирован,643-RUB,4538099163.67,945.92,7595.0,4797565.291719997
2026-07-31,5732,Открытый паевой инвестиционный фонд рыночных финансовых инструментов «Альфа-Капитал Акции компаний роста»,Открытый,Сформирован,643-RUB,4595827361.72,959.0,7482.0,4792305.46252
2026-01-30,5739,Открытый паевой инвестиционный фонд рыночных финансовых инструментов «А-Капитал Облигации Рантье»,Открытый,Сформирован,643-RUB,336105020.68,1049.36,41.0,320295.17655200005
2026-02-27,5739,Открытый паевой инвестиционный фонд рыночных финансовых инструментов «А-Капитал Облигации Рантье»,Открытый,Сформирован,643-RUB,339040805.49,1064.48,40.0,318504.042618
2026-03-31,5739,Открытый паевой инвестиционный фонд рыночных финансовых инструментов «А-Капитал Облигации Рантье»,Открытый,Сформирован,643-RUB,343655824.59,1080.34,38.0,318098.593729
2026-04-30,5739,Открытый паевой инвестиционный фонд рыночных финансовых инструментов «А-Капитал Облигации Рантье»,Открытый,Сформирован,643-RUB,333633924.82,1053.66,40.0,316641.529852
2026-05-29,5739,Открытый паевой инвестиционный фонд рыночных финансовых инструментов «А-Капитал Облигации Рантье»,Открытый,Сформирован,643-RUB,359047436.18,1064.65,40.0,337244.837159
2026-06-30,5739,Открытый паевой инвестиционный фонд рыночных финансовых инструментов «А-Капитал Облигации Рантье»,Открытый,Сформирован,643-RUB,376006460.74,1064.68,42.0,353163.22387600003
2026-07-31,5739,Открытый паевой инвестиционный фонд рыночных финансовых инструментов «А-Капитал Облигации Рантье»,Открытый,Сформирован,643-RUB,388607849.04,1039.39,43.0,373881.125199
2026-01-30,5763,Закрытый паевой инвестиционный фонд рыночных финансовых инструментов «Заблокированные активы паевого инвестиционного фонда «Первая – Золото»»,Закрытый,Сформирован,643-RUB,2042919343.8,825.28,30664.0,2475435.078941699
2026-02-27,5763,Закрытый паевой инвестиционный фонд рыночных финансовых инструментов «Заблокированные активы паевого инвестиционного фонда «Первая – Золото»»,Закрытый,Сформирован,643-RUB,2072260906.43,837.13,30664.0,2475435.078941699
2026-03-31,5763,Закрытый паевой инвестиционный фонд рыночных финансовых инструментов «Заблокированные активы паевого инвестиционного фонда «Первая – Золото»»,Закрытый,Сформирован,643-RUB,2131110831.69,860.9,30672.0,2475435.0789417
2026-04-30,5763,Закрытый паевой инвестиционный фонд рыночных финансовых инструментов «Заблокированные активы паевого инвестиционного фонда «Первая – Золото»»,Закрытый,Сформирован,643-RUB,1962901747.92,792.95,30663.0,2475435.0789417
2026-05-29,5763,Закрытый паевой инвестиционный фонд рыночных финансовых инструментов «Заблокированные активы паевого инвестиционного фонда «Первая – Золото»»,Закрытый,Сформирован,643-RUB,1870846007.66,755.76,30663.0,2475435.0789416987
2026-06-30,5763,Закрытый паевой инвестиционный фонд рыночных финансовых инструментов «Заблокированные активы паевого инвестиционного фонда «Первая – Золото»»,Закрытый,Сформирован,643-RUB,2037978757.46,823.28,30663.0,2475435.078941699
2026-07-31,5763,Закрытый паевой инвестиционный фонд рыночных финансовых инструментов «Заблокированные активы паевого инвестиционного фонда «Первая – Золото»»,Закрытый,Сформирован,643-RUB,2092999930.29,845.51,30664.0,2475435.0789417
2026-01-30,5764,Закрытый паевой инвестиционный фонд рыночных финансовых инструментов «Заблокированные активы паевого инвестиционного фонда «Первая – Валютные сбережения»»,Закрытый,Сформирован,643-RUB,163093290.08,293.75,20540.0,555219.4504111997
2026-02-27,5764,Закрытый паевой инвестиционный фонд рыночных финансовых инструментов «Заблокированные активы паевого инвестиционного фонда «Первая – Валютные сбережения»»,Закрытый,Сформирован,643-RUB,153426378.43,276.33,20540.0,555219.4504112
2026-03-31,5764,Закрытый паевой инвестиционный фонд рыночных финансовых инструментов «Заблокированные активы паевого инвестиционного фонда «Первая – Валютные сбережения»»,Закрытый,Сформирован,643-RUB,109736554.7,197.65,20555.0,555219.4504112003
2026-04-30,5764,Закрытый паевой инвестиционный фонд рыночных финансовых инструментов «Заблокированные активы паевого инвестиционного фонда «Первая – Валютные сбережения»»,Закрытый,Сформирован,643-RUB,96789109.42,174.33,20542.0,555219.4504112
2026-05-29,5764,Закрытый паевой инвестиционный фонд рыночных финансовых инструментов «Заблокированные активы паевого инвестиционного фонда «Первая – Валютные сбережения»»,Закрытый,Сформирован,643-RUB,94720769.65,170.6,20547.0,555219.4504111999
2026-06-30,5764,Закрытый паевой инвестиционный фонд рыночных финансовых инструментов «Заблокированные активы паевого инвестиционного фонда «Первая – Валютные сбережения»»,Закрытый,Сформирован,643-RUB,103428266.51,186.28,20547.0,555219.4504112
2026-07-31,5764,Закрытый паевой инвестиционный фонд рыночных финансовых инструментов «Заблокированные активы паевого инвестиционного фонда «Первая – Валютные сбережения»»,Закрытый,Сформирован,643-RUB,82377117.71,185.32,20548.0,444508.692017
2026-01-30,5770,Закрытый паевой инвестиционный фонд рыночных финансовых инструментов «Заблокированные активы паевого инвестиционного фонда «Альфа-Капитал Ресурсы»»,Закрытый,Сформирован,643-RUB,678627485.84,266.71,88967.0,2544394.164679999
2026-02-27,5770,Закрытый паевой инвестиционный фонд рыночных финансовых инструментов «Заблокированные активы паевого инвестиционного фонда «Альфа-Капитал Ресурсы»»,Закрытый,Сформирован,643-RUB,803312046.83,315.72,88966.0,2544394.1646800004
2026-03-31,5770,Закрытый паевой инвестиционный фонд рыночных финансовых инструментов «Заблокированные активы паевого инвестиционного фонда «Альфа-Капитал Ресурсы»»,Закрытый,Сформирован,643-RUB,846244738.9,332.59,89014.0,2544385.006809999
2026-04-30,5770,Закрытый паевой инвестиционный фонд рыночных финансовых инструментов «Заблокированные активы паевого инвестиционного фонда «Альфа-Капитал Ресурсы»»,Закрытый,Сформирован,643-RUB,780257982.24,306.66,89002.0,2544385.0068099983
2026-05-29,5770,Закрытый паевой инвестиционный фонд рыночных финансовых инструментов «Заблокированные активы паевого инвестиционного фонда «Альфа-Капитал Ресурсы»»,Закрытый,Сформирован,643-RUB,744161686.46,292.47,89003.0,2544385.006809999
2026-06-30,5770,Закрытый паевой инвестиционный фонд рыночных финансовых инструментов «Заблокированные активы паевого инвестиционного фонда «Альфа-Капитал Ресурсы»»,Закрытый,Сформирован,643-RUB,809814132.44,318.27,89005.0,2544385.00681
2026-07-31,5770,Закрытый паевой инвестиционный фонд рыночных финансовых инструментов «Заблокированные активы паевого инвестиционного фонда «Альфа-Капитал Ресурсы»»,Закрытый,Сформирован,643-RUB,831450719.75,326.78,89007.0,2544385.00681
2026-01-30,5771,Закрытый паевой инвестиционный фонд рыночных финансовых инструментов «Заблокированные активы паевого инвестиционного фонда «Альфа-Капитал Квант»»,Закрытый,Сформирован,643-RUB,42794748.33,1136.91,348.0,37641.19065999999
2026-02-27,5771,Закрытый паевой инвестиционный фонд рыночных финансовых инструментов «Заблокированные активы паевого инвестиционного фонда «Альфа-Капитал Квант»»,Закрытый,Сформирован,643-RUB,31125862.85,826.91,348.0,37641.19065999997
2026-03-31,5771,Закрытый паевой инвестиционный фонд рыночных финансовых инструментов «Заблокированные активы паевого инвестиционного фонда «Альфа-Капитал Квант»»,Закрытый,Сформирован,643-RUB,32788675.2,871.08,348.0,37641.19066
2026-04-30,5771,Закрытый паевой инвестиционный фонд рыночных финансовых инструментов «Заблокированные активы паевого инвестиционного фонда «Альфа-Капитал Квант»»,Закрытый,Сформирован,643-RUB,30229469.51,803.1,348.0,37641.19065999998
2026-05-29,5771,Закрытый паевой инвестиционный фонд рыночных финансовых инструментов «Заблокированные активы паевого инвестиционного фонда «Альфа-Капитал Квант»»,Закрытый,Сформирован,643-RUB,28829014.69,765.89,348.0,37641.19065999999
2026-06-30,5771,Закрытый паевой инвестиционный фонд рыночных финансовых инструментов «Заблокированные активы паевого инвестиционного фонда «Альфа-Капитал Квант»»,Закрытый,Сформирован,643-RUB,31923721.1,848.11,348.0,37641.19066000001
2026-07-31,5771,Закрытый паевой инвестиционный фонд рыночных финансовых инструментов «Заблокированные активы паевого инвестиционного фонда «Альфа-Капитал Квант»»,Закрытый,Сформирован,643-RUB,32776189.71,870.75,348.0,37641.19066
2026-01-30,5778,Открытый паевой инвестиционный фонд рыночных финансовых инструментов «Райффайзен — Облигации с выплатой дохода»,Открытый,Сформирован,643-RUB,2230624267.54,51227.83,1144.0,43543.210170000006
2026-02-27,5778,Открытый паевой инвестиционный фонд рыночных финансовых инструментов «Райффайзен — Облигации с выплатой дохода»,Открытый,Сформирован,643-RUB,2311801839.47,51850.16,1167.0,44586.206360000026
2026-03-31,5778,Открытый паевой инвестиционный фонд рыночных финансовых инструментов «Райффайзен — Облигации с выплатой дохода»,Открытый,Сформирован,643-RUB,2395507683.92,50658.55,1200.0,47287.332950000025
2026-04-30,5778,Открытый паевой инвестиционный фонд рыночных финансовых инструментов «Райффайзен — Облигации с выплатой дохода»,Открытый,Сформирован,643-RUB,2570704053.89,51293.34,1225.0,50117.70139000001
2026-05-29,5778,Открытый паевой инвестиционный фонд рыночных финансовых инструментов «Райффайзен — Облигации с выплатой дохода»,Открытый,Сформирован,643-RUB,2673765286.8,51858.56,1238.0,51558.80306000001
2026-06-30,5778,Открытый паевой инвестиционный фонд рыночных финансовых инструментов «Райффайзен — Облигации с выплатой дохода»,Открытый,Сформирован,643-RUB,2814837534.44,50708.97,1316.0,55509.65944999999
2026-07-31,5778,Открытый паевой инвестиционный фонд рыночных финансовых инструментов «Райффайзен — Облигации с выплатой дохода»,Открытый,Сформирован,643-RUB,3206898517.68,51190.76,1423.0,62646.04639
2026-01-30,5779,Закрытый паевой инвестиционный фонд рыночных финансовых инструментов «Заблокированные активы паевого инвестиционного фонда «Первая – Потребительский сектор»,Закрытый,Сформирован,643-RUB,657120514.81,501.54,26759.0,1309966.4677846995
2026-02-27,5779,Закрытый паевой инвестиционный фонд рыночных финансовых инструментов «Заблокированные активы паевого инвестиционного фонда «Первая – Потребительский сектор»,Закрытый,Сформирован,643-RUB,665900761.8,508.24,26759.0,1309966.4677847002
2026-03-31,5779,Закрытый паевой инвестиционный фонд рыночных финансовых инструментов «Заблокированные активы паевого инвестиционного фонда «Первая – Потребительский сектор»,Закрытый,Сформирован,643-RUB,682729659.23,521.09,26761.0,1309966.4677846998
2026-04-30,5779,Закрытый паевой инвестиционный фонд рыночных финансовых инструментов «Заблокированные активы паевого инвестиционного фонда «Первая – Потребительский сектор»,Закрытый,Сформирован,643-RUB,634543545.17,484.31,26762.0,1309966.4677847004
2026-05-29,5779,Закрытый паевой инвестиционный фонд рыночных финансовых инструментов «Заблокированные активы паевого инвестиционного фонда «Первая – Потребительский сектор»,Закрытый,Сформирован,643-RUB,608238833.42,464.23,26762.0,1309966.4677847
2026-06-30,5779,Закрытый паевой инвестиционный фонд рыночных финансовых инструментов «Заблокированные активы паевого инвестиционного фонда «Первая – Потребительский сектор»,Закрытый,Сформирован,643-RUB,657028456.08,501.47,26762.0,1309966.4677847
2026-07-31,5779,Закрытый паевой инвестиционный фонд рыночных финансовых инструментов «Заблокированные активы паевого инвестиционного фонда «Первая – Потребительский сектор»,Закрытый,Сформирован,643-RUB,610170169.32,515.22,26762.0,1184078.6902305
2026-01-30,5780,Закрытый паевой инвестиционный фонд рыночных финансовых инструментов «Заблокированные активы паевого инвестиционного фонда «Первая – Долларовые облигации»»,Закрытый,Сформирован,643-RUB,1273084151.29,98.67,4.0,12902215.60402
2026-02-27,5780,Закрытый паевой инвестиционный фонд рыночных финансовых инструментов «Заблокированные активы паевого инвестиционного фонда «Первая – Долларовые облигации»»,Закрытый,Сформирован,643-RUB,1215289322.39,94.19,4.0,12902215.60402
2026-03-31,5780,Закрытый паевой инвестиционный фонд рыночных финансовых инструментов «Заблокированные активы паевого инвестиционного фонда «Первая – Долларовые облигации»»,Закрытый,Сформирован,643-RUB,826583729.76,64.07,4.0,12902215.60402
2026-04-30,5780,Закрытый паевой инвестиционный фонд рыночных финансовых инструментов «Заблокированные активы паевого инвестиционного фонда «Первая – Долларовые облигации»»,Закрытый,Сформирован,643-RUB,715354259.31,55.44,4.0,12902215.60402
2026-05-29,5780,Закрытый паевой инвестиционный фонд рыночных финансовых инструментов «Заблокированные активы паевого инвестиционного фонда «Первая – Долларовые облигации»»,Закрытый,Сформирован,643-RUB,694972274.95,53.86,4.0,12902215.60402
2026-06-30,5780,Закрытый паевой инвестиционный фонд рыночных финансовых инструментов «Заблокированные активы паевого инвестиционного фонда «Первая – Долларовые облигации»»,Закрытый,Сформирован,643-RUB,775879057.31,60.14,4.0,12902215.60402
2026-07-31,5780,Закрытый паевой инвестиционный фонд рыночных финансовых инструментов «Заблокированные активы паевого инвестиционного фонда «Первая – Долларовые облигации»»,Закрытый,Сформирован,643-RUB,682584288.05,58.25,4.0,11717792.21157
2026-01-30,5784,Закрытый паевой инвестиционный фонд рыночных финансовых инструментов «Заблокированные активы паевого инвестиционного фонда «Первая - Электроэнергетика»»,Закрытый,Сформирован,643-RUB,75793425.9,88.64,10672.0,855038.692439
2026-02-27,5784,Закрытый паевой инвестиционный фонд рыночных финансовых инструментов «Заблокированные активы паевого инвестиционного фонда «Первая - Электроэнергетика»»,Закрытый,Сформирован,643-RUB,76879834.4,89.91,10672.0,855038.692439
2026-03-31,5784,Закрытый паевой инвестиционный фонд рыночных финансовых инструментов «Заблокированные активы паевого инвестиционного фонда «Первая - Электроэнергетика»»,Закрытый,Сформирован,643-RUB,93804779.58,109.71,10674.0,855038.6924389998
2026-04-30,5784,Закрытый паевой инвестиционный фонд рыночных финансовых инструментов «Заблокированные активы паевого инвестиционного фонда «Первая - Электроэнергетика»»,Закрытый,Сформирован,643-RUB,86483089.28,101.15,10674.0,855038.6924389999
2026-05-29,5784,Закрытый паевой инвестиционный фонд рыночных финансовых инструментов «Заблокированные активы паевого инвестиционного фонда «Первая - Электроэнергетика»»,Закрытый,Сформирован,643-RUB,82480525.12,96.46,10674.0,855038.692439
2026-06-30,5784,Закрытый паевой инвестиционный фонд рыночных финансовых инструментов «Заблокированные активы паевого инвестиционного фонда «Первая - Электроэнергетика»»,Закрытый,Сформирован,643-RUB,89779486.45,105.0,10678.0,855038.692439
2026-07-31,5784,Закрытый паевой инвестиционный фонд рыночных финансовых инструментов «Заблокированные активы паевого инвестиционного фонда «Первая - Электроэнергетика»»,Закрытый,Сформирован,643-RUB,92190163.26,107.82,10678.0,855038.692439
2026-01-30,5790,Закрытый паевой инвестиционный фонд недвижимости «Современный 8»,Закрытый,Сформирован,643-RUB,107131367716.42,106.71,69109.0,1003949329.4333549
2026-02-27,5790,Закрытый паевой инвестиционный фонд недвижимости «Современный 8»,Закрытый,Сформирован,643-RUB,113780940932.46,107.92,70728.0,1051570197.8318944
2026-03-31,5790,Закрытый паевой инвестиционный фонд недвижимости «Современный 8»,Закрытый,Сформирован,643-RUB,117644125209.55,107.17,72385.0,1097693308.8806818
2026-04-30,5790,Закрытый паевой инвестиционный фонд недвижимости «Современный 8»,Закрытый,Сформирован,643-RUB,122404097391.06,108.06,73269.0,1132685393.0144858
2026-05-29,5790,Закрытый паевой инвестиционный фонд недвижимости «Современный 8»,Закрытый,Сформирован,643-RUB,128310540160.82,109.72,73875.0,1169357714.2372017
2026-06-30,5790,Закрытый паевой инвестиционный фонд недвижимости «Современный 8»,Закрытый,Сформирован,643-RUB,130579215878.64,108.1,74576.0,1207932324.9193258
2026-07-31,5790,Закрытый паевой инвестиционный фонд недвижимости «Современный 8»,Закрытый,Сформирован,643-RUB,139160398869.28,109.16,76258.0,1274844172.101805
2026-01-30,5791,Закрытый паевой инвестиционный фонд рыночных финансовых инструментов «Заблокированные активы паевого инвестиционного фонда «Первая – Фонд осторожный смарт»»,Закрытый,Сформирован,643-RUB,4898166.08,0.5,3297.0,9817107.60623
2026-02-27,5791,Закрытый паевой инвестиционный фонд рыночных финансовых инструментов «Заблокированные активы паевого инвестиционного фонда «Первая – Фонд осторожный смарт»»,Закрытый,Сформирован,643-RUB,4964356.24,0.51,3297.0,9817106.60623
2026-03-31,5791,Закрытый паевой инвестиционный фонд рыночных финансовых инструментов «Заблокированные активы паевого инвестиционного фонда «Первая – Фонд осторожный смарт»»,Закрытый,Сформирован,643-RUB,7823255.74,0.8,3298.0,9817107.60623
2026-04-30,5791,Закрытый паевой инвестиционный фонд рыночных финансовых инструментов «Заблокированные активы паевого инвестиционного фонда «Первая – Фонд осторожный смарт»»,Закрытый,Сформирован,643-RUB,7229653.94,0.74,3298.0,9817107.606230002
2026-05-29,5791,Закрытый паевой инвестиционный фонд рыночных финансовых инструментов «Заблокированные активы паевого инвестиционного фонда «Первая – Фонд осторожный смарт»»,Закрытый,Сформирован,643-RUB,6904924.09,0.7,3298.0,9817107.606229998
2026-06-30,5791,Закрытый паевой инвестиционный фонд рыночных финансовых инструментов «Заблокированные активы паевого инвестиционного фонда «Первая – Фонд осторожный смарт»»,Закрытый,Сформирован,643-RUB,7495432.23,0.76,3297.0,9817107.606230002
2026-07-31,5791,Закрытый паевой инвестиционный фонд рыночных финансовых инструментов «Заблокированные активы паевого инвестиционного фонда «Первая – Фонд осторожный смарт»»,Закрытый,Сформирован,643-RUB,7690013.84,0.78,3297.0,9817107.60623
2026-01-30,5792,Закрытый паевой инвестиционный фонд рыночных финансовых инструментов «Заблокированные активы паевого инвестиционного фонда «Первая – Фонд прогрессивный смарт»»,Закрытый,Сформирован,643-RUB,44056381.25,4.54,9608.0,9697164.41524
2026-02-27,5792,Закрытый паевой инвестиционный фонд рыночных финансовых инструментов «Заблокированные активы паевого инвестиционного фонда «Первая – Фонд прогрессивный смарт»»,Закрытый,Сформирован,643-RUB,44672694.7,4.61,9611.0,9697163.41524
2026-03-31,5792,Закрытый паевой инвестиционный фонд рыночных финансовых инструментов «Заблокированные активы паевого инвестиционного фонда «Первая – Фонд прогрессивный смарт»»,Закрытый,Сформирован,643-RUB,63603773.69,6.56,9611.0,9697164.41524
2026-04-30,5792,Закрытый паевой инвестиционный фонд рыночных финансовых инструментов «Заблокированные активы паевого инвестиционного фонда «Первая – Фонд прогрессивный смарт»»,Закрытый,Сформирован,643-RUB,58680684.73,6.05,9611.0,9697164.41524
2026-05-29,5792,Закрытый паевой инвестиционный фонд рыночных финансовых инструментов «Заблокированные активы паевого инвестиционного фонда «Первая – Фонд прогрессивный смарт»»,Закрытый,Сформирован,643-RUB,55987280.93,5.77,9611.0,9697164.41524
2026-06-30,5792,Закрытый паевой инвестиционный фонд рыночных финансовых инструментов «Заблокированные активы паевого инвестиционного фонда «Первая – Фонд прогрессивный смарт»»,Закрытый,Сформирован,643-RUB,60883472.93,6.28,9610.0,9697164.41524
2026-07-31,5792,Закрытый паевой инвестиционный фонд рыночных финансовых инструментов «Заблокированные активы паевого инвестиционного фонда «Первая – Фонд прогрессивный смарт»»,Закрытый,Сформирован,643-RUB,62496526.04,6.44,9610.0,9697164.41524
2026-01-30,5793,Закрытый паевой инвестиционный фонд недвижимости «РиалТех»,Закрытый,Сформирован,643-RUB,35070675.22,1002.02,31.0,35000.0
2026-02-27,5793,Закрытый паевой инвестиционный фонд недвижимости «РиалТех»,Закрытый,Сформирован,643-RUB,34131701.57,975.19,31.0,35000.0
2026-03-31,5793,Закрытый паевой инвестиционный фонд недвижимости «РиалТех»,Закрытый,Сформирован,643-RUB,33786246.82,965.32,31.0,35000.0
2026-04-30,5793,Закрытый паевой инвестиционный фонд недвижимости «РиалТех»,Закрытый,Сформирован,643-RUB,31462685.5,898.93,31.0,35000.0
2026-05-29,5793,Закрытый паевой инвестиционный фонд недвижимости «РиалТех»,Закрытый,Сформирован,643-RUB,31195708.32,891.31,31.0,35000.0
2026-06-30,5793,Закрытый паевой инвестиционный фонд недвижимости «РиалТех»,Закрытый,Сформирован,643-RUB,31162932.59,890.37,31.0,35000.0
2026-07-31,5793,Закрытый паевой инвестиционный фонд недвижимости «РиалТех»,Закрытый,Сформирован,643-RUB,31328509.27,895.1,31.0,35000.0
2026-01-30,5794,Закрытый паевой инвестиционный фонд рыночных финансовых инструментов «Заблокированные активы паевого инвестиционного фонда «Первая – Фонд Взвешенный смарт»»,Закрытый,Сформирован,643-RUB,184106372.25,3.93,5499.0,46846147.55761
2026-02-27,5794,Закрытый паевой инвестиционный фонд рыночных финансовых инструментов «Заблокированные активы паевого инвестиционного фонда «Первая – Фонд Взвешенный смарт»»,Закрытый,Сформирован,643-RUB,186702809.76,3.99,5500.0,46846146.55761
2026-03-31,5794,Закрытый паевой инвестиционный фонд рыночных финансовых инструментов «Заблокированные активы паевого инвестиционного фонда «Первая – Фонд Взвешенный смарт»»,Закрытый,Сформирован,643-RUB,244738048.4,5.22,5502.0,46846930.55760999
2026-04-30,5794,Закрытый паевой инвестиционный фонд рыночных финансовых инструментов «Заблокированные активы паевого инвестиционного фонда «Первая – Фонд Взвешенный смарт»»,Закрытый,Сформирован,643-RUB,225687925.85,4.82,5502.0,46846930.55761002
2026-05-29,5794,Закрытый паевой инвестиционный фонд рыночных финансовых инструментов «Заблокированные активы паевого инвестиционного фонда «Первая – Фонд Взвешенный смарт»»,Закрытый,Сформирован,643-RUB,215263843.13,4.6,5502.0,46846930.557610005
2026-06-30,5794,Закрытый паевой инвестиционный фонд рыночных финансовых инструментов «Заблокированные активы паевого инвестиционного фонда «Первая – Фонд Взвешенный смарт»»,Закрытый,Сформирован,643-RUB,234201076.37,5.0,5502.0,46846930.557610005
2026-07-31,5794,Закрытый паевой инвестиционный фонд рыночных финансовых инструментов «Заблокированные активы паевого инвестиционного фонда «Первая – Фонд Взвешенный смарт»»,Закрытый,Сформирован,643-RUB,240437308.94,5.13,5502.0,46846930.55761
2026-01-30,5795,Закрытый паевой инвестиционный фонд рыночных финансовых инструментов «Заблокированные активы паевого инвестиционного фонда «Первая – Фонд Динамичный смарт»»,Закрытый,Сформирован,643-RUB,37637457.95,3.89,7190.0,9674477.13157
2026-02-27,5795,Закрытый паевой инвестиционный фонд рыночных финансовых инструментов «Заблокированные активы паевого инвестиционного фонда «Первая – Фонд Динамичный смарт»»,Закрытый,Сформирован,643-RUB,38161220.24,3.94,7192.0,9674476.13157
2026-03-31,5795,Закрытый паевой инвестиционный фонд рыночных финансовых инструментов «Заблокированные активы паевого инвестиционного фонда «Первая – Фонд Динамичный смарт»»,Закрытый,Сформирован,643-RUB,57346057.73,5.93,7194.0,9674477.131570004
2026-04-30,5795,Закрытый паевой инвестиционный фонд рыночных финансовых инструментов «Заблокированные активы паевого инвестиционного фонда «Первая – Фонд Динамичный смарт»»,Закрытый,Сформирован,643-RUB,52918973.0,5.47,7195.0,9674477.131570002
2026-05-29,5795,Закрытый паевой инвестиционный фонд рыночных финансовых инструментов «Заблокированные активы паевого инвестиционного фонда «Первая – Фонд Динамичный смарт»»,Закрытый,Сформирован,643-RUB,50497034.45,5.22,7195.0,9674477.131570004
2026-06-30,5795,Закрытый паевой инвестиционный фонд рыночных финансовых инструментов «Заблокированные активы паевого инвестиционного фонда «Первая – Фонд Динамичный смарт»»,Закрытый,Сформирован,643-RUB,54900492.5,5.67,7195.0,9674477.131569996
2026-07-31,5795,Закрытый паевой инвестиционный фонд рыночных финансовых инструментов «Заблокированные активы паевого инвестиционного фонда «Первая – Фонд Динамичный смарт»»,Закрытый,Сформирован,643-RUB,56351358.1,5.82,7195.0,9674477.13157
2026-01-30,5840,Закрытый паевой инвестиционный фонд рыночных финансовых инструментов «Заблокированные активы паевого инвестиционного фонда «БСПБ - Глобальный»»,Закрытый,Сформирован,643-RUB,3913645.48,54241.93,310.0,72.151664
2026-02-27,5840,Закрытый паевой инвестиционный фонд рыночных финансовых инструментов «Заблокированные активы паевого инвестиционного фонда «БСПБ - Глобальный»»,Закрытый,Сформирован,643-RUB,3908325.63,54168.2,310.0,72.15166399999998
2026-03-31,5840,Закрытый паевой инвестиционный фонд рыночных финансовых инструментов «Заблокированные активы паевого инвестиционного фонда «БСПБ - Глобальный»»,Закрытый,Сформирован,643-RUB,3881106.13,53790.94,310.0,72.15166400000001
2026-04-30,5840,Закрытый паевой инвестиционный фонд рыночных финансовых инструментов «Заблокированные активы паевого инвестиционного фонда «БСПБ - Глобальный»»,Закрытый,Сформирован,643-RUB,3875816.88,53717.64,310.0,72.15166400000001
2026-05-29,5840,Закрытый паевой инвестиционный фонд рыночных финансовых инструментов «Заблокированные активы паевого инвестиционного фонда «БСПБ - Глобальный»»,Закрытый,Сформирован,643-RUB,3849019.43,53346.23,310.0,72.15166399999997
2026-06-30,5840,Закрытый паевой инвестиционный фонд рыночных финансовых инструментов «Заблокированные активы паевого инвестиционного фонда «БСПБ - Глобальный»»,Закрытый,Сформирован,643-RUB,3843897.1,53275.24,310.0,72.15166400000001
2026-07-31,5840,Закрытый паевой инвестиционный фонд рыночных финансовых инструментов «Заблокированные активы паевого инвестиционного фонда «БСПБ - Глобальный»»,Закрытый,Сформирован,643-RUB,3816978.34,52902.15,310.0,72.151664
2026-01-30,5841,Закрытый паевой инвестиционный фонд рыночных финансовых инструментов «Заблокированные активы паевого инвестиционного фонда «БСПБ – Глобальный баланс»»,Закрытый,Сформирован,643-RUB,1970402.72,154.84,27.0,12725.25668
2026-02-27,5841,Закрытый паевой инвестиционный фонд рыночных финансовых инструментов «Заблокированные активы паевого инвестиционного фонда «БСПБ – Глобальный баланс»»,Закрытый,Сформирован,643-RUB,1969755.19,154.79,27.0,12725.25668
2026-03-31,5841,Закрытый паевой инвестиционный фонд рыночных финансовых инструментов «Заблокированные активы паевого инвестиционного фонда «БСПБ – Глобальный баланс»»,Закрытый,Сформирован,643-RUB,1981841.34,155.74,27.0,12725.25668
2026-04-30,5841,Закрытый паевой инвестиционный фонд рыночных финансовых инструментов «Заблокированные активы паевого инвестиционного фонда «БСПБ – Глобальный баланс»»,Закрытый,Сформирован,643-RUB,1981226.66,155.69,27.0,12725.25668
2026-05-29,5841,Закрытый паевой инвестиционный фонд рыночных финансовых инструментов «Заблокированные активы паевого инвестиционного фонда «БСПБ – Глобальный баланс»»,Закрытый,Сформирован,643-RUB,1980864.98,155.66,27.0,12725.25668
2026-06-30,5841,Закрытый паевой инвестиционный фонд рыночных финансовых инструментов «Заблокированные активы паевого инвестиционного фонда «БСПБ – Глобальный баланс»»,Закрытый,Сформирован,643-RUB,1980284.11,155.62,27.0,12725.25668
2026-07-31,5841,Закрытый паевой инвестиционный фонд рыночных финансовых инструментов «Заблокированные активы паевого инвестиционного фонда «БСПБ – Глобальный баланс»»,Закрытый,Сформирован,643-RUB,1979709.61,155.57,27.0,12725.25668
2026-01-30,5866,Биржевой паевой инвестиционный фонд рыночных финансовых инструментов «Ликвидность. Юань»,Биржевой,Сформирован,643-RUB,3248862168.84,122.5487256,16748.0,26510778.90863
2026-02-27,5866,Биржевой паевой инвестиционный фонд рыночных финансовых инструментов «Ликвидность. Юань»,Биржевой,Сформирован,643-RUB,3412133548.6,126.0704638,17046.0,27065289.08707
2026-03-31,5866,Биржевой паевой инвестиционный фонд рыночных финансовых инструментов «Ликвидность. Юань»,Биржевой,Сформирован,643-RUB,5167922320.34,133.464915,17643.0,38721204.88772
2026-04-30,5866,Биржевой паевой инвестиционный фонд рыночных финансовых инструментов «Ликвидность. Юань»,Биржевой,Сформирован,643-RUB,4650834191.54,124.3498493,18243.0,37401204.88772
2026-05-29,5866,Биржевой паевой инвестиционный фонд рыночных финансовых инструментов «Ликвидность. Юань»,Биржевой,Сформирован,643-RUB,4580051607.96,118.8846628,19100.0,38525167.99255
2026-06-30,5866,Биржевой паевой инвестиционный фонд рыночных финансовых инструментов «Ликвидность. Юань»,Биржевой,Сформирован,643-RUB,5077423516.03,131.7949741,18475.0,38525167.99255
2026-07-31,5866,Биржевой паевой инвестиционный фонд рыночных финансовых инструментов «Ликвидность. Юань»,Биржевой,Сформирован,643-RUB,4576469792.52,133.5136495,17951.0,34277167.99255
2026-01-30,5888,Закрытый паевой инвестиционный фонд рыночных финансовых инструментов «Заблокированные активы паевого инвестиционного фонда «Райффайзен - Развивающиеся рынки»,Закрытый,Сформирован,643-RUB,2257170.0,48.06,2757.0,46964.287110000005
2026-02-27,5888,Закрытый паевой инвестиционный фонд рыночных финансовых инструментов «Заблокированные активы паевого инвестиционного фонда «Райффайзен - Развивающиеся рынки»,Закрытый,Сформирован,643-RUB,2257170.0,48.06,2757.0,46964.287110000005
2026-03-31,5888,Закрытый паевой инвестиционный фонд рыночных финансовых инструментов «Заблокированные активы паевого инвестиционного фонда «Райффайзен - Развивающиеся рынки»,Закрытый,Сформирован,643-RUB,2257170.0,48.06,2757.0,46964.28710999999
2026-04-30,5888,Закрытый паевой инвестиционный фонд рыночных финансовых инструментов «Заблокированные активы паевого инвестиционного фонда «Райффайзен - Развивающиеся рынки»,Закрытый,Сформирован,643-RUB,2257170.0,48.06,2757.0,46964.287109999976
2026-05-29,5888,Закрытый паевой инвестиционный фонд рыночных финансовых инструментов «Заблокированные активы паевого инвестиционного фонда «Райффайзен - Развивающиеся рынки»,Закрытый,Сформирован,643-RUB,2257170.0,48.06,2757.0,46964.28711
2026-06-30,5888,Закрытый паевой инвестиционный фонд рыночных финансовых инструментов «Заблокированные активы паевого инвестиционного фонда «Райффайзен - Развивающиеся рынки»,Закрытый,Сформирован,643-RUB,2257170.0,48.06,2757.0,46964.28710999999
2026-07-31,5888,Закрытый паевой инвестиционный фонд рыночных финансовых инструментов «Заблокированные активы паевого инвестиционного фонда «Райффайзен - Развивающиеся рынки»,Закрытый,Сформирован,643-RUB,2257170.0,48.06,2757.0,46964.28711
2026-01-30,5900,Открытый паевой инвестиционный фонд рыночных финансовых инструментов «Маркет Пауэр - Акции»,Открытый,Сформирован,643-RUB,1212854602.73,150.41,1921.0,8063840.7744345
2026-02-27,5900,Открытый паевой инвестиционный фонд рыночных финансовых инструментов «Маркет Пауэр - Акции»,Открытый,Сформирован,643-RUB,1416838965.31,154.64,1931.0,9162388.1961267
2026-03-31,5900,Открытый паевой инвестиционный фонд рыночных финансовых инструментов «Маркет Пауэр - Акции»,Открытый,Сформирован,643-RUB,1372037942.24,149.75,1940.0,9162388.1961267
2026-04-30,5900,Открытый паевой инвестиционный фонд рыночных финансовых инструментов «Маркет Пауэр - Акции»,Открытый,Сформирован,643-RUB,1351118755.09,147.46,1933.0,9162388.1961267
2026-05-29,5900,Открытый паевой инвестиционный фонд рыночных финансовых инструментов «Маркет Пауэр - Акции»,Открытый,Сформирован,643-RUB,1359600367.75,148.39,1959.0,9162388.1961267
2026-06-30,5900,Открытый паевой инвестиционный фонд рыночных финансовых инструментов «Маркет Пауэр - Акции»,Открытый,Сформирован,643-RUB,1278374996.28,139.52,1937.0,9162388.1961267
2026-07-31,5900,Открытый паевой инвестиционный фонд рыночных финансовых инструментов «Маркет Пауэр - Акции»,Открытый,Сформирован,643-RUB,1298951767.26,141.77,1906.0,9162388.1961267
2026-01-30,5901,Закрытый паевой инвестиционный фонд рыночных финансовых инструментов «Заблокированные активы паевого инвестиционного фонда «Арикапитал – Чистые деньги»»,Закрытый,Сформирован,643-RUB,99864740.94,307.15,73.0,325128.58482999995
2026-02-27,5901,Закрытый паевой инвестиционный фонд рыночных финансовых инструментов «Заблокированные активы паевого инвестиционного фонда «Арикапитал – Чистые деньги»»,Закрытый,Сформирован,643-RUB,103518457.09,318.39,73.0,325128.58483
2026-03-31,5901,Закрытый паевой инвестиционный фонд рыночных финансовых инструментов «Заблокированные активы паевого инвестиционного фонда «Арикапитал – Чистые деньги»»,Закрытый,Сформирован,643-RUB,111589011.55,343.22,73.0,325128.58483
2026-04-30,5901,Закрытый паевой инвестиционный фонд рыночных финансовых инструментов «Заблокированные активы паевого инвестиционного фонда «Арикапитал – Чистые деньги»»,Закрытый,Сформирован,643-RUB,103409774.67,318.06,73.0,325128.58483
2026-05-29,5901,Закрытый паевой инвестиционный фонд рыночных финансовых инструментов «Заблокированные активы паевого инвестиционного фонда «Арикапитал – Чистые деньги»»,Закрытый,Сформирован,643-RUB,96769958.05,297.64,73.0,325128.58482999995
2026-06-30,5901,Закрытый паевой инвестиционный фонд рыночных финансовых инструментов «Заблокированные активы паевого инвестиционного фонда «Арикапитал – Чистые деньги»»,Закрытый,Сформирован,643-RUB,106517561.69,327.62,73.0,325128.58483
2026-07-31,5901,Закрытый паевой инвестиционный фонд рыночных финансовых инструментов «Заблокированные активы паевого инвестиционного фонда «Арикапитал – Чистые деньги»»,Закрытый,Сформирован,643-RUB,101090972.83,310.93,73.0,325128.58483
2026-01-30,5902,Закрытый паевой инвестиционный фонд рыночных финансовых инструментов «Заблокированные активы паевого инвестиционного фонда «Арикапитал – Глобальные инвестиции»»,Закрытый,Сформирован,643-RUB,22786365.83,199.38,27.0,114285.98111999998
2026-02-27,5902,Закрытый паевой инвестиционный фонд рыночных финансовых инструментов «Заблокированные активы паевого инвестиционного фонда «Арикапитал – Глобальные инвестиции»»,Закрытый,Сформирован,643-RUB,23622514.8,206.7,27.0,114285.98111999998
2026-03-31,5902,Закрытый паевой инвестиционный фонд рыночных финансовых инструментов «Заблокированные активы паевого инвестиционного фонда «Арикапитал – Глобальные инвестиции»»,Закрытый,Сформирован,643-RUB,24464607.1,214.06,27.0,114285.98112
2026-04-30,5902,Закрытый паевой инвестиционный фонд рыночных финансовых инструментов «Заблокированные активы паевого инвестиционного фонда «Арикапитал – Глобальные инвестиции»»,Закрытый,Сформирован,643-RUB,22316867.34,195.27,27.0,114285.98111999998
2026-05-29,5902,Закрытый паевой инвестиционный фонд рыночных финансовых инструментов «Заблокированные активы паевого инвестиционного фонда «Арикапитал – Глобальные инвестиции»»,Закрытый,Сформирован,643-RUB,20841439.3,182.36,27.0,114285.98111999998
2026-06-30,5902,Закрытый паевой инвестиционный фонд рыночных финансовых инструментов «Заблокированные активы паевого инвестиционного фонда «Арикапитал – Глобальные инвестиции»»,Закрытый,Сформирован,643-RUB,22565402.34,197.45,27.0,114285.98111999998
2026-07-31,5902,Закрытый паевой инвестиционный фонд рыночных финансовых инструментов «Заблокированные активы паевого инвестиционного фонда «Арикапитал – Глобальные инвестиции»»,Закрытый,Сформирован,643-RUB,21928833.66,191.88,27.0,114285.98112
2026-01-30,5906,Закрытый паевой инвестиционный фонд рыночных финансовых инструментов «Заблокированные активы паевого инвестиционного фонда «Первый»,Закрытый,Сформирован,643-RUB,0.0,0.0,48.0,7770.60866
2026-02-27,5906,Закрытый паевой инвестиционный фонд рыночных финансовых инструментов «Заблокированные активы паевого инвестиционного фонда «Первый»,Закрытый,Сформирован,643-RUB,0.0,0.0,48.0,7770.60866
2026-03-31,5906,Закрытый паевой инвестиционный фонд рыночных финансовых инструментов «Заблокированные активы паевого инвестиционного фонда «Первый»,Закрытый,Сформирован,643-RUB,0.0,0.0,48.0,7770.60866
2026-04-30,5906,Закрытый паевой инвестиционный фонд рыночных финансовых инструментов «Заблокированные активы паевого инвестиционного фонда «Первый»,Закрытый,Сформирован,643-RUB,0.0,0.0,48.0,7770.60866
2026-05-29,5906,Закрытый паевой инвестиционный фонд рыночных финансовых инструментов «Заблокированные активы паевого инвестиционного фонда «Первый»,Закрытый,Сформирован,643-RUB,0.0,0.0,48.0,7770.60866
2026-06-30,5906,Закрытый паевой инвестиционный фонд рыночных финансовых инструментов «Заблокированные активы паевого инвестиционного фонда «Первый»,Закрытый,Сформирован,643-RUB,0.0,0.0,48.0,7770.60866
2026-07-31,5906,Закрытый паевой инвестиционный фонд рыночных финансовых инструментов «Заблокированные активы паевого инвестиционного фонда «Первый»,Закрытый,Сформирован,643-RUB,0.0,0.0,48.0,7770.60866
2026-01-30,5919,Закрытый паевой инвестиционный фонд рыночных финансовых инструментов «Заблокированные активы паевого инвестиционного фонда «МКБ Мультивалютный доход»,Закрытый,Сформирован,643-RUB,2703142.72,741.77,822.0,3644.1627
2026-02-27,5919,Закрытый паевой инвестиционный фонд рыночных финансовых инструментов «Заблокированные активы паевого инвестиционного фонда «МКБ Мультивалютный доход»,Закрытый,Сформирован,643-RUB,2697045.89,740.1,822.0,3644.1627
2026-03-31,5919,Закрытый паевой инвестиционный фонд рыночных финансовых инструментов «Заблокированные активы паевого инвестиционного фонда «МКБ Мультивалютный доход»,Закрытый,Сформирован,643-RUB,2691205.19,738.5,822.0,3644.1627
2026-04-30,5919,Закрытый паевой инвестиционный фонд рыночных финансовых инструментов «Заблокированные активы паевого инвестиционного фонда «МКБ Мультивалютный доход»,Закрытый,Сформирован,643-RUB,2685018.28,736.8,822.0,3644.1627
2026-05-29,5919,Закрытый паевой инвестиционный фонд рыночных финансовых инструментов «Заблокированные активы паевого инвестиционного фонда «МКБ Мультивалютный доход»,Закрытый,Сформирован,643-RUB,2679016.24,735.15,822.0,3644.1627
2026-06-30,5919,Закрытый паевой инвестиционный фонд рыночных финансовых инструментов «Заблокированные активы паевого инвестиционного фонда «МКБ Мультивалютный доход»,Закрытый,Сформирован,643-RUB,2674890.61,734.02,822.0,3644.1627
2026-07-31,5919,Закрытый паевой инвестиционный фонд рыночных финансовых инструментов «Заблокированные активы паевого инвестиционного фонда «МКБ Мультивалютный доход»,Закрытый,Сформирован,643-RUB,2670825.17,732.91,824.0,3644.1627
2026-01-30,5923,Закрытый паевой инвестиционный фонд рыночных финансовых инструментов «Глобальные инновации (заблокированные активы)»,Закрытый,Сформирован,643-RUB,59671034.12,64.81,2796.0,920731.5581
2026-02-27,5923,Закрытый паевой инвестиционный фонд рыночных финансовых инструментов «Глобальные инновации (заблокированные активы)»,Закрытый,Сформирован,643-RUB,60348005.68,65.54,2796.0,920731.5581
2026-03-31,5923,Закрытый паевой инвестиционный фонд рыночных финансовых инструментов «Глобальные инновации (заблокированные активы)»,Закрытый,Сформирован,643-RUB,63436417.84,68.9,2810.0,920731.5581000008
2026-04-30,5923,Закрытый паевой инвестиционный фонд рыночных финансовых инструментов «Глобальные инновации (заблокированные активы)»,Закрытый,Сформирован,643-RUB,58625052.58,63.67,2810.0,920731.5581000006
2026-05-29,5923,Закрытый паевой инвестиционный фонд рыночных финансовых инструментов «Глобальные инновации (заблокированные активы)»,Закрытый,Сформирован,643-RUB,73779137.47,80.13,2810.0,920731.5581
2026-06-30,5923,Закрытый паевой инвестиционный фонд рыночных финансовых инструментов «Глобальные инновации (заблокированные активы)»,Закрытый,Сформирован,643-RUB,87237768.29,94.75,2810.0,920731.5581000008
2026-07-31,5923,Закрытый паевой инвестиционный фонд рыночных финансовых инструментов «Глобальные инновации (заблокированные активы)»,Закрытый,Сформирован,643-RUB,87158236.98,94.66,2809.0,920731.5581
2026-01-30,5930,Закрытый паевой инвестиционный фонд рыночных финансовых инструментов «Акции роста (заблокированные активы)»,Закрытый,Сформирован,643-RUB,102936727.93,42.25,30319.0,2436164.4000500003
2026-02-27,5930,Закрытый паевой инвестиционный фонд рыночных финансовых инструментов «Акции роста (заблокированные активы)»,Закрытый,Сформирован,643-RUB,105154108.92,43.16,30319.0,2436164.4000500003
2026-03-31,5930,Закрытый паевой инвестиционный фонд рыночных финансовых инструментов «Акции роста (заблокированные активы)»,Закрытый,Сформирован,643-RUB,109675051.26,45.02,30329.0,2434429.58343
2026-04-30,5930,Закрытый паевой инвестиционный фонд рыночных финансовых инструментов «Акции роста (заблокированные активы)»,Закрытый,Сформирован,643-RUB,102884986.76,42.23,30328.0,2434429.58343
2026-05-29,5930,Закрытый паевой инвестиционный фонд рыночных финансовых инструментов «Акции роста (заблокированные активы)»,Закрытый,Сформирован,643-RUB,114921440.59,47.17,30329.0,2434429.583430001
2026-06-30,5930,Закрытый паевой инвестиционный фонд рыночных финансовых инструментов «Акции роста (заблокированные активы)»,Закрытый,Сформирован,643-RUB,146924546.73,60.31,30329.0,2434429.583430001
2026-07-31,5930,Закрытый паевой инвестиционный фонд рыночных финансовых инструментов «Акции роста (заблокированные активы)»,Закрытый,Сформирован,643-RUB,146783691.84,60.25,30328.0,2434429.58343
2026-01-30,5931,Закрытый паевой инвестиционный фонд рыночных финансовых инструментов «БКС Перспектива (заблокированные активы)»,Закрытый,Сформирован,643-RUB,37024033.72,13.84,12307.0,2674287.51721
2026-02-27,5931,Закрытый паевой инвестиционный фонд рыночных финансовых инструментов «БКС Перспектива (заблокированные активы)»,Закрытый,Сформирован,643-RUB,37394283.25,13.98,12307.0,2674287.51721
2026-03-31,5931,Закрытый паевой инвестиционный фонд рыночных финансовых инструментов «БКС Перспектива (заблокированные активы)»,Закрытый,Сформирован,643-RUB,38635760.87,14.45,12403.0,2674287.517210001
2026-04-30,5931,Закрытый паевой инвестиционный фонд рыночных финансовых инструментов «БКС Перспектива (заблокированные активы)»,Закрытый,Сформирован,643-RUB,29823178.23,13.39,12402.0,2227146.64263
2026-05-29,5931,Закрытый паевой инвестиционный фонд рыночных финансовых инструментов «БКС Перспектива (заблокированные активы)»,Закрытый,Сформирован,643-RUB,29298416.78,13.16,12402.0,2227146.64263
2026-06-30,5931,Закрытый паевой инвестиционный фонд рыночных финансовых инструментов «БКС Перспектива (заблокированные активы)»,Закрытый,Сформирован,643-RUB,32619294.69,14.65,12402.0,2227146.642629999
2026-07-31,5931,Закрытый паевой инвестиционный фонд рыночных финансовых инструментов «БКС Перспектива (заблокированные активы)»,Закрытый,Сформирован,643-RUB,32639403.93,14.66,12402.0,2227146.64263
2026-01-30,5932,Закрытый паевой инвестиционный фонд рыночных финансовых инструментов «Заблокированные активы паевого инвестиционного фонда «Атон - Фонд международных рынков»»,Закрытый,Сформирован,643-RUB,94051557.66,171.91,1333.0,547082.2744
2026-02-27,5932,Закрытый паевой инвестиционный фонд рыночных финансовых инструментов «Заблокированные активы паевого инвестиционного фонда «Атон - Фонд международных рынков»»,Закрытый,Сформирован,643-RUB,97925096.74,179.0,1333.0,547082.2743999999
2026-03-31,5932,Закрытый паевой инвестиционный фонд рыночных финансовых инструментов «Заблокированные активы паевого инвестиционного фонда «Атон - Фонд международных рынков»»,Закрытый,Сформирован,643-RUB,97774819.68,178.72,1333.0,547082.2743999999
2026-04-30,5932,Закрытый паевой инвестиционный фонд рыночных финансовых инструментов «Заблокированные активы паевого инвестиционного фонда «Атон - Фонд международных рынков»»,Закрытый,Сформирован,643-RUB,90319752.87,165.09,1333.0,547082.2743999999
2026-05-29,5932,Закрытый паевой инвестиционный фонд рыночных финансовых инструментов «Заблокированные активы паевого инвестиционного фонда «Атон - Фонд международных рынков»»,Закрытый,Сформирован,643-RUB,112347068.15,205.36,1333.0,547082.2744
2026-06-30,5932,Закрытый паевой инвестиционный фонд рыночных финансовых инструментов «Заблокированные активы паевого инвестиционного фонда «Атон - Фонд международных рынков»»,Закрытый,Сформирован,643-RUB,118025354.1,215.74,1333.0,547082.2743999998
2026-07-31,5932,Закрытый паевой инвестиционный фонд рыночных финансовых инструментов «Заблокированные активы паевого инвестиционного фонда «Атон - Фонд международных рынков»»,Закрытый,Сформирован,643-RUB,107788776.88,219.89,1333.0,490185.71773
2026-01-30,5934,Закрытый паевой инвестиционный фонд рыночных финансовых инструментов «XXII век (заблокированные активы)»,Закрытый,Сформирован,643-RUB,15779929.63,16.15,8295.0,976835.41855
2026-02-27,5934,Закрытый паевой инвестиционный фонд рыночных финансовых инструментов «XXII век (заблокированные активы)»,Закрытый,Сформирован,643-RUB,15950350.74,16.33,8295.0,976835.41855
2026-03-31,5934,Закрытый паевой инвестиционный фонд рыночных финансовых инструментов «XXII век (заблокированные активы)»,Закрытый,Сформирован,643-RUB,16625460.17,17.02,8309.0,976835.41855
2026-04-30,5934,Закрытый паевой инвестиционный фонд рыночных финансовых инструментов «XXII век (заблокированные активы)»,Закрытый,Сформирован,643-RUB,13629726.48,15.77,8309.0,864401.6626800004
2026-05-29,5934,Закрытый паевой инвестиционный фонд рыночных финансовых инструментов «XXII век (заблокированные активы)»,Закрытый,Сформирован,643-RUB,17477867.69,20.22,8309.0,864401.6626799997
2026-06-30,5934,Закрытый паевой инвестиционный фонд рыночных финансовых инструментов «XXII век (заблокированные активы)»,Закрытый,Сформирован,643-RUB,24832022.19,28.73,8309.0,864401.66268
2026-07-31,5934,Закрытый паевой инвестиционный фонд рыночных финансовых инструментов «XXII век (заблокированные активы)»,Закрытый,Сформирован,643-RUB,24846355.49,28.74,8310.0,864401.66268
2026-01-30,5935,Закрытый паевой инвестиционный фонд рыночных финансовых инструментов «Глобальный рынок облигаций (заблокированные активы)»,Закрытый,Сформирован,643-RUB,3486560.8,6.39,805.0,545582.51193
2026-02-27,5935,Закрытый паевой инвестиционный фонд рыночных финансовых инструментов «Глобальный рынок облигаций (заблокированные активы)»,Закрытый,Сформирован,643-RUB,2548584.77,4.67,805.0,545582.51193
2026-03-31,5935,Закрытый паевой инвестиционный фонд рыночных финансовых инструментов «Глобальный рынок облигаций (заблокированные активы)»,Закрытый,Сформирован,643-RUB,2643216.09,4.84,805.0,545582.5119299999
2026-04-30,5935,Закрытый паевой инвестиционный фонд рыночных финансовых инструментов «Глобальный рынок облигаций (заблокированные активы)»,Закрытый,Сформирован,643-RUB,1890170.94,4.5,805.0,420480.44193
2026-05-29,5935,Закрытый паевой инвестиционный фонд рыночных финансовых инструментов «Глобальный рынок облигаций (заблокированные активы)»,Закрытый,Сформирован,643-RUB,1798653.4,4.28,805.0,420480.4419300001
2026-06-30,5935,Закрытый паевой инвестиционный фонд рыночных финансовых инструментов «Глобальный рынок облигаций (заблокированные активы)»,Закрытый,Сформирован,643-RUB,1999885.58,4.76,805.0,420480.44193
2026-07-31,5935,Закрытый паевой инвестиционный фонд рыночных финансовых инструментов «Глобальный рынок облигаций (заблокированные активы)»,Закрытый,Сформирован,643-RUB,2000931.11,4.76,805.0,420480.44193
2026-01-30,5936,Биржевой паевой инвестиционный фонд рыночных финансовых инструментов «АТОН – Накопительный в рублях»,Биржевой,Сформирован,643-RUB,53318816778.5,143.4914,15095.0,371582041.87228
2026-02-27,5936,Биржевой паевой инвестиционный фонд рыночных финансовых инструментов «АТОН – Накопительный в рублях»,Биржевой,Сформирован,643-RUB,55264184897.47,145.1598,15460.0,380712654.77686
2026-03-31,5936,Биржевой паевой инвестиционный фонд рыночных финансовых инструментов «АТОН – Накопительный в рублях»,Биржевой,Сформирован,643-RUB,55979005172.24,147.0374,15620.0,380712654.77686
2026-04-30,5936,Биржевой паевой инвестиционный фонд рыночных финансовых инструментов «АТОН – Накопительный в рублях»,Биржевой,Сформирован,643-RUB,56639227824.36,148.7716,15862.0,380712654.77686
2026-05-29,5936,Биржевой паевой инвестиционный фонд рыночных финансовых инструментов «АТОН – Накопительный в рублях»,Биржевой,Сформирован,643-RUB,57264849664.41,150.4149,16065.0,380712654.77686
2026-06-30,5936,Биржевой паевой инвестиционный фонд рыночных финансовых инструментов «АТОН – Накопительный в рублях»,Биржевой,Сформирован,643-RUB,57957942480.22,152.2354,16126.0,380712654.77686
2026-07-31,5936,Биржевой паевой инвестиционный фонд рыночных финансовых инструментов «АТОН – Накопительный в рублях»,Биржевой,Сформирован,643-RUB,58655606102.55,154.0679,16305.0,380712654.77686
2026-01-30,5937,Закрытый паевой инвестиционный фонд рыночных финансовых инструментов «Заблокированные активы паевого инвестиционного фонда «Атон - Фонд высоких технологий»»,Закрытый,Сформирован,643-RUB,71469452.3,118.02,1106.0,605579.1596399999
2026-02-27,5937,Закрытый паевой инвестиционный фонд рыночных финансовых инструментов «Заблокированные активы паевого инвестиционного фонда «Атон - Фонд высоких технологий»»,Закрытый,Сформирован,643-RUB,64904286.82,107.18,1106.0,605579.1596399999
2026-03-31,5937,Закрытый паевой инвестиционный фонд рыночных финансовых инструментов «Заблокированные активы паевого инвестиционного фонда «Атон - Фонд высоких технологий»»,Закрытый,Сформирован,643-RUB,63399988.99,104.69,1106.0,605579.15964
2026-04-30,5937,Закрытый паевой инвестиционный фонд рыночных финансовых инструментов «Заблокированные активы паевого инвестиционного фонда «Атон - Фонд высоких технологий»»,Закрытый,Сформирован,643-RUB,71956523.82,118.82,1106.0,605579.15964
2026-05-29,5937,Закрытый паевой инвестиционный фонд рыночных финансовых инструментов «Заблокированные активы паевого инвестиционного фонда «Атон - Фонд высоких технологий»»,Закрытый,Сформирован,643-RUB,85306480.46,140.87,1106.0,605579.1596400002
2026-06-30,5937,Закрытый паевой инвестиционный фонд рыночных финансовых инструментов «Заблокированные активы паевого инвестиционного фонда «Атон - Фонд высоких технологий»»,Закрытый,Сформирован,643-RUB,97358409.05,160.77,1106.0,605579.15964
2026-07-31,5937,Закрытый паевой инвестиционный фонд рыночных финансовых инструментов «Заблокированные активы паевого инвестиционного фонда «Атон - Фонд высоких технологий»»,Закрытый,Сформирован,643-RUB,89296129.48,147.46,1106.0,605579.15964
2026-01-30,5947,Закрытый паевой инвестиционный фонд рыночных финансовых инструментов «Заблокированные активы паевого инвестиционного фонда «ТКБ Инвестмент Партнерс – Фонд валютных облигаций»»,Закрытый,Сформирован,643-RUB,14147421.11,9572.84,381.0,1477.8713810000002
2026-02-27,5947,Закрытый паевой инвестиционный фонд рыночных финансовых инструментов «Заблокированные активы паевого инвестиционного фонда «ТКБ Инвестмент Партнерс – Фонд валютных облигаций»»,Закрытый,Сформирован,643-RUB,14472146.55,9792.56,,
2026-03-31,5947,Закрытый паевой инвестиционный фонд рыночных финансовых инструментов «Заблокированные активы паевого инвестиционного фонда «ТКБ Инвестмент Партнерс – Фонд валютных облигаций»»,Закрытый,Сформирован,643-RUB,14836148.78,10038.86,381.0,1477.871381
2026-04-30,5947,Закрытый паевой инвестиционный фонд рыночных финансовых инструментов «Заблокированные активы паевого инвестиционного фонда «ТКБ Инвестмент Партнерс – Фонд валютных облигаций»»,Закрытый,Сформирован,643-RUB,15048957.37,10182.86,381.0,1477.8713809999997
2026-05-29,5947,Закрытый паевой инвестиционный фонд рыночных финансовых инструментов «Заблокированные активы паевого инвестиционного фонда «ТКБ Инвестмент Партнерс – Фонд валютных облигаций»»,Закрытый,Сформирован,643-RUB,15140078.55,10244.52,381.0,1477.8713809999997
2026-06-30,5947,Закрытый паевой инвестиционный фонд рыночных финансовых инструментов «Заблокированные активы паевого инвестиционного фонда «ТКБ Инвестмент Партнерс – Фонд валютных облигаций»»,Закрытый,Сформирован,643-RUB,15078659.75,10202.96,381.0,1477.871381
2026-07-31,5947,Закрытый паевой инвестиционный фонд рыночных финансовых инструментов «Заблокированные активы паевого инвестиционного фонда «ТКБ Инвестмент Партнерс – Фонд валютных облигаций»»,Закрытый,Сформирован,643-RUB,15125076.54,10234.37,381.0,1477.871381
2026-01-30,5948,Закрытый паевой инвестиционный фонд недвижимости «Альфа-Капитал Самолет Жилая недвижимость»,Закрытый,Сформирован,643-RUB,367865241.03,364153.61,197.0,1010.19248
2026-02-27,5948,Закрытый паевой инвестиционный фонд недвижимости «Альфа-Капитал Самолет Жилая недвижимость»,Закрытый,Сформирован,643-RUB,367527527.05,363819.31,197.0,1010.19248
2026-03-31,5948,Закрытый паевой инвестиционный фонд недвижимости «Альфа-Капитал СЖН»,Закрытый,Сформирован,643-RUB,338748506.52,335330.66,198.0,1016.97933
2026-04-30,5948,Закрытый паевой инвестиционный фонд недвижимости «Альфа-Капитал СЖН»,Закрытый,Сформирован,643-RUB,338329896.84,334916.27,197.0,1010.19248
2026-05-29,5948,Закрытый паевой инвестиционный фонд недвижимости «Альфа-Капитал СЖН»,Закрытый,Сформирован,643-RUB,337984639.53,334574.5,197.0,1010.19248
2026-06-30,5948,Закрытый паевой инвестиционный фонд недвижимости «Альфа-Капитал СЖН»,Закрытый,Сформирован,643-RUB,337603310.52,334197.01,197.0,1010.19248
2026-07-31,5948,Закрытый паевой инвестиционный фонд недвижимости «Альфа-Капитал СЖН»,Закрытый,Сформирован,643-RUB,337157005.04,333755.21,197.0,1010.19248
2026-01-30,5949,Закрытый паевой инвестиционный фонд рыночных финансовых инструментов «Заблокированные активы паевого инвестиционного фонда «ТКБ Инвестмент Партнерс – Фонд акций глобальный»»,Закрытый,Сформирован,643-RUB,3892417.06,321.02,1145.0,12125.277240000009
2026-02-27,5949,Закрытый паевой инвестиционный фонд рыночных финансовых инструментов «Заблокированные активы паевого инвестиционного фонда «ТКБ Инвестмент Партнерс – Фонд акций глобальный»»,Закрытый,Сформирован,643-RUB,4009877.06,330.7,1145.0,12125.277240000009
2026-03-31,5949,Закрытый паевой инвестиционный фонд рыночных финансовых инструментов «Заблокированные активы паевого инвестиционного фонда «ТКБ Инвестмент Партнерс – Фонд акций глобальный»»,Закрытый,Сформирован,643-RUB,4157235.83,342.86,1145.0,12125.277240000005
2026-04-30,5949,Закрытый паевой инвестиционный фонд рыночных финансовых инструментов «Заблокированные активы паевого инвестиционного фонда «ТКБ Инвестмент Партнерс – Фонд акций глобальный»»,Закрытый,Сформирован,643-RUB,4223482.39,348.32,1145.0,12125.27724
2026-05-29,5949,Закрытый паевой инвестиционный фонд рыночных финансовых инструментов «Заблокированные активы паевого инвестиционного фонда «ТКБ Инвестмент Партнерс – Фонд акций глобальный»»,Закрытый,Сформирован,643-RUB,4262717.29,351.56,1145.0,12125.277239999998
2026-06-30,5949,Закрытый паевой инвестиционный фонд рыночных финансовых инструментов «Заблокированные активы паевого инвестиционного фонда «ТКБ Инвестмент Партнерс – Фонд акций глобальный»»,Закрытый,Сформирован,643-RUB,4440666.85,366.23,1145.0,12125.277239999998
2026-07-31,5949,Закрытый паевой инвестиционный фонд рыночных финансовых инструментов «Заблокированные активы паевого инвестиционного фонда «ТКБ Инвестмент Партнерс – Фонд акций глобальный»»,Закрытый,Сформирован,643-RUB,4319240.33,356.22,1145.0,12125.27724
2026-01-30,5954,Закрытый паевой инвестиционный фонд рыночных финансовых инструментов «Заблокированные активы паевого инвестиционного фонда «Солид - Глобус»»,Закрытый,Сформирован,643-RUB,12961.55,13.48,110.0,961.80766
2026-02-27,5954,Закрытый паевой инвестиционный фонд рыночных финансовых инструментов «Заблокированные активы паевого инвестиционного фонда «Солид - Глобус»»,Закрытый,Сформирован,643-RUB,12961.55,13.48,110.0,961.80766
2026-03-31,5954,Закрытый паевой инвестиционный фонд рыночных финансовых инструментов «Заблокированные активы паевого инвестиционного фонда «Солид - Глобус»»,Закрытый,Сформирован,643-RUB,12961.55,13.48,109.0,961.80766
2026-04-30,5954,Закрытый паевой инвестиционный фонд рыночных финансовых инструментов «Заблокированные активы паевого инвестиционного фонда «Солид - Глобус»»,Закрытый,Сформирован,643-RUB,12961.55,13.48,118.0,961.8076600000004
2026-05-29,5954,Закрытый паевой инвестиционный фонд рыночных финансовых инструментов «Заблокированные активы паевого инвестиционного фонда «Солид - Глобус»»,Закрытый,Сформирован,643-RUB,12961.55,13.48,118.0,961.8076600000002
2026-06-30,5954,Закрытый паевой инвестиционный фонд рыночных финансовых инструментов «Заблокированные активы паевого инвестиционного фонда «Солид - Глобус»»,Закрытый,Сформирован,643-RUB,12961.55,13.48,110.0,961.8076600000002
2026-07-31,5954,Закрытый паевой инвестиционный фонд рыночных финансовых инструментов «Заблокированные активы паевого инвестиционного фонда «Солид - Глобус»»,Закрытый,Сформирован,643-RUB,12961.55,13.48,110.0,961.80766
2026-01-30,5955,Биржевой паевой инвестиционный фонд рыночных финансовых инструментов «Альфа-Капитал Умный портфель»,Биржевой,Сформирован,643-RUB,367807772.49,13.41815,103167.0,27411215.43351
2026-02-27,5955,Биржевой паевой инвестиционный фонд рыночных финансовых инструментов «Альфа-Капитал Умный портфель»,Биржевой,Сформирован,643-RUB,400910530.46,13.62411,102621.0,29426557.23241
2026-03-31,5955,Биржевой паевой инвестиционный фонд рыночных финансовых инструментов «Альфа-Капитал Умный портфель»,Биржевой,Сформирован,643-RUB,387892816.23,13.11543,100822.0,29575303.22928
2026-04-30,5955,Биржевой паевой инвестиционный фонд рыночных финансовых инструментов «Альфа-Капитал Умный портфель»,Биржевой,Сформирован,643-RUB,376681145.9,12.73634,99891.0,29575303.22928
2026-05-29,5955,Биржевой паевой инвестиционный фонд рыночных финансовых инструментов «Альфа-Капитал Умный портфель»,Биржевой,Сформирован,643-RUB,375000360.48,12.67951,98667.0,29575303.22928
2026-06-30,5955,Биржевой паевой инвестиционный фонд рыночных финансовых инструментов «Альфа-Капитал Умный портфель»,Биржевой,Сформирован,643-RUB,354136809.54,11.97407,97037.0,29575303.22928
2026-07-31,5955,Биржевой паевой инвестиционный фонд рыночных финансовых инструментов «Альфа-Капитал Умный портфель»,Биржевой,Сформирован,643-RUB,293942758.46,11.88636,95857.0,24729416.0
2026-01-30,5972,Биржевой паевой инвестиционный фонд рыночных финансовых инструментов «Первая – Фонд Облигации с переменным купоном»,Биржевой,Сформирован,643-RUB,6555224449.67,14.1164,39164.0,464368948.0
2026-02-27,5972,Биржевой паевой инвестиционный фонд рыночных финансовых инструментов «Первая – Фонд Облигации с переменным купоном»,Биржевой,Сформирован,643-RUB,17095319019.83,14.282,43506.0,1196985576.0
2026-03-31,5972,Биржевой паевой инвестиционный фонд рыночных финансовых инструментов «Первая – Фонд Облигации с переменным купоном»,Биржевой,Сформирован,643-RUB,33833709101.37,14.5129,48703.0,2331289148.0
2026-04-30,5972,Биржевой паевой инвестиционный фонд рыночных финансовых инструментов «Первая – Фонд Облигации с переменным купоном»,Биржевой,Сформирован,643-RUB,55865425034.73,14.693,54755.0,3802170524.0
2026-05-29,5972,Биржевой паевой инвестиционный фонд рыночных финансовых инструментов «Первая – Фонд Облигации с переменным купоном»,Биржевой,Сформирован,643-RUB,70192418135.44,14.8855,58527.0,4715491424.0
2026-06-30,5972,Биржевой паевой инвестиционный фонд рыночных финансовых инструментов «Первая – Фонд Облигации с переменным купоном»,Биржевой,Сформирован,643-RUB,95712286382.36,15.0628,66691.0,6354224225.0
2026-07-31,5972,Биржевой паевой инвестиционный фонд рыночных финансовых инструментов «Первая – Фонд Облигации с переменным купоном»,Биржевой,Сформирован,643-RUB,87571223479.67,15.2172,70770.0,5754760959.0
2026-01-30,5982,Открытый паевой инвестиционный фонд рыночных финансовых инструментов «ДОХОДЪ. Будущее 2035»,Открытый,Сформирован,643-RUB,11177790.13,976.79,55.0,11443.35194
2026-02-27,5982,Открытый паевой инвестиционный фонд рыночных финансовых инструментов «ДОХОДЪ. Будущее 2035»,Открытый,Сформирован,643-RUB,11383518.73,985.13,58.0,11555.3125
2026-03-31,5982,Открытый паевой инвестиционный фонд рыночных финансовых инструментов «ДОХОДЪ. Будущее 2035»,Открытый,Сформирован,643-RUB,11306224.97,972.29,58.0,11628.465079999998
2026-04-30,5982,Открытый паевой инвестиционный фонд рыночных финансовых инструментов «ДОХОДЪ. Будущее 2035»,Открытый,Сформирован,643-RUB,10961465.45,935.45,62.0,11717.85039
2026-05-29,5982,Открытый паевой инвестиционный фонд рыночных финансовых инструментов «ДОХОДЪ. Будущее 2035»,Открытый,Сформирован,643-RUB,10807755.3,914.22,64.0,11821.87548
2026-06-30,5982,Открытый паевой инвестиционный фонд рыночных финансовых инструментов «ДОХОДЪ. Будущее 2035»,Открытый,Сформирован,643-RUB,10040386.11,840.58,67.0,11944.65646
2026-07-31,5982,Открытый паевой инвестиционный фонд рыночных финансовых инструментов «ДОХОДЪ. Будущее 2035»,Открытый,Сформирован,643-RUB,10289106.55,853.95,68.0,12048.84582
2026-01-30,5983,Открытый паевой инвестиционный фонд рыночных финансовых инструментов «ДОХОДЪ. Будущее 2045»,Открытый,Сформирован,643-RUB,10327911.21,975.69,28.0,10585.26186
2026-02-27,5983,Открытый паевой инвестиционный фонд рыночных финансовых инструментов «ДОХОДЪ. Будущее 2045»,Открытый,Сформирован,643-RUB,10459064.0,984.05,28.0,10628.56163
2026-03-31,5983,Открытый паевой инвестиционный фонд рыночных финансовых инструментов «ДОХОДЪ. Будущее 2045»,Открытый,Сформирован,643-RUB,10352555.36,971.19,31.0,10659.63943
2026-04-30,5983,Открытый паевой инвестиционный фонд рыночных финансовых инструментов «ДОХОДЪ. Будущее 2045»,Открытый,Сформирован,643-RUB,10011107.53,934.59,31.0,10711.78308
2026-05-29,5983,Открытый паевой инвестиционный фонд рыночных финансовых инструментов «ДОХОДЪ. Будущее 2045»,Открытый,Сформирован,643-RUB,9815914.22,913.59,31.0,10744.35868
2026-06-30,5983,Открытый паевой инвестиционный фонд рыночных финансовых инструментов «ДОХОДЪ. Будущее 2045»,Открытый,Сформирован,643-RUB,9087147.16,840.48,34.0,10811.82201
2026-07-31,5983,Открытый паевой инвестиционный фонд рыночных финансовых инструментов «ДОХОДЪ. Будущее 2045»,Открытый,Сформирован,643-RUB,9252844.19,853.95,33.0,10835.38101
2026-01-30,5984,Открытый паевой инвестиционный фонд рыночных финансовых инструментов «ДОХОДЪ. Будущее 2040»,Открытый,Сформирован,643-RUB,11669885.84,976.33,49.0,11952.79912
2026-02-27,5984,Открытый паевой инвестиционный фонд рыночных финансовых инструментов «ДОХОДЪ. Будущее 2040»,Открытый,Сформирован,643-RUB,11868094.12,984.57,51.0,12054.07508
2026-03-31,5984,Открытый паевой инвестиционный фонд рыночных финансовых инструментов «ДОХОДЪ. Будущее 2040»,Открытый,Сформирован,643-RUB,11811376.94,972.08,51.0,12150.66259
2026-04-30,5984,Открытый паевой инвестиционный фонд рыночных финансовых инструментов «ДОХОДЪ. Будущее 2040»,Открытый,Сформирован,643-RUB,11475017.66,934.88,55.0,12274.363510000005
2026-05-29,5984,Открытый паевой инвестиционный фонд рыночных финансовых инструментов «ДОХОДЪ. Будущее 2040»,Открытый,Сформирован,643-RUB,11294326.91,913.67,55.0,12361.55974
2026-06-30,5984,Открытый паевой инвестиционный фонд рыночных финансовых инструментов «ДОХОДЪ. Будущее 2040»,Открытый,Сформирован,643-RUB,10642531.78,840.38,59.0,12663.955480000002
2026-07-31,5984,Открытый паевой инвестиционный фонд рыночных финансовых инструментов «ДОХОДЪ. Будущее 2040»,Открытый,Сформирован,643-RUB,10870286.82,854.16,61.0,12726.28677
2026-01-30,5985,Открытый паевой инвестиционный фонд рыночных финансовых инструментов «ДОХОДЪ. Будущее 2030»,Открытый,Сформирован,643-RUB,11550609.08,1035.56,48.0,11153.92428
2026-02-27,5985,Открытый паевой инвестиционный фонд рыночных финансовых инструментов «ДОХОДЪ. Будущее 2030»,Открытый,Сформирован,643-RUB,11702132.37,1046.25,48.0,11184.85136
2026-03-31,5985,Открытый паевой инвестиционный фонд рыночных финансовых инструментов «ДОХОДЪ. Будущее 2030»,Открытый,Сформирован,643-RUB,11775834.96,1043.0,48.0,11290.35895
2026-04-30,5985,Открытый паевой инвестиционный фонд рыночных финансовых инструментов «ДОХОДЪ. Будущее 2030»,Открытый,Сформирован,643-RUB,11536272.93,1011.0,51.0,11410.73879
2026-05-29,5985,Открытый паевой инвестиционный фонд рыночных финансовых инструментов «ДОХОДЪ. Будущее 2030»,Открытый,Сформирован,643-RUB,11440189.56,995.32,52.0,11493.95971
2026-06-30,5985,Открытый паевой инвестиционный фонд рыночных финансовых инструментов «ДОХОДЪ. Будущее 2030»,Открытый,Сформирован,643-RUB,10896359.93,934.39,56.0,11661.444259999997
2026-07-31,5985,Открытый паевой инвестиционный фонд рыночных финансовых инструментов «ДОХОДЪ. Будущее 2030»,Открытый,Сформирован,643-RUB,11265709.38,951.12,57.0,11844.73217
2026-01-30,5989,Открытый паевой инвестиционный фонд рыночных финансовых инструментов «А-Капитал Золото»,Открытый,Сформирован,643-RUB,549228946.46,1824.95,246.0,300956.407329
2026-02-27,5989,Открытый паевой инвестиционный фонд рыночных финансовых инструментов «А-Капитал Золото»,Открытый,Сформирован,643-RUB,576868023.83,1930.02,254.0,298891.609016
2026-03-31,5989,Открытый паевой инвестиционный фонд рыночных финансовых инструментов «А-Капитал Золото»,Открытый,Сформирован,643-RUB,525076236.72,1761.41,261.0,298099.36637
2026-04-30,5989,Открытый паевой инвестиционный фонд рыночных финансовых инструментов «А-Капитал Золото»,Открытый,Сформирован,643-RUB,491461824.74,1635.75,270.0,300450.738308
2026-05-29,5989,Открытый паевой инвестиционный фонд рыночных финансовых инструментов «А-Капитал Золото»,Открытый,Сформирован,643-RUB,463593171.69,1525.52,276.0,303891.557878
2026-06-30,5989,Открытый паевой инвестиционный фонд рыночных финансовых инструментов «А-Капитал Золото»,Открытый,Сформирован,643-RUB,457209065.95,1487.33,280.0,307402.97830499994
2026-07-31,5989,Открытый паевой инвестиционный фонд рыночных финансовых инструментов «А-Капитал Золото»,Открытый,Сформирован,643-RUB,465825532.07,1505.36,282.0,309443.717414
2026-01-30,5991,Открытый паевой инвестиционный фонд рыночных финансовых инструментов «Т-Капитал Компании второго эшелона»,Открытый,Сформирован,643-RUB,1599349237.47,1390.31,2185.0,1150354.94906
2026-02-27,5991,Открытый паевой инвестиционный фонд рыночных финансовых инструментов «Т-Капитал Компании второго эшелона»,Открытый,Сформирован,643-RUB,1618380713.45,1440.99,2190.0,1123101.88917
2026-03-31,5991,Открытый паевой инвестиционный фонд рыночных финансовых инструментов «Т-Капитал Компании второго эшелона»,Открытый,Сформирован,643-RUB,1538592276.84,1383.81,1698.0,958023.7958499996
2026-04-30,5991,Открытый паевой инвестиционный фонд рыночных финансовых инструментов «Т-Капитал Компании второго эшелона»,Открытый,Сформирован,643-RUB,1506453613.6,1369.37,2172.0,1100107.21315
2026-05-29,5991,Открытый паевой инвестиционный фонд рыночных финансовых инструментов «Т-Капитал Компании второго эшелона»,Открытый,Сформирован,643-RUB,1503370762.62,1382.92,2153.0,1188507.3477999996
2026-06-30,5991,Открытый паевой инвестиционный фонд рыночных финансовых инструментов «Т-Капитал Компании второго эшелона»,Открытый,Сформирован,643-RUB,1383355192.17,1290.07,2152.0,1072311.14497
2026-07-31,5991,Открытый паевой инвестиционный фонд рыночных финансовых инструментов «Т-Капитал Компании второго эшелона»,Открытый,Сформирован,643-RUB,1409151159.42,1331.31,2138.0,1058465.85416
2026-01-30,5994,Закрытый паевой инвестиционный фонд рыночных финансовых инструментов «Заблокированные активы паевого инвестиционного фонда «Лидеры технологий»,Закрытый,Сформирован,643-RUB,896.29,0.13,1815.0,7031.614960000001
2026-02-27,5994,Закрытый паевой инвестиционный фонд рыночных финансовых инструментов «Заблокированные активы паевого инвестиционного фонда «Лидеры технологий»,Закрытый,Сформирован,643-RUB,896.29,0.13,1815.0,7031.614959999997
2026-03-31,5994,Закрытый паевой инвестиционный фонд рыночных финансовых инструментов «Заблокированные активы паевого инвестиционного фонда «Лидеры технологий»,Закрытый,Сформирован,643-RUB,896.29,0.13,1816.0,7031.614959999995
2026-04-30,5994,Закрытый паевой инвестиционный фонд рыночных финансовых инструментов «Заблокированные активы паевого инвестиционного фонда «Лидеры технологий»,Закрытый,Сформирован,643-RUB,896.29,0.13,1816.0,7031.614959999996
2026-05-29,5994,Закрытый паевой инвестиционный фонд рыночных финансовых инструментов «Заблокированные активы паевого инвестиционного фонда «Лидеры технологий»,Закрытый,Сформирован,643-RUB,896.29,0.13,1816.0,7031.614959999996
2026-06-30,5994,Закрытый паевой инвестиционный фонд рыночных финансовых инструментов «Заблокированные активы паевого инвестиционного фонда «Лидеры технологий»,Закрытый,Сформирован,643-RUB,896.29,0.13,1816.0,7031.614959999998
2026-07-31,5994,Закрытый паевой инвестиционный фонд рыночных финансовых инструментов «Заблокированные активы паевого инвестиционного фонда «Лидеры технологий»,Закрытый,Сформирован,643-RUB,896.29,0.13,1816.0,7031.61496
2026-01-30,5996,Открытый паевой инвестиционный фонд рыночных финансовых инструментов «А-Капитал Акции»,Открытый,Сформирован,643-RUB,702059640.39,930.56,239.0,754447.4336319999
2026-02-27,5996,Открытый паевой инвестиционный фонд рыночных финансовых инструментов «А-Капитал Акции»,Открытый,Сформирован,643-RUB,722740694.57,935.63,248.0,772467.754897
2026-03-31,5996,Открытый паевой инвестиционный фонд рыночных финансовых инструментов «А-Капитал Акции»,Открытый,Сформирован,643-RUB,718765342.59,912.89,256.0,787353.712495
2026-04-30,5996,Открытый паевой инвестиционный фонд рыночных финансовых инструментов «А-Капитал Акции»,Открытый,Сформирован,643-RUB,684449811.51,863.9,262.0,792274.886076
2026-05-29,5996,Открытый паевой инвестиционный фонд рыночных финансовых инструментов «А-Капитал Акции»,Открытый,Сформирован,643-RUB,661496958.03,832.26,268.0,794823.882984
2026-06-30,5996,Открытый паевой инвестиционный фонд рыночных финансовых инструментов «А-Капитал Акции»,Открытый,Сформирован,643-RUB,608066871.35,745.03,271.0,816166.086792
2026-07-31,5996,Открытый паевой инвестиционный фонд рыночных финансовых инструментов «А-Капитал Акции»,Открытый,Сформирован,643-RUB,591294094.08,706.75,273.0,836633.147105
2026-01-30,6002,Закрытый паевой инвестиционный фонд недвижимости «Альфа коллекция»,Закрытый,Сформирован,643-RUB,3139850292.66,114080.04,1503.0,27523.22152000001
2026-02-27,6002,Закрытый паевой инвестиционный фонд недвижимости «Альфа коллекция»,Закрытый,Сформирован,643-RUB,3174368101.36,115334.18,1503.0,27523.22152000001
2026-03-31,6002,Закрытый паевой инвестиционный фонд недвижимости «Альфа коллекция»,Закрытый,Сформирован,643-RUB,3428815536.69,124579.0,1504.0,27524.36647
2026-04-30,6002,Закрытый паевой инвестиционный фонд недвижимости «Альфа коллекция»,Закрытый,Сформирован,643-RUB,3480674645.87,126463.2,1503.0,27523.22152
2026-05-29,6002,Закрытый паевой инвестиционный фонд недвижимости «Альфа коллекция»,Закрытый,Сформирован,643-RUB,3504351951.17,127323.47,1501.0,27484.221519999992
2026-06-30,6002,Закрытый паевой инвестиционный фонд недвижимости «Альфа коллекция»,Закрытый,Сформирован,643-RUB,3418292058.43,124196.66,1503.0,27484.22152
2026-07-31,6002,Закрытый паевой инвестиционный фонд недвижимости «Альфа коллекция»,Закрытый,Сформирован,643-RUB,3458424893.3,125654.8,1503.0,27484.22152
2026-01-30,6003,Закрытый паевой инвестиционный фонд рыночных финансовых инструментов «Заблокированные активы паевого инвестиционного фонда «Индустрии будущего»,Закрытый,Сформирован,643-RUB,3089582.45,3300.27,137.0,936.1614
2026-02-27,6003,Закрытый паевой инвестиционный фонд рыночных финансовых инструментов «Заблокированные активы паевого инвестиционного фонда «Индустрии будущего»,Закрытый,Сформирован,643-RUB,3089582.45,3300.27,137.0,936.1614
2026-03-31,6003,Закрытый паевой инвестиционный фонд рыночных финансовых инструментов «Заблокированные активы паевого инвестиционного фонда «Индустрии будущего»,Закрытый,Сформирован,643-RUB,3089582.45,3300.27,137.0,936.1614
2026-04-30,6003,Закрытый паевой инвестиционный фонд рыночных финансовых инструментов «Заблокированные активы паевого инвестиционного фонда «Индустрии будущего»,Закрытый,Сформирован,643-RUB,3089582.45,3300.27,137.0,936.1614
2026-05-29,6003,Закрытый паевой инвестиционный фонд рыночных финансовых инструментов «Заблокированные активы паевого инвестиционного фонда «Индустрии будущего»,Закрытый,Сформирован,643-RUB,3089582.45,3300.27,137.0,936.1614
2026-06-30,6003,Закрытый паевой инвестиционный фонд рыночных финансовых инструментов «Заблокированные активы паевого инвестиционного фонда «Индустрии будущего»,Закрытый,Сформирован,643-RUB,3089582.45,3300.27,137.0,936.1613999999998
2026-07-31,6003,Закрытый паевой инвестиционный фонд рыночных финансовых инструментов «Заблокированные активы паевого инвестиционного фонда «Индустрии будущего»,Закрытый,Сформирован,643-RUB,3089582.45,3300.27,137.0,936.1614
2026-01-30,6016,Закрытый паевой инвестиционный фонд недвижимости «Новая Ливадия»,Закрытый,Сформирован,643-RUB,135796930.66,1352.12,94.0,100432.26044
2026-02-27,6016,Закрытый паевой инвестиционный фонд недвижимости «Новая Ливадия»,Закрытый,Сформирован,643-RUB,135610651.14,1350.27,94.0,100432.26044
2026-03-31,6016,Закрытый паевой инвестиционный фонд недвижимости «Новая Ливадия»,Закрытый,Сформирован,643-RUB,135404867.61,1348.22,94.0,100432.26044
2026-04-30,6016,Закрытый паевой инвестиционный фонд недвижимости «Новая Ливадия»,Закрытый,Сформирован,643-RUB,135181134.92,1345.99,94.0,100432.26044
2026-05-29,6016,Закрытый паевой инвестиционный фонд недвижимости «Новая Ливадия»,Закрытый,Сформирован,643-RUB,124984493.2,1244.47,94.0,100432.26044
2026-06-30,6016,Закрытый паевой инвестиционный фонд недвижимости «Новая Ливадия»,Закрытый,Сформирован,643-RUB,124788677.03,1242.52,94.0,100432.26044
2026-07-31,6016,Закрытый паевой инвестиционный фонд недвижимости «Новая Ливадия»,Закрытый,Сформирован,643-RUB,124565366.95,1240.29,94.0,100432.26044
2026-01-30,6022,Открытый паевой инвестиционный фонд рыночных финансовых инструментов «Разумный инвестор»,Открытый,Сформирован,643-RUB,514668244.32,915.8,511.0,561985.6458899999
2026-02-27,6022,Открытый паевой инвестиционный фонд рыночных финансовых инструментов «Разумный инвестор»,Открытый,Сформирован,643-RUB,503584074.46,933.08,490.0,539698.96603
2026-03-31,6022,Открытый паевой инвестиционный фонд рыночных финансовых инструментов «Разумный инвестор»,Открытый,Сформирован,643-RUB,462544333.58,888.28,492.0,520720.3618000001
2026-04-30,6022,Открытый паевой инвестиционный фонд рыночных финансовых инструментов «Разумный инвестор»,Открытый,Сформирован,643-RUB,431491971.58,860.53,476.0,501424.36808
2026-05-29,6022,Открытый паевой инвестиционный фонд рыночных финансовых инструментов «Разумный инвестор»,Открытый,Сформирован,643-RUB,415209012.26,860.78,466.0,482366.37594
2026-06-30,6022,Открытый паевой инвестиционный фонд рыночных финансовых инструментов «Разумный инвестор»,Открытый,Сформирован,643-RUB,335890287.03,801.24,458.0,419214.17357
2026-07-31,6022,Открытый паевой инвестиционный фонд рыночных финансовых инструментов «Разумный инвестор»,Открытый,Сформирован,643-RUB,340055298.45,806.06,465.0,421873.74091
2026-01-30,6079,Биржевой паевой инвестиционный фонд рыночных финансовых инструментов «Первая – Фонд Долгосрочные гособлигации»,Биржевой,Сформирован,643-RUB,3803096784.55,12.1195,32879.0,313800731.0
2026-02-27,6079,Биржевой паевой инвестиционный фонд рыночных финансовых инструментов «Первая – Фонд Долгосрочные гособлигации»,Биржевой,Сформирован,643-RUB,4180286790.94,12.3719,35183.0,337886488.0
2026-03-31,6079,Биржевой паевой инвестиционный фонд рыночных финансовых инструментов «Первая – Фонд Долгосрочные гособлигации»,Биржевой,Сформирован,643-RUB,5189641825.83,12.5291,40598.0,414207756.0
2026-04-30,6079,Биржевой паевой инвестиционный фонд рыночных финансовых инструментов «Первая – Фонд Долгосрочные гособлигации»,Биржевой,Сформирован,643-RUB,5862534517.45,12.6782,42850.0,462412066.0
2026-05-29,6079,Биржевой паевой инвестиционный фонд рыночных финансовых инструментов «Первая – Фонд Долгосрочные гособлигации»,Биржевой,Сформирован,643-RUB,5987861778.7,12.6751,42915.0,472409776.0
2026-06-30,6079,Биржевой паевой инвестиционный фонд рыночных финансовых инструментов «Первая – Фонд Долгосрочные гособлигации»,Биржевой,Сформирован,643-RUB,5630388129.22,12.0988,43011.0,465365775.0
2026-07-31,6079,Биржевой паевой инвестиционный фонд рыночных финансовых инструментов «Первая – Фонд Долгосрочные гособлигации»,Биржевой,Сформирован,643-RUB,5433050147.19,12.4507,45304.0,436365775.0
2026-01-30,6092,Открытый паевой инвестиционный фонд рыночных финансовых инструментов «Флагманский»,Открытый,Сформирован,643-RUB,991854490.92,931.36,838.0,1047325.39196
2026-02-27,6092,Открытый паевой инвестиционный фонд рыночных финансовых инструментов «Флагманский»,Открытый,Сформирован,643-RUB,1007033826.01,939.48,865.0,1071907.9027399998
2026-03-31,6092,Открытый паевой инвестиционный фонд рыночных финансовых инструментов «Флагманский»,Открытый,Сформирован,643-RUB,998319288.53,943.72,849.0,1057857.35738
2026-04-30,6092,Открытый паевой инвестиционный фонд рыночных финансовых инструментов «Флагманский»,Открытый,Сформирован,643-RUB,963034740.87,929.26,836.0,1036341.58879
2026-05-29,6092,Открытый паевой инвестиционный фонд рыночных финансовых инструментов «Флагманский»,Открытый,Сформирован,643-RUB,808889751.49,920.16,816.0,879077.4081499999
2026-06-30,6092,Открытый паевой инвестиционный фонд рыночных финансовых инструментов «Флагманский»,Открытый,Сформирован,643-RUB,727990777.44,872.02,793.0,834833.7674699997
2026-07-31,6092,Открытый паевой инвестиционный фонд рыночных финансовых инструментов «Флагманский»,Открытый,Сформирован,643-RUB,729132195.49,878.69,784.0,829796.90701
2026-01-30,6100,Открытый паевой инвестиционный фонд рыночных финансовых инструментов «Валютные возможности»,Открытый,Сформирован,643-RUB,344284001.58,1038.46,468.0,322208.02756999986
2026-02-27,6100,Открытый паевой инвестиционный фонд рыночных финансовых инструментов «Валютные возможности»,Открытый,Сформирован,643-RUB,346131041.66,1036.27,515.0,334017.30627999984
2026-03-31,6100,Открытый паевой инвестиционный фонд рыночных финансовых инструментов «Валютные возможности»,Открытый,Сформирован,643-RUB,360844104.76,1089.98,510.0,331055.6553400001
2026-04-30,6100,Открытый паевой инвестиционный фонд рыночных финансовых инструментов «Валютные возможности»,Открытый,Сформирован,643-RUB,348178121.78,1045.85,558.0,347501.43477999995
2026-05-29,6100,Открытый паевой инвестиционный фонд рыночных финансовых инструментов «Валютные возможности»,Открытый,Сформирован,643-RUB,339347373.27,1000.53,506.0,339168.5431299998
2026-06-30,6100,Открытый паевой инвестиционный фонд рыночных финансовых инструментов «Валютные возможности»,Открытый,Сформирован,643-RUB,391235369.99,1084.31,501.0,360813.63424
2026-07-31,6100,Открытый паевой инвестиционный фонд рыночных финансовых инструментов «Валютные возможности»,Открытый,Сформирован,643-RUB,384453270.65,1074.96,496.0,357645.36973
2026-01-30,6107,Открытый паевой инвестиционный фонд рыночных финансовых инструментов «Альфа-Капитал Новые имена»,Открытый,Сформирован,643-RUB,388695855.91,800.32,5038.0,485676.4686800001
2026-02-27,6107,Открытый паевой инвестиционный фонд рыночных финансовых инструментов «Альфа-Капитал Новые имена»,Открытый,Сформирован,643-RUB,396396316.71,823.94,4987.0,481097.5684700001
2026-03-31,6107,Открытый паевой инвестиционный фонд рыночных финансовых инструментов «Альфа-Капитал Новые имена»,Открытый,Сформирован,643-RUB,339147427.94,765.71,4882.0,442918.37468
2026-04-30,6107,Открытый паевой инвестиционный фонд рыночных финансовых инструментов «Альфа-Капитал Новые имена»,Открытый,Сформирован,643-RUB,317634559.55,744.78,4777.0,426481.6300200001
2026-05-29,6107,Открытый паевой инвестиционный фонд рыночных финансовых инструментов «Альфа-Капитал Новые имена»,Открытый,Сформирован,643-RUB,313594245.76,754.47,4760.0,415647.71370999946
2026-06-30,6107,Открытый паевой инвестиционный фонд рыночных финансовых инструментов «Альфа-Капитал Новые имена»,Открытый,Сформирован,643-RUB,275785897.93,694.96,4696.0,396838.8598300001
2026-07-31,6107,Открытый паевой инвестиционный фонд рыночных финансовых инструментов «Альфа-Капитал Новые имена»,Открытый,Сформирован,643-RUB,273548081.7,708.01,4611.0,386361.33183
2026-01-30,6126,Биржевой паевой инвестиционный фонд рыночных финансовых инструментов «Т-Капитал Российские Технологии»,Биржевой,Сформирован,643-RUB,375792214.02,5.6137,65792.0,66941507.6213
2026-02-27,6126,Биржевой паевой инвестиционный фонд рыночных финансовых инструментов «Т-Капитал Российские Технологии»,Биржевой,Сформирован,643-RUB,394322679.88,5.8906,64449.0,66941507.6213
2026-03-31,6126,Биржевой паевой инвестиционный фонд рыночных финансовых инструментов «Т-Капитал Российские Технологии»,Биржевой,Сформирован,643-RUB,364327255.29,5.4425,63349.0,66941507.6213
2026-04-30,6126,Биржевой паевой инвестиционный фонд рыночных финансовых инструментов «Т-Капитал Акции роста»,Биржевой,Сформирован,643-RUB,342234450.75,5.1124,62275.0,66941507.6213
2026-05-29,6126,Биржевой паевой инвестиционный фонд рыночных финансовых инструментов «Т-Капитал Акции роста»,Биржевой,Сформирован,643-RUB,334583148.26,4.7758,61543.0,70057872.69308001
2026-06-30,6126,Биржевой паевой инвестиционный фонд рыночных финансовых инструментов «Т-Капитал Акции роста»,Биржевой,Сформирован,643-RUB,309864175.51,4.423,60581.0,70057872.69308001
2026-07-31,6126,Биржевой паевой инвестиционный фонд рыночных финансовых инструментов «Т-Капитал Акции роста»,Биржевой,Сформирован,643-RUB,302665128.97,4.4408,59922.0,68156116.74998
2026-01-30,6170,Биржевой паевой инвестиционный фонд рыночных финансовых инструментов «ПСБ – Денежный рынок»,Биржевой,Сформирован,643-RUB,7497978827.55,13.4395,8965.0,557907116.77496
2026-02-27,6170,Биржевой паевой инвестиционный фонд рыночных финансовых инструментов «ПСБ – Денежный рынок»,Биржевой,Сформирован,643-RUB,8377692000.44,13.5913,9391.0,616400898.21277
2026-03-31,6170,Биржевой паевой инвестиционный фонд рыночных финансовых инструментов «ПСБ – Денежный рынок»,Биржевой,Сформирован,643-RUB,8932255286.87,13.7644,9646.0,648939485.17828
2026-04-30,6170,Биржевой паевой инвестиционный фонд рыночных финансовых инструментов «ПСБ – Денежный рынок»,Биржевой,Сформирован,643-RUB,9303747877.23,13.921,9962.0,668325790.51941
2026-05-29,6170,Биржевой паевой инвестиционный фонд рыночных финансовых инструментов «ПСБ – Денежный рынок»,Биржевой,Сформирован,643-RUB,9054205402.93,14.0714,10217.0,643447790.51941
2026-06-30,6170,Биржевой паевой инвестиционный фонд рыночных финансовых инструментов «ПСБ – Денежный рынок»,Биржевой,Сформирован,643-RUB,9107470934.37,14.2411,10494.0,639520634.53843
2026-07-31,6170,Биржевой паевой инвестиционный фонд рыночных финансовых инструментов «ПСБ – Денежный рынок»,Биржевой,Сформирован,643-RUB,9647532027.32,14.4086,10576.0,669568518.10043
2026-01-30,6183,Открытый паевой инвестиционный фонд рыночных финансовых инструментов «Альфа-Капитал Высокодоходные облигации»,Открытый,Сформирован,643-RUB,7617243826.85,1455.08,4471.0,5234942.44459
2026-02-27,6183,Открытый паевой инвестиционный фонд рыночных финансовых инструментов «Альфа-Капитал Высокодоходные облигации»,Открытый,Сформирован,643-RUB,9096221822.4,1471.47,5083.0,6181730.489590002
2026-03-31,6183,Открытый паевой инвестиционный фонд рыночных финансовых инструментов «Альфа-Капитал Высокодоходные облигации»,Открытый,Сформирован,643-RUB,10729379148.52,1504.44,5777.0,7131815.890280003
2026-04-30,6183,Открытый паевой инвестиционный фонд рыночных финансовых инструментов «Альфа-Капитал Высокодоходные облигации»,Открытый,Сформирован,643-RUB,13323049992.52,1527.32,6658.0,8723163.64547
2026-05-29,6183,Открытый паевой инвестиционный фонд рыночных финансовых инструментов «Альфа-Капитал Высокодоходные облигации»,Открытый,Сформирован,643-RUB,15040290621.74,1545.51,7278.0,9731627.89678
2026-06-30,6183,Открытый паевой инвестиционный фонд рыночных финансовых инструментов «Альфа-Капитал Высокодоходные облигации»,Открытый,Сформирован,643-RUB,16011901164.02,1559.44,7743.0,10267723.346529998
2026-07-31,6183,Открытый паевой инвестиционный фонд рыночных финансовых инструментов «Альфа-Капитал Высокодоходные облигации»,Открытый,Сформирован,643-RUB,15171871838.24,1580.88,7594.0,9597099.95847
2026-01-30,6211,Закрытый паевой инвестиционный фонд недвижимости «АКТИВО ДВАДЦАТЬ»,Закрытый,Сформирован,643-RUB,1278370304.16,98937.41,984.0,12921.0
2026-02-27,6211,Закрытый паевой инвестиционный фонд недвижимости «АКТИВО ДВАДЦАТЬ»,Закрытый,Сформирован,643-RUB,1280735791.05,99120.49,982.0,12921.0
2026-03-31,6211,Закрытый паевой инвестиционный фонд недвижимости «АКТИВО ДВАДЦАТЬ»,Закрытый,Сформирован,643-RUB,1277177689.16,98845.11,982.0,12921.0
2026-04-30,6211,Закрытый паевой инвестиционный фонд недвижимости «АКТИВО ДВАДЦАТЬ»,Закрытый,Сформирован,643-RUB,1277500878.33,98870.12,985.0,12921.0
2026-05-29,6211,Закрытый паевой инвестиционный фонд недвижимости «АКТИВО ДВАДЦАТЬ»,Закрытый,Сформирован,643-RUB,1278110685.54,98917.32,993.0,12921.0
2026-06-30,6211,Закрытый паевой инвестиционный фонд недвижимости «АКТИВО ДВАДЦАТЬ»,Закрытый,Сформирован,643-RUB,1275717198.63,98732.08,996.0,12921.0
2026-07-31,6211,Закрытый паевой инвестиционный фонд недвижимости «АКТИВО ДВАДЦАТЬ»,Закрытый,Сформирован,643-RUB,1282619698.86,99266.29,1000.0,12921.0
2026-01-30,6221,Биржевой паевой инвестиционный фонд рыночных финансовых инструментов «АТОН – Накопительный в юанях»,Биржевой,Сформирован,156-CNY,195616474.83,105.22,1816.0,1859119.09224
2026-02-27,6221,Биржевой паевой инвестиционный фонд рыночных финансовых инструментов «АТОН – Накопительный в юанях»,Биржевой,Сформирован,156-CNY,196569168.35,105.7324,1815.0,1859119.09224
2026-03-31,6221,Биржевой паевой инвестиционный фонд рыночных финансовых инструментов «АТОН – Накопительный в юанях»,Биржевой,Сформирован,156-CNY,683254380.89,106.5879,2250.0,6410245.37309
2026-04-30,6221,Биржевой паевой инвестиционный фонд рыночных финансовых инструментов «АТОН – Накопительный в юанях»,Биржевой,Сформирован,156-CNY,511587558.11,106.7087,2139.0,4794245.37309
2026-05-29,6221,Биржевой паевой инвестиционный фонд рыночных финансовых инструментов «АТОН – Накопительный в юанях»,Биржевой,Сформирован,156-CNY,468128437.83,106.7265,1931.0,4386245.37309
2026-06-30,6221,Биржевой паевой инвестиционный фонд рыночных финансовых инструментов «АТОН – Накопительный в юанях»,Биржевой,Сформирован,156-CNY,654245557.96,106.769,1532.0,6127673.08699
2026-07-31,6221,Биржевой паевой инвестиционный фонд рыночных финансовых инструментов «АТОН – Накопительный в юанях»,Биржевой,Сформирован,156-CNY,841249976.51,106.9399,1079.0,7866570.54889
2026-01-30,6226,Открытый паевой инвестиционный фонд рыночных финансовых инструментов «ВИМ - Сбалансированный. Рантье»,Открытый,Сформирован,643-RUB,5771867216.71,52061.48,7651.0,110866.36190000002
2026-02-27,6226,Открытый паевой инвестиционный фонд рыночных финансовых инструментов «ВИМ - Сбалансированный. Рантье»,Открытый,Сформирован,643-RUB,5903708984.99,52988.22,7614.0,111415.50371
2026-03-31,6226,Открытый паевой инвестиционный фонд рыночных финансовых инструментов «ВИМ - Сбалансированный. Рантье»,Открытый,Сформирован,643-RUB,5792012204.28,52403.43,7591.0,110527.34002
2026-04-30,6226,Открытый паевой инвестиционный фонд рыночных финансовых инструментов «ВИМ - Сбалансированный. Рантье»,Открытый,Сформирован,643-RUB,5601005980.31,51590.11,7457.0,108567.43102
2026-05-29,6226,Открытый паевой инвестиционный фонд рыночных финансовых инструментов «ВИМ - Сбалансированный. Рантье»,Открытый,Сформирован,643-RUB,5467907061.45,51579.4,7324.0,106009.50722000004
2026-06-30,6226,Открытый паевой инвестиционный фонд рыночных финансовых инструментов «ВИМ - Сбалансированный. Рантье»,Открытый,Сформирован,643-RUB,5132236410.71,49715.59,7201.0,103231.93787
2026-07-31,6226,Открытый паевой инвестиционный фонд рыночных финансовых инструментов «ВИМ - Сбалансированный. Рантье»,Открытый,Сформирован,643-RUB,4804913034.48,47849.12,6986.0,100418.00317
2026-01-30,6266,Открытый паевой инвестиционный фонд рыночных финансовых инструментов «БКС Дивидендные акции с выплатой дохода»,Открытый,Сформирован,643-RUB,616522206.4,80.46,11499.0,7662813.078729999
2026-02-27,6266,Открытый паевой инвестиционный фонд рыночных финансовых инструментов «БКС Дивидендные акции с выплатой дохода»,Открытый,Сформирован,643-RUB,613447121.56,81.65,11494.0,7512813.078729999
2026-03-31,6266,Открытый паевой инвестиционный фонд рыночных финансовых инструментов «БКС Дивидендные акции с выплатой дохода»,Открытый,Сформирован,643-RUB,562079810.5,77.76,12969.0,7228313.078729999
2026-04-30,6266,Открытый паевой инвестиционный фонд рыночных финансовых инструментов «БКС Дивидендные акции с выплатой дохода»,Открытый,Сформирован,643-RUB,545027692.22,75.4,13088.0,7228313.078729999
2026-05-29,6266,Открытый паевой инвестиционный фонд рыночных финансовых инструментов «БКС Дивидендные акции с выплатой дохода»,Открытый,Сформирован,643-RUB,533184196.19,75.33,13273.0,7078313.07873
2026-06-30,6266,Открытый паевой инвестиционный фонд рыночных финансовых инструментов «БКС Дивидендные акции с выплатой дохода»,Открытый,Сформирован,643-RUB,964202936.53,69.0,14501.0,13973406.29915
2026-07-31,6266,Открытый паевой инвестиционный фонд рыночных финансовых инструментов «БКС Дивидендные акции с выплатой дохода»,Открытый,Сформирован,643-RUB,1225537894.26,69.17,14410.0,17718885.98505
2026-01-30,6267,Открытый паевой инвестиционный фонд рыночных финансовых инструментов «Альфа-Капитал Валютные облигации с выплатой дохода»,Открытый,Сформирован,643-RUB,6417428299.15,1008.07,1080.0,6366022.97345
2026-02-27,6267,Открытый паевой инвестиционный фонд рыночных финансовых инструментов «Альфа-Капитал Валютные облигации с выплатой дохода»,Открытый,Сформирован,643-RUB,6056162624.33,1000.17,1064.0,6055134.999590002
2026-03-31,6267,Открытый паевой инвестиционный фонд рыночных финансовых инструментов «Альфа-Капитал Валютные облигации с выплатой дохода»,Открытый,Сформирован,643-RUB,6266289834.53,1034.64,1070.0,6056508.05955
2026-04-30,6267,Открытый паевой инвестиционный фонд рыночных финансовых инструментов «Альфа-Капитал Валютные облигации с выплатой дохода»,Открытый,Сформирован,643-RUB,5904657515.18,972.84,1072.0,6069495.886370002
2026-05-29,6267,Открытый паевой инвестиционный фонд рыночных финансовых инструментов «Альфа-Капитал Валютные облигации с выплатой дохода»,Открытый,Сформирован,643-RUB,5671175352.95,932.85,1075.0,6079424.297360002
2026-06-30,6267,Открытый паевой инвестиционный фонд рыночных финансовых инструментов «Альфа-Капитал Валютные облигации с выплатой дохода»,Открытый,Сформирован,643-RUB,6262512836.68,1010.04,1082.0,6200287.548430002
2026-07-31,6267,Открытый паевой инвестиционный фонд рыночных финансовых инструментов «Альфа-Капитал Валютные облигации с выплатой дохода»,Открытый,Сформирован,643-RUB,6320546481.56,1003.86,1082.0,6296227.1876
2026-01-30,6268,биржевой паевой инвестиционный фонд рыночных финансовых инструментов «Ликвидный»,Биржевой,Сформирован,643-RUB,492880050.43,6.589042,5821.0,74802988.07308
2026-02-27,6268,биржевой паевой инвестиционный фонд рыночных финансовых инструментов «Ликвидный»,Биржевой,Сформирован,643-RUB,596252618.13,6.66401,6119.0,89473545.35101
2026-03-31,6268,биржевой паевой инвестиционный фонд рыночных финансовых инструментов «Ликвидный»,Биржевой,Сформирован,643-RUB,818460762.11,6.747659,6227.0,121295509.94269
2026-04-30,6268,биржевой паевой инвестиционный фонд рыночных финансовых инструментов «Ликвидный»,Биржевой,Сформирован,643-RUB,937959121.52,6.825371,6452.0,137422437.93738002
2026-05-29,6268,биржевой паевой инвестиционный фонд рыночных финансовых инструментов «Ликвидный»,Биржевой,Сформирован,643-RUB,989366457.21,6.89951,6495.0,143396630.23007
2026-06-30,6268,биржевой паевой инвестиционный фонд рыночных финансовых инструментов «Ликвидный»,Биржевой,Сформирован,643-RUB,959637194.5,6.981754,6468.0,137449301.76631
2026-07-31,6268,биржевой паевой инвестиционный фонд рыночных финансовых инструментов «Ликвидный»,Биржевой,Сформирован,643-RUB,948793729.6,7.064261,6503.0,134308990.4337
2026-01-30,6287,Биржевой паевой инвестиционный фонд рыночных финансовых инструментов «Т-Капитал Пассивный Доход»,Биржевой,Сформирован,643-RUB,20826666104.39,99.7974,1145834.0,208689447.05878
2026-02-27,6287,Биржевой паевой инвестиционный фонд рыночных финансовых инструментов «Т-Капитал Пассивный Доход»,Биржевой,Сформирован,643-RUB,21087430976.37,99.9061,1190941.0,211072469.50812
2026-03-31,6287,Биржевой паевой инвестиционный фонд рыночных финансовых инструментов «Т-Капитал Пассивный Доход»,Биржевой,Сформирован,643-RUB,21419379143.16,100.5162,1233609.0,213093845.48943
2026-04-30,6287,Биржевой паевой инвестиционный фонд рыночных финансовых инструментов «Т-Капитал Пассивный Доход»,Биржевой,Сформирован,643-RUB,21542149963.4,100.6052,1270052.0,214125518.88763
2026-05-29,6287,Биржевой паевой инвестиционный фонд рыночных финансовых инструментов «Т-Капитал Пассивный Доход»,Биржевой,Сформирован,643-RUB,21950818834.22,100.9719,1292203.0,217395335.68947
2026-06-30,6287,Биржевой паевой инвестиционный фонд рыночных финансовых инструментов «Т-Капитал Пассивный Доход»,Биржевой,Сформирован,643-RUB,22153588193.17,101.0808,1309009.0,219167020.26359
2026-07-31,6287,Биржевой паевой инвестиционный фонд рыночных финансовых инструментов «Т-Капитал Пассивный Доход»,Биржевой,Сформирован,643-RUB,22252022269.41,101.2788,1358174.0,219710610.16079
2026-01-30,6310,Закрытый паевой инвестиционный фонд рыночных финансовых инструментов «Заблокированные активы паевого инвестиционного фонда «ТКБ Инвестмент Партнерс – Фонд сбалансированный глобальный»,Закрытый,Сформирован,643-RUB,9287207.32,55.57,1095.0,166635.79899799993
2026-02-27,6310,Закрытый паевой инвестиционный фонд рыночных финансовых инструментов «Заблокированные активы паевого инвестиционного фонда «ТКБ Инвестмент Партнерс – Фонд сбалансированный глобальный»,Закрытый,Сформирован,643-RUB,9386985.5,56.17,1095.0,166635.79899800004
2026-03-31,6310,Закрытый паевой инвестиционный фонд рыночных финансовых инструментов «Заблокированные активы паевого инвестиционного фонда «ТКБ Инвестмент Партнерс – Фонд сбалансированный глобальный»,Закрытый,Сформирован,643-RUB,9562235.28,57.21,1095.0,166635.79899800007
2026-04-30,6310,Закрытый паевой инвестиционный фонд рыночных финансовых инструментов «Заблокированные активы паевого инвестиционного фонда «ТКБ Инвестмент Партнерс – Фонд сбалансированный глобальный»,Закрытый,Сформирован,643-RUB,9607392.87,57.48,1095.0,166635.798998
2026-05-29,6310,Закрытый паевой инвестиционный фонд рыночных финансовых инструментов «Заблокированные активы паевого инвестиционного фонда «ТКБ Инвестмент Партнерс – Фонд сбалансированный глобальный»,Закрытый,Сформирован,643-RUB,9664681.21,57.83,1095.0,166635.79899800004
2026-06-30,6310,Закрытый паевой инвестиционный фонд рыночных финансовых инструментов «Заблокированные активы паевого инвестиционного фонда «ТКБ Инвестмент Партнерс – Фонд сбалансированный глобальный»,Закрытый,Сформирован,643-RUB,9667786.79,57.85,1096.0,166635.79899799995
2026-07-31,6310,Закрытый паевой инвестиционный фонд рыночных финансовых инструментов «Заблокированные активы паевого инвестиционного фонда «ТКБ Инвестмент Партнерс – Фонд сбалансированный глобальный»,Закрытый,Сформирован,643-RUB,8676382.44,58.3,1097.0,148387.591476
2026-01-30,6311,Закрытый паевой инвестиционный фонд рыночных финансовых инструментов «Заблокированные активы паевого инвестиционного фонда «ТКБ Инвестмент Партнерс – Фонд акций глобальный 2»,Закрытый,Сформирован,643-RUB,18044600.84,544.72,1149.0,33126.162699
2026-02-27,6311,Закрытый паевой инвестиционный фонд рыночных финансовых инструментов «Заблокированные активы паевого инвестиционного фонда «ТКБ Инвестмент Партнерс – Фонд акций глобальный 2»,Закрытый,Сформирован,643-RUB,18211226.33,549.75,1149.0,33126.16269899999
2026-03-31,6311,Закрытый паевой инвестиционный фонд рыночных финансовых инструментов «Заблокированные активы паевого инвестиционного фонда «ТКБ Инвестмент Партнерс – Фонд акций глобальный 2»,Закрытый,Сформирован,643-RUB,18509198.4,558.75,1149.0,33126.16269899999
2026-04-30,6311,Закрытый паевой инвестиционный фонд рыночных финансовых инструментов «Заблокированные активы паевого инвестиционного фонда «ТКБ Инвестмент Партнерс – Фонд акций глобальный 2»,Закрытый,Сформирован,643-RUB,18586233.61,561.07,1149.0,33126.162699
2026-05-29,6311,Закрытый паевой инвестиционный фонд рыночных финансовых инструментов «Заблокированные активы паевого инвестиционного фонда «ТКБ Инвестмент Партнерс – Фонд акций глобальный 2»,Закрытый,Сформирован,643-RUB,18679232.64,563.88,1149.0,33126.16269899999
2026-06-30,6311,Закрытый паевой инвестиционный фонд рыночных финансовых инструментов «Заблокированные активы паевого инвестиционного фонда «ТКБ Инвестмент Партнерс – Фонд акций глобальный 2»,Закрытый,Сформирован,643-RUB,18238986.19,550.59,1149.0,33126.162699
2026-07-31,6311,Закрытый паевой инвестиционный фонд рыночных финансовых инструментов «Заблокированные активы паевого инвестиционного фонда «ТКБ Инвестмент Партнерс – Фонд акций глобальный 2»,Закрытый,Сформирован,643-RUB,18356653.82,554.14,1149.0,33126.162699
2026-01-30,6312,Биржевой паевой инвестиционный фонд рыночных финансовых инструментов «Первая – Фонд АйПиО»,Биржевой,Сформирован,643-RUB,70295834.01,7.5697,8399.0,9286459.0
2026-02-27,6312,Биржевой паевой инвестиционный фонд рыночных финансовых инструментов «Первая – Фонд АйПиО»,Биржевой,Сформирован,643-RUB,105855979.83,7.9862,8549.0,13254780.0
2026-03-31,6312,Биржевой паевой инвестиционный фонд рыночных финансовых инструментов «Первая – Фонд АйПиО»,Биржевой,Сформирован,643-RUB,98206727.66,7.4092,8750.0,13254780.0
2026-04-30,6312,Биржевой паевой инвестиционный фонд рыночных финансовых инструментов «Первая – Фонд АйПиО»,Биржевой,Сформирован,643-RUB,95847398.97,7.2312,8687.0,13254780.0
2026-05-29,6312,Биржевой паевой инвестиционный фонд рыночных финансовых инструментов «Первая – Фонд АйПиО»,Биржевой,Сформирован,643-RUB,96007294.33,7.2432,8562.0,13254780.0
2026-06-30,6312,Биржевой паевой инвестиционный фонд рыночных финансовых инструментов «Первая – Фонд АйПиО»,Биржевой,Сформирован,643-RUB,87854340.35,6.6281,8510.0,13254780.0
2026-07-31,6312,Биржевой паевой инвестиционный фонд рыночных финансовых инструментов «Первая – Фонд АйПиО»,Биржевой,Сформирован,643-RUB,88803699.76,6.6997,8482.0,13254780.0
2026-01-30,6315,Открытый паевой инвестиционный фонд рыночных финансовых инструментов «Истории роста»,Открытый,Сформирован,643-RUB,147945050.37,897.76,212.0,162452.91694
2026-02-27,6315,Открытый паевой инвестиционный фонд рыночных финансовых инструментов «Истории роста»,Открытый,Сформирован,643-RUB,157534745.01,903.72,244.0,174317.90649000005
2026-03-31,6315,Открытый паевой инвестиционный фонд рыночных финансовых инструментов «Истории роста»,Открытый,Сформирован,643-RUB,152337120.76,863.28,244.0,176463.2068100001
2026-04-30,6315,Открытый паевой инвестиционный фонд рыночных финансовых инструментов «Истории роста»,Открытый,Сформирован,643-RUB,148896053.27,834.99,241.0,178321.549
2026-05-29,6315,Открытый паевой инвестиционный фонд рыночных финансовых инструментов «Истории роста»,Открытый,Сформирован,643-RUB,95117938.27,800.34,232.0,118846.89438
2026-06-30,6315,Открытый паевой инвестиционный фонд рыночных финансовых инструментов «Истории роста»,Открытый,Сформирован,643-RUB,88415192.7,738.91,231.0,119656.7458
2026-07-31,6315,Открытый паевой инвестиционный фонд рыночных финансовых инструментов «Истории роста»,Открытый,Сформирован,643-RUB,92551960.01,748.4,226.0,123665.66151
2026-01-30,6330,Биржевой паевой инвестиционный фонд рыночных финансовых инструментов «БКС Денежный рынок»,Биржевой,Сформирован,643-RUB,38112179258.24,13.16627,53410.0,2894682803.73616
2026-02-27,6330,Биржевой паевой инвестиционный фонд рыночных финансовых инструментов «БКС Денежный рынок»,Биржевой,Сформирован,643-RUB,38550081396.75,13.31755,54487.0,2894682803.73616
2026-03-31,6330,Биржевой паевой инвестиционный фонд рыночных финансовых инструментов «БКС Денежный рынок»,Биржевой,Сформирован,643-RUB,39243363447.86,13.48745,55800.0,2909621688.75754
2026-04-30,6330,Биржевой паевой инвестиционный фонд рыночных финансовых инструментов «БКС Денежный рынок»,Биржевой,Сформирован,643-RUB,39699141074.37,13.64409,56009.0,2909621688.75754
2026-05-29,6330,Биржевой паевой инвестиционный фонд рыночных финансовых инструментов «БКС Денежный рынок»,Биржевой,Сформирован,643-RUB,37032415049.6,13.79376,56231.0,2684721688.75754
2026-06-30,6330,Биржевой паевой инвестиционный фонд рыночных финансовых инструментов «БКС Денежный рынок»,Биржевой,Сформирован,643-RUB,37977371824.54,13.95847,55912.0,2720740046.59416
2026-07-31,6330,Биржевой паевой инвестиционный фонд рыночных финансовых инструментов «БКС Денежный рынок»,Биржевой,Сформирован,643-RUB,42681664667.5,14.12303,56430.0,3022131504.82608
2026-01-30,6348,Закрытый паевой инвестиционный фонд рыночных финансовых инструментов «БКС Мировые ресурсы (заблокированные активы)»,Закрытый,Сформирован,840-USD,1488037.14,2.82,2449.0,527288.01172
2026-02-27,6348,Закрытый паевой инвестиционный фонд рыночных финансовых инструментов «БКС Мировые ресурсы (заблокированные активы)»,Закрытый,Сформирован,840-USD,1487926.7,2.82,2449.0,527288.01172
2026-03-31,6348,Закрытый паевой инвестиционный фонд рыночных финансовых инструментов «БКС Мировые ресурсы (заблокированные активы)»,Закрытый,Сформирован,840-USD,1487768.55,2.82,2458.0,527288.0117200001
2026-04-30,6348,Закрытый паевой инвестиционный фонд рыночных финансовых инструментов «БКС Мировые ресурсы (заблокированные активы)»,Закрытый,Сформирован,840-USD,1487779.6,2.82,2458.0,527288.0117200001
2026-05-29,6348,Закрытый паевой инвестиционный фонд рыночных финансовых инструментов «БКС Мировые ресурсы (заблокированные активы)»,Закрытый,Сформирован,840-USD,1653664.66,3.14,2458.0,527288.01172
2026-06-30,6348,Закрытый паевой инвестиционный фонд рыночных финансовых инструментов «БКС Мировые ресурсы (заблокированные активы)»,Закрытый,Сформирован,840-USD,1653440.41,3.14,2458.0,527288.01172
2026-07-31,6348,Закрытый паевой инвестиционный фонд рыночных финансовых инструментов «БКС Мировые ресурсы (заблокированные активы)»,Закрытый,Сформирован,840-USD,1653366.42,3.14,2458.0,527288.01172
2026-01-30,6361,Закрытый паевой инвестиционный фонд рыночных финансовых инструментов «Акции роста (заблокированные активы)2.0»,Закрытый,Сформирован,643-RUB,793529155.03,50.72,30301.0,15644409.53829
2026-02-27,6361,Закрытый паевой инвестиционный фонд рыночных финансовых инструментов «Акции роста (заблокированные активы)2.0»,Закрытый,Сформирован,643-RUB,802936280.28,51.32,30301.0,15644409.53829
2026-03-31,6361,Закрытый паевой инвестиционный фонд рыночных финансовых инструментов «Акции роста (заблокированные активы)2.0»,Закрытый,Сформирован,643-RUB,842845181.12,53.88,30312.0,15633306.001289995
2026-04-30,6361,Закрытый паевой инвестиционный фонд рыночных финансовых инструментов «Акции роста (заблокированные активы)2.0»,Закрытый,Сформирован,643-RUB,785174324.72,50.19,30311.0,15633306.001289995
2026-05-29,6361,Закрытый паевой инвестиционный фонд рыночных финансовых инструментов «Акции роста (заблокированные активы)2.0»,Закрытый,Сформирован,643-RUB,919370468.04,58.77,30312.0,15633306.00129
2026-06-30,6361,Закрытый паевой инвестиционный фонд рыночных финансовых инструментов «Акции роста (заблокированные активы)2.0»,Закрытый,Сформирован,643-RUB,1079891219.24,69.03,30312.0,15633306.00129
2026-07-31,6361,Закрытый паевой инвестиционный фонд рыночных финансовых инструментов «Акции роста (заблокированные активы)2.0»,Закрытый,Сформирован,643-RUB,1078558008.83,68.94,30311.0,15633306.00129
2026-01-30,6363,Закрытый паевой инвестиционный фонд рыночных финансовых инструментов «БКС Драгоценные Металлы (заблокированные активы)»,Закрытый,Сформирован,643-RUB,46840194.09,21.99,6550.0,2129838.49794
2026-02-27,6363,Закрытый паевой инвестиционный фонд рыночных финансовых инструментов «БКС Драгоценные Металлы (заблокированные активы)»,Закрытый,Сформирован,643-RUB,47411213.91,22.26,6550.0,2129838.49794
2026-03-31,6363,Закрытый паевой инвестиционный фонд рыночных финансовых инструментов «БКС Драгоценные Металлы (заблокированные активы)»,Закрытый,Сформирован,643-RUB,49837469.88,23.4,6557.0,2129838.49794
2026-04-30,6363,Закрытый паевой инвестиционный фонд рыночных финансовых инструментов «БКС Драгоценные Металлы (заблокированные активы)»,Закрытый,Сформирован,643-RUB,46183417.92,21.68,6557.0,2129838.4979400006
2026-05-29,6363,Закрытый паевой инвестиционный фонд рыночных финансовых инструментов «БКС Драгоценные Металлы (заблокированные активы)»,Закрытый,Сформирован,643-RUB,63863191.15,29.98,6557.0,2129838.49794
2026-06-30,6363,Закрытый паевой инвестиционный фонд рыночных финансовых инструментов «БКС Драгоценные Металлы (заблокированные активы)»,Закрытый,Сформирован,643-RUB,71120020.73,33.39,6557.0,2129838.49794
2026-07-31,6363,Закрытый паевой инвестиционный фонд рыночных финансовых инструментов «БКС Драгоценные Металлы (заблокированные активы)»,Закрытый,Сформирован,643-RUB,71161477.97,33.41,6557.0,2129838.49794
2026-01-30,6376,Закрытый паевой инвестиционный фонд рыночных финансовых инструментов «БКС Фундаментальный Выбор (заблокированные активы)»,Закрытый,Сформирован,840-USD,6233449.74,3.76,5850.0,1658897.2636000002
2026-02-27,6376,Закрытый паевой инвестиционный фонд рыночных финансовых инструментов «БКС Фундаментальный Выбор (заблокированные активы)»,Закрытый,Сформирован,840-USD,6230477.81,3.76,5849.0,1655780.2636000002
2026-03-31,6376,Закрытый паевой инвестиционный фонд рыночных финансовых инструментов «БКС Фундаментальный Выбор (заблокированные активы)»,Закрытый,Сформирован,840-USD,6219843.25,3.76,5870.0,1655780.2636000004
2026-04-30,6376,Закрытый паевой инвестиционный фонд рыночных финансовых инструментов «БКС Фундаментальный Выбор (заблокированные активы)»,Закрытый,Сформирован,840-USD,6235366.37,3.77,5870.0,1655780.2635999997
2026-05-29,6376,Закрытый паевой инвестиционный фонд рыночных финансовых инструментов «БКС Фундаментальный Выбор (заблокированные активы)»,Закрытый,Сформирован,840-USD,6594889.06,3.98,5870.0,1655780.2635999997
2026-06-30,6376,Закрытый паевой инвестиционный фонд рыночных финансовых инструментов «БКС Фундаментальный Выбор (заблокированные активы)»,Закрытый,Сформирован,840-USD,6571330.37,3.97,5870.0,1655780.2635999992
2026-07-31,6376,Закрытый паевой инвестиционный фонд рыночных финансовых инструментов «БКС Фундаментальный Выбор (заблокированные активы)»,Закрытый,Сформирован,840-USD,6570858.38,3.97,5870.0,1655780.2636
2026-01-30,6396,Биржевой паевой инвестиционный фонд рыночных финансовых инструментов «ФИНСТАР - Денежный рынок ПЛЮС»,Биржевой,Сформирован,643-RUB,39056507.38,1301.88,126.0,30000.0
2026-02-27,6396,Биржевой паевой инвестиционный фонд рыночных финансовых инструментов «ФИНСТАР - Денежный рынок ПЛЮС»,Биржевой,Сформирован,643-RUB,39513635.0,1317.12,267.0,60000.0
2026-03-31,6396,Биржевой паевой инвестиционный фонд рыночных финансовых инструментов «ФИНСТАР - Денежный рынок ПЛЮС»,Биржевой,Сформирован,643-RUB,40027906.44,1334.26,147.0,30000.0
2026-04-30,6396,Биржевой паевой инвестиционный фонд рыночных финансовых инструментов «ФИНСТАР - Денежный рынок ПЛЮС»,Биржевой,Сформирован,643-RUB,43534664.88,1350.01,152.0,32247.54456
2026-05-29,6396,Биржевой паевой инвестиционный фонд рыночных финансовых инструментов «ФИНСТАР - Денежный рынок ПЛЮС»,Биржевой,Сформирован,643-RUB,44019570.96,1365.05,172.0,32247.54456
2026-06-30,6396,Биржевой паевой инвестиционный фонд рыночных финансовых инструментов «ФИНСТАР - Денежный рынок ПЛЮС»,Биржевой,Сформирован,643-RUB,44556382.37,1381.7,199.0,32247.54456
2026-07-31,6396,Биржевой паевой инвестиционный фонд рыночных финансовых инструментов «ФИНСТАР - Денежный рынок ПЛЮС»,Биржевой,Сформирован,643-RUB,45094732.01,1398.39,218.0,32247.54456
2026-01-30,6397,Закрытый паевой инвестиционный фонд рыночных финансовых инструментов «БКС Империя (заблокированные активы)»,Закрытый,Сформирован,643-RUB,282768544.46,56.81,13012.0,4977021.97367
2026-02-27,6397,Закрытый паевой инвестиционный фонд рыночных финансовых инструментов «БКС Империя (заблокированные активы)»,Закрытый,Сформирован,643-RUB,286229545.11,57.51,13012.0,4977021.97367
2026-03-31,6397,Закрытый паевой инвестиционный фонд рыночных финансовых инструментов «БКС Империя (заблокированные активы)»,Закрытый,Сформирован,643-RUB,300468992.07,60.37,13081.0,4977021.973669998
2026-04-30,6397,Закрытый паевой инвестиционный фонд рыночных финансовых инструментов «БКС Империя (заблокированные активы)»,Закрытый,Сформирован,643-RUB,279042268.03,56.07,13079.0,4977021.9736699965
2026-05-29,6397,Закрытый паевой инвестиционный фонд рыночных финансовых инструментов «БКС Империя (заблокированные активы)»,Закрытый,Сформирован,643-RUB,327574166.12,65.82,13080.0,4977021.973670003
2026-06-30,6397,Закрытый паевой инвестиционный фонд рыночных финансовых инструментов «БКС Империя (заблокированные активы)»,Закрытый,Сформирован,643-RUB,363868267.58,73.11,13079.0,4977021.973670004
2026-07-31,6397,Закрытый паевой инвестиционный фонд рыночных финансовых инструментов «БКС Империя (заблокированные активы)»,Закрытый,Сформирован,643-RUB,354467280.72,71.22,13080.0,4977021.97367
2026-01-30,6412,Закрытый паевой инвестиционный фонд недвижимости «Современный 9»,Закрытый,Сформирован,643-RUB,14715182357.37,6.38,8670.0,2308162553.0
2026-02-27,6412,Закрытый паевой инвестиционный фонд недвижимости «Современный 9»,Закрытый,Сформирован,643-RUB,14927791808.8,6.47,11074.0,2000841776.0
2026-03-31,6412,Закрытый паевой инвестиционный фонд недвижимости «Современный 9»,Закрытый,Сформирован,643-RUB,15063937908.23,6.53,17450.0,2308162553.0
2026-04-30,6412,Закрытый паевой инвестиционный фонд недвижимости «Современный 9»,Закрытый,Сформирован,643-RUB,15246588219.16,6.61,18169.0,2308162553.0
2026-05-29,6412,Закрытый паевой инвестиционный фонд недвижимости «Современный 9»,Закрытый,Сформирован,643-RUB,15537767601.92,6.73,17442.0,2308162553.0
2026-06-30,6412,Закрытый паевой инвестиционный фонд недвижимости «Современный 9»,Закрытый,Сформирован,643-RUB,15698426673.18,6.8,16910.0,2308162553.0
2026-07-31,6412,Закрытый паевой инвестиционный фонд недвижимости «Современный 9»,Закрытый,Сформирован,643-RUB,15902619186.77,6.89,16589.0,2308162553.0
2026-01-30,6450,Открытый паевой инвестиционный фонд рыночных финансовых инструментов «Рублевые перспективы»,Открытый,Сформирован,643-RUB,2111976939.53,1566.09,694.0,802507.8304399999
2026-02-27,6450,Открытый паевой инвестиционный фонд рыночных финансовых инструментов «Рублевые перспективы»,Открытый,Сформирован,643-RUB,2446873983.02,1594.22,731.0,889537.3800200002
2026-03-31,6450,Открытый паевой инвестиционный фонд рыночных финансовых инструментов «Рублевые перспективы»,Открытый,Сформирован,643-RUB,2777709193.45,1625.55,5799.0,1708779.7861999995
2026-04-30,6450,Открытый паевой инвестиционный фонд рыночных финансовых инструментов «Рублевые перспективы»,Открытый,Сформирован,643-RUB,3363502039.09,1651.87,6371.0,2036180.2561100004
2026-05-29,6450,Открытый паевой инвестиционный фонд рыночных финансовых инструментов «Рублевые перспективы»,Открытый,Сформирован,643-RUB,3680831785.93,1669.27,6827.0,2205051.974570001
2026-06-30,6450,Открытый паевой инвестиционный фонд рыночных финансовых инструментов «Рублевые перспективы»,Открытый,Сформирован,643-RUB,3750606906.65,1661.81,6785.0,2256943.733230001
2026-07-31,6450,Открытый паевой инвестиционный фонд рыночных финансовых инструментов «Рублевые перспективы»,Открытый,Сформирован,643-RUB,3386562469.64,1691.49,5954.0,2002114.56835
2026-01-30,6459,Биржевой паевой инвестиционный фонд рыночных финансовых инструментов «Финам – Денежный рынок»,Биржевой,Сформирован,643-RUB,4329609327.87,12.7,13333.0,340983689.05285
2026-02-27,6459,Биржевой паевой инвестиционный фонд рыночных финансовых инструментов «Финам – Денежный рынок»,Биржевой,Сформирован,643-RUB,4379196671.15,12.84,13956.0,340983689.05285
2026-03-31,6459,Биржевой паевой инвестиционный фонд рыночных финансовых инструментов «Финам – Денежный рынок»,Биржевой,Сформирован,643-RUB,4244074582.03,13.0,14288.0,326430056.90447
2026-04-30,6459,Биржевой паевой инвестиционный фонд рыночных финансовых инструментов «Финам – Денежный рынок»,Биржевой,Сформирован,643-RUB,4471869364.42,13.15,14707.0,340013010.00887
2026-05-29,6459,Биржевой паевой инвестиционный фонд рыночных финансовых инструментов «Финам – Денежный рынок»,Биржевой,Сформирован,643-RUB,4611121607.35,13.2944,15854.0,346846149.52027
2026-06-30,6459,Биржевой паевой инвестиционный фонд рыночных финансовых инструментов «Финам – Денежный рынок»,Биржевой,Сформирован,643-RUB,4902891842.06,13.4527,16189.0,364454438.06926
2026-07-31,6459,Биржевой паевой инвестиционный фонд рыночных финансовых инструментов «Финам – Денежный рынок»,Биржевой,Сформирован,643-RUB,7104276653.16,13.6081,17699.0,522062659.18546
2026-01-30,6460,Закрытый паевой инвестиционный фонд рыночных финансовых инструментов «Заблокированные активы паевого инвестиционного фонда «Т-Капитал – Стратегия вечного портфеля Е»»,Закрытый,Сформирован,643-RUB,68978305.99,0.299,167972.0,230692628.59347
2026-02-27,6460,Закрытый паевой инвестиционный фонд рыночных финансовых инструментов «Заблокированные активы паевого инвестиционного фонда «Т-Капитал – Стратегия вечного портфеля Е»»,Закрытый,Сформирован,643-RUB,69110169.85,0.2996,167994.0,230692628.59347
2026-03-31,6460,Закрытый паевой инвестиционный фонд рыночных финансовых инструментов «Заблокированные активы паевого инвестиционного фонда «Т-Капитал – Стратегия вечного портфеля Е»»,Закрытый,Сформирован,643-RUB,69721674.57,0.3022,167990.0,230692628.59347
2026-04-30,6460,Закрытый паевой инвестиционный фонд рыночных финансовых инструментов «Заблокированные активы паевого инвестиционного фонда «Т-Капитал – Стратегия вечного портфеля Е»»,Закрытый,Сформирован,643-RUB,68816878.9,0.2983,167988.0,230692628.59347
2026-05-29,6460,Закрытый паевой инвестиционный фонд рыночных финансовых инструментов «Заблокированные активы паевого инвестиционного фонда «Т-Капитал – Стратегия вечного портфеля Е»»,Закрытый,Сформирован,643-RUB,68321934.56,0.2962,167989.0,230692628.59347
2026-06-30,6460,Закрытый паевой инвестиционный фонд рыночных финансовых инструментов «Заблокированные активы паевого инвестиционного фонда «Т-Капитал – Стратегия вечного портфеля Е»»,Закрытый,Сформирован,643-RUB,69222146.23,0.3001,167990.0,230692628.59347
2026-07-31,6460,Закрытый паевой инвестиционный фонд рыночных финансовых инструментов «Заблокированные активы паевого инвестиционного фонда «Т-Капитал – Стратегия вечного портфеля Е»»,Закрытый,Сформирован,643-RUB,69518822.28,0.3013,167987.0,230692628.59347
2026-01-30,6461,Закрытый паевой инвестиционный фонд недвижимости «Альфа-Капитал Складская коллекция 2»,Закрытый,Сформирован,643-RUB,2643717945.91,1136.23,2701.0,2326742.300109999
2026-02-27,6461,Закрытый паевой инвестиционный фонд недвижимости «Альфа-Капитал Складская коллекция 2»,Закрытый,Сформирован,643-RUB,2665269608.74,1145.49,2731.0,2326742.30011
2026-03-31,6461,Закрытый паевой инвестиционный фонд недвижимости «Альфа-Капитал Складская коллекция 2»,Закрытый,Сформирован,643-RUB,2700230011.58,1160.52,2739.0,2326796.5685
2026-04-30,6461,Закрытый паевой инвестиционный фонд недвижимости «Альфа-Капитал Складская коллекция 2»,Закрытый,Сформирован,643-RUB,2718547056.12,1168.39,2795.0,2326742.3001099983
2026-05-29,6461,Закрытый паевой инвестиционный фонд недвижимости «Альфа-Капитал Складская коллекция 2»,Закрытый,Сформирован,643-RUB,2737538301.66,1176.55,2751.0,2326742.30011
2026-06-30,6461,Закрытый паевой инвестиционный фонд недвижимости «Альфа-Капитал Складская коллекция 2»,Закрытый,Сформирован,643-RUB,2697973887.18,1159.55,2749.0,2326742.3001100007
2026-07-31,6461,Закрытый паевой инвестиционный фонд недвижимости «Альфа-Капитал Складская коллекция 2»,Закрытый,Сформирован,643-RUB,2716527946.91,1167.52,2776.0,2326742.30011
2026-01-30,6462,Закрытый паевой инвестиционный фонд рыночных финансовых инструментов «Заблокированные активы паевого инвестиционного фонда «Т-Капитал – Стратегия вечного портфеля Д»»,Закрытый,Сформирован,643-RUB,1787691.74,0.0035,373106.0,505226636.3151
2026-02-27,6462,Закрытый паевой инвестиционный фонд рыночных финансовых инструментов «Заблокированные активы паевого инвестиционного фонда «Т-Капитал – Стратегия вечного портфеля Д»»,Закрытый,Сформирован,643-RUB,1808383.62,0.0036,373153.0,505226636.3151
2026-03-31,6462,Закрытый паевой инвестиционный фонд рыночных финансовых инструментов «Заблокированные активы паевого инвестиционного фонда «Т-Капитал – Стратегия вечного портфеля Д»»,Закрытый,Сформирован,643-RUB,1904340.03,0.0038,373141.0,505226636.3151
2026-04-30,6462,Закрытый паевой инвестиционный фонд рыночных финансовых инструментов «Заблокированные активы паевого инвестиционного фонда «Т-Капитал – Стратегия вечного портфеля Д»»,Закрытый,Сформирован,643-RUB,1762360.84,0.0035,373137.0,505226636.3151
2026-05-29,6462,Закрытый паевой инвестиционный фонд рыночных финансовых инструментов «Заблокированные активы паевого инвестиционного фонда «Т-Капитал – Стратегия вечного портфеля Д»»,Закрытый,Сформирован,643-RUB,1684694.92,0.0033,373142.0,505226636.3151
2026-06-30,6462,Закрытый паевой инвестиционный фонд рыночных финансовых инструментов «Заблокированные активы паевого инвестиционного фонда «Т-Капитал – Стратегия вечного портфеля Д»»,Закрытый,Сформирован,643-RUB,1825954.79,0.0036,373143.0,505226636.3151
2026-07-31,6462,Закрытый паевой инвестиционный фонд рыночных финансовых инструментов «Заблокированные активы паевого инвестиционного фонда «Т-Капитал – Стратегия вечного портфеля Д»»,Закрытый,Сформирован,643-RUB,1872508.75,0.0037,373143.0,505226636.3151
2026-01-30,6467,Биржевой паевой инвестиционный фонд рыночных финансовых инструментов «Альфа-Капитал Управляемые акции с выплатой дохода»,Биржевой,Сформирован,643-RUB,411146297.83,1048.11612,2421.0,392271.70582
2026-02-27,6467,Биржевой паевой инвестиционный фонд рыночных финансовых инструментов «Альфа-Капитал Управляемые акции с выплатой дохода»,Биржевой,Сформирован,643-RUB,361837661.69,1057.16498,2512.0,342271.70582
2026-03-31,6467,Биржевой паевой инвестиционный фонд рыночных финансовых инструментов «Альфа-Капитал Управляемые акции с выплатой дохода»,Биржевой,Сформирован,643-RUB,383823732.53,995.60141,2476.0,385519.47357
2026-04-30,6467,Биржевой паевой инвестиционный фонд рыночных финансовых инструментов «Альфа-Капитал Управляемые акции с выплатой дохода»,Биржевой,Сформирован,643-RUB,365861517.99,949.00918,2453.0,385519.47357
2026-05-29,6467,Биржевой паевой инвестиционный фонд рыночных финансовых инструментов «Альфа-Капитал Управляемые акции с выплатой дохода»,Биржевой,Сформирован,643-RUB,363064540.77,941.75409,2438.0,385519.47357
2026-06-30,6467,Биржевой паевой инвестиционный фонд рыночных финансовых инструментов «Альфа-Капитал Управляемые акции с выплатой дохода»,Биржевой,Сформирован,643-RUB,324249832.71,841.07251,2423.0,385519.47357
2026-07-31,6467,Биржевой паевой инвестиционный фонд рыночных финансовых инструментов «Альфа-Капитал Управляемые акции с выплатой дохода»,Биржевой,Сформирован,643-RUB,335654214.91,852.16228,2456.0,393885.32357
2026-01-30,6468,Открытый паевой инвестиционный фонд рыночных финансовых инструментов «Райффайзен — Акции с выплатой дохода»,Открытый,Сформирован,643-RUB,87232507.51,52256.4,174.0,1669.31711
2026-02-27,6468,Открытый паевой инвестиционный фонд рыночных финансовых инструментов «Райффайзен — Акции с выплатой дохода»,Открытый,Сформирован,643-RUB,91157247.14,52493.22,179.0,1736.55274
2026-03-31,6468,Открытый паевой инвестиционный фонд рыночных финансовых инструментов «Райффайзен — Акции с выплатой дохода»,Открытый,Сформирован,643-RUB,87455598.65,50140.01,181.0,1744.2276300000003
2026-04-30,6468,Открытый паевой инвестиционный фонд рыночных финансовых инструментов «Райффайзен — Акции с выплатой дохода»,Открытый,Сформирован,643-RUB,80829022.67,48048.01,179.0,1682.255200000001
2026-05-29,6468,Открытый паевой инвестиционный фонд рыночных финансовых инструментов «Райффайзен — Акции с выплатой дохода»,Открытый,Сформирован,643-RUB,86454319.9,48525.5,182.0,1781.62667
2026-06-30,6468,Открытый паевой инвестиционный фонд рыночных финансовых инструментов «Райффайзен — Акции с выплатой дохода»,Открытый,Сформирован,643-RUB,94110002.94,43010.07,183.0,2188.0924800000007
2026-07-31,6468,Открытый паевой инвестиционный фонд рыночных финансовых инструментов «Райффайзен — Акции с выплатой дохода»,Открытый,Сформирован,643-RUB,79252873.58,44467.71,181.0,1782.2566
2026-01-30,6487,Закрытый паевой инвестиционный фонд недвижимости «Самолет. Инвестиции в недвижимость»,Закрытый,Сформирован,643-RUB,3046427659.84,1096.59,1602.0,2778096.92363
2026-02-27,6487,Закрытый паевой инвестиционный фонд недвижимости «Самолет. Инвестиции в недвижимость»,Закрытый,Сформирован,643-RUB,3078401440.83,1108.1,1494.0,2778096.92363
2026-03-31,6487,Закрытый паевой инвестиционный фонд недвижимости «Самолет. Инвестиции в недвижимость»,Закрытый,Сформирован,643-RUB,3887422853.63,1110.78,1425.0,3499727.8094300004
2026-04-30,6487,Закрытый паевой инвестиционный фонд недвижимости «Инвестиции в недвижимость»,Закрытый,Сформирован,643-RUB,3862477298.6,1103.65,1400.0,3499727.8094300004
2026-05-29,6487,Закрытый паевой инвестиционный фонд недвижимости «Инвестиции в недвижимость»,Закрытый,Сформирован,643-RUB,3873015382.33,1106.66,1401.0,3499727.8094300004
2026-06-30,6487,Закрытый паевой инвестиционный фонд недвижимости «Инвестиции в недвижимость»,Закрытый,Сформирован,643-RUB,3883188187.27,1109.57,1381.0,3499727.8094300004
2026-07-31,6487,Закрытый паевой инвестиционный фонд недвижимости «Инвестиции в недвижимость»,Закрытый,Сформирован,643-RUB,3891570875.14,1111.96,1397.0,3499727.80943
2026-01-30,6492,Открытый паевой инвестиционный фонд рыночных финансовых инструментов «Профицит»,Открытый,Сформирован,643-RUB,24264279.13,1167.38,4.0,4091.0
2026-02-27,6492,Открытый паевой инвестиционный фонд рыночных финансовых инструментов «Профицит»,Открытый,Сформирован,643-RUB,24628890.04,1184.92,4.0,4091.0
2026-03-31,6492,Открытый паевой инвестиционный фонд рыночных финансовых инструментов «Профицит»,Открытый,Сформирован,643-RUB,23596482.84,1135.25,16.0,20785.19697
2026-04-30,6492,Открытый паевой инвестиционный фонд рыночных финансовых инструментов «Профицит»,Открытый,Сформирован,643-RUB,22805804.78,1097.21,16.0,20785.19697
2026-05-29,6492,Открытый паевой инвестиционный фонд рыночных финансовых инструментов «Профицит»,Открытый,Сформирован,643-RUB,22201956.38,1073.26,15.0,20686.46717
2026-06-30,6492,Открытый паевой инвестиционный фонд рыночных финансовых инструментов «Профицит»,Открытый,Сформирован,643-RUB,21132241.35,1021.55,15.0,20686.46717
2026-07-31,6492,Открытый паевой инвестиционный фонд рыночных финансовых инструментов «Профицит»,Открытый,Сформирован,643-RUB,22337175.18,1053.09,16.0,21211.03257
2026-01-30,6527,Биржевой паевой инвестиционный фонд рыночных финансовых инструментов «Альфа-Капитал Антиинфляционный»,Биржевой,Сформирован,643-RUB,21821241.04,109.36612,7029.0,199524.68803
2026-02-27,6527,Биржевой паевой инвестиционный фонд рыночных финансовых инструментов «Альфа-Капитал Антиинфляционный»,Биржевой,Сформирован,643-RUB,21957849.05,110.05079,7258.0,199524.68803
2026-03-31,6527,Биржевой паевой инвестиционный фонд рыночных финансовых инструментов «Альфа-Капитал Антиинфляционный»,Биржевой,Сформирован,643-RUB,21198096.56,106.24298,7288.0,199524.68803
2026-04-30,6527,Биржевой паевой инвестиционный фонд рыночных финансовых инструментов «Альфа-Капитал Антиинфляционный»,Биржевой,Сформирован,643-RUB,20258214.63,101.53237,7594.0,199524.68803
2026-05-29,6527,Биржевой паевой инвестиционный фонд рыночных финансовых инструментов «Альфа-Капитал Антиинфляционный»,Биржевой,Сформирован,643-RUB,20079749.45,100.63792,7811.0,199524.68803
2026-06-30,6527,Биржевой паевой инвестиционный фонд рыночных финансовых инструментов «Альфа-Капитал Антиинфляционный»,Биржевой,Сформирован,643-RUB,19361461.39,97.03792,7674.0,199524.68803
2026-07-31,6527,Биржевой паевой инвестиционный фонд рыночных финансовых инструментов «Альфа-Капитал Антиинфляционный»,Биржевой,Сформирован,643-RUB,19072533.0,95.58984,7524.0,199524.68803
2026-01-30,6541,Биржевой паевой инвестиционный фонд рыночных финансовых инструментов «Альфа-Капитал Облигации с переменным купоном»,Биржевой,Сформирован,643-RUB,37587976106.24,127.89642,30484.0,293893882.88321
2026-02-27,6541,Биржевой паевой инвестиционный фонд рыночных финансовых инструментов «Альфа-Капитал Облигации с переменным купоном»,Биржевой,Сформирован,643-RUB,41039184062.29,129.47476,33529.0,316966682.36281
2026-03-31,6541,Биржевой паевой инвестиционный фонд рыночных финансовых инструментов «Альфа-Капитал Облигации с переменным купоном»,Биржевой,Сформирован,643-RUB,42225232983.9,131.25294,35684.0,321708844.26033
2026-04-30,6541,Биржевой паевой инвестиционный фонд рыночных финансовых инструментов «Альфа-Капитал Облигации с переменным купоном»,Биржевой,Сформирован,643-RUB,45691856179.11,132.9024,38983.0,343800075.46896
2026-05-29,6541,Биржевой паевой инвестиционный фонд рыночных финансовых инструментов «Альфа-Капитал Облигации с переменным купоном»,Биржевой,Сформирован,643-RUB,51769217940.32,134.83577,41415.0,383942763.33536
2026-06-30,6541,Биржевой паевой инвестиционный фонд рыночных финансовых инструментов «Альфа-Капитал Облигации с переменным купоном»,Биржевой,Сформирован,643-RUB,58380016067.97,136.38249,41954.0,428060945.49115
2026-07-31,6541,Биржевой паевой инвестиционный фонд рыночных финансовых инструментов «Альфа-Капитал Облигации с переменным купоном»,Биржевой,Сформирован,643-RUB,69074002286.93,138.1334,41396.0,500052861.36283
2026-01-30,6580,Биржевой паевой инвестиционный фонд рыночных финансовых инструментов «Альфа-Капитал ИТ Лидеры»,Биржевой,Сформирован,643-RUB,231667170.96,101.57029,7810.0,2280855.70127
2026-02-27,6580,Биржевой паевой инвестиционный фонд рыночных финансовых инструментов «Альфа-Капитал ИТ Лидеры»,Биржевой,Сформирован,643-RUB,240376728.8,105.38884,8456.0,2280855.70127
2026-03-31,6580,Биржевой паевой инвестиционный фонд рыночных финансовых инструментов «Альфа-Капитал ИТ Лидеры»,Биржевой,Сформирован,643-RUB,225678507.87,98.94467,8660.0,2280855.70127
2026-04-30,6580,Биржевой паевой инвестиционный фонд рыночных финансовых инструментов «Альфа-Капитал ИТ Лидеры»,Биржевой,Сформирован,643-RUB,218405087.99,95.75577,8791.0,2280855.70127
2026-05-29,6580,Биржевой паевой инвестиционный фонд рыночных финансовых инструментов «Альфа-Капитал ИТ Лидеры»,Биржевой,Сформирован,643-RUB,217442490.77,95.33373,8820.0,2280855.70127
2026-06-30,6580,Биржевой паевой инвестиционный фонд рыночных финансовых инструментов «Альфа-Капитал ИТ Лидеры»,Биржевой,Сформирован,643-RUB,155040575.65,87.05959,8904.0,1780855.70127
2026-07-31,6580,Биржевой паевой инвестиционный фонд рыночных финансовых инструментов «Альфа-Капитал ИТ Лидеры»,Биржевой,Сформирован,643-RUB,160898362.69,90.34891,8938.0,1780855.70127
2026-01-30,6589,Биржевой паевой инвестиционный фонд рыночных финансовых инструментов «Ежедневный процент»,Биржевой,Сформирован,643-RUB,11992520688.88,12.5435,14432.0,956072433.09175
2026-02-27,6589,Биржевой паевой инвестиционный фонд рыночных финансовых инструментов «Ежедневный процент»,Биржевой,Сформирован,643-RUB,13537990481.26,12.6865,16607.0,1067114657.76689
2026-03-31,6589,Биржевой паевой инвестиционный фонд рыночных финансовых инструментов «Ежедневный процент»,Биржевой,Сформирован,643-RUB,15272929381.25,12.8488,19043.0,1188665443.7831202
2026-04-30,6589,Биржевой паевой инвестиционный фонд рыночных финансовых инструментов «Ежедневный процент»,Биржевой,Сформирован,643-RUB,17313460495.67,12.9978,21267.0,1332030312.38813
2026-05-29,6589,Биржевой паевой инвестиционный фонд рыночных финансовых инструментов «Ежедневный процент»,Биржевой,Сформирован,643-RUB,18510322548.63,13.1394,23052.0,1408761503.76781
2026-06-30,6589,Биржевой паевой инвестиционный фонд рыночных финансовых инструментов «Ежедневный процент»,Биржевой,Сформирован,643-RUB,19540953397.2,13.2968,24360.0,1469599118.37454
2026-07-31,6589,Биржевой паевой инвестиционный фонд рыночных финансовых инструментов «Ежедневный процент»,Биржевой,Сформирован,643-RUB,20051236317.72,13.4546,25400.0,1490283425.27161
2026-01-30,6615,Биржевой паевой инвестиционный фонд рыночных финансовых инструментов «БКС Индекс Российского рынка»,Биржевой,Сформирован,643-RUB,352869628.37,11.74011,11014.0,30056765.99915
2026-02-27,6615,Биржевой паевой инвестиционный фонд рыночных финансовых инструментов «БКС Индекс Российского рынка»,Биржевой,Сформирован,643-RUB,355510671.92,11.82797,10958.0,30056765.99915
2026-03-31,6615,Биржевой паевой инвестиционный фонд рыночных финансовых инструментов «БКС Индекс Российского рынка»,Биржевой,Сформирован,643-RUB,340309528.43,11.62623,11163.0,29270837.81577
2026-04-30,6615,Биржевой паевой инвестиционный фонд рыночных финансовых инструментов «БКС Индекс Российского рынка»,Биржевой,Сформирован,643-RUB,327370961.04,11.1842,11055.0,29270837.81577
2026-05-29,6615,Биржевой паевой инвестиционный фонд рыночных финансовых инструментов «БКС Индекс Российского рынка»,Биржевой,Сформирован,643-RUB,318225251.59,10.87175,11028.0,29270837.81577
2026-06-30,6615,Биржевой паевой инвестиционный фонд рыночных финансовых инструментов «БКС Индекс Российского рынка»,Биржевой,Сформирован,643-RUB,306125357.82,9.97415,10947.0,30691876.95615
2026-07-31,6615,Биржевой паевой инвестиционный фонд рыночных финансовых инструментов «БКС Индекс Российского рынка»,Биржевой,Сформирован,643-RUB,309977995.95,9.89009,10948.0,31342273.5897
2026-01-30,6626,Биржевой паевой инвестиционный фонд рыночных финансовых инструментов «ПСБ – Рублевые облигации»,Биржевой,Сформирован,643-RUB,1046024490.71,12.77,2878.0,81912962.05322
2026-02-27,6626,Биржевой паевой инвестиционный фонд рыночных финансовых инструментов «ПСБ – Рублевые облигации»,Биржевой,Сформирован,643-RUB,1067902583.72,13.037,3104.0,81912962.05322
2026-03-31,6626,Биржевой паевой инвестиционный фонд рыночных финансовых инструментов «ПСБ – Рублевые облигации»,Биржевой,Сформирован,643-RUB,1075648729.04,13.2441,3289.0,81216903.09493
2026-04-30,6626,Биржевой паевой инвестиционный фонд рыночных финансовых инструментов «ПСБ – Рублевые облигации»,Биржевой,Сформирован,643-RUB,1086777245.12,13.3812,3463.0,81216903.09493
2026-05-29,6626,Биржевой паевой инвестиционный фонд рыночных финансовых инструментов «ПСБ – Рублевые облигации»,Биржевой,Сформирован,643-RUB,1096208418.72,13.4973,3526.0,81216903.09493
2026-06-30,6626,Биржевой паевой инвестиционный фонд рыночных финансовых инструментов «ПСБ – Рублевые облигации»,Биржевой,Сформирован,643-RUB,1064783062.77,13.5576,3538.0,78537969.22318
2026-07-31,6626,Биржевой паевой инвестиционный фонд рыночных финансовых инструментов «ПСБ – Рублевые облигации»,Биржевой,Сформирован,643-RUB,1102337034.08,13.6835,3581.0,80559549.93125
2026-01-30,6635,Биржевой паевой инвестиционный фонд рыночных финансовых инструментов «Т-Капитал ОФЗ»,Биржевой,Сформирован,643-RUB,4824424595.27,13.5424,179200.0,356245320.10636
2026-02-27,6635,Биржевой паевой инвестиционный фонд рыночных финансовых инструментов «Т-Капитал ОФЗ»,Биржевой,Сформирован,643-RUB,5396429849.33,13.788,188816.0,391387027.3324
2026-03-31,6635,Биржевой паевой инвестиционный фонд рыночных финансовых инструментов «Т-Капитал ОФЗ»,Биржевой,Сформирован,643-RUB,6135217365.19,14.0041,202665.0,438102451.96327
2026-04-30,6635,Биржевой паевой инвестиционный фонд рыночных финансовых инструментов «Т-Капитал ОФЗ»,Биржевой,Сформирован,643-RUB,6782967639.78,14.1969,217049.0,477778353.69319
2026-05-29,6635,Биржевой паевой инвестиционный фонд рыночных финансовых инструментов «Т-Капитал ОФЗ»,Биржевой,Сформирован,643-RUB,6781649289.15,14.2229,218146.0,476810440.79644
2026-06-30,6635,Биржевой паевой инвестиционный фонд рыночных финансовых инструментов «Т-Капитал ОФЗ»,Биржевой,Сформирован,643-RUB,6126172504.43,13.6153,215823.0,449946985.26986
2026-07-31,6635,Биржевой паевой инвестиционный фонд рыночных финансовых инструментов «Т-Капитал ОФЗ»,Биржевой,Сформирован,643-RUB,5644561618.12,14.0326,212437.0,402246985.26986
2026-01-30,6661,Биржевой паевой инвестиционный фонд рыночных финансовых инструментов «АК БАРС – Денежный рынок»,Биржевой,Сформирован,643-RUB,52451601.22,121.75,,
2026-02-27,6661,Биржевой паевой инвестиционный фонд рыночных финансовых инструментов «АК БАРС – Денежный рынок»,Биржевой,Сформирован,643-RUB,53057218.98,123.15,1401.0,430829.04217
2026-03-31,6661,Биржевой паевой инвестиционный фонд рыночных финансовых инструментов «АК БАРС – Денежный рынок»,Биржевой,Сформирован,643-RUB,54370463.68,124.73,1515.0,435895.92502
2026-04-30,6661,Биржевой паевой инвестиционный фонд рыночных финансовых инструментов «АК БАРС – Денежный рынок»,Биржевой,Сформирован,643-RUB,60048849.04,126.18,1616.0,475886.32732
2026-05-29,6661,Биржевой паевой инвестиционный фонд рыночных финансовых инструментов «АК БАРС – Денежный рынок»,Биржевой,Сформирован,643-RUB,60713056.58,127.58,1677.0,475886.32732
2026-06-30,6661,Биржевой паевой инвестиционный фонд рыночных финансовых инструментов «АК БАРС – Денежный рынок»,Биржевой,Сформирован,643-RUB,61441487.71,129.11,1805.0,475886.32732
2026-07-31,6661,Биржевой паевой инвестиционный фонд рыночных финансовых инструментов «АК БАРС – Денежный рынок»,Биржевой,Сформирован,643-RUB,62172977.18,130.65,1910.0,475886.32732
2026-01-30,6673,Открытый паевой инвестиционный фонд рыночных финансовых инструментов «РСХБ – Новый импульс»,Открытый,Сформирован,643-RUB,9516041.12,863.98,31.0,11014.14484
2026-02-27,6673,Открытый паевой инвестиционный фонд рыночных финансовых инструментов «РСХБ – Новый импульс»,Открытый,Сформирован,643-RUB,9717682.57,910.39,29.0,10674.14484
2026-03-31,6673,Открытый паевой инвестиционный фонд рыночных финансовых инструментов «РСХБ – Новый импульс»,Открытый,Сформирован,643-RUB,8921561.55,842.09,35.0,10594.58397
2026-04-30,6673,Открытый паевой инвестиционный фонд рыночных финансовых инструментов «РСХБ – Новый импульс»,Открытый,Сформирован,643-RUB,8322791.34,831.03,37.0,10015.07712
2026-05-29,6673,Открытый паевой инвестиционный фонд рыночных финансовых инструментов «РСХБ – Новый импульс»,Открытый,Сформирован,643-RUB,8166779.79,815.55,36.0,10013.89198
2026-06-30,6673,Открытый паевой инвестиционный фонд рыночных финансовых инструментов «РСХБ – Новый импульс»,Открытый,Сформирован,643-RUB,7335666.62,732.18,37.0,10018.88334
2026-07-31,6673,Открытый паевой инвестиционный фонд рыночных финансовых инструментов «РСХБ – Новый импульс»,Открытый,Сформирован,643-RUB,7523781.48,750.48,38.0,10025.22823
2026-01-30,6708,Открытый паевой инвестиционный фонд рыночных финансовых инструментов «ДОХОДЪ. Денежный рынок»,Открытый,Сформирован,643-RUB,61793045.03,1251.37,2704.0,49380.39141999999
2026-02-27,6708,Открытый паевой инвестиционный фонд рыночных финансовых инструментов «ДОХОДЪ. Денежный рынок»,Открытый,Сформирован,643-RUB,87461564.86,1267.16,4781.0,69021.82747999995
2026-03-31,6708,Открытый паевой инвестиционный фонд рыночных финансовых инструментов «ДОХОДЪ. Денежный рынок»,Открытый,Сформирован,643-RUB,102819806.5,1287.72,5363.0,79846.63371
2026-04-30,6708,Открытый паевой инвестиционный фонд рыночных финансовых инструментов «ДОХОДЪ. Денежный рынок»,Открытый,Сформирован,643-RUB,134253724.64,1303.43,5688.0,103000.13891999995
2026-05-29,6708,Открытый паевой инвестиционный фонд рыночных финансовых инструментов «ДОХОДЪ. Денежный рынок»,Открытый,Сформирован,643-RUB,121672927.12,1319.87,4175.0,92185.43766
2026-06-30,6708,Открытый паевой инвестиционный фонд рыночных финансовых инструментов «ДОХОДЪ. Денежный рынок»,Открытый,Сформирован,643-RUB,124341081.25,1332.06,3741.0,93344.92258
2026-07-31,6708,Открытый паевой инвестиционный фонд рыночных финансовых инструментов «ДОХОДЪ. Денежный рынок»,Открытый,Сформирован,643-RUB,117940919.37,1353.89,3333.0,87112.86493
2026-01-30,6709,Открытый паевой инвестиционный фонд рыночных финансовых инструментов «ДОХОДЪ. Золото»,Открытый,Сформирован,643-RUB,45821655.36,1391.99,898.0,32918.163810000005
2026-02-27,6709,Открытый паевой инвестиционный фонд рыночных финансовых инструментов «ДОХОДЪ. Золото»,Открытый,Сформирован,643-RUB,90145056.32,1469.17,1682.0,61357.887999999984
2026-03-31,6709,Открытый паевой инвестиционный фонд рыночных финансовых инструментов «ДОХОДЪ. Золото»,Открытый,Сформирован,643-RUB,161404305.0,1346.7,2788.0,119851.67327999994
2026-04-30,6709,Открытый паевой инвестиционный фонд рыночных финансовых инструментов «ДОХОДЪ. Золото»,Открытый,Сформирован,643-RUB,175289328.22,1251.27,3294.0,140089.00589999993
2026-05-29,6709,Открытый паевой инвестиционный фонд рыночных финансовых инструментов «ДОХОДЪ. Золото»,Открытый,Сформирован,643-RUB,158719169.56,1169.21,3235.0,135749.22781000004
2026-06-30,6709,Открытый паевой инвестиционный фонд рыночных финансовых инструментов «ДОХОДЪ. Золото»,Открытый,Сформирован,643-RUB,153439235.87,1141.46,3041.0,134424.01593
2026-07-31,6709,Открытый паевой инвестиционный фонд рыночных финансовых инструментов «ДОХОДЪ. Золото»,Открытый,Сформирован,643-RUB,158537327.87,1156.81,2976.0,137046.56123
2026-01-30,6720,"Биржевой паевой инвестиционный фонд рыночных финансовых инструментов ""ДОХОДЪ. Стратегии денежного рынка""",Биржевой,Сформирован,643-RUB,145357397.28,1272.48,968.0,114231.44117
2026-02-27,6720,"Биржевой паевой инвестиционный фонд рыночных финансовых инструментов ""ДОХОДЪ. Стратегии денежного рынка""",Биржевой,Сформирован,643-RUB,163437738.41,1289.74,1041.0,126721.2036
2026-03-31,6720,"Биржевой паевой инвестиционный фонд рыночных финансовых инструментов ""ДОХОДЪ. Стратегии денежного рынка""",Биржевой,Сформирован,643-RUB,178460135.78,1312.99,1110.0,135919.27255
2026-04-30,6720,"Биржевой паевой инвестиционный фонд рыночных финансовых инструментов ""ДОХОДЪ. Стратегии денежного рынка""",Биржевой,Сформирован,643-RUB,196949481.02,1330.24,1211.0,148055.33098
2026-05-29,6720,"Биржевой паевой инвестиционный фонд рыночных финансовых инструментов ""ДОХОДЪ. Стратегии денежного рынка""",Биржевой,Сформирован,643-RUB,224567398.75,1347.05,1327.0,166710.20061
2026-06-30,6720,"Биржевой паевой инвестиционный фонд рыночных финансовых инструментов ""ДОХОДЪ. Стратегии денежного рынка""",Биржевой,Сформирован,643-RUB,241894642.74,1360.42,1398.0,177808.53161
2026-07-31,6720,"Биржевой паевой инвестиционный фонд рыночных финансовых инструментов ""ДОХОДЪ. Стратегии денежного рынка""",Биржевой,Сформирован,643-RUB,252072088.96,1383.9,1412.0,182146.45591
2026-01-30,6721,Закрытый паевой инвестиционный фонд недвижимости «АКТИВО ФЛИППИНГ»,Закрытый,Сформирован,643-RUB,493556662.65,137099.07,230.0,3600.0
2026-02-27,6721,Закрытый паевой инвестиционный фонд недвижимости «АКТИВО ФЛИППИНГ»,Закрытый,Сформирован,643-RUB,493404292.4,137056.75,227.0,3600.0
2026-03-31,6721,Закрытый паевой инвестиционный фонд недвижимости «АКТИВО ФЛИППИНГ»,Закрытый,Сформирован,643-RUB,475040591.32,131955.72,228.0,3600.0
2026-04-30,6721,Закрытый паевой инвестиционный фонд недвижимости «АКТИВО ФЛИППИНГ»,Закрытый,Сформирован,643-RUB,442218767.19,122838.55,227.0,3600.0
2026-05-29,6721,Закрытый паевой инвестиционный фонд недвижимости «АКТИВО ФЛИППИНГ»,Закрытый,Сформирован,643-RUB,441394077.54,122609.47,227.0,3600.0
2026-06-30,6721,Закрытый паевой инвестиционный фонд недвижимости «АКТИВО ФЛИППИНГ»,Закрытый,Сформирован,643-RUB,410782001.68,114106.11,227.0,3600.0
2026-07-31,6721,Закрытый паевой инвестиционный фонд недвижимости «АКТИВО ФЛИППИНГ»,Закрытый,Сформирован,643-RUB,409922869.83,113867.46,227.0,3600.0
2026-01-30,6736,Открытый паевой инвестиционный фонд рыночных финансовых инструментов «Бережный подход»,Открытый,Сформирован,643-RUB,3834165051.98,1217.63,5564.0,3148873.58715
2026-02-27,6736,Открытый паевой инвестиционный фонд рыночных финансовых инструментов «Бережный подход»,Открытый,Сформирован,643-RUB,4110862595.51,1230.68,5681.0,3340326.5536500006
2026-03-31,6736,Открытый паевой инвестиционный фонд рыночных финансовых инструментов «Бережный подход»,Открытый,Сформирован,643-RUB,4185800627.12,1245.5,5763.0,3360733.52334
2026-04-30,6736,Открытый паевой инвестиционный фонд рыночных финансовых инструментов «Бережный подход»,Открытый,Сформирован,643-RUB,4311711963.48,1258.99,5843.0,3424741.839050001
2026-05-29,6736,Открытый паевой инвестиционный фонд рыночных финансовых инструментов «Бережный подход»,Открытый,Сформирован,643-RUB,4299328006.22,1271.85,5800.0,3380364.6425499995
2026-06-30,6736,Открытый паевой инвестиционный фонд рыночных финансовых инструментов «Бережный подход»,Открытый,Сформирован,643-RUB,4156720827.86,1286.14,5686.0,3231938.4788199994
2026-07-31,6736,Открытый паевой инвестиционный фонд рыночных финансовых инструментов «Бережный подход»,Открытый,Сформирован,643-RUB,4091275101.49,1300.31,5570.0,3146385.15626
2026-01-30,6763,Биржевой паевой инвестиционный фонд рыночных финансовых инструментов «АТОН – Флоатеры»,Биржевой,Сформирован,643-RUB,4880345200.36,126.6392,2589.0,38537395.65797
2026-02-27,6763,Биржевой паевой инвестиционный фонд рыночных финансовых инструментов «АТОН – Флоатеры»,Биржевой,Сформирован,643-RUB,6259328092.17,128.25,3202.0,48805682.52963
2026-03-31,6763,Биржевой паевой инвестиционный фонд рыночных финансовых инструментов «АТОН – Флоатеры»,Биржевой,Сформирован,643-RUB,7905806310.71,130.2328,3775.0,60705203.65048
2026-04-30,6763,Биржевой паевой инвестиционный фонд рыночных финансовых инструментов «АТОН – Флоатеры»,Биржевой,Сформирован,643-RUB,11912353765.83,132.0114,4408.0,90237317.50036
2026-05-29,6763,Биржевой паевой инвестиционный фонд рыночных финансовых инструментов «АТОН – Флоатеры»,Биржевой,Сформирован,643-RUB,15646443183.76,133.8377,4971.0,116906110.87888
2026-06-30,6763,Биржевой паевой инвестиционный фонд рыночных финансовых инструментов «АТОН – Флоатеры»,Биржевой,Сформирован,643-RUB,18730793463.44,135.7576,5628.0,137972378.31985998
2026-07-31,6763,Биржевой паевой инвестиционный фонд рыночных финансовых инструментов «АТОН – Флоатеры»,Биржевой,Сформирован,643-RUB,22588477589.2,137.6215,6550.0,164134795.48247
2026-01-30,6764,Биржевой паевой инвестиционный фонд рыночных финансовых инструментов «АТОН – Длинные ОФЗ»,Биржевой,Сформирован,643-RUB,2033974814.35,126.0708,1647.0,16133593.09688
2026-02-27,6764,Биржевой паевой инвестиционный фонд рыночных финансовых инструментов «АТОН – Длинные ОФЗ»,Биржевой,Сформирован,643-RUB,5501203070.81,128.5709,1864.0,42787307.51546
2026-03-31,6764,Биржевой паевой инвестиционный фонд рыночных финансовых инструментов «АТОН – Длинные ОФЗ»,Биржевой,Сформирован,643-RUB,5987753602.7,130.4454,2122.0,45902391.60566
2026-04-30,6764,Биржевой паевой инвестиционный фонд рыночных финансовых инструментов «АТОН – Длинные ОФЗ»,Биржевой,Сформирован,643-RUB,6038835954.94,132.4237,2366.0,45602391.60566
2026-05-29,6764,Биржевой паевой инвестиционный фонд рыночных финансовых инструментов «АТОН – Длинные ОФЗ»,Биржевой,Сформирован,643-RUB,6041341598.35,132.4786,2458.0,45602391.60566
2026-06-30,6764,Биржевой паевой инвестиционный фонд рыночных финансовых инструментов «АТОН – Длинные ОФЗ»,Биржевой,Сформирован,643-RUB,5766669425.4,125.3985,2497.0,45986763.45994
2026-07-31,6764,Биржевой паевой инвестиционный фонд рыночных финансовых инструментов «АТОН – Длинные ОФЗ»,Биржевой,Сформирован,643-RUB,1749643960.97,129.6771,2393.0,13492312.0
2026-01-30,6778,Открытый паевой инвестиционный фонд рыночных финансовых инструментов «Апрель Капитал – Долгосрочные облигации»,Открытый,Сформирован,643-RUB,13795583.68,1126.9,,
2026-02-27,6778,Открытый паевой инвестиционный фонд рыночных финансовых инструментов «Апрель Капитал – Долгосрочные облигации»,Открытый,Сформирован,643-RUB,13547253.14,1153.63,,
2026-03-31,6778,Открытый паевой инвестиционный фонд рыночных финансовых инструментов «Апрель Капитал – Долгосрочные облигации»,Открытый,Сформирован,643-RUB,13658804.97,1162.45,24.0,11749.986619999998
2026-04-30,6778,Открытый паевой инвестиционный фонд рыночных финансовых инструментов «Апрель Капитал – Долгосрочные облигации»,Открытый,Сформирован,643-RUB,7342330.41,1174.51,23.0,6251.38222
2026-05-29,6778,Открытый паевой инвестиционный фонд рыночных финансовых инструментов «Апрель Капитал – Долгосрочные облигации»,Открытый,Сформирован,643-RUB,7430265.77,1170.64,22.0,6347.20923
2026-06-30,6778,Открытый паевой инвестиционный фонд рыночных финансовых инструментов «Апрель Капитал – Долгосрочные облигации»,Открытый,Сформирован,643-RUB,7038629.19,1104.59,21.0,6372.19074
2026-07-31,6778,Открытый паевой инвестиционный фонд рыночных финансовых инструментов «Апрель Капитал – Долгосрочные облигации»,Открытый,Сформирован,643-RUB,7268986.63,1148.21,20.0,6330.72126
2026-01-30,6833,Биржевой паевой инвестиционный фонд рыночных финансовых инструментов «СОЛИД – Денежный поток»,Биржевой,Сформирован,643-RUB,295299866.09,1002.68,163.0,294511.48462
2026-02-27,6833,Биржевой паевой инвестиционный фонд рыночных финансовых инструментов «СОЛИД – Денежный поток»,Биржевой,Сформирован,643-RUB,270381392.95,1003.23,171.0,269511.48462
2026-03-31,6833,Биржевой паевой инвестиционный фонд рыночных финансовых инструментов «СОЛИД – Денежный поток»,Биржевой,Сформирован,643-RUB,254125881.04,998.48,194.0,254511.48462
2026-04-30,6833,Биржевой паевой инвестиционный фонд рыночных финансовых инструментов «СОЛИД – Денежный поток»,Биржевой,Сформирован,643-RUB,245814464.57,997.17,180.0,246511.48462
2026-05-29,6833,Биржевой паевой инвестиционный фонд рыночных финансовых инструментов «СОЛИД – Денежный поток»,Биржевой,Сформирован,643-RUB,253526665.83,1000.07,192.0,253510.01493
2026-06-30,6833,Биржевой паевой инвестиционный фонд рыночных финансовых инструментов «СОЛИД – Денежный поток»,Биржевой,Сформирован,643-RUB,263112366.96,998.61,200.0,263478.31573000003
2026-07-31,6833,Биржевой паевой инвестиционный фонд рыночных финансовых инструментов «СОЛИД – Денежный поток»,Биржевой,Сформирован,643-RUB,263979120.18,1001.9,199.0,263478.31573
2026-01-30,6838,Биржевой паевой инвестиционный фонд рыночных финансовых инструментов «Альфа-Капитал Платина - Палладий»,Биржевой,Сформирован,643-RUB,1176940698.22,193.2723,10768.0,6089546.68804
2026-02-27,6838,Биржевой паевой инвестиционный фонд рыночных финансовых инструментов «Альфа-Капитал Платина - Палладий»,Биржевой,Сформирован,643-RUB,1178620593.75,180.85712,11928.0,6516860.38016
2026-03-31,6838,Биржевой паевой инвестиционный фонд рыночных финансовых инструментов «Альфа-Капитал Платина - Палладий»,Биржевой,Сформирован,643-RUB,1101325193.4,155.40991,12367.0,7086583.00438
2026-04-30,6838,Биржевой паевой инвестиционный фонд рыночных финансовых инструментов «Альфа-Капитал Платина - Палладий»,Биржевой,Сформирован,643-RUB,971437412.29,144.84834,12390.0,6706583.00438
2026-05-29,6838,Биржевой паевой инвестиционный фонд рыночных финансовых инструментов «Альфа-Капитал Платина - Палладий»,Биржевой,Сформирован,643-RUB,894929045.49,130.83822,12621.0,6839966.632230001
2026-06-30,6838,Биржевой паевой инвестиционный фонд рыночных финансовых инструментов «Альфа-Капитал Платина - Палладий»,Биржевой,Сформирован,643-RUB,781696117.6,123.29657,12923.0,6339966.632230001
2026-07-31,6838,Биржевой паевой инвестиционный фонд рыночных финансовых инструментов «Альфа-Капитал Платина - Палладий»,Биржевой,Сформирован,643-RUB,799756459.62,129.726,12826.0,6164966.63223
2026-01-30,6848,Биржевой паевой инвестиционный фонд рыночных финансовых инструментов «Альфа-Капитал Денежный рынок Плюс»,Биржевой,Сформирован,643-RUB,7941161976.43,1.16799,1012222.0,6799014159.85237
2026-02-27,6848,Биржевой паевой инвестиционный фонд рыночных финансовых инструментов «Альфа-Капитал Денежный рынок Плюс»,Биржевой,Сформирован,643-RUB,9560999887.75,1.18024,1044454.0,8100915340.66008
2026-03-31,6848,Биржевой паевой инвестиционный фонд рыночных финансовых инструментов «Альфа-Капитал Денежный рынок Плюс»,Биржевой,Сформирован,643-RUB,11535154874.27,1.19394,1099194.0,9661422554.23556
2026-04-30,6848,Биржевой паевой инвестиционный фонд рыночных финансовых инструментов «Альфа-Капитал Денежный рынок Плюс»,Биржевой,Сформирован,643-RUB,11657281395.72,1.20658,1126517.0,9661422554.23556
2026-05-29,6848,Биржевой паевой инвестиционный фонд рыночных финансовых инструментов «Альфа-Капитал Денежный рынок Плюс»,Биржевой,Сформирован,643-RUB,13512924806.12,1.21862,1192706.0,11088725521.11332
2026-06-30,6848,Биржевой паевой инвестиционный фонд рыночных финансовых инструментов «Альфа-Капитал Денежный рынок Плюс»,Биржевой,Сформирован,643-RUB,13811772913.24,1.23197,1246913.0,11211093587.9426
2026-07-31,6848,Биржевой паевой инвестиционный фонд рыночных финансовых инструментов «Альфа-Капитал Денежный рынок Плюс»,Биржевой,Сформирован,643-RUB,14779515904.04,1.24515,1272791.0,11869633074.75295
2026-01-30,6853,Открытый паевой инвестиционный фонд рыночных финансовых инструментов «МКБ Фонд Золото»,Открытый,Сформирован,643-RUB,17420960.45,1460.81,50.0,11925.57042
2026-02-27,6853,Открытый паевой инвестиционный фонд рыночных финансовых инструментов «МКБ Фонд Золото»,Открытый,Сформирован,643-RUB,17283346.89,1546.46,50.0,11176.06102
2026-03-31,6853,Открытый паевой инвестиционный фонд рыночных финансовых инструментов «МКБ Фонд Золото»,Открытый,Сформирован,643-RUB,15538700.71,1415.53,45.0,10977.2735
2026-04-30,6853,Открытый паевой инвестиционный фонд рыночных финансовых инструментов «МКБ Фонд Золото»,Открытый,Сформирован,643-RUB,15090800.97,1317.28,48.0,11456.07265
2026-05-29,6853,Открытый паевой инвестиционный фонд рыночных финансовых инструментов «МКБ Фонд Золото»,Открытый,Сформирован,643-RUB,14149746.73,1233.82,49.0,11468.220910000002
2026-06-30,6853,Открытый паевой инвестиционный фонд рыночных финансовых инструментов «МКБ Фонд Золото»,Открытый,Сформирован,643-RUB,14495861.74,1209.39,50.0,11986.08487
2026-07-31,6853,Открытый паевой инвестиционный фонд рыночных финансовых инструментов «МКБ Фонд Золото»,Открытый,Сформирован,643-RUB,121297619.16,1247.34,50.0,97244.74217
2026-01-30,6876,Биржевой паевой инвестиционный фонд рыночных финансовых инструментов «Т-Капитал Трендовые акции»,Биржевой,Сформирован,643-RUB,482502669.28,10.3192,78874.0,46757656.44319
2026-02-27,6876,Биржевой паевой инвестиционный фонд рыночных финансовых инструментов «Т-Капитал Трендовые акции»,Биржевой,Сформирован,643-RUB,581869638.83,10.4892,80820.0,55473386.15714
2026-03-31,6876,Биржевой паевой инвестиционный фонд рыночных финансовых инструментов «Т-Капитал Трендовые акции»,Биржевой,Сформирован,643-RUB,596062605.71,9.9608,89467.0,59840847.85712
2026-04-30,6876,Биржевой паевой инвестиционный фонд рыночных финансовых инструментов «Т-Капитал Трендовые акции»,Биржевой,Сформирован,643-RUB,596487481.74,9.6134,90696.0,62047790.59376
2026-05-29,6876,Биржевой паевой инвестиционный фонд рыночных финансовых инструментов «Т-Капитал Трендовые акции»,Биржевой,Сформирован,643-RUB,587022151.63,9.4608,92153.0,62047790.59376
2026-06-30,6876,Биржевой паевой инвестиционный фонд рыночных финансовых инструментов «Т-Капитал Трендовые акции»,Биржевой,Сформирован,643-RUB,547740650.6,8.7777,92194.0,62401043.46394
2026-07-31,6876,Биржевой паевой инвестиционный фонд рыночных финансовых инструментов «Т-Капитал Трендовые акции»,Биржевой,Сформирован,643-RUB,481319701.97,8.5151,89333.0,56525739.77731
2026-01-30,6911,Биржевой паевой инвестиционный фонд рыночных финансовых инструментов «Альфа-Капитал Индекс голубых фишек МосБиржи»,Биржевой,Сформирован,643-RUB,109897604.66,102.28636,5591.0,1074411.09577
2026-02-27,6911,Биржевой паевой инвестиционный фонд рыночных финансовых инструментов «Альфа-Капитал Индекс голубых фишек МосБиржи»,Биржевой,Сформирован,643-RUB,110379674.57,102.73505,6097.0,1074411.09577
2026-03-31,6911,Биржевой паевой инвестиционный фонд рыночных финансовых инструментов «Альфа-Капитал Индекс голубых фишек МосБиржи»,Биржевой,Сформирован,643-RUB,110285158.14,102.64708,6293.0,1074411.09577
2026-04-30,6911,Биржевой паевой инвестиционный фонд рыночных финансовых инструментов «Альфа-Капитал Индекс голубых фишек МосБиржи»,Биржевой,Сформирован,643-RUB,105307496.47,98.01416,6503.0,1074411.09577
2026-05-29,6911,Биржевой паевой инвестиционный фонд рыночных финансовых инструментов «Альфа-Капитал Индекс голубых фишек МосБиржи»,Биржевой,Сформирован,643-RUB,102675302.94,95.56426,6602.0,1074411.09577
2026-06-30,6911,Биржевой паевой инвестиционный фонд рыночных финансовых инструментов «Альфа-Капитал Индекс голубых фишек МосБиржи»,Биржевой,Сформирован,643-RUB,103128476.8,87.27484,7063.0,1181651.89417
2026-07-31,6911,Биржевой паевой инвестиционный фонд рыночных финансовых инструментов «Альфа-Капитал Индекс голубых фишек МосБиржи»,Биржевой,Сформирован,643-RUB,106987143.8,84.93392,7178.0,1259651.57671
2026-01-30,6917,Открытый паевой инвестиционный фонд рыночных финансовых инструментов «Великолепная семерка»,Открытый,Сформирован,643-RUB,28400398.75,112.86,904.0,251645.34877
2026-02-27,6917,Открытый паевой инвестиционный фонд рыночных финансовых инструментов «Великолепная семерка»,Открытый,Сформирован,643-RUB,27870402.79,113.72,924.0,245069.84041
2026-03-31,6917,Открытый паевой инвестиционный фонд рыночных финансовых инструментов «Великолепная семерка»,Открытый,Сформирован,643-RUB,25702674.02,114.38,945.0,224705.59676
2026-04-30,6917,Открытый паевой инвестиционный фонд рыночных финансовых инструментов «Великолепная семерка»,Открытый,Сформирован,643-RUB,26878399.26,112.98,959.0,237893.85551
2026-05-29,6917,Открытый паевой инвестиционный фонд рыночных финансовых инструментов «Великолепная семерка»,Открытый,Сформирован,643-RUB,27821795.59,112.27,954.0,247806.6813
2026-06-30,6917,Открытый паевой инвестиционный фонд рыночных финансовых инструментов «Великолепная семерка»,Открытый,Сформирован,643-RUB,28486565.35,105.09,945.0,271079.3046800001
2026-07-31,6917,Открытый паевой инвестиционный фонд рыночных финансовых инструментов «Великолепная семерка»,Открытый,Сформирован,643-RUB,30965301.59,111.65,933.0,277339.05495
2026-01-30,6918,Биржевой паевой инвестиционный фонд рыночных финансовых инструментов «БКС Всепогодный портфель»,Биржевой,Сформирован,643-RUB,236891837.88,10.92308,7599.0,21687277.42946
2026-02-27,6918,Биржевой паевой инвестиционный фонд рыночных финансовых инструментов «БКС Всепогодный портфель»,Биржевой,Сформирован,643-RUB,240016259.67,11.06715,7679.0,21687277.42946
2026-03-31,6918,Биржевой паевой инвестиционный фонд рыночных финансовых инструментов «БКС Всепогодный портфель»,Биржевой,Сформирован,643-RUB,213460072.21,11.14276,8089.0,19156842.34791
2026-04-30,6918,Биржевой паевой инвестиционный фонд рыночных финансовых инструментов «БКС Всепогодный портфель»,Биржевой,Сформирован,643-RUB,207521504.62,10.83276,7933.0,19156842.34791
2026-05-29,6918,Биржевой паевой инвестиционный фонд рыночных финансовых инструментов «БКС Всепогодный портфель»,Биржевой,Сформирован,643-RUB,203329574.77,10.61394,7797.0,19156842.34791
2026-06-30,6918,Биржевой паевой инвестиционный фонд рыночных финансовых инструментов «БКС Всепогодный портфель»,Биржевой,Сформирован,643-RUB,203200304.77,10.60719,7611.0,19156842.34791
2026-07-31,6918,Биржевой паевой инвестиционный фонд рыночных финансовых инструментов «БКС Всепогодный портфель»,Биржевой,Сформирован,643-RUB,180672005.68,10.53061,7494.0,17156842.34791
2026-01-30,6919,Биржевой паевой инвестиционный фонд рыночных финансовых инструментов «ПСБ – Золотой рынок»,Биржевой,Сформирован,643-RUB,181780881.95,14.3034,2489.0,12708944.72406
2026-02-27,6919,Биржевой паевой инвестиционный фонд рыночных финансовых инструментов «ПСБ – Золотой рынок»,Биржевой,Сформирован,643-RUB,245116787.42,15.1372,3147.0,16193022.48868
2026-03-31,6919,Биржевой паевой инвестиционный фонд рыночных финансовых инструментов «ПСБ – Золотой рынок»,Биржевой,Сформирован,643-RUB,314354704.25,13.897,3568.0,22620306.45107
2026-04-30,6919,Биржевой паевой инвестиционный фонд рыночных финансовых инструментов «ПСБ – Золотой рынок»,Биржевой,Сформирован,643-RUB,292433123.29,12.9279,3645.0,22620306.45107
2026-05-29,6919,Биржевой паевой инвестиционный фонд рыночных финансовых инструментов «ПСБ – Золотой рынок»,Биржевой,Сформирован,643-RUB,291346846.74,12.0969,3672.0,24084411.4762
2026-06-30,6919,Биржевой паевой инвестиционный фонд рыночных финансовых инструментов «ПСБ – Золотой рынок»,Биржевой,Сформирован,643-RUB,284480038.71,11.8118,3715.0,24084411.4762
2026-07-31,6919,Биржевой паевой инвестиционный фонд рыночных финансовых инструментов «ПСБ – Золотой рынок»,Биржевой,Сформирован,643-RUB,294653684.4,11.9868,3727.0,24581445.83784
2026-01-30,6930,"Открытый паевой инвестиционный фонд рыночных финансовых инструментов «Первый долевой», доверительное управление которым осуществляется в целях долевого страхования жизни",Открытый,Сформирован,643-RUB,9351804388.03,1157.41,4598.0,7867478.555590001
2026-02-27,6930,"Открытый паевой инвестиционный фонд рыночных финансовых инструментов «Первый долевой», доверительное управление которым осуществляется в целях долевого страхования жизни",Открытый,Сформирован,643-RUB,8632524099.86,1172.75,4781.0,7360939.813729997
2026-03-31,6930,"Открытый паевой инвестиционный фонд рыночных финансовых инструментов «Первый долевой», доверительное управление которым осуществляется в целях долевого страхования жизни",Открытый,Сформирован,643-RUB,9171816237.02,1189.65,4795.0,7709691.03732
2026-04-30,6930,"Открытый паевой инвестиционный фонд рыночных финансовых инструментов «Первый долевой», доверительное управление которым осуществляется в целях долевого страхования жизни",Открытый,Сформирован,643-RUB,9693644613.06,1204.89,4996.0,8045286.122529997
2026-05-29,6930,"Открытый паевой инвестиционный фонд рыночных финансовых инструментов «Первый долевой», доверительное управление которым осуществляется в целях долевого страхования жизни",Открытый,Сформирован,643-RUB,10939619738.36,1218.49,5083.0,8977989.90797
2026-06-30,6930,"Открытый паевой инвестиционный фонд рыночных финансовых инструментов «Первый долевой», доверительное управление которым осуществляется в целях долевого страхования жизни",Открытый,Сформирован,643-RUB,11604976033.19,1232.22,5179.0,9417911.64936
2026-07-31,6930,"Открытый паевой инвестиционный фонд рыночных финансовых инструментов «Первый долевой», доверительное управление которым осуществляется в целях долевого страхования жизни",Открытый,Сформирован,643-RUB,9339598499.8,1247.42,5086.0,7487131.62853
2026-01-30,6931,Открытый паевой инвестиционный фонд рыночных финансовых инструментов «Матрешка а-ля Рус»,Открытый,Сформирован,643-RUB,39337687.02,114.55,913.0,343421.20237
2026-02-27,6931,Открытый паевой инвестиционный фонд рыночных финансовых инструментов «Матрешка а-ля Рус»,Открытый,Сформирован,643-RUB,42617506.0,117.38,952.0,363076.8796999999
2026-03-31,6931,Открытый паевой инвестиционный фонд рыночных финансовых инструментов «Матрешка а-ля Рус»,Открытый,Сформирован,643-RUB,49501619.04,117.06,1036.0,422861.42078000016
2026-04-30,6931,Открытый паевой инвестиционный фонд рыночных финансовых инструментов «Матрешка а-ля Рус»,Открытый,Сформирован,643-RUB,54042751.07,117.51,1058.0,459911.5375
2026-05-29,6931,Открытый паевой инвестиционный фонд рыночных финансовых инструментов «Матрешка а-ля Рус»,Открытый,Сформирован,643-RUB,61416625.74,115.06,1312.0,533783.2729499999
2026-06-30,6931,Открытый паевой инвестиционный фонд рыночных финансовых инструментов «Матрешка а-ля Рус»,Открытый,Сформирован,643-RUB,62883119.41,109.09,1435.0,576412.5649799999
2026-07-31,6931,Открытый паевой инвестиционный фонд рыночных финансовых инструментов «Матрешка а-ля Рус»,Открытый,Сформирован,643-RUB,67760311.83,114.56,1404.0,591479.47811
2026-01-30,6932,Открытый паевой инвестиционный фонд рыночных финансовых инструментов «Блэк лайн»,Открытый,Сформирован,643-RUB,35951122.33,106.4,997.0,337891.68344
2026-02-27,6932,Открытый паевой инвестиционный фонд рыночных финансовых инструментов «Блэк лайн»,Открытый,Сформирован,643-RUB,39060326.67,107.17,1031.0,364473.3026400003
2026-03-31,6932,Открытый паевой инвестиционный фонд рыночных финансовых инструментов «Блэк лайн»,Открытый,Сформирован,643-RUB,35820706.25,100.56,1053.0,356196.4380000002
2026-04-30,6932,Открытый паевой инвестиционный фонд рыночных финансовых инструментов «Блэк лайн»,Открытый,Сформирован,643-RUB,35918302.8,95.69,1063.0,375349.3052500001
2026-05-29,6932,Открытый паевой инвестиционный фонд рыночных финансовых инструментов «Блэк лайн»,Открытый,Сформирован,643-RUB,35845818.74,93.41,1069.0,383758.1129200001
2026-06-30,6932,Открытый паевой инвестиционный фонд рыночных финансовых инструментов «Блэк лайн»,Открытый,Сформирован,643-RUB,33169423.44,84.12,1082.0,394331.1347000002
2026-07-31,6932,Открытый паевой инвестиционный фонд рыночных финансовых инструментов «Блэк лайн»,Открытый,Сформирован,643-RUB,33959987.46,86.02,1106.0,394798.33934
2026-01-30,6938,Биржевой паевой инвестиционный фонд рыночных финансовых инструментов «Первая – Фонд Голубые фишки»,Биржевой,Сформирован,643-RUB,159924748.88,10.5815,9227.0,15113596.0
2026-02-27,6938,Биржевой паевой инвестиционный фонд рыночных финансовых инструментов «Первая – Фонд Голубые фишки»,Биржевой,Сформирован,643-RUB,343797528.87,10.6301,9474.0,32341889.0
2026-03-31,6938,Биржевой паевой инвестиционный фонд рыночных финансовых инструментов «Первая – Фонд Голубые фишки»,Биржевой,Сформирован,643-RUB,343535353.92,10.622,9936.0,32341889.0
2026-04-30,6938,Биржевой паевой инвестиционный фонд рыночных финансовых инструментов «Первая – Фонд Голубые фишки»,Биржевой,Сформирован,643-RUB,328062190.2,10.1436,10020.0,32341889.0
2026-05-29,6938,Биржевой паевой инвестиционный фонд рыночных финансовых инструментов «Первая – Фонд Голубые фишки»,Биржевой,Сформирован,643-RUB,319868619.23,9.8902,9990.0,32341889.0
2026-06-30,6938,Биржевой паевой инвестиционный фонд рыночных финансовых инструментов «Первая – Фонд Голубые фишки»,Биржевой,Сформирован,643-RUB,292191572.48,9.0345,10162.0,32341889.0
2026-07-31,6938,Биржевой паевой инвестиционный фонд рыночных финансовых инструментов «Первая – Фонд Голубые фишки»,Биржевой,Сформирован,643-RUB,284353157.56,8.7921,10473.0,32341889.0
2026-01-30,6955,"Биржевой паевой инвестиционный фонд рыночных финансовых инструментов ""ДОХОДЪ. Облигации до декабря 2026/2029/2032""",Биржевой,Сформирован,643-RUB,61220501.54,1194.48,403.0,51252.72299
2026-02-27,6955,"Биржевой паевой инвестиционный фонд рыночных финансовых инструментов ""ДОХОДЪ. Облигации до декабря 2026/2029/2032""",Биржевой,Сформирован,643-RUB,62116287.26,1211.96,411.0,51252.72299
2026-03-31,6955,"Биржевой паевой инвестиционный фонд рыночных финансовых инструментов ""ДОХОДЪ. Облигации до декабря 2026/2029/2032""",Биржевой,Сформирован,643-RUB,70260690.24,1233.01,444.0,56983.2272
2026-04-30,6955,"Биржевой паевой инвестиционный фонд рыночных финансовых инструментов ""ДОХОДЪ. Облигации до декабря 2026/2029/2032""",Биржевой,Сформирован,643-RUB,75227658.45,1249.65,500.0,60199.15246
2026-05-29,6955,"Биржевой паевой инвестиционный фонд рыночных финансовых инструментов ""ДОХОДЪ. Облигации до декабря 2026/2029/2032""",Биржевой,Сформирован,643-RUB,81267678.93,1266.42,531.0,64171.03156
2026-06-30,6955,"Биржевой паевой инвестиционный фонд рыночных финансовых инструментов ""ДОХОДЪ. Облигации до декабря 2026/2029/2032""",Биржевой,Сформирован,643-RUB,85172000.08,1280.35,556.0,66522.25772
2026-07-31,6955,"Биржевой паевой инвестиционный фонд рыночных финансовых инструментов ""ДОХОДЪ. Облигации до декабря 2026/2029/2032""",Биржевой,Сформирован,643-RUB,93773815.4,1302.77,582.0,71980.60275
2026-01-30,6970,"Биржевой паевой инвестиционный фонд рыночных финансовых инструментов ""ДОХОДЪ. Облигации до декабря 2027/2030/2033""",Биржевой,Сформирован,643-RUB,70431699.16,1183.68,396.0,59502.17901
2026-02-27,6970,"Биржевой паевой инвестиционный фонд рыночных финансовых инструментов ""ДОХОДЪ. Облигации до декабря 2027/2030/2033""",Биржевой,Сформирован,643-RUB,71446636.37,1200.74,393.0,59502.17901
2026-03-31,6970,"Биржевой паевой инвестиционный фонд рыночных финансовых инструментов ""ДОХОДЪ. Облигации до декабря 2027/2030/2033""",Биржевой,Сформирован,643-RUB,79992811.79,1226.19,420.0,65237.11823
2026-04-30,6970,"Биржевой паевой инвестиционный фонд рыночных финансовых инструментов ""ДОХОДЪ. Облигации до декабря 2027/2030/2033""",Биржевой,Сформирован,643-RUB,81131707.06,1243.64,461.0,65237.11823
2026-05-29,6970,"Биржевой паевой инвестиционный фонд рыночных финансовых инструментов ""ДОХОДЪ. Облигации до декабря 2027/2030/2033""",Биржевой,Сформирован,643-RUB,91001365.89,1256.19,495.0,72442.14394000001
2026-06-30,6970,"Биржевой паевой инвестиционный фонд рыночных финансовых инструментов ""ДОХОДЪ. Облигации до декабря 2027/2030/2033""",Биржевой,Сформирован,643-RUB,96361175.16,1261.3,512.0,76398.43484
2026-07-31,6970,"Биржевой паевой инвестиционный фонд рыночных финансовых инструментов ""ДОХОДЪ. Облигации до декабря 2027/2030/2033""",Биржевой,Сформирован,643-RUB,98051444.11,1283.42,500.0,76398.43484
2026-01-30,6971,"Биржевой паевой инвестиционный фонд рыночных финансовых инструментов ""ДОХОДЪ. Облигации до декабря 2025/2028/2031""",Биржевой,Сформирован,643-RUB,50368540.56,1140.19,349.0,44175.67341
2026-02-27,6971,"Биржевой паевой инвестиционный фонд рыночных финансовых инструментов ""ДОХОДЪ. Облигации до декабря 2025/2028/2031""",Биржевой,Сформирован,643-RUB,51234252.87,1159.78,348.0,44175.67341
2026-03-31,6971,"Биржевой паевой инвестиционный фонд рыночных финансовых инструментов ""ДОХОДЪ. Облигации до декабря 2025/2028/2031""",Биржевой,Сформирован,643-RUB,58563432.22,1187.04,377.0,49335.49901
2026-04-30,6971,"Биржевой паевой инвестиционный фонд рыночных финансовых инструментов ""ДОХОДЪ. Облигации до декабря 2025/2028/2031""",Биржевой,Сформирован,643-RUB,64478341.51,1204.53,406.0,53529.98913
2026-05-29,6971,"Биржевой паевой инвестиционный фонд рыночных финансовых инструментов ""ДОХОДЪ. Облигации до декабря 2025/2028/2031""",Биржевой,Сформирован,643-RUB,70363717.63,1220.73,443.0,57640.71566
2026-06-30,6971,"Биржевой паевой инвестиционный фонд рыночных финансовых инструментов ""ДОХОДЪ. Облигации до декабря 2025/2028/2031""",Биржевой,Сформирован,643-RUB,79250687.8,1219.72,463.0,64974.72262
2026-07-31,6971,"Биржевой паевой инвестиционный фонд рыночных финансовых инструментов ""ДОХОДЪ. Облигации до декабря 2025/2028/2031""",Биржевой,Сформирован,643-RUB,80206489.19,1234.43,452.0,64974.72262
2026-01-30,6972,"Биржевой паевой инвестиционный фонд рыночных финансовых инструментов ""ДОХОДЪ. Анализ акций""",Биржевой,Сформирован,643-RUB,26831559.72,1052.22,284.0,25500.0
2026-02-27,6972,"Биржевой паевой инвестиционный фонд рыночных финансовых инструментов ""ДОХОДЪ. Анализ акций""",Биржевой,Сформирован,643-RUB,27137019.69,1064.2,295.0,25500.0
2026-03-31,6972,"Биржевой паевой инвестиционный фонд рыночных финансовых инструментов ""ДОХОДЪ. Анализ акций""",Биржевой,Сформирован,643-RUB,26481522.51,1038.49,300.0,25500.0
2026-04-30,6972,"Биржевой паевой инвестиционный фонд рыночных финансовых инструментов ""ДОХОДЪ. Анализ акций""",Биржевой,Сформирован,643-RUB,25749772.09,1009.79,303.0,25500.0
2026-05-29,6972,"Биржевой паевой инвестиционный фонд рыночных финансовых инструментов ""ДОХОДЪ. Анализ акций""",Биржевой,Сформирован,643-RUB,24969143.24,979.18,307.0,25500.0
2026-06-30,6972,"Биржевой паевой инвестиционный фонд рыночных финансовых инструментов ""ДОХОДЪ. Анализ акций""",Биржевой,Сформирован,643-RUB,31795890.43,893.11,309.0,35601.41824
2026-07-31,6972,"Биржевой паевой инвестиционный фонд рыночных финансовых инструментов ""ДОХОДЪ. Анализ акций""",Биржевой,Сформирован,643-RUB,33195020.67,932.41,317.0,35601.41824
2026-01-30,6991,Открытый паевой инвестиционный фонд рыночных финансовых инструментов «Альфа-Капитал Накопительный»,Открытый,Сформирован,643-RUB,37990055529.2,113.21,8214.0,335582723.8018499
2026-02-27,6991,Открытый паевой инвестиционный фонд рыночных финансовых инструментов «Альфа-Капитал Накопительный»,Открытый,Сформирован,643-RUB,38068533125.39,114.62,9469.0,332131155.7479399
2026-03-31,6991,Открытый паевой инвестиционный фонд рыночных финансовых инструментов «Альфа-Капитал Накопительный»,Открытый,Сформирован,643-RUB,41589577814.27,116.22,10813.0,357856722.6880702
2026-04-30,6991,Открытый паевой инвестиционный фонд рыночных финансовых инструментов «Альфа-Капитал Накопительный»,Открытый,Сформирован,643-RUB,46166235029.1,117.71,11840.0,392210889.41008985
2026-05-29,6991,Открытый паевой инвестиционный фонд рыночных финансовых инструментов «Альфа-Капитал Накопительный»,Открытый,Сформирован,643-RUB,50247984599.57,119.15,13417.0,421703247.87185
2026-06-30,6991,Открытый паевой инвестиционный фонд рыночных финансовых инструментов «Альфа-Капитал Накопительный»,Открытый,Сформирован,643-RUB,57314367160.08,120.62,18033.0,475173849.6748099
2026-07-31,6991,Открытый паевой инвестиционный фонд рыночных финансовых инструментов «Альфа-Капитал Накопительный»,Открытый,Сформирован,643-RUB,66837510889.91,122.15,18953.0,547181917.67927
2026-01-30,6992,Открытый паевой инвестиционный фонд рыночных финансовых инструментов «Первая - Левитан»,Открытый,Сформирован,643-RUB,2864272695.52,1149.69,2775.0,2491350.6875908007
2026-02-27,6992,Открытый паевой инвестиционный фонд рыночных финансовых инструментов «Первая - Левитан»,Открытый,Сформирован,643-RUB,2535481029.4,1167.68,2749.0,2171379.7443945995
2026-03-31,6992,Открытый паевой инвестиционный фонд рыночных финансовых инструментов «Первая - Левитан»,Открытый,Сформирован,643-RUB,2262927640.44,1190.65,2742.0,1900588.6778958004
2026-04-30,6992,Открытый паевой инвестиционный фонд рыночных финансовых инструментов «Первая - Левитан»,Открытый,Сформирован,643-RUB,2165856686.22,1208.62,2810.0,1792003.4761978
2026-05-29,6992,Открытый паевой инвестиционный фонд рыночных финансовых инструментов «Первая - Левитан»,Открытый,Сформирован,643-RUB,2178817266.93,1217.65,2902.0,1789360.2853705
2026-06-30,6992,Открытый паевой инвестиционный фонд рыночных финансовых инструментов «Первая - Левитан»,Открытый,Сформирован,643-RUB,2057923102.39,1207.45,2931.0,1704349.3163966003
2026-07-31,6992,Открытый паевой инвестиционный фонд рыночных финансовых инструментов «Первая - Левитан»,Открытый,Сформирован,643-RUB,1959554575.16,1222.45,2884.0,1602972.9144046
2026-01-30,6996,Биржевой паевой инвестиционный фонд рыночных финансовых инструментов «Альфа-Капитал Управляемые валютные облигации»,Биржевой,Сформирован,643-RUB,3346348832.92,1.06186,10170.0,3151400800.5971
2026-02-27,6996,Биржевой паевой инвестиционный фонд рыночных финансовых инструментов «Альфа-Капитал Управляемые валютные облигации»,Биржевой,Сформирован,643-RUB,3307951640.92,1.0642,11149.0,3108383567.31827
2026-03-31,6996,Биржевой паевой инвестиционный фонд рыночных финансовых инструментов «Альфа-Капитал Управляемые валютные облигации»,Биржевой,Сформирован,643-RUB,3617743928.4,1.11106,11872.0,3256124466.74742
2026-04-30,6996,Биржевой паевой инвестиционный фонд рыночных финансовых инструментов «Альфа-Капитал Управляемые валютные облигации»,Биржевой,Сформирован,643-RUB,4095317240.7,1.05706,12780.0,3874266192.33171
2026-05-29,6996,Биржевой паевой инвестиционный фонд рыночных финансовых инструментов «Альфа-Капитал Управляемые валютные облигации»,Биржевой,Сформирован,643-RUB,4184189799.65,1.02048,13118.0,4100227920.60236
2026-06-30,6996,Биржевой паевой инвестиционный фонд рыночных финансовых инструментов «Альфа-Капитал Управляемые валютные облигации»,Биржевой,Сформирован,643-RUB,5837827650.61,1.11468,13227.0,5237216997.03726
2026-07-31,6996,Биржевой паевой инвестиционный фонд рыночных финансовых инструментов «Альфа-Капитал Управляемые валютные облигации»,Биржевой,Сформирован,643-RUB,5549826051.95,1.11284,13232.0,4987089992.45014
2026-01-30,7003,Биржевой паевой инвестиционный фонд рыночных финансовых инструментов «БКС Золото»,Биржевой,Сформирован,643-RUB,374681574.94,14.56136,14002.0,25731220.77373
2026-02-27,7003,Биржевой паевой инвестиционный фонд рыночных финансовых инструментов «БКС Золото»,Биржевой,Сформирован,643-RUB,454729971.22,15.44208,15144.0,29447459.8327
2026-03-31,7003,Биржевой паевой инвестиционный фонд рыночных финансовых инструментов «БКС Золото»,Биржевой,Сформирован,643-RUB,422402878.82,14.11702,16527.0,29921533.5673
2026-04-30,7003,Биржевой паевой инвестиционный фонд рыночных финансовых инструментов «БКС Золото»,Биржевой,Сформирован,643-RUB,399888410.74,13.14021,16712.0,30432420.56931
2026-05-29,7003,Биржевой паевой инвестиционный фонд рыночных финансовых инструментов «БКС Золото»,Биржевой,Сформирован,643-RUB,373892489.04,12.28599,16679.0,30432420.56931
2026-06-30,7003,Биржевой паевой инвестиционный фонд рыночных финансовых инструментов «БКС Золото»,Биржевой,Сформирован,643-RUB,347617150.67,11.99821,16604.0,28972420.56931
2026-07-31,7003,Биржевой паевой инвестиционный фонд рыночных финансовых инструментов «БКС Золото»,Биржевой,Сформирован,643-RUB,377912504.53,12.16697,16607.0,31060530.454
2026-01-30,7004,Закрытый паевой инвестиционный фонд недвижимости «АКТИВО ДВАДЦАТЬ ОДИН»,Закрытый,Сформирован,643-RUB,969751890.36,101971.81,411.0,9510.0
2026-02-27,7004,Закрытый паевой инвестиционный фонд недвижимости «АКТИВО ДВАДЦАТЬ ОДИН»,Закрытый,Сформирован,643-RUB,976285748.82,102658.86,410.0,9510.0
2026-03-31,7004,Закрытый паевой инвестиционный фонд недвижимости «АКТИВО ДВАДЦАТЬ ОДИН»,Закрытый,Сформирован,643-RUB,971813671.8,102188.61,414.0,9510.0
2026-04-30,7004,Закрытый паевой инвестиционный фонд недвижимости «АКТИВО ДВАДЦАТЬ ОДИН»,Закрытый,Сформирован,643-RUB,974205956.66,102440.16,415.0,9510.0
2026-05-29,7004,Закрытый паевой инвестиционный фонд недвижимости «АКТИВО ДВАДЦАТЬ ОДИН»,Закрытый,Сформирован,643-RUB,994597925.42,104584.43,415.0,9510.0
2026-06-30,7004,Закрытый паевой инвестиционный фонд недвижимости «АКТИВО ДВАДЦАТЬ ОДИН»,Закрытый,Сформирован,643-RUB,990008749.19,104101.87,415.0,9510.0
2026-07-31,7004,Закрытый паевой инвестиционный фонд недвижимости «АКТИВО ДВАДЦАТЬ ОДИН»,Закрытый,Сформирован,643-RUB,990028733.7,104103.97,414.0,9510.0
2026-01-30,7052,Закрытый паевой инвестиционный фонд недвижимости «ПИИ-рентный»,Закрытый,Сформирован,643-RUB,6889962921.72,10513810.59,1.0,655.325
2026-02-27,7052,Закрытый паевой инвестиционный фонд недвижимости «ПИИ-рентный»,Закрытый,Сформирован,643-RUB,6960096617.63,10620831.83,1.0,655.325
2026-03-31,7052,Закрытый паевой инвестиционный фонд недвижимости «ПИИ-рентный»,Закрытый,Сформирован,643-RUB,7007454222.63,10693097.66,1.0,655.325
2026-04-30,7052,Закрытый паевой инвестиционный фонд недвижимости «ПИИ-рентный»,Закрытый,Сформирован,643-RUB,7069756507.16,10788168.48,1.0,655.325
2026-05-29,7052,Закрытый паевой инвестиционный фонд недвижимости «ПИИ-рентный»,Закрытый,Сформирован,643-RUB,7147488644.59,10906784.64,1.0,655.325
2026-06-30,7052,Закрытый паевой инвестиционный фонд недвижимости «ПИИ-рентный»,Закрытый,Сформирован,643-RUB,7201227402.67,10988787.86,1.0,655.325
2026-07-31,7052,Закрытый паевой инвестиционный фонд недвижимости «ПИИ-рентный»,Закрытый,Сформирован,643-RUB,7276002358.39,11102891.48,1.0,655.325
2026-01-30,7057,Открытый паевой инвестиционный фонд рыночных финансовых инструментов «БКС ОФЗ с выплатой дохода»,Открытый,Сформирован,643-RUB,2465282258.41,102.74,12818.0,23995995.35477
2026-02-27,7057,Открытый паевой инвестиционный фонд рыночных финансовых инструментов «БКС ОФЗ с выплатой дохода»,Открытый,Сформирован,643-RUB,2464265118.59,104.55,13570.0,23570995.35477
2026-03-31,7057,Открытый паевой инвестиционный фонд рыночных финансовых инструментов «БКС ОФЗ с выплатой дохода»,Открытый,Сформирован,643-RUB,2346401104.78,103.27,15236.0,22720995.35477
2026-04-30,7057,Открытый паевой инвестиционный фонд рыночных финансовых инструментов «БКС ОФЗ с выплатой дохода»,Открытый,Сформирован,643-RUB,2393747087.87,104.46,16189.0,22914605.88453
2026-05-29,7057,Открытый паевой инвестиционный фонд рыночных финансовых инструментов «БКС ОФЗ с выплатой дохода»,Открытый,Сформирован,643-RUB,2339703105.74,104.62,16327.0,22364605.88453
2026-06-30,7057,Открытый паевой инвестиционный фонд рыночных финансовых инструментов «БКС ОФЗ с выплатой дохода»,Открытый,Сформирован,643-RUB,2490141796.45,98.13,16237.0,25376239.50173
2026-07-31,7057,Открытый паевой инвестиционный фонд рыночных финансовых инструментов «БКС ОФЗ с выплатой дохода»,Открытый,Сформирован,643-RUB,2403177883.08,100.44,16140.0,23926239.50173
2026-01-30,7100,Открытый паевой инвестиционный фонд рыночных финансовых инструментов «Капитал Лайф Фонд смешанных инвестиций для долевого страхования жизни»,Открытый,Сформирован,643-RUB,105878499.63,1016.14,440.0,104196.268529
2026-02-27,7100,Открытый паевой инвестиционный фонд рыночных финансовых инструментов «Капитал Лайф Фонд смешанных инвестиций для долевого страхования жизни»,Открытый,Сформирован,643-RUB,143954926.34,1025.82,535.0,140331.1437010001
2026-03-31,7100,Открытый паевой инвестиционный фонд рыночных финансовых инструментов «Капитал Лайф Фонд смешанных инвестиций для долевого страхования жизни»,Открытый,Сформирован,643-RUB,171335728.43,1031.65,643.0,166079.680866
2026-04-30,7100,Открытый паевой инвестиционный фонд рыночных финансовых инструментов «Капитал Лайф Фонд смешанных инвестиций для долевого страхования жизни»,Открытый,Сформирован,643-RUB,203507230.78,1037.81,757.0,196093.456546
2026-05-29,7100,Открытый паевой инвестиционный фонд рыночных финансовых инструментов «Капитал Лайф Фонд смешанных инвестиций для долевого страхования жизни»,Открытый,Сформирован,643-RUB,237800877.7,1041.36,869.0,228356.445429
2026-06-30,7100,Открытый паевой инвестиционный фонд рыночных финансовых инструментов «Капитал Лайф Фонд смешанных инвестиций для долевого страхования жизни»,Открытый,Сформирован,643-RUB,270075805.71,1016.52,1046.0,265687.08717300004
2026-07-31,7100,Открытый паевой инвестиционный фонд рыночных финансовых инструментов «Капитал Лайф Фонд смешанных инвестиций для долевого страхования жизни»,Открытый,Сформирован,643-RUB,323003830.36,1027.53,1227.0,314350.332951
2026-01-30,7101,Открытый паевой инвестиционный фонд рыночных финансовых инструментов «Капитал Лайф Фонд акций для долевого страхования жизни»,Открытый,Сформирован,643-RUB,40804667.6,1003.11,175.0,40678.279245000005
2026-02-27,7101,Открытый паевой инвестиционный фонд рыночных финансовых инструментов «Капитал Лайф Фонд акций для долевого страхования жизни»,Открытый,Сформирован,643-RUB,57518913.47,1006.62,239.0,57140.53188300001
2026-03-31,7101,Открытый паевой инвестиционный фонд рыночных финансовых инструментов «Капитал Лайф Фонд акций для долевого страхования жизни»,Открытый,Сформирован,643-RUB,73582986.57,953.56,322.0,77166.37424899999
2026-04-30,7101,Открытый паевой инвестиционный фонд рыночных финансовых инструментов «Капитал Лайф Фонд акций для долевого страхования жизни»,Открытый,Сформирован,643-RUB,90389656.53,918.71,408.0,98387.41398499998
2026-05-29,7101,Открытый паевой инвестиционный фонд рыночных финансовых инструментов «Капитал Лайф Фонд акций для долевого страхования жизни»,Открытый,Сформирован,643-RUB,103597526.38,899.54,476.0,115167.54819600002
2026-06-30,7101,Открытый паевой инвестиционный фонд рыночных финансовых инструментов «Капитал Лайф Фонд акций для долевого страхования жизни»,Открытый,Сформирован,643-RUB,107388012.97,829.02,548.0,129535.33031599998
2026-07-31,7101,Открытый паевой инвестиционный фонд рыночных финансовых инструментов «Капитал Лайф Фонд акций для долевого страхования жизни»,Открытый,Сформирован,643-RUB,119662224.77,833.75,608.0,143523.521181
2026-01-30,7136,Биржевой паевой инвестиционный фонд рыночных финансовых инструментов «АТОН – Накопительный в золоте»,Биржевой,Сформирован,643-RUB,3213282297.41,146.9206,1225.0,21870874.17401
2026-02-27,7136,Биржевой паевой инвестиционный фонд рыночных финансовых инструментов «АТОН – Накопительный в золоте»,Биржевой,Сформирован,643-RUB,4523005165.33,155.2994,1944.0,29124425.35035
2026-03-31,7136,Биржевой паевой инвестиционный фонд рыночных финансовых инструментов «АТОН – Накопительный в золоте»,Биржевой,Сформирован,643-RUB,3754280208.82,142.0761,2214.0,26424425.35035
2026-04-30,7136,Биржевой паевой инвестиционный фонд рыночных финансовых инструментов «АТОН – Накопительный в золоте»,Биржевой,Сформирован,643-RUB,3568734560.2,131.9889,2342.0,27038136.08582
2026-05-29,7136,Биржевой паевой инвестиционный фонд рыночных финансовых инструментов «АТОН – Накопительный в золоте»,Биржевой,Сформирован,643-RUB,3540746228.65,123.3537,2366.0,28704018.51391
2026-06-30,7136,Биржевой паевой инвестиционный фонд рыночных финансовых инструментов «АТОН – Накопительный в золоте»,Биржевой,Сформирован,643-RUB,3608820271.26,120.3907,2412.0,29975910.06224
2026-07-31,7136,Биржевой паевой инвестиционный фонд рыночных финансовых инструментов «АТОН – Накопительный в золоте»,Биржевой,Сформирован,643-RUB,3957261379.04,122.0931,2416.0,32411845.22766
2026-01-30,7137,Биржевой паевой инвестиционный фонд рыночных финансовых инструментов «Первая – Фонд Ежемесячный доход»,Биржевой,Сформирован,643-RUB,10383660543.29,1015.48,35100.0,10225390.0
2026-02-27,7137,Биржевой паевой инвестиционный фонд рыночных финансовых инструментов «Первая – Фонд Ежемесячный доход»,Биржевой,Сформирован,643-RUB,10438234606.41,1015.76,36015.0,10276251.0
2026-03-31,7137,Биржевой паевой инвестиционный фонд рыночных финансовых инструментов «Первая – Фонд Ежемесячный доход»,Биржевой,Сформирован,643-RUB,9721947326.13,1015.21,35779.0,9576251.0
2026-04-30,7137,Биржевой паевой инвестиционный фонд рыночных финансовых инструментов «Первая – Фонд Ежемесячный доход»,Биржевой,Сформирован,643-RUB,8514155854.87,1014.02,35676.0,8396447.0
2026-05-29,7137,Биржевой паевой инвестиционный фонд рыночных финансовых инструментов «Первая – Фонд Ежемесячный доход»,Биржевой,Сформирован,643-RUB,7494553198.92,1013.26,35574.0,7396447.0
2026-06-30,7137,Биржевой паевой инвестиционный фонд рыночных финансовых инструментов «Первая – Фонд Ежемесячный доход»,Биржевой,Сформирован,643-RUB,6445452844.94,1012.41,34690.0,6366447.0
2026-07-31,7137,Биржевой паевой инвестиционный фонд рыночных финансовых инструментов «Первая – Фонд Ежемесячный доход»,Биржевой,Сформирован,643-RUB,6720237711.64,1012.6,34769.0,6636629.0
2026-01-30,7146,Открытый паевой инвестиционный фонд рыночных финансовых инструментов «Биткоган: фонд рыночных возможностей»,Открытый,Сформирован,643-RUB,114323125.46,108.05,1519.0,1058097.9120999998
2026-02-27,7146,Открытый паевой инвестиционный фонд рыночных финансовых инструментов «Биткоган: фонд рыночных возможностей»,Открытый,Сформирован,643-RUB,121107653.97,109.76,1581.0,1103343.9617500005
2026-03-31,7146,Открытый паевой инвестиционный фонд рыночных финансовых инструментов «Биткоган: фонд рыночных возможностей»,Открытый,Сформирован,643-RUB,125338495.83,108.84,1635.0,1151613.6540900003
2026-04-30,7146,Открытый паевой инвестиционный фонд рыночных финансовых инструментов «Биткоган: фонд рыночных возможностей»,Открытый,Сформирован,643-RUB,118641398.82,107.58,1593.0,1102831.2886900003
2026-05-29,7146,Открытый паевой инвестиционный фонд рыночных финансовых инструментов «Биткоган: фонд рыночных возможностей»,Открытый,Сформирован,643-RUB,112716878.47,106.42,1572.0,1059141.4029600006
2026-06-30,7146,Открытый паевой инвестиционный фонд рыночных финансовых инструментов «Биткоган: фонд рыночных возможностей»,Открытый,Сформирован,643-RUB,108331488.58,104.58,1537.0,1035890.42698
2026-07-31,7146,Открытый паевой инвестиционный фонд рыночных финансовых инструментов «Биткоган: фонд рыночных возможностей»,Открытый,Сформирован,643-RUB,98323766.59,104.73,1500.0,938841.50908
2026-01-30,7155,Биржевой паевой инвестиционный фонд рыночных финансовых инструментов «ПСБ – Российские акции»,Биржевой,Сформирован,643-RUB,32734274.51,10.2587,1663.0,3190891.56499
2026-02-27,7155,Биржевой паевой инвестиционный фонд рыночных финансовых инструментов «ПСБ – Российские акции»,Биржевой,Сформирован,643-RUB,33040222.33,10.3545,1881.0,3190891.56499
2026-03-31,7155,Биржевой паевой инвестиционный фонд рыночных финансовых инструментов «ПСБ – Российские акции»,Биржевой,Сформирован,643-RUB,34924503.86,10.0368,1986.0,3479655.75053
2026-04-30,7155,Биржевой паевой инвестиционный фонд рыночных финансовых инструментов «ПСБ – Российские акции»,Биржевой,Сформирован,643-RUB,33709955.68,9.6877,2071.0,3479655.75053
2026-05-29,7155,Биржевой паевой инвестиционный фонд рыночных финансовых инструментов «ПСБ – Российские акции»,Биржевой,Сформирован,643-RUB,38112877.68,9.5646,2166.0,3984798.09964
2026-06-30,7155,Биржевой паевой инвестиционный фонд рыночных финансовых инструментов «ПСБ – Российские акции»,Биржевой,Сформирован,643-RUB,44930810.97,8.8616,2211.0,5070306.01014
2026-07-31,7155,Биржевой паевой инвестиционный фонд рыночных финансовых инструментов «ПСБ – Российские акции»,Биржевой,Сформирован,643-RUB,49769639.02,8.7732,2278.0,5672926.20274
2026-01-30,7156,Открытый паевой инвестиционный фонд рыночных финансовых инструментов «Дженерал Инвест российские облигации»,Открытый,Сформирован,643-RUB,8494547221.78,101.77,20.0,83466243.80221
2026-02-27,7156,Открытый паевой инвестиционный фонд рыночных финансовых инструментов «Дженерал Инвест российские облигации»,Открытый,Сформирован,643-RUB,522424886.47,103.14,23.0,5065003.802209999
2026-03-31,7156,Открытый паевой инвестиционный фонд рыночных финансовых инструментов «Дженерал Инвест российские облигации»,Открытый,Сформирован,643-RUB,532589221.03,105.15,25.0,5065003.802209999
2026-04-30,7156,Открытый паевой инвестиционный фонд рыночных финансовых инструментов «Дженерал Инвест российские облигации»,Открытый,Сформирован,643-RUB,550343516.11,106.64,22.0,5160602.90859
2026-05-29,7156,Открытый паевой инвестиционный фонд рыночных финансовых инструментов «Дженерал Инвест российские облигации»,Открытый,Сформирован,643-RUB,512666306.64,107.13,20.0,4785602.90859
2026-06-30,7156,Открытый паевой инвестиционный фонд рыночных финансовых инструментов «Дженерал Инвест российские облигации»,Открытый,Сформирован,643-RUB,496908245.04,103.83,20.0,4785602.90859
2026-07-31,7156,Открытый паевой инвестиционный фонд рыночных финансовых инструментов «Дженерал Инвест российские облигации»,Открытый,Сформирован,643-RUB,159534335.09,106.47,19.0,1498342.90859
2026-01-30,7160,Открытый паевой инвестиционный фонд рыночных финансовых инструментов «Первая - Фонд валютных облигаций с выплатой дохода»,Открытый,Сформирован,643-RUB,403120919.41,48385.71,623.0,8331.404893099998
2026-02-27,7160,Открытый паевой инвестиционный фонд рыночных финансовых инструментов «Первая - Фонд валютных облигаций с выплатой дохода»,Открытый,Сформирован,643-RUB,422325016.22,48779.32,659.0,8657.870040999995
2026-03-31,7160,Открытый паевой инвестиционный фонд рыночных финансовых инструментов «Первая - Фонд валютных облигаций с выплатой дохода»,Открытый,Сформирован,643-RUB,501707834.57,50107.65,747.0,10012.599963499995
2026-04-30,7160,Открытый паевой инвестиционный фонд рыночных финансовых инструментов «Первая - Фонд валютных облигаций с выплатой дохода»,Открытый,Сформирован,643-RUB,497341246.59,47413.21,724.0,10489.508036300002
2026-05-29,7160,Открытый паевой инвестиционный фонд рыночных финансовых инструментов «Первая - Фонд валютных облигаций с выплатой дохода»,Открытый,Сформирован,643-RUB,491880880.78,45764.86,727.0,10748.004781199998
2026-06-30,7160,Открытый паевой инвестиционный фонд рыночных финансовых инструментов «Первая - Фонд валютных облигаций с выплатой дохода»,Открытый,Сформирован,643-RUB,613845065.7,48868.83,745.0,12561.074290499995
2026-07-31,7160,Открытый паевой инвестиционный фонд рыночных финансовых инструментов «Первая - Фонд валютных облигаций с выплатой дохода»,Открытый,Сформирован,643-RUB,617872367.71,49125.0,748.0,12577.5549279
2026-01-30,7199,Открытый паевой инвестиционный фонд рыночных финансовых инструментов «Сила Валюты»,Открытый,Сформирован,643-RUB,890684425.84,94.68,234.0,9407558.45994
2026-02-27,7199,Открытый паевой инвестиционный фонд рыночных финансовых инструментов «Сила Валюты»,Открытый,Сформирован,643-RUB,916547984.91,95.51,241.0,9596178.39078
2026-03-31,7199,Открытый паевой инвестиционный фонд рыночных финансовых инструментов «Сила Валюты»,Открытый,Сформирован,643-RUB,1063650994.62,99.52,251.0,10687655.82299
2026-04-30,7199,Открытый паевой инвестиционный фонд рыночных финансовых инструментов «Сила Валюты»,Открытый,Сформирован,643-RUB,1004681793.93,94.0,276.0,10687655.82299
2026-05-29,7199,Открытый паевой инвестиционный фонд рыночных финансовых инструментов «Сила Валюты»,Открытый,Сформирован,643-RUB,965334951.92,90.32,303.0,10687655.82299
2026-06-30,7199,Открытый паевой инвестиционный фонд рыночных финансовых инструментов «Сила Валюты»,Открытый,Сформирован,643-RUB,1057992906.07,98.99,307.0,10687655.82299
2026-07-31,7199,Открытый паевой инвестиционный фонд рыночных финансовых инструментов «Сила Валюты»,Открытый,Сформирован,643-RUB,1054856325.69,98.7,283.0,10687655.82299
2026-01-30,7200,"Открытый паевой инвестиционный фонд рыночных финансовых инструментов «Ренессанс Жизнь – Разумные инвестиции», доверительное управление которым осуществляется в целях долевого страхования жизни",Открытый,Сформирован,643-RUB,1842415.11,103.7767,13.0,17753.65328
2026-02-27,7200,"Открытый паевой инвестиционный фонд рыночных финансовых инструментов «Ренессанс Жизнь – Разумные инвестиции», доверительное управление которым осуществляется в целях долевого страхования жизни",Открытый,Сформирован,643-RUB,1907714.67,105.4657,15.0,18088.47992
2026-03-31,7200,"Открытый паевой инвестиционный фонд рыночных финансовых инструментов «Ренессанс Жизнь – Разумные инвестиции», доверительное управление которым осуществляется в целях долевого страхования жизни",Открытый,Сформирован,643-RUB,2171980.14,106.189,16.0,20453.9021
2026-04-30,7200,"Открытый паевой инвестиционный фонд рыночных финансовых инструментов «Ренессанс Жизнь – Разумные инвестиции», доверительное управление которым осуществляется в целях долевого страхования жизни",Открытый,Сформирован,643-RUB,2794846.94,106.3506,17.0,26279.560300000005
2026-05-29,7200,"Открытый паевой инвестиционный фонд рыночных финансовых инструментов «Ренессанс Жизнь – Разумные инвестиции», доверительное управление которым осуществляется в целях долевого страхования жизни",Открытый,Сформирован,643-RUB,3167200.54,104.8446,18.0,30208.511550000003
2026-06-30,7200,"Открытый паевой инвестиционный фонд рыночных финансовых инструментов «Ренессанс Жизнь – Разумные инвестиции», доверительное управление которым осуществляется в целях долевого страхования жизни",Открытый,Сформирован,643-RUB,3118001.46,103.216,18.0,30208.511550000003
2026-07-31,7200,"Открытый паевой инвестиционный фонд рыночных финансовых инструментов «Ренессанс Жизнь – Разумные инвестиции», доверительное управление которым осуществляется в целях долевого страхования жизни",Открытый,Сформирован,643-RUB,3148456.32,101.2693,20.0,31089.93069
2026-01-30,7209,Открытый паевой инвестиционный фонд рыночных финансовых инструментов «Валютный актив»,Открытый,Сформирован,643-RUB,34230340.2,955.71,59.0,35816.77274
2026-02-27,7209,Открытый паевой инвестиционный фонд рыночных финансовых инструментов «Валютный актив»,Открытый,Сформирован,643-RUB,32812208.93,962.12,59.0,34103.94051
2026-03-31,7209,Открытый паевой инвестиционный фонд рыночных финансовых инструментов «Валютный актив»,Открытый,Сформирован,643-RUB,30960536.17,1008.32,54.0,30705.03085
2026-04-30,7209,Открытый паевой инвестиционный фонд рыночных финансовых инструментов «Валютный актив»,Открытый,Сформирован,643-RUB,29280562.86,951.56,55.0,30771.06232
2026-05-29,7209,Открытый паевой инвестиционный фонд рыночных финансовых инструментов «Валютный актив»,Открытый,Сформирован,643-RUB,28268873.21,917.07,56.0,30825.31789
2026-06-30,7209,Открытый паевой инвестиционный фонд рыночных финансовых инструментов «Валютный актив»,Открытый,Сформирован,643-RUB,31200249.69,1000.03,64.0,31199.200790000003
2026-07-31,7209,Открытый паевой инвестиционный фонд рыночных финансовых инструментов «Валютный актив»,Открытый,Сформирован,643-RUB,71176990.71,1002.36,113.0,71009.45499
2026-01-30,7217,"Открытый паевой инвестиционный фонд рыночных финансовых инструментов «Ренессанс Жизнь – Сбалансированный», доверительное управление которым осуществляется в целях долевого страхования жизни",Открытый,Сформирован,643-RUB,980560.63,98.9012,30.0,9914.549239999998
2026-02-27,7217,"Открытый паевой инвестиционный фонд рыночных финансовых инструментов «Ренессанс Жизнь – Сбалансированный», доверительное управление которым осуществляется в целях долевого страхования жизни",Открытый,Сформирован,643-RUB,3194610.34,101.2757,118.0,31543.690909999998
2026-03-31,7217,"Открытый паевой инвестиционный фонд рыночных финансовых инструментов «Ренессанс Жизнь – Сбалансированный», доверительное управление которым осуществляется в целях долевого страхования жизни",Открытый,Сформирован,643-RUB,13268915.85,102.0583,272.0,130013.09486000004
2026-04-30,7217,"Открытый паевой инвестиционный фонд рыночных финансовых инструментов «Ренессанс Жизнь – Сбалансированный», доверительное управление которым осуществляется в целях долевого страхования жизни",Открытый,Сформирован,643-RUB,16150464.36,101.4613,359.0,159178.53994000002
2026-05-29,7217,"Открытый паевой инвестиционный фонд рыночных финансовых инструментов «Ренессанс Жизнь – Сбалансированный», доверительное управление которым осуществляется в целях долевого страхования жизни",Открытый,Сформирован,643-RUB,23310643.93,100.5365,429.0,231862.60038999995
2026-06-30,7217,"Открытый паевой инвестиционный фонд рыночных финансовых инструментов «Ренессанс Жизнь – Сбалансированный», доверительное управление которым осуществляется в целях долевого страхования жизни",Открытый,Сформирован,643-RUB,30401225.44,93.782,493.0,324169.0688900001
2026-07-31,7217,"Открытый паевой инвестиционный фонд рыночных финансовых инструментов «Ренессанс Жизнь – Сбалансированный», доверительное управление которым осуществляется в целях долевого страхования жизни",Открытый,Сформирован,643-RUB,36708551.84,95.7295,547.0,383461.11627
2026-01-30,7231,Биржевой паевой инвестиционный фонд рыночных финансовых инструментов «БКС Валютные облигации с выплатой дохода»,Биржевой,Сформирован,643-RUB,396268151.94,897.07159,5776.0,441735.2577
2026-02-27,7231,Биржевой паевой инвестиционный фонд рыночных финансовых инструментов «БКС Валютные облигации с выплатой дохода»,Биржевой,Сформирован,643-RUB,415337928.86,898.80639,5816.0,462099.43831
2026-03-31,7231,Биржевой паевой инвестиционный фонд рыночных финансовых инструментов «БКС Валютные облигации с выплатой дохода»,Биржевой,Сформирован,643-RUB,444471373.03,928.37478,6521.0,478762.8677
2026-04-30,7231,Биржевой паевой инвестиционный фонд рыночных финансовых инструментов «БКС Валютные облигации с выплатой дохода»,Биржевой,Сформирован,643-RUB,436661641.76,881.2432,6432.0,495506.3947
2026-05-29,7231,Биржевой паевой инвестиционный фонд рыночных финансовых инструментов «БКС Валютные облигации с выплатой дохода»,Биржевой,Сформирован,643-RUB,441925973.8,848.80026,6412.0,520647.78495
2026-06-30,7231,Биржевой паевой инвестиционный фонд рыночных финансовых инструментов «БКС Валютные облигации с выплатой дохода»,Биржевой,Сформирован,643-RUB,497723294.51,923.32711,6336.0,539054.13521
2026-07-31,7231,Биржевой паевой инвестиционный фонд рыночных финансовых инструментов «БКС Валютные облигации с выплатой дохода»,Биржевой,Сформирован,643-RUB,503399595.95,904.08221,6287.0,556807.32441
2026-01-30,7245,Биржевой паевой инвестиционный фонд рыночных финансовых инструментов «Альфа-Капитал Индекс МосБиржи финансов полной доходности»,Биржевой,Сформирован,643-RUB,25373276.21,99.50304,1338.0,255000.0
2026-02-27,7245,Биржевой паевой инвестиционный фонд рыночных финансовых инструментов «Альфа-Капитал Индекс МосБиржи финансов полной доходности»,Биржевой,Сформирован,643-RUB,26544592.5,104.09644,1852.0,255000.0
2026-03-31,7245,Биржевой паевой инвестиционный фонд рыночных финансовых инструментов «Альфа-Капитал Индекс МосБиржи финансов полной доходности»,Биржевой,Сформирован,643-RUB,25108285.69,98.46387,2110.0,255000.0
2026-04-30,7245,Биржевой паевой инвестиционный фонд рыночных финансовых инструментов «Альфа-Капитал Индекс МосБиржи финансов полной доходности»,Биржевой,Сформирован,643-RUB,25462083.21,99.85131,2159.0,255000.0
2026-05-29,7245,Биржевой паевой инвестиционный фонд рыночных финансовых инструментов «Альфа-Капитал Индекс МосБиржи финансов полной доходности»,Биржевой,Сформирован,643-RUB,25446549.18,99.79039,2314.0,255000.0
2026-06-30,7245,Биржевой паевой инвестиционный фонд рыночных финансовых инструментов «Альфа-Капитал Индекс МосБиржи финансов полной доходности»,Биржевой,Сформирован,643-RUB,24070912.75,94.39574,2391.0,255000.0
2026-07-31,7245,Биржевой паевой инвестиционный фонд рыночных финансовых инструментов «Альфа-Капитал Индекс МосБиржи финансов полной доходности»,Биржевой,Сформирован,643-RUB,24317897.51,95.3643,2404.0,255000.0
2026-01-30,7246,Биржевой паевой инвестиционный фонд рыночных финансовых инструментов «Альфа-Капитал Индекс МосБиржи потребительского сектора полной доходности»,Биржевой,Сформирован,643-RUB,25694292.87,100.76193,1350.0,255000.0
2026-02-27,7246,Биржевой паевой инвестиционный фонд рыночных финансовых инструментов «Альфа-Капитал Индекс МосБиржи потребительского сектора полной доходности»,Биржевой,Сформирован,643-RUB,25566555.03,100.261,1676.0,255000.0
2026-03-31,7246,Биржевой паевой инвестиционный фонд рыночных финансовых инструментов «Альфа-Капитал Индекс МосБиржи потребительского сектора полной доходности»,Биржевой,Сформирован,643-RUB,24101804.85,94.51688,1800.0,255000.0
2026-04-30,7246,Биржевой паевой инвестиционный фонд рыночных финансовых инструментов «Альфа-Капитал Индекс МосБиржи потребительского сектора полной доходности»,Биржевой,Сформирован,643-RUB,22280431.07,87.37424,1930.0,255000.0
2026-05-29,7246,Биржевой паевой инвестиционный фонд рыночных финансовых инструментов «Альфа-Капитал Индекс МосБиржи потребительского сектора полной доходности»,Биржевой,Сформирован,643-RUB,21372808.04,83.81493,2044.0,255000.0
2026-06-30,7246,Биржевой паевой инвестиционный фонд рыночных финансовых инструментов «Альфа-Капитал Индекс МосБиржи потребительского сектора полной доходности»,Биржевой,Сформирован,643-RUB,19278352.08,75.60138,2107.0,255000.0
2026-07-31,7246,Биржевой паевой инвестиционный фонд рыночных финансовых инструментов «Альфа-Капитал Индекс МосБиржи потребительского сектора полной доходности»,Биржевой,Сформирован,643-RUB,19947917.16,78.22713,2160.0,255000.0
2026-01-30,7259,Закрытый паевой инвестиционный фонд недвижимости «Современная коллекция»,Закрытый,Сформирован,643-RUB,50925644376.81,100761.78,230.0,505406.38
2026-02-27,7259,Закрытый паевой инвестиционный фонд недвижимости «Современная коллекция»,Закрытый,Сформирован,643-RUB,51127707405.66,101161.58,4928.0,505781.0
2026-03-31,7259,Закрытый паевой инвестиционный фонд недвижимости «Современная коллекция»,Закрытый,Сформирован,643-RUB,51333738025.15,101569.23,10545.0,505406.38
2026-04-30,7259,Закрытый паевой инвестиционный фонд недвижимости «Современная коллекция»,Закрытый,Сформирован,643-RUB,51648552303.22,102192.13,15478.0,505406.38
2026-05-29,7259,Закрытый паевой инвестиционный фонд недвижимости «Современная коллекция»,Закрытый,Сформирован,643-RUB,51983864474.89,102855.58,19562.0,505406.38
2026-06-30,7259,Закрытый паевой инвестиционный фонд недвижимости «Современная коллекция»,Закрытый,Сформирован,643-RUB,52185373909.8,103254.28,24787.0,505406.38
2026-07-31,7259,Закрытый паевой инвестиционный фонд недвижимости «Современная коллекция»,Закрытый,Сформирован,643-RUB,60863221872.48,120424.32,25584.0,505406.38
2026-01-30,7272,"Открытый паевой инвестиционный фонд рыночных финансовых инструментов «Пульс рынка», доверительное управление которым осуществляется в целях долевого страхования жизни",Открытый,Сформирован,643-RUB,9532784678.1,1120.5,7485.0,8507644.72094
2026-02-27,7272,"Открытый паевой инвестиционный фонд рыночных финансовых инструментов «Пульс рынка», доверительное управление которым осуществляется в целях долевого страхования жизни",Открытый,Сформирован,643-RUB,12262263160.74,1159.12,8637.0,10578921.052770002
2026-03-31,7272,"Открытый паевой инвестиционный фонд рыночных финансовых инструментов «Пульс рынка», доверительное управление которым осуществляется в целях долевого страхования жизни",Открытый,Сформирован,643-RUB,14229805558.82,1121.41,9713.0,12689163.60361
2026-04-30,7272,"Открытый паевой инвестиционный фонд рыночных финансовых инструментов «Пульс рынка», доверительное управление которым осуществляется в целях долевого страхования жизни",Открытый,Сформирован,643-RUB,13170794375.54,1081.04,9675.0,12183394.649580002
2026-05-29,7272,"Открытый паевой инвестиционный фонд рыночных финансовых инструментов «Пульс рынка», доверительное управление которым осуществляется в целях долевого страхования жизни",Открытый,Сформирован,643-RUB,11469570478.39,1055.1,9264.0,10870585.723110003
2026-06-30,7272,"Открытый паевой инвестиционный фонд рыночных финансовых инструментов «Пульс рынка», доверительное управление которым осуществляется в целях долевого страхования жизни",Открытый,Сформирован,643-RUB,9744207539.58,1013.73,8750.0,9612259.942050004
2026-07-31,7272,"Открытый паевой инвестиционный фонд рыночных финансовых инструментов «Пульс рынка», доверительное управление которым осуществляется в целях долевого страхования жизни",Открытый,Сформирован,643-RUB,8965777610.87,1021.15,8385.0,8780050.82438
2026-01-30,7276,Открытый паевой инвестиционный фонд рыночных финансовых инструментов «Облигации роста»,Открытый,Сформирован,643-RUB,50930685.71,1018.57,2.0,50001.98864
2026-02-27,7276,Открытый паевой инвестиционный фонд рыночных финансовых инструментов «Облигации роста»,Открытый,Сформирован,643-RUB,51401897.83,1027.98,3.0,50002.96248
2026-03-31,7276,Открытый паевой инвестиционный фонд рыночных финансовых инструментов «Облигации роста»,Открытый,Сформирован,643-RUB,52776199.76,1043.94,53.0,50554.82406
2026-04-30,7276,Открытый паевой инвестиционный фонд рыночных финансовых инструментов «Облигации роста»,Открытый,Сформирован,643-RUB,51288954.3,1003.43,96.0,51113.87404999999
2026-05-29,7276,Открытый паевой инвестиционный фонд рыночных финансовых инструментов «Облигации роста»,Открытый,Сформирован,643-RUB,52310138.51,1015.46,111.0,51513.75721999999
2026-06-30,7276,Открытый паевой инвестиционный фонд рыночных финансовых инструментов «Облигации роста»,Открытый,Сформирован,643-RUB,52950845.4,1025.66,122.0,51626.32807
2026-07-31,7276,Открытый паевой инвестиционный фонд рыночных финансовых инструментов «Облигации роста»,Открытый,Сформирован,643-RUB,51467814.4,996.03,122.0,51673.00675
2026-01-30,7286,Открытый паевой инвестиционный фонд рыночных финансовых инструментов «Финголд»,Открытый,Сформирован,643-RUB,56863446.46,1097.65,17.0,51804.66957
2026-02-27,7286,Открытый паевой инвестиционный фонд рыночных финансовых инструментов «Финголд»,Открытый,Сформирован,643-RUB,73558441.18,1155.87,21.0,63638.78523
2026-03-31,7286,Открытый паевой инвестиционный фонд рыночных финансовых инструментов «Финголд»,Открытый,Сформирован,643-RUB,64284622.52,1078.44,21.0,59608.801060000005
2026-04-30,7286,Открытый паевой инвестиционный фонд рыночных финансовых инструментов «Финголд»,Открытый,Сформирован,643-RUB,59613424.83,1003.26,22.0,59419.96983
2026-05-29,7286,Открытый паевой инвестиционный фонд рыночных финансовых инструментов «Финголд»,Открытый,Сформирован,643-RUB,55621205.06,937.62,24.0,59321.92004
2026-06-30,7286,Открытый паевой инвестиционный фонд рыночных финансовых инструментов «Финголд»,Открытый,Сформирован,643-RUB,54228354.92,914.14,24.0,59321.92004
2026-07-31,7286,Открытый паевой инвестиционный фонд рыночных финансовых инструментов «Финголд»,Открытый,Сформирован,643-RUB,55865031.21,924.84,24.0,60405.19109
2026-01-30,7306,Биржевой паевой инвестиционный фонд рыночных финансовых инструментов «Финам Облигационный с выплатой»,Биржевой,Сформирован,643-RUB,31611844.9,10.39,2356.0,3043583.4156
2026-02-27,7306,Биржевой паевой инвестиционный фонд рыночных финансовых инструментов «Финам Облигационный с выплатой»,Биржевой,Сформирован,643-RUB,52138383.17,10.5,2750.0,4964352.05494
2026-03-31,7306,Биржевой паевой инвестиционный фонд рыночных финансовых инструментов «Финам Облигационный с выплатой»,Биржевой,Сформирован,643-RUB,73099512.67,10.66,3125.0,6854314.73552
2026-04-30,7306,Биржевой паевой инвестиционный фонд рыночных финансовых инструментов «Финам Облигационный с выплатой»,Биржевой,Сформирован,643-RUB,99156428.27,10.8,3540.0,9183120.45934
2026-05-29,7306,Биржевой паевой инвестиционный фонд рыночных финансовых инструментов «Финам Облигационный с выплатой»,Биржевой,Сформирован,643-RUB,115481373.82,10.936,3759.0,10559701.63613
2026-06-30,7306,Биржевой паевой инвестиционный фонд рыночных финансовых инструментов «Финам Облигационный с выплатой»,Биржевой,Сформирован,643-RUB,133970745.79,11.0639,3975.0,12108809.67519
2026-07-31,7306,Биржевой паевой инвестиционный фонд рыночных финансовых инструментов «Финам Облигационный с выплатой»,Биржевой,Сформирован,643-RUB,149011614.4,11.2206,4243.0,13280236.12045
2026-01-30,7307,Биржевой паевой инвестиционный фонд рыночных финансовых инструментов «Сила Ликвидности»,Биржевой,Сформирован,643-RUB,207447055.83,103.72,385.0,2000000.0
2026-02-27,7307,Биржевой паевой инвестиционный фонд рыночных финансовых инструментов «Сила Ликвидности»,Биржевой,Сформирован,643-RUB,282853929.57,104.75,474.0,2700268.94631
2026-03-31,7307,Биржевой паевой инвестиционный фонд рыночных финансовых инструментов «Сила Ликвидности»,Биржевой,Сформирован,643-RUB,444860572.36,105.91,696.0,4200268.9463100005
2026-04-30,7307,Биржевой паевой инвестиционный фонд рыночных финансовых инструментов «Сила Ликвидности»,Биржевой,Сформирован,643-RUB,481597672.14,107.01,923.0,4500296.98893
2026-05-29,7307,Биржевой паевой инвестиционный фонд рыночных финансовых инструментов «Сила Ликвидности»,Биржевой,Сформирован,643-RUB,626985430.19,108.09,1087.0,5800352.94864
2026-06-30,7307,Биржевой паевой инвестиционный фонд рыночных финансовых инструментов «Сила Ликвидности»,Биржевой,Сформирован,643-RUB,688622927.13,109.3,1150.0,6300215.4727
2026-07-31,7307,Биржевой паевой инвестиционный фонд рыночных финансовых инструментов «Сила Ликвидности»,Биржевой,Сформирован,643-RUB,2330597351.8,110.45,1091.0,21100215.4727
2026-01-30,7313,Открытый паевой инвестиционный фонд рыночных финансовых инструментов «Первая - Фонд драгоценных металлов»,Открытый,Сформирован,643-RUB,4789588604.54,1313.64,8951.0,3646054.3777309
2026-02-27,7313,Открытый паевой инвестиционный фонд рыночных финансовых инструментов «Первая - Фонд драгоценных металлов»,Открытый,Сформирован,643-RUB,5491748994.03,1363.1,9846.0,4028855.056593003
2026-03-31,7313,Открытый паевой инвестиционный фонд рыночных финансовых инструментов «Первая - Фонд драгоценных металлов»,Открытый,Сформирован,643-RUB,5093112453.07,1221.87,9930.0,4168279.9757148
2026-04-30,7313,Открытый паевой инвестиционный фонд рыночных финансовых инструментов «Первая - Фонд драгоценных металлов»,Открытый,Сформирован,643-RUB,4641200932.23,1134.04,9703.0,4092635.6577985976
2026-05-29,7313,Открытый паевой инвестиционный фонд рыночных финансовых инструментов «Первая - Фонд драгоценных металлов»,Открытый,Сформирован,643-RUB,4246325607.37,1060.59,9677.0,4003722.5924996985
2026-06-30,7313,Открытый паевой инвестиционный фонд рыночных финансовых инструментов «Первая - Фонд драгоценных металлов»,Открытый,Сформирован,643-RUB,3950515126.13,1006.63,9394.0,3924488.593100301
2026-07-31,7313,Открытый паевой инвестиционный фонд рыночных финансовых инструментов «Первая - Фонд драгоценных металлов»,Открытый,Сформирован,643-RUB,3915408115.6,1014.93,9240.0,3857804.2525909
2026-01-30,7322,Открытый паевой инвестиционный фонд рыночных финансовых инструментов «ВИМ - Сбережения»,Открытый,Сформирован,643-RUB,2132783983.16,1054.8,2217.0,2021984.5683999988
2026-02-27,7322,Открытый паевой инвестиционный фонд рыночных финансовых инструментов «ВИМ - Сбережения»,Открытый,Сформирован,643-RUB,2304480960.89,1076.9,2315.0,2139924.78225
2026-03-31,7322,Открытый паевой инвестиционный фонд рыночных финансовых инструментов «ВИМ - Сбережения»,Открытый,Сформирован,643-RUB,2426532380.84,1097.33,2362.0,2211306.32237
2026-04-30,7322,Открытый паевой инвестиционный фонд рыночных финансовых инструментов «ВИМ - Сбережения»,Открытый,Сформирован,643-RUB,2613167483.59,1114.6,2462.0,2344491.8563899994
2026-05-29,7322,Открытый паевой инвестиционный фонд рыночных финансовых инструментов «ВИМ - Сбережения»,Открытый,Сформирован,643-RUB,2706694393.39,1121.82,2543.0,2412780.270070001
2026-06-30,7322,Открытый паевой инвестиционный фонд рыночных финансовых инструментов «ВИМ - Сбережения»,Открытый,Сформирован,643-RUB,2655520548.68,1097.21,2539.0,2420247.95873
2026-07-31,7322,Открытый паевой инвестиционный фонд рыночных финансовых инструментов «ВИМ - Сбережения»,Открытый,Сформирован,643-RUB,2633107309.5,1119.59,2474.0,2351858.50897
2026-01-30,7323,Открытый паевой инвестиционный фонд рыночных финансовых инструментов «ВИМ - Сбережения. Рантье»,Открытый,Сформирован,643-RUB,1449032624.55,52943.39,1483.0,27369.47377
2026-02-27,7323,Открытый паевой инвестиционный фонд рыночных финансовых инструментов «ВИМ - Сбережения. Рантье»,Открытый,Сформирован,643-RUB,1623102964.39,53344.22,1583.0,30426.97171
2026-03-31,7323,Открытый паевой инвестиционный фонд рыночных финансовых инструментов «ВИМ - Сбережения. Рантье»,Открытый,Сформирован,643-RUB,1759088866.22,54339.78,1632.0,32372.02915
2026-04-30,7323,Открытый паевой инвестиционный фонд рыночных финансовых инструментов «ВИМ - Сбережения. Рантье»,Открытый,Сформирован,643-RUB,1921921881.66,55212.44,1711.0,34809.579569999994
2026-05-29,7323,Открытый паевой инвестиционный фонд рыночных финансовых инструментов «ВИМ - Сбережения. Рантье»,Открытый,Сформирован,643-RUB,1972373139.42,53719.74,1757.0,36715.98705999999
2026-06-30,7323,Открытый паевой инвестиционный фонд рыночных финансовых инструментов «ВИМ - Сбережения. Рантье»,Открытый,Сформирован,643-RUB,1956808489.83,52562.59,1754.0,37228.16052999999
2026-07-31,7323,Открытый паевой инвестиционный фонд рыночных финансовых инструментов «ВИМ - Сбережения. Рантье»,Открытый,Сформирован,643-RUB,1959715416.78,53593.5,1729.0,36566.28843
2026-01-30,7324,Открытый паевой инвестиционный фонд рыночных финансовых инструментов «ВИМ – Ключевой+»,Открытый,Сформирован,643-RUB,2680033996.06,1036.67,2405.0,2585229.0284600006
2026-02-27,7324,Открытый паевой инвестиционный фонд рыночных финансовых инструментов «ВИМ – Ключевой+»,Открытый,Сформирован,643-RUB,3139218964.45,1049.98,2750.0,2989802.04064
2026-03-31,7324,Открытый паевой инвестиционный фонд рыночных финансовых инструментов «ВИМ – Ключевой+»,Открытый,Сформирован,643-RUB,3692021674.92,1065.97,3243.0,3463527.095939999
2026-04-30,7324,Открытый паевой инвестиционный фонд рыночных финансовых инструментов «ВИМ – Ключевой+»,Открытый,Сформирован,643-RUB,4252431349.67,1079.24,3508.0,3940210.667269998
2026-05-29,7324,Открытый паевой инвестиционный фонд рыночных финансовых инструментов «ВИМ – Ключевой+»,Открытый,Сформирован,643-RUB,4537416059.76,1091.86,3651.0,4155670.49389
2026-06-30,7324,Открытый паевой инвестиционный фонд рыночных финансовых инструментов «ВИМ – Ключевой+»,Открытый,Сформирован,643-RUB,4789858889.85,1102.77,3775.0,4343473.7553
2026-07-31,7324,Открытый паевой инвестиционный фонд рыночных финансовых инструментов «ВИМ – Ключевой+»,Открытый,Сформирован,643-RUB,5141068904.95,1117.82,3943.0,4599184.67114
2026-01-30,7335,Открытый паевой инвестиционный фонд рыночных финансовых инструментов «Консервативная стратегия на МосБирже»,Открытый,Сформирован,643-RUB,34958575.35,103.18,995.0,338825.36314
2026-02-27,7335,Открытый паевой инвестиционный фонд рыночных финансовых инструментов «Консервативная стратегия на МосБирже»,Открытый,Сформирован,643-RUB,45232960.74,104.64,1120.0,432286.29691000015
2026-03-31,7335,Открытый паевой инвестиционный фонд рыночных финансовых инструментов «Консервативная стратегия на МосБирже»,Открытый,Сформирован,643-RUB,55871085.19,104.07,1227.0,536868.1715200002
2026-04-30,7335,Открытый паевой инвестиционный фонд рыночных финансовых инструментов «Консервативная стратегия на МосБирже»,Открытый,Сформирован,643-RUB,57380687.82,103.44,1223.0,554718.9717199997
2026-05-29,7335,Открытый паевой инвестиционный фонд рыночных финансовых инструментов «Консервативная стратегия на МосБирже»,Открытый,Сформирован,643-RUB,55172862.97,102.74,1194.0,536995.3239699998
2026-06-30,7335,Открытый паевой инвестиционный фонд рыночных финансовых инструментов «Консервативная стратегия на МосБирже»,Открытый,Сформирован,643-RUB,51198258.88,95.44,1176.0,536425.5223099999
2026-07-31,7335,Открытый паевой инвестиционный фонд рыночных финансовых инструментов «Консервативная стратегия на МосБирже»,Открытый,Сформирован,643-RUB,56631924.34,96.42,1171.0,587323.00777
2026-01-30,7338,Открытый паевой инвестиционный фонд рыночных финансовых инструментов «Яндекс Пэй. Фонд денежного рынка. Рубли»,Открытый,Сформирован,643-RUB,61487246.29,104.0,150.0,591234.8142899999
2026-02-27,7338,Открытый паевой инвестиционный фонд рыночных финансовых инструментов «Яндекс Пэй. Фонд денежного рынка. Рубли»,Открытый,Сформирован,643-RUB,88421025.39,105.13,190.0,841041.1406899998
2026-03-31,7338,Открытый паевой инвестиционный фонд рыночных финансовых инструментов «Яндекс Пэй. Фонд денежного рынка. Рубли»,Открытый,Сформирован,643-RUB,389352062.53,106.37,744.0,3660404.02247
2026-04-30,7338,Открытый паевой инвестиционный фонд рыночных финансовых инструментов «Яндекс Пэй. Фонд денежного рынка. Рубли»,Открытый,Сформирован,643-RUB,1316457201.82,107.51,8014.0,12244664.981210008
2026-05-29,7338,Открытый паевой инвестиционный фонд рыночных финансовых инструментов «Яндекс Пэй. Фонд денежного рынка. Рубли»,Открытый,Сформирован,643-RUB,2733028744.46,108.62,12846.0,25161707.666790016
2026-06-30,7338,Открытый паевой инвестиционный фонд рыночных финансовых инструментов «Яндекс Пэй. Фонд денежного рынка. Рубли»,Открытый,Сформирован,643-RUB,4065466709.27,109.86,20638.0,37005704.78273001
2026-07-31,7338,Открытый паевой инвестиционный фонд рыночных финансовых инструментов «Яндекс Пэй. Фонд денежного рынка. Рубли»,Открытый,Сформирован,643-RUB,5117227440.43,111.12,25451.0,46051498.08341
2026-01-30,7347,Закрытый паевой инвестиционный фонд недвижимости «Современный 10»,Закрытый,Сформирован,643-RUB,258041567.28,103.18,1232.0,2501000.0
2026-02-27,7347,Закрытый паевой инвестиционный фонд недвижимости «Современный 10»,Закрытый,Сформирован,643-RUB,260747715.96,104.26,1499.0,2501000.0
2026-03-31,7347,Закрытый паевой инвестиционный фонд недвижимости «Современный 10»,Закрытый,Сформирован,643-RUB,263725656.96,105.45,1505.0,2501000.0
2026-04-30,7347,Закрытый паевой инвестиционный фонд недвижимости «Современный 10»,Закрытый,Сформирован,643-RUB,266434860.34,106.53,1537.0,2501000.0
2026-05-29,7347,Закрытый паевой инвестиционный фонд недвижимости «Современный 10»,Закрытый,Сформирован,643-RUB,269028940.01,107.57,1526.0,2501000.0
2026-06-30,7347,Закрытый паевой инвестиционный фонд недвижимости «Современный 10»,Закрытый,Сформирован,643-RUB,271789092.98,108.67,1548.0,2501000.0
2026-07-31,7347,Закрытый паевой инвестиционный фонд недвижимости «Современный 10»,Закрытый,Сформирован,643-RUB,274452596.49,109.74,1526.0,2501000.0
2026-01-30,7374,Открытый паевой инвестиционный фонд рыночных финансовых инструментов «Сбалансированные Возможности»,Открытый,Сформирован,643-RUB,45066938.4,103.27,1211.0,436387.98749
2026-02-27,7374,Открытый паевой инвестиционный фонд рыночных финансовых инструментов «Сбалансированные Возможности»,Открытый,Сформирован,643-RUB,59493909.47,104.98,1458.0,566698.6539500002
2026-03-31,7374,Открытый паевой инвестиционный фонд рыночных финансовых инструментов «Сбалансированные Возможности»,Открытый,Сформирован,643-RUB,68148961.06,104.01,1620.0,655191.1495599995
2026-04-30,7374,Открытый паевой инвестиционный фонд рыночных финансовых инструментов «Сбалансированные Возможности»,Открытый,Сформирован,643-RUB,72449223.04,103.58,1671.0,699450.1718999998
2026-05-29,7374,Открытый паевой инвестиционный фонд рыночных финансовых инструментов «Сбалансированные Возможности»,Открытый,Сформирован,643-RUB,71770463.51,103.27,1659.0,695005.8597600001
2026-06-30,7374,Открытый паевой инвестиционный фонд рыночных финансовых инструментов «Сбалансированные Возможности»,Открытый,Сформирован,643-RUB,66693723.24,97.8,1640.0,681936.9621299998
2026-07-31,7374,Открытый паевой инвестиционный фонд рыночных финансовых инструментов «Сбалансированные Возможности»,Открытый,Сформирован,643-RUB,71341697.93,100.64,1648.0,708886.28461
2026-01-30,7385,Закрытый паевой инвестиционный фонд недвижимости «Акцент 5»,Закрытый,Сформирован,643-RUB,5853171847.26,1034.57,1280.0,5657610.416
2026-02-27,7385,Закрытый паевой инвестиционный фонд недвижимости «Акцент 5»,Закрытый,Сформирован,643-RUB,5860654445.08,1035.89,1661.0,5657610.416
2026-03-31,7385,Закрытый паевой инвестиционный фонд недвижимости «Акцент 5»,Закрытый,Сформирован,643-RUB,5958660557.74,1053.21,2574.0,5657606.416
2026-04-30,7385,Закрытый паевой инвестиционный фонд недвижимости «Акцент 5»,Закрытый,Сформирован,643-RUB,5953301304.65,1052.27,3370.0,5657606.416
2026-05-29,7385,Закрытый паевой инвестиционный фонд недвижимости «Акцент 5»,Закрытый,Сформирован,643-RUB,5956900132.97,1052.9,4081.0,5657606.416
2026-06-30,7385,Закрытый паевой инвестиционный фонд недвижимости «Акцент 5»,Закрытый,Сформирован,643-RUB,6038645018.99,1067.35,4497.0,5657606.416
2026-07-31,7385,Закрытый паевой инвестиционный фонд недвижимости «Акцент 5»,Закрытый,Сформирован,643-RUB,6033542023.52,1066.45,4938.0,5657606.416
2026-01-30,7410,Открытый паевой инвестиционный фонд рыночных финансовых инструментов «ОФЗ - Резервный капитал»,Открытый,Сформирован,643-RUB,428254701.95,1027.35,1.0,416852.10382
2026-02-27,7410,Открытый паевой инвестиционный фонд рыночных финансовых инструментов «ОФЗ - Резервный капитал»,Открытый,Сформирован,643-RUB,433546067.49,1040.05,1.0,416852.10382
2026-03-31,7410,Открытый паевой инвестиционный фонд рыночных финансовых инструментов «ОФЗ - Резервный капитал»,Открытый,Сформирован,643-RUB,443143107.2,1063.07,1.0,416852.10382
2026-04-30,7410,Открытый паевой инвестиционный фонд рыночных финансовых инструментов «ОФЗ - Резервный капитал»,Открытый,Сформирован,643-RUB,447615487.74,1073.8,1.0,416852.10382
2026-05-29,7410,Открытый паевой инвестиционный фонд рыночных финансовых инструментов «ОФЗ - Резервный капитал»,Открытый,Сформирован,643-RUB,452273613.61,1084.97,1.0,416852.10382
2026-06-30,7410,Открытый паевой инвестиционный фонд рыночных финансовых инструментов «ОФЗ - Резервный капитал»,Открытый,Сформирован,643-RUB,456424660.75,1094.93,1.0,416852.10382
2026-07-31,7410,Открытый паевой инвестиционный фонд рыночных финансовых инструментов «ОФЗ - Резервный капитал»,Открытый,Сформирован,643-RUB,611898102.88,1106.41,1.0,553046.11582
2026-01-30,7411,Закрытый паевой инвестиционный фонд недвижимости «АКТИВО ДВАДЦАТЬ ДВА»,Закрытый,Сформирован,643-RUB,1457861221.75,114503.71,540.0,12732.0
2026-02-27,7411,Закрытый паевой инвестиционный фонд недвижимости «АКТИВО ДВАДЦАТЬ ДВА»,Закрытый,Сформирован,643-RUB,1459613993.47,114641.38,548.0,12732.0
2026-03-31,7411,Закрытый паевой инвестиционный фонд недвижимости «АКТИВО ДВАДЦАТЬ ДВА»,Закрытый,Сформирован,643-RUB,1453309556.77,114146.21,558.0,12732.0
2026-04-30,7411,Закрытый паевой инвестиционный фонд недвижимости «АКТИВО ДВАДЦАТЬ ДВА»,Закрытый,Сформирован,643-RUB,1450528592.65,113927.79,564.0,12732.0
2026-05-29,7411,Закрытый паевой инвестиционный фонд недвижимости «АКТИВО ДВАДЦАТЬ ДВА»,Закрытый,Сформирован,643-RUB,1453491150.13,114160.47,567.0,12732.0
2026-06-30,7411,Закрытый паевой инвестиционный фонд недвижимости «АКТИВО ДВАДЦАТЬ ДВА»,Закрытый,Сформирован,643-RUB,1533035243.54,120408.05,569.0,12732.0
2026-07-31,7411,Закрытый паевой инвестиционный фонд недвижимости «АКТИВО ДВАДЦАТЬ ДВА»,Закрытый,Сформирован,643-RUB,1533591535.12,120451.74,570.0,12732.0
2026-01-30,7428,Открытый паевой инвестиционный фонд рыночных финансовых инструментов «ДОХОДЪ. Биржевая копилка»,Открытый,Сформирован,643-RUB,59139533.72,102.59,3055.0,576442.3314399999
2026-02-27,7428,Открытый паевой инвестиционный фонд рыночных финансовых инструментов «ДОХОДЪ. Биржевая копилка»,Открытый,Сформирован,643-RUB,91705539.69,103.83,4343.0,883257.4388100004
2026-03-31,7428,Открытый паевой инвестиционный фонд рыночных финансовых инструментов «ДОХОДЪ. Биржевая копилка»,Открытый,Сформирован,643-RUB,193869277.25,105.01,6453.0,1846141.64169
2026-04-30,7428,Открытый паевой инвестиционный фонд рыночных финансовых инструментов «ДОХОДЪ. Биржевая копилка»,Открытый,Сформирован,643-RUB,287879009.01,106.31,7707.0,2707938.92971
2026-05-29,7428,Открытый паевой инвестиционный фонд рыночных финансовых инструментов «ДОХОДЪ. Биржевая копилка»,Открытый,Сформирован,643-RUB,433085574.75,107.38,11399.0,4033150.73544
2026-06-30,7428,Открытый паевой инвестиционный фонд рыночных финансовых инструментов «ДОХОДЪ. Биржевая копилка»,Открытый,Сформирован,643-RUB,557919616.44,108.53,14574.0,5140639.005510002
2026-07-31,7428,Открытый паевой инвестиционный фонд рыночных финансовых инструментов «ДОХОДЪ. Биржевая копилка»,Открытый,Сформирован,643-RUB,814281391.66,109.84,18293.0,7413402.78842
2026-01-30,7429,Закрытый паевой инвестиционный фонд недвижимости «ВИМ РД 3»,Закрытый,Сформирован,643-RUB,25079047.35,1003.16,1.0,25000.0
2026-02-27,7429,Закрытый паевой инвестиционный фонд недвижимости «ВИМ РД 3»,Закрытый,Сформирован,643-RUB,4265117708.12,1006.77,1988.0,4236452.6975
2026-03-31,7429,Закрытый паевой инвестиционный фонд недвижимости «ВИМ РД 3»,Закрытый,Сформирован,643-RUB,5311714337.31,1010.13,3493.0,5258427.14617
2026-04-30,7429,Закрытый паевой инвестиционный фонд недвижимости «ВИМ РД 3»,Закрытый,Сформирован,643-RUB,7810435448.7,1009.66,5028.0,7735710.56858
2026-05-29,7429,Закрытый паевой инвестиционный фонд недвижимости «ВИМ РД 3»,Закрытый,Сформирован,643-RUB,9884128458.46,1010.47,6089.0,9781718.6246
2026-06-30,7429,Закрытый паевой инвестиционный фонд недвижимости «ВИМ РД 3»,Закрытый,Сформирован,643-RUB,11954544505.84,1011.16,6807.0,11822621.14561
2026-07-31,7429,Закрытый паевой инвестиционный фонд недвижимости «ВИМ РД 3»,Закрытый,Сформирован,643-RUB,13230527074.26,1011.18,7694.0,13084211.21532
2026-01-30,7486,Открытый паевой инвестиционный фонд рыночных финансовых инструментов «ААА Акции российских компаний»,Открытый,Сформирован,643-RUB,10194911.72,1009.4,1.0,10100.0
2026-02-27,7486,Открытый паевой инвестиционный фонд рыночных финансовых инструментов «ААА Акции российских компаний»,Открытый,Сформирован,643-RUB,10396150.12,1029.32,1.0,10100.0
2026-03-31,7486,Открытый паевой инвестиционный фонд рыночных финансовых инструментов «ААА Акции российских компаний»,Открытый,Сформирован,643-RUB,10075951.67,997.15,3.0,10104.74102
2026-04-30,7486,Открытый паевой инвестиционный фонд рыночных финансовых инструментов «ААА Акции российских компаний»,Открытый,Сформирован,643-RUB,9691687.75,957.53,3.0,10121.5546
2026-05-29,7486,Открытый паевой инвестиционный фонд рыночных финансовых инструментов «ААА Акции российских компаний»,Открытый,Сформирован,643-RUB,9386837.49,924.65,4.0,10151.81511
2026-06-30,7486,Открытый паевой инвестиционный фонд рыночных финансовых инструментов «ААА Акции российских компаний»,Открытый,Сформирован,643-RUB,8574765.54,844.85,4.0,10149.43074
2026-07-31,7486,Открытый паевой инвестиционный фонд рыночных финансовых инструментов «ААА Акции российских компаний»,Открытый,Сформирован,643-RUB,8314378.06,813.35,5.0,10222.40645
2026-01-30,7487,Открытый паевой инвестиционный фонд рыночных финансовых инструментов «ААА Сбалансированный»,Открытый,Сформирован,643-RUB,10209175.73,1010.81,1.0,10100.0
2026-02-27,7487,Открытый паевой инвестиционный фонд рыночных финансовых инструментов «ААА Сбалансированный»,Открытый,Сформирован,643-RUB,10315189.87,1021.31,1.0,10100.0
2026-03-31,7487,Открытый паевой инвестиционный фонд рыночных финансовых инструментов «ААА Сбалансированный»,Открытый,Сформирован,643-RUB,10474965.77,1037.03,2.0,10100.96335
2026-04-30,7487,Открытый паевой инвестиционный фонд рыночных финансовых инструментов «ААА Сбалансированный»,Открытый,Сформирован,643-RUB,10551017.58,1044.56,2.0,10100.96335
2026-05-29,7487,Открытый паевой инвестиционный фонд рыночных финансовых инструментов «ААА Сбалансированный»,Открытый,Сформирован,643-RUB,10683307.33,1052.76,4.0,10147.86174
2026-06-30,7487,Открытый паевой инвестиционный фонд рыночных финансовых инструментов «ААА Сбалансированный»,Открытый,Сформирован,643-RUB,11231623.62,1062.57,8.0,10570.24368
2026-07-31,7487,Открытый паевой инвестиционный фонд рыночных финансовых инструментов «ААА Сбалансированный»,Открытый,Сформирован,643-RUB,11365018.95,1072.38,9.0,10597.97427
2026-01-30,7499,Интервальный паевой инвестиционный фонд рыночных финансовых инструментов «Контрада Облигации»,Интервальный,Сформирован,643-RUB,20433468967.68,1021.67,1.0,20000000.0
2026-02-27,7499,Интервальный паевой инвестиционный фонд рыночных финансовых инструментов «Контрада Облигации»,Интервальный,Сформирован,643-RUB,13613431315.14,1036.59,1.0,13132878.0
2026-03-31,7499,Интервальный паевой инвестиционный фонд рыночных финансовых инструментов «Контрада Облигации»,Интервальный,Сформирован,643-RUB,13837647396.02,1053.66,1.0,13132878.0
2026-04-30,7499,Интервальный паевой инвестиционный фонд рыночных финансовых инструментов «Контрада Облигации»,Интервальный,Сформирован,643-RUB,14056256703.94,1070.31,1.0,13132878.0
2026-05-29,7499,Интервальный паевой инвестиционный фонд рыночных финансовых инструментов «Контрада Облигации»,Интервальный,Сформирован,643-RUB,14278661191.02,1087.25,1.0,13132878.0
2026-06-30,7499,Интервальный паевой инвестиционный фонд рыночных финансовых инструментов «Контрада Облигации»,Интервальный,Сформирован,643-RUB,14439998649.24,1099.53,1.0,13132878.0
2026-07-31,7499,Интервальный паевой инвестиционный фонд рыночных финансовых инструментов «Контрада Облигации»,Интервальный,Сформирован,643-RUB,14667887815.54,1116.88,1.0,13132878.0
2026-03-31,7565,Открытый паевой инвестиционный фонд рыночных финансовых инструментов «ЛЕВЧЕНКО»,Открытый,Сформирован,643-RUB,10953257.94,4824.87,118.0,2270.16478
2026-04-30,7565,Открытый паевой инвестиционный фонд рыночных финансовых инструментов «ЛЕВЧЕНКО»,Открытый,Сформирован,643-RUB,11642778.03,4600.0,122.0,2531.03885
2026-05-29,7565,Открытый паевой инвестиционный фонд рыночных финансовых инструментов «ЛЕВЧЕНКО»,Открытый,Сформирован,643-RUB,11178911.11,4328.7,125.0,2582.51099
2026-06-30,7565,Открытый паевой инвестиционный фонд рыночных финансовых инструментов «ЛЕВЧЕНКО»,Открытый,Сформирован,643-RUB,10261510.35,3969.42,124.0,2585.13852
2026-07-31,7565,Открытый паевой инвестиционный фонд рыночных финансовых инструментов «ЛЕВЧЕНКО»,Открытый,Сформирован,643-RUB,10187289.34,3934.72,122.0,2589.07442
2026-03-31,7593,Открытый паевой инвестиционный фонд рыночных финансовых инструментов «Долгосрочные инвестиции»,Открытый,Сформирован,643-RUB,15804009.99,98.25,725.0,160850.57673000012
2026-04-30,7593,Открытый паевой инвестиционный фонд рыночных финансовых инструментов «Долгосрочные инвестиции»,Открытый,Сформирован,643-RUB,18623801.62,96.21,772.0,193566.17549
2026-05-29,7593,Открытый паевой инвестиционный фонд рыночных финансовых инструментов «Долгосрочные инвестиции»,Открытый,Сформирован,643-RUB,19991599.66,96.86,769.0,206401.88143
2026-06-30,7593,Открытый паевой инвестиционный фонд рыночных финансовых инструментов «Долгосрочные инвестиции»,Открытый,Сформирован,643-RUB,19224153.04,90.54,776.0,212328.08548999997
2026-07-31,7593,Открытый паевой инвестиционный фонд рыночных финансовых инструментов «Долгосрочные инвестиции»,Открытый,Сформирован,643-RUB,19922939.66,89.92,763.0,221573.87862
2026-04-30,7594,Открытый паевой инвестиционный фонд рыночных финансовых инструментов «Первая – Инструменты в рублях»,Открытый,Сформирован,643-RUB,63738210.92,999.03,32.0,63800.0213853
2026-05-29,7594,Открытый паевой инвестиционный фонд рыночных финансовых инструментов «Первая – Инструменты в рублях»,Открытый,Сформирован,643-RUB,64282843.06,1007.5,37.0,63804.30259610002
2026-06-30,7594,Открытый паевой инвестиционный фонд рыночных финансовых инструментов «Первая – Инструменты в рублях»,Открытый,Сформирован,643-RUB,63336472.54,993.47,33.0,63753.0816901
2026-07-31,7594,Открытый паевой инвестиционный фонд рыночных финансовых инструментов «Первая – Инструменты в рублях»,Открытый,Сформирован,643-RUB,64456811.24,1005.57,130.0,64099.6651067
2026-03-31,7610,Биржевой паевой инвестиционный фонд рыночных финансовых инструментов «Первая – Фонд Портфель Лежебоки»,Биржевой,Сформирован,643-RUB,125724743.07,10.0821,8719.0,12470056.0
2026-04-30,7610,Биржевой паевой инвестиционный фонд рыночных финансовых инструментов «Первая – Фонд Портфель Лежебоки»,Биржевой,Сформирован,643-RUB,349696233.57,9.8019,14287.0,35676195.0
2026-05-29,7610,Биржевой паевой инвестиционный фонд рыночных финансовых инструментов «Первая – Фонд Портфель Лежебоки»,Биржевой,Сформирован,643-RUB,379279205.3,9.5505,18349.0,39713046.0
2026-06-30,7610,Биржевой паевой инвестиционный фонд рыночных финансовых инструментов «Первая – Фонд Портфель Лежебоки»,Биржевой,Сформирован,643-RUB,469081955.53,9.225,18397.0,50849123.0
2026-07-31,7610,Биржевой паевой инвестиционный фонд рыночных финансовых инструментов «Первая – Фонд Портфель Лежебоки»,Биржевой,Сформирован,643-RUB,537349604.72,9.269,18701.0,57973047.0
2026-05-29,7663,Интервальный паевой инвестиционный фонд рыночных финансовых инструментов _x000D_ «ОЗ – Три Кита»,Интервальный,Сформирован,643-RUB,24252495.32,10012.93,5.0,2422.1189
2026-06-30,7663,Интервальный паевой инвестиционный фонд рыночных финансовых инструментов _x000D_ «ОЗ – Три Кита»,Интервальный,Сформирован,643-RUB,23715994.82,9791.42,5.0,2422.1189
2026-07-31,7663,Интервальный паевой инвестиционный фонд рыночных финансовых инструментов _x000D_ «ОЗ – Три Кита»,Интервальный,Сформирован,643-RUB,23787303.7,9820.87,5.0,2422.1189
2026-04-30,7680,Открытый паевой инвестиционный фонд рыночных финансовых инструментов «Атон - Стратегия жизни. ОФЗ»,Открытый,Сформирован,643-RUB,15110632.11,1001.04,3.0,15094.9423
2026-05-29,7680,Открытый паевой инвестиционный фонд рыночных финансовых инструментов «Атон - Стратегия жизни. ОФЗ»,Открытый,Сформирован,643-RUB,24053048.64,998.94,4.0,24078.53474
2026-06-30,7680,Открытый паевой инвестиционный фонд рыночных финансовых инструментов «Атон - Стратегия жизни. ОФЗ»,Открытый,Сформирован,643-RUB,23747230.01,946.97,4.0,25077.18312
2026-07-31,7680,Открытый паевой инвестиционный фонд рыночных финансовых инструментов «Атон - Стратегия жизни. ОФЗ»,Открытый,Сформирован,643-RUB,19665266.79,979.24,3.0,20082.14558
2026-04-30,7681,Биржевой паевой инвестиционный фонд рыночных финансовых инструментов «РенКап – Высокодоходные облигации»,Биржевой,Сформирован,643-RUB,551831231.37,1005.3,2522.0,548920.13324
2026-05-29,7681,Биржевой паевой инвестиционный фонд рыночных финансовых инструментов «РенКап – Высокодоходные облигации»,Биржевой,Сформирован,643-RUB,1083932471.47,1018.17,3659.0,1064588.0697
2026-06-30,7681,Биржевой паевой инвестиционный фонд рыночных финансовых инструментов «РенКап – Высокодоходные облигации»,Биржевой,Сформирован,643-RUB,1224784724.5,1032.56,3866.0,1186157.71042
2026-07-31,7681,Биржевой паевой инвестиционный фонд рыночных финансовых инструментов «РенКап – Высокодоходные облигации»,Биржевой,Сформирован,643-RUB,1114883890.3,1050.14,3604.0,1061656.0
2026-04-30,7682,Открытый паевой инвестиционный фонд рыночных финансовых инструментов «Атон - Стратегия жизни. Акции»,Открытый,Сформирован,643-RUB,9936354.54,983.8,2.0,10099.96188
2026-05-29,7682,Открытый паевой инвестиционный фонд рыночных финансовых инструментов «Атон - Стратегия жизни. Акции»,Открытый,Сформирован,643-RUB,9716030.18,961.99,2.0,10099.96188
2026-06-30,7682,Открытый паевой инвестиционный фонд рыночных финансовых инструментов «Атон - Стратегия жизни. Акции»,Открытый,Сформирован,643-RUB,8860008.68,877.23,2.0,10099.96188
2026-07-31,7682,Открытый паевой инвестиционный фонд рыночных финансовых инструментов «Атон - Стратегия жизни. Акции»,Открытый,Сформирован,643-RUB,8553737.65,846.91,2.0,10099.96188
2026-06-30,7695,Интервальный паевой инвестиционный фонд рыночных финансовых инструментов «Цифра. Всепогодный портфель»,Интервальный,Сформирован,643-RUB,84764772.92,999.83,68.0,84779.0
2026-07-31,7695,Интервальный паевой инвестиционный фонд рыночных финансовых инструментов «Цифра. Всепогодный портфель»,Интервальный,Сформирован,643-RUB,88883685.7,1048.42,68.0,84779.0
2026-04-30,7717,Открытый паевой инвестиционный фонд рыночных финансовых инструментов «ДОХОДЪ. Валютные облигации Плюс»,Открытый,Сформирован,643-RUB,10082826.53,100.83,2.0,100002.49203
2026-05-29,7717,Открытый паевой инвестиционный фонд рыночных финансовых инструментов «ДОХОДЪ. Валютные облигации Плюс»,Открытый,Сформирован,643-RUB,10124901.97,97.22,38.0,104140.10603999998
2026-06-30,7717,Открытый паевой инвестиционный фонд рыночных финансовых инструментов «ДОХОДЪ. Валютные облигации Плюс»,Открытый,Сформирован,643-RUB,11586419.26,105.85,65.0,109456.83316999998
2026-07-31,7717,Открытый паевой инвестиционный фонд рыночных финансовых инструментов «ДОХОДЪ. Валютные облигации Плюс»,Открытый,Сформирован,643-RUB,12572272.62,105.62,102.0,119035.13924
2026-04-30,7718,Открытый паевой инвестиционный фонд рыночных финансовых инструментов «ДОХОДЪ. Долгосрочные облигации»,Открытый,Сформирован,643-RUB,10017178.91,100.17,2.0,100002.50175
2026-05-29,7718,Открытый паевой инвестиционный фонд рыночных финансовых инструментов «ДОХОДЪ. Долгосрочные облигации»,Открытый,Сформирован,643-RUB,10171585.31,100.61,27.0,101102.94823999998
2026-06-30,7718,Открытый паевой инвестиционный фонд рыночных финансовых инструментов «ДОХОДЪ. Долгосрочные облигации»,Открытый,Сформирован,643-RUB,11309176.37,97.0,46.0,116588.61884
2026-07-31,7718,Открытый паевой инвестиционный фонд рыночных финансовых инструментов «ДОХОДЪ. Долгосрочные облигации»,Открытый,Сформирован,643-RUB,11596654.23,99.15,57.0,116958.00953
2026-05-29,7760,Открытый паевой инвестиционный фонд рыночных финансовых инструментов «ВИМ – Сбережения. Весна 2029»,Открытый,Сформирован,643-RUB,35985448.89,999.8,45.0,35992.56250000001
2026-06-30,7760,Открытый паевой инвестиционный фонд рыночных финансовых инструментов «ВИМ – Сбережения. Весна 2029»,Открытый,Сформирован,643-RUB,667495221.0,986.84,646.0,676395.6551399999
2026-07-31,7760,Открытый паевой инвестиционный фонд рыночных финансовых инструментов «ВИМ – Сбережения. Весна 2029»,Открытый,Сформирован,643-RUB,920936495.12,1006.76,1005.0,914751.72445
2026-05-29,7781,Биржевой паевой инвестиционный фонд рыночных финансовых инструментов «Альфа-Капитал Денежный рынок Юани»,Биржевой,Сформирован,156-CNY,21366768.18,105.14662,77.0,203209.28026
2026-06-30,7781,Биржевой паевой инвестиционный фонд рыночных финансовых инструментов «Альфа-Капитал Денежный рынок Юани»,Биржевой,Сформирован,156-CNY,21383713.95,105.23001,238.0,203209.28026
2026-07-31,7781,Биржевой паевой инвестиционный фонд рыночных финансовых инструментов «Альфа-Капитал Денежный рынок Юани»,Биржевой,Сформирован,156-CNY,133965651.75,105.79958,374.0,1266221.0167
2026-06-30,7797,Биржевой паевой инвестиционный фонд рыночных финансовых инструментов «Озон Денежный рынок»,Биржевой,Сформирован,643-RUB,50106257.79,100.2125,98.0,500000.0
2026-07-31,7797,Биржевой паевой инвестиционный фонд рыночных финансовых инструментов «Озон Денежный рынок»,Биржевой,Сформирован,643-RUB,50679649.75,101.3593,394.0,500000.0
2026-07-31,7798,Биржевой паевой инвестиционный фонд рыночных финансовых инструментов «Акции индекса Московской Биржи»,Биржевой,Сформирован,643-RUB,26990869.24,105.8465,82.0,255000.0
2026-07-31,7799,Биржевой паевой инвестиционный фонд рыночных финансовых инструментов «Корпоративные рублевые облигации РФ»,Биржевой,Сформирован,643-RUB,25884701.09,101.5086,92.0,255000.0
2026-07-31,7800,Биржевой паевой инвестиционный фонд рыночных финансовых инструментов «Корпоративные валютные облигации РФ»,Биржевой,Сформирован,643-RUB,26608702.53,104.3479,99.0,255000.0
2026-06-30,7801,Биржевой паевой инвестиционный фонд рыночных финансовых инструментов «Российские государственные облигации»,Биржевой,Сформирован,643-RUB,,,1.0,255000.0
2026-07-31,7801,Биржевой паевой инвестиционный фонд рыночных финансовых инструментов «Российские государственные облигации»,Биржевой,Сформирован,643-RUB,26340671.03,103.2967,163.0,255000.0
2026-06-30,7802,Биржевой паевой инвестиционный фонд рыночных финансовых инструментов «Финам Активное управление»,Биржевой,Сформирован,643-RUB,58817648.85,9.735,324.0,6041880.0
2026-07-31,7802,Биржевой паевой инвестиционный фонд рыночных финансовых инструментов «Финам Активное управление»,Биржевой,Сформирован,643-RUB,60857042.1,9.9041,432.0,6144602.13662
2026-06-30,7826,Закрытый паевой инвестиционный фонд недвижимости «АКТИВО ДВАДЦАТЬ ТРИ»,Закрытый,Формируется,643-RUB,869168878.73,100146.2,1.0,8679.0
2026-07-31,7826,Закрытый паевой инвестиционный фонд недвижимости «АКТИВО ДВАДЦАТЬ ТРИ»,Закрытый,Сформирован,643-RUB,1020369211.79,117567.6,1.0,8679.0
2026-06-30,7837,Открытый паевой инвестиционный фонд рыночных финансовых инструментов «РСХБ – СмартАгро»,Открытый,Сформирован,643-RUB,458495620.29,998.85,228.0,459024.8514500001
2026-07-31,7837,Открытый паевой инвестиционный фонд рыночных финансовых инструментов «РСХБ – СмартАгро»,Открытый,Сформирован,643-RUB,480900216.09,1007.82,258.0,477170.36877
2026-06-30,7838,Биржевой паевой инвестиционный фонд рыночных финансовых инструментов «АТОН – Валютные облигации в долларах»,Биржевой,Сформирован,840-USD,7515020.15,10.0412,12.0,748421.598
2026-07-31,7838,Биржевой паевой инвестиционный фонд рыночных финансовых инструментов «АТОН – Валютные облигации в долларах»,Биржевой,Сформирован,840-USD,11130405.41,9.5789,94.0,1161966.91543
2026-06-30,7839,Биржевой паевой инвестиционный фонд рыночных финансовых инструментов «АТОН – Индекс МосБиржи»,Биржевой,Сформирован,643-RUB,456696459.6,93.7301,111.0,4872464.51112
2026-07-31,7839,Биржевой паевой инвестиционный фонд рыночных финансовых инструментов «АТОН – Индекс МосБиржи»,Биржевой,Сформирован,643-RUB,450360521.57,92.4297,292.0,4872464.51112
2026-06-30,7840,Биржевой паевой инвестиционный фонд рыночных финансовых инструментов «АТОН – Валютные облигации в юанях»,Биржевой,Сформирован,156-CNY,48839416.97,99.4872,14.0,490911.3894
2026-07-31,7840,Биржевой паевой инвестиционный фонд рыночных финансовых инструментов «АТОН – Валютные облигации в юанях»,Биржевой,Сформирован,156-CNY,111201583.67,97.7107,57.0,1138069.67845
2026-06-30,7851,Открытый паевой инвестиционный фонд рыночных финансовых инструментов «Альфа-Капитал Длинные ОФЗ»,Открытый,Сформирован,643-RUB,23733500.66,991.34,97.0,23940.82305
2026-07-31,7851,Открытый паевой инвестиционный фонд рыночных финансовых инструментов «Альфа-Капитал Длинные ОФЗ»,Открытый,Сформирован,643-RUB,64975317.83,1022.92,507.0,63519.70669
2026-06-30,7852,Биржевой паевой инвестиционный фонд рыночных финансовых инструментов «НФК-Сбережения - Ликвидность»,Биржевой,Сформирован,643-RUB,25547492.33,100.18624,41.0,255000.0
2026-07-31,7852,Биржевой паевой инвестиционный фонд рыночных финансовых инструментов «НФК-Сбережения - Ликвидность»,Биржевой,Сформирован,643-RUB,25828990.72,101.29016,162.0,255000.0
2026-06-30,7853,Открытый паевой инвестиционный фонд рыночных финансовых инструментов «ВИМ – Умный капитал»,Открытый,Сформирован,643-RUB,11599790.56,999.85,58.0,11601.5
2026-07-31,7853,Открытый паевой инвестиционный фонд рыночных финансовых инструментов «ВИМ – Умный капитал»,Открытый,Сформирован,643-RUB,1176794635.67,1015.76,1994.0,1158537.63538
2026-07-31,7909,Интервальный паевой инвестиционный фонд рыночных финансовых инструментов «Т-Капитал Денежный рынок 2»,Интервальный,Сформирован,643-RUB,20380630203.87,10.1098,1806.0,2015927621.70284
2026-07-31,7926,"Открытый паевой инвестиционный фонд рыночных финансовых инструментов «Лягушка, слон и брокколи»",Открытый,Сформирован,643-RUB,24721579.4,100.04,405.0,247110.94919
2026-07-31,7938,Открытый паевой инвестиционный фонд рыночных финансовых инструментов «Астра - Ликвидность»,Открытый,Сформирован,643-RUB,124182702.25,1005.27,6.0,123532.0654
2026-07-31,7939,Биржевой паевой инвестиционный фонд рыночных финансовых инструментов «Т-Капитал Накопительный»,Биржевой,Сформирован,643-RUB,186415320.32,5.0268,621.0,37084286.69385
2026-07-31,7971,Открытый паевой инвестиционный фонд рыночных финансовых инструментов «БКС Денежный рынок с выплатой дохода»,Открытый,Сформирован,643-RUB,11998523.21,499.94,2.0,24000.0
